group,messages_sampled,messages_estimated,top_lang,top_lang_pct,en_pct,year_min,year_max,n_langs
gmane.linux.kernel,5419,270950,en,98.7,98.7,2002,2019,22
gmane.comp.kde.devel.bugs,4044,202200,en,82.2,82.2,2002,2019,20
gmane.linux.debian.devel.bugs.general,3196,159800,en,97.3,97.3,2003,2019,23
gmane.os.freebsd.devel.pkg-fallout,2483,124150,en,99.5,99.5,2013,2019,2
gmane.linux.gentoo.cvs,2150,107500,en,81.4,81.4,2007,2019,29
gmane.comp.python.general,1477,73850,en,98.2,98.2,1999,2019,12
gmane.linux.kernel.commits.head,1461,73050,en,96.5,96.5,2002,2018,17
gmane.linux.ports.arm.kernel,1445,72250,en,98.7,98.7,2002,2019,11
gmane.org.wikimedia.mediawiki.cvs,1291,64550,en,91.6,91.6,2004,2018,14
gmane.user-groups.linux.czech,1273,63650,cs,70.1,2.7,2004,2019,27
gmane.comp.compilers.llvm.cvs,1251,62550,en,95.7,95.7,2005,2019,12
gmane.comp.gcc.bugs,1218,60900,en,80.4,80.4,2002,2019,20
gmane.comp.kde.bugs,1214,60700,en,83.4,83.4,2008,2011,9
gmane.os.freebsd.devel.cvs,1214,60700,en,92.8,92.8,2002,2019,15
gmane.comp.web.chromium.bugs,1211,60550,en,99.1,99.1,2008,2013,9
gmane.linux.network,1208,60400,en,98.2,98.2,2002,2019,12
gmane.comp.emulators.qemu,1203,60150,en,98.9,98.9,2004,2019,10
gmane.comp.documentfoundation.libreoffice.bugs,1191,59550,en,80.9,80.9,2011,2019,18
gmane.linux.debian.devel.bugs.rc,1167,58350,en,99.2,99.2,2003,2019,6
gmane.org.wikimedia.mediawiki.bugs,1101,55050,en,69.5,69.5,2003,2014,11
gmane.linux.debian.user,1096,54800,en,97.8,97.8,2002,2019,13
gmane.linux.mageia.packages.scm,1089,54450,en,93.8,93.8,2011,2019,14
gmane.linux.arch.scm,1078,53900,en,89.8,89.8,2009,2019,21
gmane.linux.debian.devel.changes.unstable,1063,53150,en,65.9,65.9,2003,2019,27
gmane.linux.redhat.fedora.reviews,1029,51450,en,87.9,87.9,2006,2019,16
gmane.comp.gnome.svn,1026,51300,en,88.2,88.2,2014,2019,25
gmane.comp.gcc.test-results,1025,51250,en,93.6,93.6,2002,2019,6
gmane.comp.emulators.wine.bugs,1024,51200,en,87.4,87.4,2002,2019,13
gmane.linux.redhat.fedora.general,968,48400,en,98.2,98.2,2003,2019,12
gmane.os.freebsd.devel.cvs.ports,917,45850,en,87.9,87.9,2003,2019,19
gmane.org.user-groups.linux.hungarian.flame,875,43750,hu,92.9,3.0,2004,2017,17
gmane.linux.suse.general,815,40750,en,99.4,99.4,2002,2019,6
gmane.comp.python.bugs,803,40150,en,79.8,79.8,2000,2019,6
gmane.comp.emulators.xen.devel,794,39700,en,98.6,98.6,2004,2019,8
gmane.linux.altlinux.sisyphus.incominger,779,38950,UNKNOWN,62.5,35.9,2006,2019,11
gmane.comp.lang.ruby.general,762,38100,en,97.6,97.6,2002,2018,13
gmane.comp.boot-loaders.u-boot,749,37450,en,97.9,97.9,2001,2019,12
gmane.comp.gnome.cvs,747,37350,en,86.3,86.3,2002,2006,18
gmane.comp.emulators.ovirt.engine.patches,732,36600,en,100.0,100.0,2012,2015,1
gmane.comp.db.postgresql.devel.general,712,35600,en,99.2,99.2,2002,2019,5
gmane.comp.lang.r.general,699,34950,en,98.0,98.0,2003,2019,12
gmane.linux.kernel.stable,697,34850,en,99.1,99.1,2010,2019,6
gmane.comp.lang.ruby.rails,680,34000,en,98.2,98.2,2005,2019,8
gmane.comp.java.jboss.user,671,33550,en,99.9,99.9,2002,2013,2
gmane.os.freebsd.questions,664,33200,en,97.6,97.6,1999,2019,10
gmane.linux.drivers.devicetree,641,32050,en,98.1,98.1,2008,2019,9
gmane.linux.gentoo.user,608,30400,en,99.2,99.2,2002,2019,6
gmane.education.libraries.koha.bugs,601,30050,en,69.1,69.1,2011,2019,7
gmane.comp.web.wiki.xwiki.scm,598,29900,en,44.0,44.0,2006,2019,13
gmane.linux.debian.user.german,591,29550,de,94.1,3.4,2002,2019,10
gmane.os.netbsd.devel.pkgsrc.cvs,588,29400,en,100.0,100.0,2002,2019,1
gmane.linux.ubuntu.user,585,29250,en,97.8,97.8,2004,2019,8
gmane.comp.telephony.pbx.asterisk.user,583,29150,en,98.8,98.8,2003,2019,6
gmane.linux.ubuntu.bugs.desktop,555,27750,en,84.9,84.9,2005,2009,9
gmane.os.freebsd.devel.cvs.src,555,27750,en,96.8,96.8,2003,2019,11
gmane.comp.handhelds.android.devel,540,27000,en,97.0,97.0,2008,2018,10
gmane.linux.redhat.fedora.package.announce,532,26600,en,100.0,100.0,2006,2019,1
gmane.comp.compilers.clang.scm,528,26400,en,95.6,95.6,2008,2019,12
gmane.comp.video.dri.devel,528,26400,en,96.0,96.0,2002,2019,7
gmane.comp.video.ffmpeg.devel,528,26400,en,96.6,96.6,2003,2019,11
gmane.comp.jakarta.tomcat.user,514,25700,en,98.1,98.1,2002,2019,10
gmane.comp.hardware.ibm.midrange,512,25600,en,99.6,99.6,2002,2019,3
gmane.linux.mandrake.cooker.devel,510,25500,en,97.3,97.3,2002,2011,9
gmane.comp.cms.nuxeo.scm,508,25400,en,93.7,93.7,2006,2019,9
gmane.comp.ide.revolution.user,503,25150,en,99.0,99.0,2002,2019,4
gmane.linux.redhat.fedora.perl,502,25100,en,71.5,71.5,2005,2019,7
gmane.linux.redhat.fedora.devel,500,25000,en,97.8,97.8,2003,2019,8
gmane.comp.lang.d.general,499,24950,en,98.8,98.8,2008,2019,5
gmane.comp.audio.emagic.logic.users,495,24750,en,99.2,99.2,1999,2011,3
gmane.comp.lib.boost.devel,494,24700,en,99.2,99.2,1999,2019,5
gmane.comp.lang.realbasic.user,483,24150,en,99.0,99.0,2003,2016,6
gmane.linux.suse.general.german,480,24000,de,95.6,2.1,2003,2018,10
gmane.comp.php.general,474,23700,en,97.3,97.3,2002,2017,9
gmane.comp.video.mesa3d.devel,474,23700,en,96.8,96.8,2003,2019,7
gmane.emacs.devel,470,23500,en,99.6,99.6,2002,2019,3
gmane.comp.lib.uclibc.buildroot,468,23400,en,95.3,95.3,2007,2019,10
gmane.comp.video.gstreamer.bugs,460,23000,en,82.2,82.2,2002,2018,9
gmane.linux.debian.devel.general,455,22750,en,98.9,98.9,2002,2019,4
gmane.comp.db.postgresql.general,441,22050,en,97.1,97.1,2002,2019,8
gmane.linux.kernel.mm,439,21950,en,99.8,99.8,2002,2019,2
gmane.comp.gcc.cvs,438,21900,en,82.0,82.0,2002,2019,12
gmane.linux.debian.devel.wnpp,437,21850,en,97.9,97.9,2002,2019,8
gmane.music.equipment.slimdevices.general,434,21700,en,99.5,99.5,2003,2018,3
gmane.linux.mandrake.bugs,428,21400,en,98.1,98.1,2007,2011,4
gmane.linux.debian.user.spanish,424,21200,es,92.7,1.9,2002,2019,12
gmane.comp.lang.go.general,421,21050,en,97.6,97.6,2009,2019,6
gmane.os.netbsd.devel.cvs,420,21000,en,99.8,99.8,2002,2019,2
gmane.linux.debian.user.french,415,20750,fr,92.0,3.6,2002,2019,15
gmane.comp.web.spip.user,413,20650,fr,97.6,0.2,2001,2019,5
gmane.comp.lang.smalltalk.squeak.general,410,20500,en,98.5,98.5,1998,2019,5
gmane.politics.marxism.marxmail,406,20300,en,91.9,91.9,2002,2018,5
gmane.comp.emulators.kvm.devel,405,20250,en,99.0,99.0,2006,2019,5
gmane.comp.gcc.patches,398,19900,en,98.7,98.7,2002,2019,6
gmane.comp.python.django.user,396,19800,en,98.5,98.5,2005,2019,4
gmane.linux.alsa.devel,388,19400,en,97.7,97.7,2002,2019,7
gmane.comp.freedesktop.xorg.drivers.intel,387,19350,en,96.6,96.6,2010,2019,9
gmane.linux.ubuntu.bugs.universe,383,19150,en,85.9,85.9,2005,2016,7
gmane.comp.jakarta.tomcat.devel,382,19100,en,93.5,93.5,2002,2019,12
gmane.comp.java.ide.netbeans.user,380,19000,en,97.4,97.4,2000,2018,6
gmane.comp.jakarta.struts.user,378,18900,en,98.1,98.1,2002,2017,8
gmane.comp.python.django.scm,376,18800,en,93.6,93.6,2007,2019,9
gmane.linux.kernel.wireless.general,375,18750,en,98.4,98.4,2007,2019,6
gmane.comp.sysutils.puppet.bugs,373,18650,UNKNOWN,71.8,28.2,2008,2019,2
gmane.os.openbsd.cvs,370,18500,en,93.2,93.2,2002,2019,11
gmane.comp.emulators.libvirt,368,18400,en,98.1,98.1,2006,2019,6
gmane.os.freebsd.current,364,18200,en,91.8,91.8,2002,2019,8
gmane.comp.gnome.mono.patches,360,18000,en,95.8,95.8,2002,2011,11
gmane.linux.frugalware.scm,354,17700,en,53.4,53.4,2007,2018,16
gmane.culture.region.india.goa,353,17650,en,94.1,94.1,2003,2018,4
gmane.comp.lib.wxwidgets.devel,352,17600,en,99.4,99.4,2000,2019,3
gmane.linux.ports.ppc64.devel,352,17600,en,98.9,98.9,2004,2019,5
gmane.linux.usb.general,349,17450,en,98.3,98.3,2007,2019,6
gmane.comp.lang.perl.perl5.porters,348,17400,en,98.0,98.0,2003,2019,8
gmane.linux.centos.general,343,17150,en,98.8,98.8,2004,2019,3
gmane.comp.lang.inug-4d.tech,340,17000,en,100.0,100.0,2003,2019,1
gmane.os.apple.macports.tickets,340,17000,en,95.9,95.9,2011,2019,9
gmane.science.linguistics.translation.russian,340,17000,ru,77.4,12.9,2002,2019,16
gmane.comp.emulators.ovirt.vdsm.patches,338,16900,en,100.0,100.0,2011,2017,1
gmane.os.cygwin,338,16900,en,96.7,96.7,2002,2019,9
gmane.comp.python.web2py,337,16850,en,96.4,96.4,2008,2019,9
gmane.linux.mandrake.cooker.cvs,337,16850,en,91.1,91.1,2003,2012,14
gmane.comp.openoffice.bugs,335,16750,en,97.9,97.9,2005,2011,3
gmane.linux.debian.devel.boot,335,16750,en,97.9,97.9,2002,2019,6
gmane.comp.version-control.git,330,16500,en,99.7,99.7,2005,2010,2
gmane.network.tor.cvs,330,16500,en,89.4,89.4,2006,2019,18
gmane.comp.jakarta.commons.devel,329,16450,en,94.5,94.5,2002,2019,9
gmane.comp.python.devel,328,16400,en,98.8,98.8,1999,2019,5
gmane.comp.lang.javascript.v8.devel,323,16150,en,74.3,74.3,2008,2019,13
gmane.mail.spam.spamassassin.general,323,16150,en,99.7,99.7,2002,2019,2
gmane.network.samba.general,322,16100,en,98.4,98.4,2002,2017,5
gmane.linux.suse.opensuse.scm,320,16000,en,99.1,99.1,2011,2019,3
gmane.comp.emulators.wine.patches,317,15850,en,83.3,83.3,2002,2017,11
gmane.comp.handhelds.openembedded.scm,316,15800,en,94.6,94.6,2008,2019,12
gmane.linux.ubuntu.bugs.kubuntu,314,15700,en,83.4,83.4,2005,2018,7
gmane.linux.ubuntu.devel.kernel.bugs,311,15550,en,86.2,86.2,2005,2010,7
gmane.emacs.bugs,309,15450,en,95.5,95.5,2002,2019,7
gmane.comp.handhelds.maemo.extras-cauldron.builds,308,15400,en,100.0,100.0,2008,2015,1
gmane.os.opendarwin.webkit.scm,308,15400,UNKNOWN,99.7,0.3,2011,2019,2
gmane.emacs.diffs,306,15300,en,87.6,87.6,2002,2019,12
gmane.org.operators.nanog,306,15300,en,99.7,99.7,2002,2019,2
gmane.comp.cms.sakai.scm,305,15250,en,95.1,95.1,2007,2014,10
gmane.linux.ports.arm.omap,304,15200,en,99.0,99.0,2005,2019,4
gmane.comp.cms.nuxeo.qa,301,15050,UNKNOWN,61.1,16.9,2007,2019,9
gmane.comp.documentfoundation.libreoffice.scm,301,15050,en,94.7,94.7,2011,2019,8
gmane.linux.debian.devel.perl.scm,301,15050,en,100.0,100.0,2014,2018,1
gmane.comp.lang.groovy.grails.user,298,14900,en,98.3,98.3,2006,2014,4
gmane.culture.publications.pcplus.indonesia,298,14900,id,91.9,3.0,2004,2014,11
gmane.comp.web.zope.plone.collective.cvs,297,14850,en,91.9,91.9,2003,2013,12
gmane.linux.file-systems,296,14800,en,97.6,97.6,2002,2019,7
gmane.linux.ubuntu.bugs.server,296,14800,en,85.5,85.5,2008,2019,8
gmane.comp.db.foxpro.profox,295,14750,en,97.6,97.6,2006,2019,6
gmane.org.google.api.maps,295,14750,en,96.9,96.9,2006,2012,5
gmane.org.wikimedia.wikidata.bugs,294,14700,UNKNOWN,52.4,45.9,2014,2019,6
gmane.editors.lyx.devel,293,14650,en,98.6,98.6,2003,2019,2
gmane.linux.debian.user.italian,293,14650,it,92.5,5.5,2002,2018,8
gmane.org.user-groups.python.chinese,290,14500,zh-cn,53.8,11.7,2009,2018,24
gmane.linux.altlinux.community,288,14400,ru,89.9,2.8,2004,2018,12
gmane.comp.jakarta.lucene.solr.user,287,14350,en,99.0,99.0,2007,2019,4
gmane.comp.version-control.subversion.devel,287,14350,en,99.0,99.0,2002,2019,4
gmane.linux.drivers.video-input-infrastructure,287,14350,en,98.3,98.3,2009,2019,6
gmane.comp.jakarta.turbine.maven.user,286,14300,en,98.6,98.6,2002,2019,5
gmane.comp.mozilla.general,286,14300,en,99.3,99.3,2002,2019,3
gmane.linux.ports.ppc.embedded,285,14250,en,97.9,97.9,2002,2019,6
gmane.linux.skolelinux.cvs,285,14250,en,71.2,71.2,2002,2018,11
gmane.os.freebsd.devel.ports,285,14250,en,93.7,93.7,2002,2019,4
gmane.comp.gdb.patches,284,14200,en,98.9,98.9,2002,2019,4
gmane.comp.version-control.mercurial.devel,281,14050,en,97.2,97.2,2005,2019,6
gmane.linux.scsi,281,14050,en,95.7,95.7,2002,2019,9
gmane.linux.debian.user.portuguese,279,13950,pt,94.3,1.8,2002,2016,8
gmane.linux.mandrake.cooker.commits,278,13900,en,91.7,91.7,2006,2012,12
gmane.comp.lang.smalltalk.pharo.devel,277,13850,en,97.5,97.5,2008,2019,7
gmane.culture.region.indonesia.ppi-india,276,13800,id,76.4,23.2,2005,2018,3
gmane.comp.gdb.testing,274,13700,en,99.6,99.6,2002,2019,2
gmane.comp.java.ofbiz.devel,274,13700,en,78.8,78.8,2008,2018,5
gmane.os.apple.fink.cvs,274,13700,en,89.1,89.1,2002,2019,12
gmane.comp.gnu.lilypond.general,272,13600,en,97.8,97.8,2002,2019,6
gmane.comp.lang.lua.general,271,13550,en,98.2,98.2,1998,2019,4
gmane.comp.crm.arsystem.general,270,13500,en,97.8,97.8,2005,2019,6
gmane.comp.db.mongodb.user,267,13350,en,98.5,98.5,2010,2019,4
gmane.linux.drivers.driver-project.devel,267,13350,en,97.8,97.8,2009,2019,7
gmane.comp.python.cvs,266,13300,en,76.3,76.3,2002,2019,9
gmane.org.region.indonesia.itcenter,266,13300,id,88.0,10.9,2003,2018,5
gmane.comp.emulators.wine.cvs,264,13200,en,83.3,83.3,2002,2019,11
gmane.comp.jakarta.turbine.maven.devel,263,13150,en,90.9,90.9,2002,2019,4
gmane.comp.networking.dpdk.devel,263,13150,en,98.1,98.1,2013,2019,6
gmane.comp.audio.supercollider.user,261,13050,en,97.3,97.3,2004,2018,7
gmane.comp.compilers.llvm.devel,261,13050,en,99.6,99.6,2003,2019,2
gmane.os.openbsd.ports.cvs,260,13000,en,94.2,94.2,2002,2019,10
gmane.comp.cloud.openstack.devel,258,12900,en,100.0,100.0,2013,2018,1
gmane.comp.lang.haskell.cafe,258,12900,en,97.7,97.7,2002,2019,7
gmane.linux.redhat.fedora.testers,258,12900,en,97.7,97.7,2003,2019,5
gmane.linux.debian.user.russian,256,12800,ru,92.2,2.7,2002,2019,10
gmane.editors.vim,255,12750,en,97.3,97.3,2002,2018,7
gmane.comp.web.zope.plone.cvs,254,12700,en,94.1,94.1,2003,2017,6
gmane.linux.debian.devel.x,254,12700,en,93.7,93.7,2002,2019,10
gmane.comp.java.wicket.user,253,12650,en,98.8,98.8,2005,2018,4
gmane.emacs.orgmode,252,12600,en,98.8,98.8,2006,2019,4
gmane.music.equipment.slimdevices.plugins,252,12600,en,98.8,98.8,2005,2019,4
gmane.comp.hardware.rescue,249,12450,en,99.2,99.2,1999,2019,3
gmane.comp.kde.devel.pim.bugs,248,12400,en,85.1,85.1,2007,2019,5
gmane.comp.web.zope.plone.user,248,12400,en,98.4,98.4,2002,2015,5
gmane.comp.handhelds.openembedded.core,246,12300,en,97.2,97.2,2011,2019,4
gmane.comp.video.videolan.vlc.devel,245,12250,en,91.0,91.0,2002,2019,10
gmane.comp.php.devel,242,12100,en,99.2,99.2,2002,2019,3
gmane.linux.debian.devel.release,242,12100,en,98.3,98.3,2004,2019,5
gmane.games.freeciv.devel,241,12050,en,97.9,97.9,1998,2017,4
gmane.comp.video.ffmpeg.cvs,240,12000,en,92.5,92.5,2004,2019,8
gmane.comp.lang.javascript.jquery,239,11950,en,97.5,97.5,2006,2010,4
gmane.comp.web.squid.general,237,11850,en,95.8,95.8,2003,2019,7
gmane.linux.debian.devel.kernel,237,11850,en,98.7,98.7,2001,2019,4
gmane.recreation.cars.evdl,237,11850,en,100.0,100.0,2007,2019,1
gmane.comp.apache.db.derby.devel,236,11800,en,83.1,83.1,2004,2018,4
gmane.comp.desktop.xfce.commits,235,11750,en,90.2,90.2,2006,2019,18
gmane.comp.db.mysql.general,234,11700,en,98.7,98.7,2002,2017,4
gmane.comp.hardware.tandy.coco,234,11700,en,98.7,98.7,2003,2019,4
gmane.comp.java.tapestry.user,234,11700,en,98.3,98.3,2003,2019,4
gmane.comp.lang.haskell.glasgow.bugs,234,11700,en,93.6,93.6,2002,2019,9
gmane.comp.db.sqlite.general,233,11650,en,99.1,99.1,2003,2019,3
gmane.comp.jakarta.struts.devel,233,11650,en,86.3,86.3,2002,2019,10
gmane.linux.power-management.general,233,11650,en,98.3,98.3,2005,2019,5
gmane.comp.db.postgresql.brasil,232,11600,pt,92.2,1.7,2003,2017,8
gmane.org.user-groups.ale,232,11600,en,99.1,99.1,2003,2019,3
gmane.comp.gis.openstreetmap.region.de,231,11550,de,97.8,1.3,2007,2019,4
gmane.comp.multimedia.puredata.general,229,11450,en,98.7,98.7,2003,2019,4
gmane.os.apple.macports.scm,229,11450,en,66.8,66.8,2011,2019,12
gmane.comp.programming.extreme-programming,228,11400,en,98.2,98.2,2002,2016,5
gmane.linux.mandrake.newbie.french,228,11400,fr,95.6,2.2,2003,2012,6
gmane.comp.php.cakephp.general,227,11350,en,96.5,96.5,2007,2015,8
gmane.os.netbsd.devel.cvs.full,227,11350,en,100.0,100.0,2009,2019,1
gmane.comp.emulators.wine.devel,226,11300,en,100.0,100.0,2002,2017,1
gmane.science.linguistics.wikipedia.english,226,11300,en,100.0,100.0,2002,2019,1
gmane.comp.apache.incubator.ooo.issues,225,11250,en,55.1,55.1,2011,2019,7
gmane.ietf.announce,224,11200,en,100.0,100.0,2004,2019,1
gmane.comp.systems.newton.newtontalk,223,11150,en,98.7,98.7,2002,2019,4
gmane.linux.kernel.commits.mm,223,11150,en,100.0,100.0,2006,2018,1
gmane.os.reactos.bugs,222,11100,en,65.3,65.3,2014,2019,7
gmane.comp.lang.go.devel,219,10950,en,90.0,90.0,2011,2018,6
gmane.comp.web.spip.zone.cvs,219,10950,fr,67.1,28.3,2006,2019,8
gmane.comp.apache.user,218,10900,en,99.1,99.1,2002,2018,3
gmane.comp.cms.tiki.cvs,217,10850,en,89.9,89.9,2003,2019,6
gmane.comp.freeradius.user,216,10800,en,98.6,98.6,2003,2016,4
gmane.network.nsp.cisco,216,10800,en,99.1,99.1,2002,2018,3
gmane.comp.db.firebase.portuguese,215,10750,pt,93.0,0.5,2003,2018,8
gmane.comp.java.clojure.user,215,10750,en,99.5,99.5,2008,2019,2
gmane.comp.kde.digikam.devel,214,10700,en,75.2,75.2,2004,2018,9
gmane.linux.gentoo.devel,214,10700,en,96.7,96.7,2002,2018,6
gmane.linux.region.czech,214,10700,cs,48.6,4.2,2002,2006,15
gmane.network.wireshark.bugs,211,10550,en,82.9,82.9,2006,2019,3
gmane.linux.redhat.general,210,10500,en,99.0,99.0,1997,2015,3
gmane.linux.acpi.devel,209,10450,en,97.6,97.6,2002,2019,4
gmane.linux.audio.users,209,10450,en,99.0,99.0,2003,2018,3
gmane.os.freebsd.stable,209,10450,en,94.7,94.7,2002,2018,5
gmane.linux.altlinux.sisyphus,208,10400,ru,91.8,1.4,2004,2019,6
gmane.mail.postfix.user,207,10350,en,99.0,99.0,2002,2004,3
gmane.comp.kde.amarok.bugs,206,10300,en,80.6,80.6,2005,2019,6
gmane.comp.version-control.subversion.user,206,10300,en,99.0,99.0,2004,2016,2
gmane.linux.ubuntu.devel.kernel.general,206,10300,en,96.1,96.1,2006,2019,4
gmane.mail.spam.spamcop.user,206,10300,en,99.0,99.0,2002,2006,3
gmane.comp.openoffice.general.german,204,10200,de,99.5,0.0,2002,2012,2
gmane.linux.debian.devel.gnome.general,204,10200,en,93.6,93.6,2007,2019,9
gmane.network.openvswitch.devel,204,10200,en,98.0,98.0,2011,2019,5
gmane.comp.lang.perl.beginners,203,10150,en,99.5,99.5,2002,2018,2
gmane.comp.python.wxpython,203,10150,en,96.1,96.1,2004,2019,8
gmane.comp.emulators.wine.user,202,10100,en,97.0,97.0,2002,2015,6
gmane.comp.mathematics.sage.devel,201,10050,en,99.0,99.0,2006,2019,3
gmane.games.flightgear.devel,201,10050,en,98.5,98.5,2002,2019,4
gmane.science.biology.gromacs.user,201,10050,en,99.0,99.0,2006,2019,3
gmane.comp.python.tutor,200,10000,en,99.5,99.5,2002,2019,2
gmane.comp.tex.context,200,10000,en,95.0,95.0,1998,2017,8
gmane.comp.kde.devel.plasma,199,9950,en,95.0,95.0,2008,2019,7
gmane.linux.mageia.bugs,199,9950,en,81.4,81.4,2011,2019,8
gmane.comp.apache.sling.devel,198,9900,en,72.7,72.7,2007,2019,7
gmane.comp.jakarta.lucene.hadoop.devel,198,9900,en,85.4,85.4,2006,2019,4
gmane.comp.apache.maven.issues,197,9850,en,73.1,73.1,2009,2019,4
gmane.comp.python.pypy.cvs,197,9850,en,96.4,96.4,2006,2018,6
gmane.comp.web.chromium.devel,197,9850,en,99.0,99.0,2008,2019,3
gmane.mail.exim.user,197,9850,en,99.0,99.0,2002,2017,3
gmane.science.economics.progressive-economists,197,9850,en,96.4,96.4,2003,2018,2
gmane.comp.java.geronimo.devel,196,9800,en,83.7,83.7,2003,2019,9
gmane.comp.lang.d.bugs,196,9800,en,74.5,74.5,2008,2019,7
gmane.org.hackerspaces.london,196,9800,en,95.9,95.9,2011,2019,4
gmane.comp.ide.lazarus.general,195,9750,en,97.9,97.9,2005,2019,4
gmane.network.samba.internals,195,9750,en,100.0,100.0,2002,2017,1
gmane.os.freebsd.bugs,195,9750,en,82.6,82.6,2002,2019,7
gmane.linux.altlinux.devel,194,9700,ru,90.2,2.6,2004,2019,7
gmane.comp.graphics.openscenegraph.user,193,9650,en,99.0,99.0,2006,2019,3
gmane.linux.mageia.changelog,193,9650,en,89.1,89.1,2011,2019,10
gmane.mail.imap.dovecot,192,9600,en,95.3,95.3,2003,2018,9
gmane.text.xml.xsl.general.mulberrytech,192,9600,en,99.5,99.5,2002,2019,2
gmane.comp.lang.d.learn,190,9500,en,97.9,97.9,2009,2019,4
gmane.comp.php.cvs.general,189,9450,en,77.2,77.2,2002,2019,6
gmane.comp.telephony.freeswitch.user,189,9450,en,99.5,99.5,2008,2018,2
gmane.editors.vim.devel,189,9450,en,98.9,98.9,2002,2019,3
gmane.linux.ubuntu.region.brazil,189,9450,pt,96.8,1.6,2006,2017,5
gmane.comp.lib.glibc.alpha,188,9400,en,97.9,97.9,2002,2019,5
gmane.comp.security.phishings,188,9400,en,90.4,90.4,2011,2016,9
gmane.comp.lang.erlang.general,187,9350,en,100.0,100.0,2002,2019,1
gmane.comp.file-systems.btrfs,185,9250,en,97.3,97.3,2008,2019,5
gmane.comp.apache.openoffice.issues,184,9200,en,53.3,53.3,2012,2019,6
gmane.comp.lang.as400.rpg,184,9200,en,98.9,98.9,2002,2019,3
gmane.os.netbsd.bugs,184,9200,en,97.8,97.8,2002,2019,5
gmane.science.linguistics.wikipedia.technical,184,9200,en,98.4,98.4,2002,2018,4
gmane.comp.handhelds.openembedded,183,9150,en,92.3,92.3,2004,2019,9
gmane.comp.version-control.subversion.svn,183,9150,en,95.1,95.1,2004,2019,9
gmane.comp.video.blender.scm,183,9150,en,98.9,98.9,2008,2018,2
gmane.culture.media.mediacare,183,9150,id,91.8,6.6,2007,2013,4
gmane.linux.debian.devel.qt-kde,183,9150,en,93.4,93.4,2004,2019,9
gmane.comp.lib.vtk.user,182,9100,en,99.5,99.5,2002,2018,2
gmane.comp.window-managers.enlightenment.cvs,182,9100,en,94.0,94.0,2004,2013,7
gmane.comp.emulators.xen.user,181,9050,en,99.4,99.4,2005,2017,2
gmane.comp.lang.ruby.core,181,9050,en,100.0,100.0,2003,2019,1
gmane.comp.security.full-disclosure,181,9050,en,99.4,99.4,2002,2013,2
gmane.linux.bios,181,9050,en,98.3,98.3,2002,2019,2
gmane.comp.lib.wxwindows.general,180,9000,en,98.9,98.9,2003,2019,3
gmane.linux.suse.opensuse.devel,180,9000,en,98.9,98.9,2006,2019,3
gmane.org.wikimedia.foundation,180,9000,en,97.2,97.2,2004,2019,6
gmane.comp.gis.openstreetmap.region.fr,179,8950,fr,97.2,1.1,2007,2019,3
gmane.comp.video.mesa3d.scm,179,8950,en,97.2,97.2,2007,2019,5
gmane.mail.spam.spamcop.social,179,8950,en,98.3,98.3,2002,2006,4
gmane.comp.gnu.binutils,178,8900,en,99.4,99.4,2002,2019,2
gmane.comp.lib.boost.user,178,8900,en,98.3,98.3,2002,2019,4
gmane.linux.debian.devel.medical.scm,178,8900,en,97.2,97.2,2008,2019,5
gmane.text.xml.axis.devel,178,8900,en,82.0,82.0,2002,2018,9
gmane.linux.debian.packages.java.cvs,177,8850,en,94.4,94.4,2006,2019,9
gmane.linux.suse.general.spanish,177,8850,es,96.6,1.7,2005,2018,4
gmane.linux.nfs,176,8800,en,98.9,98.9,2002,2019,3
gmane.org.user-groups.linux.ilugc,176,8800,en,97.2,97.2,1999,2015,4
gmane.comp.kde.devel.core,175,8750,en,100.0,100.0,2002,2019,1
gmane.linux.debian.devel.mentors,175,8750,en,98.3,98.3,2002,2019,3
gmane.linux.drivers.mtd,175,8750,en,98.3,98.3,1999,2018,4
gmane.org.google.gwt,175,8750,en,98.9,98.9,2008,2012,3
gmane.os.openbsd.ports,175,8750,en,99.4,99.4,2002,2018,2
gmane.comp.voip.cisco,174,8700,en,99.4,99.4,2005,2019,2
gmane.comp.video.libav.devel,172,8600,en,95.3,95.3,2011,2018,5
gmane.emacs.gnus.general,172,8600,en,98.8,98.8,1995,2019,3
gmane.comp.gnome.apps.gnucash.user,170,8500,en,99.4,99.4,2001,2019,2
gmane.network.samba.cvs,170,8500,en,85.3,85.3,2002,2016,10
gmane.recreation.bicycle.touring.phred,170,8500,en,100.0,100.0,2004,2011,1
gmane.comp.kde.devel.frameworks,169,8450,en,87.0,87.0,2012,2019,3
gmane.comp.web.lift,169,8450,en,97.6,97.6,2007,2018,3
gmane.linux.debian.internationalization.french,169,8450,fr,78.1,17.2,2002,2019,7
gmane.comp.web.dojo.user,168,8400,en,98.8,98.8,2005,2016,3
gmane.org.user-groups.rlug.general,168,8400,ro,79.2,13.1,2003,2018,9
gmane.comp.bacula.user,167,8350,en,98.8,98.8,2003,2017,2
gmane.linux.kernel.pci,167,8350,en,98.8,98.8,2008,2019,3
gmane.text.xml.axis.user,167,8350,en,97.6,97.6,2002,2016,5
gmane.comp.gis.openstreetmap,165,8250,en,99.4,99.4,2005,2019,2
gmane.comp.lang.scala.user,165,8250,en,98.8,98.8,2007,2017,2
gmane.os.plan9.general,164,8200,en,95.7,95.7,2002,2019,6
gmane.text.xml.cocoon.devel,163,8150,en,95.7,95.7,2002,2015,6
gmane.comp.gnu.octave.bugs,162,8100,en,100.0,100.0,2003,2019,1
gmane.comp.file-systems.xfs.general,161,8050,en,96.3,96.3,2002,2016,5
gmane.org.user-groups.python.argentina,161,8050,es,92.5,1.2,2006,2018,9
gmane.linux.bluez.kernel,160,8000,en,96.9,96.9,2008,2019,5
gmane.culture.backpacking.backpackgeartesters,159,7950,en,100.0,100.0,2005,2016,1
gmane.comp.documentfoundation.libreoffice.devel,158,7900,en,94.3,94.3,2010,2019,3
gmane.comp.java.sonar.scm,158,7900,UNKNOWN,62.7,17.7,2008,2015,4
gmane.comp.web.zope.all-cvs,158,7900,en,91.8,91.8,2007,2019,9
gmane.linux.lfs.beyond.book,158,7900,en,82.3,82.3,2002,2019,10
gmane.comp.gis.grass.devel,157,7850,en,97.5,97.5,2003,2018,5
gmane.editors.lyx.general,157,7850,en,98.1,98.1,2003,2018,4
gmane.comp.bug-tracking.request-tracker.user,156,7800,en,100.0,100.0,2002,2016,1
gmane.comp.cms.magnolia.devel,156,7800,UNKNOWN,53.8,30.1,2004,2017,5
gmane.comp.security.firewalls.netfilter.devel,156,7800,en,96.8,96.8,2002,2019,4
gmane.os.freebsd.current.scm,156,7800,en,96.2,96.2,2013,2019,5
gmane.comp.gis.grass.pkg.devel,155,7750,en,97.4,97.4,2005,2019,5
gmane.comp.handhelds.phonegap,155,7750,en,96.8,96.8,2010,2017,5
gmane.comp.version-control.bazaar-ng.general,155,7750,en,98.1,98.1,2005,2012,4
gmane.education.libraries.autocat,155,7750,en,98.7,98.7,2007,2019,3
gmane.comp.horde.bugs,154,7700,en,93.5,93.5,2002,2017,7
gmane.comp.java.hadoop.zookeeper.devel,154,7700,en,83.1,83.1,2009,2019,6
gmane.comp.mozilla.seamonkey.user,154,7700,en,99.4,99.4,2008,2019,2
gmane.mail.spam.spamassassin.devel,154,7700,en,94.8,94.8,2002,2018,3
gmane.mail.the-bat.beta,154,7700,en,95.5,95.5,2004,2018,6
gmane.comp.horde.cvs,153,7650,en,82.4,82.4,2002,2010,13
gmane.comp.sysutils.puppet.user,153,7650,en,99.3,99.3,2007,2018,2
gmane.science.linguistics.linguist-list,153,7650,en,97.4,97.4,2003,2019,5
gmane.linux.laptop.olpc.bugs,152,7600,en,100.0,100.0,2007,2014,1
gmane.linux.mandrake.newbie,152,7600,en,98.0,98.0,2003,2011,4
gmane.music.dadl.ot,152,7600,en,98.7,98.7,2003,2011,2
gmane.network.nagios.user,152,7600,en,99.3,99.3,2002,2013,2
gmane.org.user-groups.linux.grulic,151,7550,es,88.1,4.0,2000,2014,7
gmane.comp.lib.sdl,150,7500,en,98.7,98.7,2002,2017,3
gmane.comp.apache.kafka.devel,149,7450,en,81.2,81.2,2015,2019,7
gmane.comp.kde.devel.general,149,7450,en,97.3,97.3,2002,2019,5
gmane.linux.debian.packages.java.devel,149,7450,en,87.9,87.9,2005,2019,5
gmane.music.equipment.slimdevices.audiophile,149,7450,en,100.0,100.0,2005,2019,1
gmane.comp.video.ffmpeg.user,148,7400,en,98.6,98.6,2004,2019,3
gmane.os.netbsd.current,148,7400,en,98.6,98.6,2002,2019,3
gmane.comp.db.postgresql.devel.cvs,147,7350,en,82.3,82.3,2002,2019,5
gmane.comp.java.hadoop.hbase.devel,147,7350,en,85.7,85.7,2008,2019,4
gmane.linux.distributions.emc.user,147,7350,en,100.0,100.0,2006,2019,1
gmane.linux.region.chile,147,7350,es,40.1,4.8,2004,2007,13
gmane.comp.video.gstreamer.devel,146,7300,en,98.6,98.6,2001,2019,2
gmane.comp.gnu.guix.scm,145,7250,en,100.0,100.0,2013,2019,1
gmane.education.classics,145,7250,en,98.6,98.6,2004,2019,3
gmane.network.wireshark.scm,145,7250,en,67.6,67.6,2006,2019,4
gmane.comp.telephony.pbx.asterisk.devel,144,7200,en,98.6,98.6,2004,2018,3
gmane.linux.mandrake.expert,144,7200,en,97.9,97.9,2003,2011,4
gmane.linux.mandriva.bugs,144,7200,en,95.1,95.1,2009,2012,4
gmane.org.operators.isp.wireless.wisp,144,7200,en,93.8,93.8,2005,2017,5
gmane.comp.gnu.radio.general,143,7150,en,98.6,98.6,2003,2019,3
gmane.comp.java.activemq.devel,143,7150,en,83.9,83.9,2004,2019,7
gmane.comp.lang.ruby.cvs,143,7150,UNKNOWN,67.8,23.8,2002,2019,12
gmane.org.operators.gter.brazil,142,7100,pt,95.1,1.4,2009,2019,6
gmane.comp.window-managers.enlightenment.devel,141,7050,en,97.2,97.2,2004,2018,5
gmane.linux.distributions.gumstix.general,141,7050,en,99.3,99.3,2004,2017,2
gmane.comp.cms.cold-fusion.discuss,140,7000,en,97.9,97.9,2004,2005,4
gmane.comp.jakarta.james.devel,140,7000,en,87.1,87.1,2002,2019,8
gmane.comp.lang.javascript.nodejs,140,7000,en,94.3,94.3,2009,2018,6
gmane.comp.lang.perl.cpan.announce,140,7000,en,100.0,100.0,2002,2008,1
gmane.comp.cms.sakai.devel,139,6950,en,98.6,98.6,2005,2019,3
gmane.comp.jakarta.commons.issues,139,6950,en,76.3,76.3,2009,2019,3
gmane.text.xml.cocoon.user,139,6950,en,98.6,98.6,2002,2013,3
gmane.comp.java.jsf.richfaces.issues,138,6900,it,57.2,39.1,2008,2014,5
gmane.comp.kde.devel.pim,138,6900,en,91.3,91.3,2002,2018,4
gmane.comp.lang.groovy.user,138,6900,en,99.3,99.3,2004,2019,2
gmane.comp.voip.openser.user,138,6900,en,98.6,98.6,2005,2019,3
gmane.linux.drivers.rdma,138,6900,en,99.3,99.3,2009,2019,2
gmane.network.simulator.ns3.user,138,6900,en,97.8,97.8,2010,2019,4
gmane.comp.compilers.llvm.bugs,137,6850,en,94.2,94.2,2008,2019,3
gmane.comp.gnu.lilypond.devel,137,6850,en,100.0,100.0,2002,2019,1
gmane.comp.jakarta.myfaces.devel,137,6850,en,83.9,83.9,2005,2019,7
gmane.comp.web.spip.devel,137,6850,fr,97.8,0.7,2001,2018,4
gmane.comp.audio.supercollider.devel,136,6800,en,100.0,100.0,2004,2018,1
gmane.comp.voip.openser.devel,136,6800,en,87.5,87.5,2005,2019,8
gmane.comp.web.zope.plone.tests,136,6800,en,89.0,89.0,2004,2019,4
gmane.culture.backpacking.light,136,6800,en,99.3,99.3,2002,2012,2
gmane.linux.kernel.samsung-soc,136,6800,en,97.8,97.8,2010,2019,4
gmane.comp.gcc.regression,135,6750,en,86.7,86.7,2003,2019,5
gmane.comp.java.lib.itext.general,135,6750,en,99.3,99.3,2002,2014,2
gmane.comp.java.zookeeper.devel,135,6750,en,85.2,85.2,2011,2019,6
gmane.comp.systems.archos.rockbox.sourceforge,135,6750,en,100.0,100.0,2002,2014,1
gmane.games.bridge.laws,135,6750,en,97.0,97.0,2002,2017,3
gmane.linux.documentation,135,6750,en,97.8,97.8,2009,2019,4
gmane.music.equipment.slimdevices.squeezecenter,135,6750,en,99.3,99.3,2009,2019,2
gmane.recreation.railway.canadian-passenger,135,6750,en,99.3,99.3,2004,2019,2
gmane.comp.apache.maven.scm,134,6700,en,97.0,97.0,2007,2019,5
gmane.comp.finance.mifos.issues,134,6700,en,79.1,79.1,2006,2015,3
gmane.comp.java.netbeans.modules.openide.devel,134,6700,en,98.5,98.5,2001,2016,3
gmane.comp.php.quality-assurance,134,6700,en,100.0,100.0,2002,2018,1
gmane.linux.debian.devel.secure-testing.cvs,134,6700,en,92.5,92.5,2005,2019,8
gmane.os.openbsd.misc,134,6700,en,96.3,96.3,2002,2004,4
gmane.os.openbsd.tech,134,6700,en,100.0,100.0,2002,2019,1
gmane.comp.apache.maven.notifications,133,6650,en,63.9,63.9,2006,2019,9
gmane.comp.mathematics.maxima.general,133,6650,en,100.0,100.0,2002,2019,1
gmane.science.dinosaurs.general,133,6650,en,99.2,99.2,2002,2018,2
gmane.comp.apache.incubator.general,132,6600,en,97.0,97.0,2003,2018,4
gmane.comp.java.hudson.user,132,6600,en,100.0,100.0,2009,2019,1
gmane.comp.php.cvs.pear,132,6600,en,81.1,81.1,2002,2019,8
gmane.comp.python.numeric.general,132,6600,en,100.0,100.0,2000,2018,1
gmane.linux.ide,132,6600,en,98.5,98.5,2003,2018,3
gmane.comp.apache.devel,131,6550,en,98.5,98.5,2002,2019,3
gmane.comp.cms.hippocms.scm,131,6550,en,96.2,96.2,2007,2019,5
gmane.comp.file-systems.ext4,131,6550,en,99.2,99.2,2006,2019,2
gmane.comp.graphics.crystalspace.cvs,131,6550,en,96.9,96.9,2003,2017,5
gmane.comp.jakarta.tapestry.devel,131,6550,en,80.9,80.9,2003,2019,8
gmane.comp.macosx.general,131,6550,en,98.5,98.5,2002,2018,3
gmane.linux.drivers.openib,131,6550,en,98.5,98.5,2004,2009,3
gmane.linux.kernel.input,131,6550,en,96.9,96.9,2007,2019,5
gmane.comp.handhelds.openmoko.community,130,6500,en,98.5,98.5,2007,2014,3
gmane.comp.lang.haskell.cvs.ghc,130,6500,en,92.3,92.3,2002,2013,6
gmane.comp.web.css.general,130,6500,en,98.5,98.5,2002,2016,3
gmane.linux.ports.mips.general,130,6500,en,93.8,93.8,2003,2018,8
gmane.comp.web.gallery.cvs,129,6450,en,99.2,99.2,2003,2013,2
gmane.comp.web.wiki.pmwiki.user,129,6450,en,98.4,98.4,2002,2019,3
gmane.comp.encryption.openssl.user,128,6400,en,99.2,99.2,2002,2018,2
gmane.linux.ubuntu.user.kubuntu,128,6400,en,97.7,97.7,2005,2018,2
gmane.comp.gis.openstreetmap.region.it,127,6350,it,91.3,5.5,2008,2019,6
gmane.comp.jakarta.lucene.user,127,6350,en,100.0,100.0,2002,2017,1
gmane.comp.time.nuts,127,6350,en,100.0,100.0,2010,2019,1
gmane.comp.voip.ser,127,6350,en,98.4,98.4,2003,2019,3
gmane.comp.web.zope.general,127,6350,en,98.4,98.4,2002,2015,2
gmane.os.netbsd.devel.pkgsrc.bugs,127,6350,en,97.6,97.6,2004,2018,4
gmane.comp.compilers.clang.devel,126,6300,en,99.2,99.2,2008,2019,2
gmane.comp.java.ofbiz.user,126,6300,en,97.6,97.6,2005,2019,4
gmane.comp.web.nginx.russian,126,6300,ru,96.0,0.8,2004,2019,5
gmane.linux.ubuntu.user.italian,126,6300,it,94.4,1.6,2004,2016,5
gmane.os.freebsd.devel.hackers,126,6300,en,100.0,100.0,2002,2019,1
gmane.comp.jakarta.ant.devel,125,6250,en,95.2,95.2,2002,2018,4
gmane.comp.jakarta.commons.scm,125,6250,en,88.8,88.8,2009,2019,8
gmane.comp.java.openjdk.core-libs.devel,125,6250,en,96.0,96.0,2009,2019,5
gmane.org.user-groups.linux.tolug,125,6250,en,99.2,99.2,2003,2014,2
gmane.comp.gnu.octave.general,124,6200,en,96.8,96.8,2003,2016,4
gmane.comp.jakarta.myfaces.user,124,6200,en,96.8,96.8,2005,2014,4
gmane.comp.window-managers.enlightenment.scm,124,6200,en,96.0,96.0,2013,2019,3
gmane.comp.apache.incubator.ooo.devel,123,6150,en,98.4,98.4,2011,2019,3
gmane.comp.audio.musicbrainz.bugs,123,6150,en,60.2,60.2,2010,2015,4
gmane.comp.emulators.hercules390.general,123,6150,en,99.2,99.2,2002,2018,2
gmane.comp.lang.factor.builds,123,6150,en,93.5,93.5,2009,2019,3
gmane.comp.web.shibboleth.user,123,6150,en,99.2,99.2,2008,2018,2
gmane.linux.debian.qa-packages,123,6150,en,96.7,96.7,2002,2019,4
gmane.comp.printing.ghostscript.cvs,122,6100,en,82.8,82.8,2002,2017,2
gmane.comp.security.bugtraq,122,6100,en,100.0,100.0,2002,2019,1
gmane.politics.communism.environmental,122,6100,en,98.4,98.4,2002,2019,2
gmane.comp.db.filemaker.devel,121,6050,en,100.0,100.0,2005,2019,1
gmane.comp.db.postgresql.spanish,121,6050,es,94.2,1.7,2005,2019,6
gmane.comp.lang.julia.user,121,6050,en,97.5,97.5,2013,2016,4
gmane.comp.web.zope.plone.ingeniweb.general,121,6050,pt,36.4,35.5,2008,2018,14
gmane.linux.distributions.nixos.scm,121,6050,en,90.1,90.1,2010,2017,6
gmane.linux.raid,121,6050,en,100.0,100.0,2002,2017,1
gmane.linux.redhat.k12osn,121,6050,en,99.2,99.2,2002,2012,2
gmane.network.dns.bind.user,120,6000,en,100.0,100.0,2003,2019,1
gmane.user-groups.foss.gutl,120,6000,es,93.3,2.5,2002,2019,7
gmane.emacs.cvs,119,5950,de,62.2,31.1,2002,2008,7
gmane.linux.arch.general,119,5950,en,96.6,96.6,2004,2019,5
gmane.linux.ports.sh.devel,119,5950,en,98.3,98.3,2004,2019,3
gmane.music.tangerine-dream,119,5950,en,99.2,99.2,2002,2019,2
gmane.comp.emulators.ovirt.user,118,5900,en,100.0,100.0,2012,2019,1
gmane.comp.programming.tools.cmake.user,118,5900,en,99.2,99.2,2006,2019,2
gmane.comp.web.flashcoders.devel,118,5900,en,96.6,96.6,2005,2007,4
gmane.mail.spam.spamcop.help,118,5900,en,95.8,95.8,2002,2005,6
gmane.os.freebsd.devel.net,118,5900,en,92.4,92.4,2002,2019,3
gmane.plants.sansevieria.collectors,118,5900,en,92.4,92.4,2002,2014,4
gmane.comp.education.sugar.devel,117,5850,en,98.3,98.3,2007,2019,3
gmane.comp.gnome.evolution.general,117,5850,en,100.0,100.0,2002,2019,1
gmane.comp.java.jira.user,117,5850,en,100.0,100.0,2003,2011,1
gmane.comp.lib.opencv,117,5850,en,99.1,99.1,2005,2014,2
gmane.comp.otrs.cvs,117,5850,en,94.9,94.9,2003,2013,4
gmane.linux.distributions.musterloesung,117,5850,de,97.4,2.6,2005,2014,2
gmane.linux.usb.devel,117,5850,en,97.4,97.4,2002,2007,3
gmane.comp.db.dbworld,116,5800,en,98.3,98.3,2003,2017,3
gmane.comp.jakarta.lucene.hadoop.user,116,5800,en,99.1,99.1,2007,2016,2
gmane.comp.kde.devel.kopete,116,5800,en,92.2,92.2,2002,2014,4
gmane.comp.kde.devel.kwin,116,5800,en,90.5,90.5,2002,2019,4
gmane.text.xml.exist,116,5800,en,99.1,99.1,2003,2019,2
gmane.comp.gis.grass.user,115,5750,en,100.0,100.0,2003,2018,1
gmane.comp.jakarta.lucene.devel,115,5750,en,85.2,85.2,2003,2019,4
gmane.comp.web.nginx.english,115,5750,en,97.4,97.4,2008,2019,3
gmane.comp.web.zope.plone.ingeniweb.devel,115,5750,en,42.6,42.6,2006,2018,15
gmane.comp.cad.brlcad.scm,114,5700,en,100.0,100.0,2005,2019,1
gmane.comp.gnome.desktop,114,5700,en,98.2,98.2,2002,2019,3
gmane.comp.java.hadoop.pig.devel,114,5700,en,70.2,70.2,2009,2018,3
gmane.comp.kde.devel.kmail,114,5700,en,93.0,93.0,2002,2007,2
gmane.culture.backpacking.backpackgeartest,114,5700,en,98.2,98.2,2003,2016,3
gmane.linux.debian.alioth.multimedia-maintainers,114,5700,en,96.5,96.5,2009,2018,3
gmane.os.solaris.opensolaris.general,114,5700,en,99.1,99.1,2005,2011,2
gmane.comp.freedesktop.xorg.devel,113,5650,en,98.2,98.2,2009,2018,3
gmane.comp.gis.qgis.devel,113,5650,en,99.1,99.1,2007,2019,2
gmane.comp.hardware.beagleboard.user,113,5650,en,100.0,100.0,2009,2013,1
gmane.comp.python.django.devel,113,5650,en,99.1,99.1,2005,2019,2
gmane.comp.python.ideas,113,5650,en,100.0,100.0,2007,2019,1
gmane.comp.web.interchange.users,113,5650,en,98.2,98.2,2000,2017,3
gmane.linux.debian.devel.gcc,113,5650,en,91.2,91.2,2002,2018,7
gmane.mail.sylpheed.claws.general,113,5650,en,96.5,96.5,2002,2019,3
gmane.comp.gis.mapserver.user,112,5600,en,94.6,94.6,2004,2019,5
gmane.comp.lang.caml.inria,112,5600,en,98.2,98.2,1998,2019,2
gmane.comp.programming.scrum.general,112,5600,en,98.2,98.2,2003,2017,3
gmane.linux.kernel.kernelnewbies,112,5600,en,97.3,97.3,2003,2019,4
gmane.comp.apache.incubator.directory.devel,111,5550,en,88.3,88.3,2005,2018,4
gmane.comp.web.oscommerce.installation,111,5550,en,100.0,100.0,2002,2003,1
gmane.linux.kernel.janitors,111,5550,en,98.2,98.2,2002,2018,2
gmane.linux.kernel.mmc,111,5550,en,98.2,98.2,2009,2019,3
gmane.linux.laptop.olpc.sugar,111,5550,en,97.3,97.3,2006,2018,4
gmane.linux.lfs.beyond.support,111,5550,en,98.2,98.2,2002,2018,3
gmane.org.user-groups.linux.portland,111,5550,en,99.1,99.1,2004,2018,2
gmane.org.wikimedia.qa.alerts,111,5550,UNKNOWN,100.0,0.0,2014,2019,1
gmane.comp.apache.cvs,110,5500,en,87.3,87.3,2002,2019,7
gmane.comp.cms.cold-fusion.general,110,5500,en,100.0,100.0,2004,2005,1
gmane.comp.gnu.octave.maintainers,110,5500,en,99.1,99.1,2005,2019,2
gmane.comp.java.hadoop.hbase.user,110,5500,en,95.5,95.5,2008,2019,6
gmane.comp.lang.scala.spark.user,110,5500,en,99.1,99.1,2013,2018,2
gmane.science.biology.informatics.conductor,110,5500,en,100.0,100.0,2004,2014,1
gmane.comp.file-systems.ceph.user,109,5450,en,98.2,98.2,2013,2019,3
gmane.comp.graphics.inkscape.devel,109,5450,en,98.2,98.2,2003,2018,3
gmane.comp.python.brasil,109,5450,pt,97.2,1.8,2003,2011,3
gmane.comp.search.nutch.devel,109,5450,en,51.4,51.4,2003,2019,7
gmane.network.opennms.general,109,5450,en,98.2,98.2,2002,2018,3
gmane.org.user-groups.slug.general,109,5450,en,99.1,99.1,2002,2014,2
gmane.os.netbsd.devel.kernel,109,5450,en,100.0,100.0,2002,2018,1
gmane.comp.documentfoundation.libreoffice.user,108,5400,en,98.1,98.1,2010,2018,3
gmane.comp.gcc.help,108,5400,en,100.0,100.0,2002,2019,1
gmane.comp.gis.geoserver.user,108,5400,en,98.1,98.1,2005,2019,2
gmane.comp.java.activemq.user,108,5400,en,99.1,99.1,2004,2018,2
gmane.comp.php.drupal.devel,108,5400,en,98.1,98.1,2003,2011,2
gmane.comp.apache.incubator.bigtop.devel,107,5350,en,83.2,83.2,2012,2019,4
gmane.comp.db.monetdb.scm,107,5350,en,93.5,93.5,2007,2019,4
gmane.comp.kde.devel.kdevelop,107,5350,en,99.1,99.1,2002,2019,2
gmane.comp.monitoring.zenoss.user,107,5350,en,98.1,98.1,2006,2013,3
gmane.comp.web.curl.library,107,5350,en,100.0,100.0,2003,2019,1
gmane.games.fps.halflife.server,107,5350,en,99.1,99.1,2004,2017,2
gmane.linux.altlinux.sisyphus.cybertalk,107,5350,en,78.5,78.5,2006,2019,9
gmane.linux.debian.devel.python.modules,107,5350,en,95.3,95.3,2007,2019,5
gmane.mail.postfix.user.german,107,5350,de,91.6,4.7,2005,2019,4
gmane.os.netbsd.devel.pkgsrc.wip.cvs,107,5350,en,100.0,100.0,2003,2015,1
gmane.comp.cms.nuxeo.bugs,106,5300,en,52.8,52.8,2006,2012,3
gmane.comp.hardware.trs80.model100,106,5300,en,89.6,89.6,1999,2019,4
gmane.comp.python.django.brasil,106,5300,pt,92.5,2.8,2008,2019,6
gmane.org.operators.frnog,106,5300,fr,99.1,0.0,2005,2019,2
gmane.org.user-groups.linux.italian.linuxtrent,106,5300,it,93.4,4.7,2005,2015,4
gmane.comp.audio.audacity.devel,105,5250,en,99.0,99.0,2002,2018,2
gmane.comp.bios.edk2.devel,105,5250,en,99.0,99.0,2015,2019,2
gmane.comp.cad.geda.user,105,5250,en,100.0,100.0,2005,2016,1
gmane.comp.db.postgresql.brasil.user,105,5250,pt,95.2,1.9,2006,2017,5
gmane.comp.jakarta.ant.user,105,5250,en,98.1,98.1,2002,2014,3
gmane.comp.java.geronimo.cvs,105,5250,en,81.0,81.0,2003,2019,9
gmane.comp.lang.j.programming,105,5250,en,94.3,94.3,2006,2019,7
gmane.comp.web.turbogears,105,5250,en,98.1,98.1,2005,2018,3
gmane.comp.web.wordpress.devel,105,5250,en,99.0,99.0,2004,2017,2
gmane.culture.people.rohit-khare,105,5250,en,97.1,97.1,2002,2013,3
gmane.linux.debian.devel.games.commits,105,5250,en,97.1,97.1,2007,2018,4
gmane.linux.ubuntu.user.spanish,105,5250,es,94.3,1.0,2004,2018,5
gmane.org.user-groups.linux.phoenix,105,5250,en,97.1,97.1,2005,2019,3
gmane.org.user-groups.linux.satlug,105,5250,en,99.0,99.0,2002,2015,2
gmane.user-groups.linux.london.gllug,105,5250,en,99.0,99.0,2003,2012,2
gmane.comp.apache.jackrabbit.devel,104,5200,en,81.7,81.7,2004,2018,4
gmane.comp.apache.webservices.tuscany.devel,104,5200,en,94.2,94.2,2006,2018,3
gmane.comp.emulators.spice.devel,104,5200,en,99.0,99.0,2010,2019,2
gmane.comp.freedesktop.xorg,104,5200,en,98.1,98.1,2005,2015,3
gmane.comp.java.jenkins.user,104,5200,en,97.1,97.1,2011,2019,4
gmane.games.advanced-squad-leader,104,5200,en,98.1,98.1,2002,2013,3
gmane.linux.debian.alioth.pkg-haskell-maintainers,104,5200,en,96.2,96.2,2013,2019,4
gmane.network.simulator.isi,104,5200,en,96.2,96.2,2002,2019,4
gmane.comp.misc.oopic,103,5150,en,100.0,100.0,2004,2017,1
gmane.culture.region.china.budaya-tionghua,103,5150,id,95.1,4.9,2005,2014,2
gmane.linux.vdr,103,5150,en,99.0,99.0,2003,2016,2
gmane.music.equipment.slimdevices.unix,103,5150,en,99.0,99.0,2005,2019,2
gmane.comp.handhelds.palm.datebk,102,5100,en,97.1,97.1,2003,2013,4
gmane.comp.java.jboss.devel,102,5100,en,84.3,84.3,2002,2006,4
gmane.comp.mozilla.devel.webtools,102,5100,en,97.1,97.1,2002,2017,4
gmane.comp.php.pear.devel,102,5100,en,100.0,100.0,2002,2014,1
gmane.comp.security.firewalls.netfilter.general,102,5100,en,96.1,96.1,2002,2017,3
gmane.ietf.i-d-announce,102,5100,en,100.0,100.0,2011,2019,1
gmane.comp.lang.javascript.qooxdoo.devel,101,5050,en,100.0,100.0,2005,2016,1
gmane.comp.python.chinese,101,5050,zh-cn,52.5,19.8,2004,2008,14
gmane.culture.region.new-york.nycindianslounge,101,5050,en,96.0,96.0,2005,2006,5
gmane.linux.region.israel,101,5050,en,98.0,98.0,2002,2018,3
gmane.os.solaris.opensolaris.zfs,101,5050,en,98.0,98.0,2006,2012,2
gmane.politics.activism.neurogreen,101,5050,it,94.1,2.0,2004,2019,4
gmane.comp.apache.incubator.ooo.commits,100,5000,en,97.0,97.0,2011,2019,3
gmane.comp.compilers.free-pascal.general,100,5000,en,99.0,99.0,2003,2019,2
gmane.comp.db.postgresql.bugs,100,5000,en,100.0,100.0,2002,2019,1
gmane.comp.db.u2.general,100,5000,en,100.0,100.0,2004,2013,1
gmane.comp.jakarta.log4j.devel,100,5000,en,89.0,89.0,2002,2017,6
gmane.comp.lib.itk.user,100,5000,en,99.0,99.0,2004,2017,2
gmane.comp.security.ids.snort.general,100,5000,en,97.0,97.0,2002,2019,4
gmane.comp.tex.macosx,100,5000,en,97.0,97.0,2004,2017,4
gmane.games.scrabble.uk,100,5000,en,93.0,93.0,2005,2019,4
gmane.linux.kernel.next,100,5000,en,100.0,100.0,2008,2019,1
gmane.linux.ports.arm.msm,100,5000,en,99.0,99.0,2011,2019,2
gmane.text.xml.svg.devel,100,5000,en,98.0,98.0,2002,2014,3
gmane.comp.lib.thrift.devel,99,4950,en,77.8,77.8,2010,2019,4
gmane.comp.sysutils.ansible,99,4950,en,98.0,98.0,2013,2019,3
gmane.culture.language.basque.itzul,99,4950,id,38.4,1.0,1999,2018,17
gmane.comp.emulators.qemu.block,98,4900,en,100.0,100.0,2015,2019,1
gmane.comp.gnome.mono.general,98,4900,en,99.0,99.0,2002,2017,2
gmane.comp.graphics.scribus,98,4900,en,95.9,95.9,2004,2018,3
gmane.comp.java.netbeans.devel,98,4900,en,95.9,95.9,2000,2014,4
gmane.comp.python.sqlalchemy.user,98,4900,en,99.0,99.0,2006,2019,2
gmane.comp.security.basics,98,4900,en,100.0,100.0,2002,2012,1
gmane.comp.web.css.discuss,98,4900,en,100.0,100.0,2002,2018,1
gmane.comp.web.spip.zone,98,4900,fr,98.0,1.0,2006,2019,3
gmane.linux.debian.devel.games.devel,98,4900,en,98.0,98.0,2007,2019,3
gmane.linux.pardus.user,98,4900,tr,94.9,0.0,2007,2012,6
gmane.network.opennms.cvs,98,4900,en,89.8,89.8,2003,2019,7
gmane.os.freebsd.devel.gnome,98,4900,en,91.8,91.8,2002,2019,2
gmane.recreation.cars.nissan.e15et,98,4900,en,100.0,100.0,1999,2006,1
gmane.comp.apache.felix.devel,97,4850,en,78.4,78.4,2007,2019,6
gmane.comp.emulators.ovirt.infra,97,4850,en,80.4,80.4,2012,2019,5
gmane.comp.handhelds.android.x86,97,4850,en,96.9,96.9,2010,2019,4
gmane.comp.lang.javascript.ecmascript4.general,97,4850,en,97.9,97.9,2007,2018,3
gmane.comp.web.phpgroupware.cvs,97,4850,en,87.6,87.6,2002,2010,9
gmane.linux.debian.devel.tetex,97,4850,en,100.0,100.0,2002,2019,1
gmane.linux.kernel.cross-arch,97,4850,en,99.0,99.0,2008,2019,2
gmane.mail.cgatepro.general,97,4850,en,100.0,100.0,2004,2016,1
gmane.os.netbsd.devel.packages,97,4850,en,97.9,97.9,2002,2019,3
gmane.comp.db.couchdb.devel,96,4800,en,91.7,91.7,2008,2019,3
gmane.comp.gnu.mingw.user,96,4800,en,99.0,99.0,2002,2016,2
gmane.comp.systems.archos.rockbox.general,96,4800,en,99.0,99.0,2001,2015,2
gmane.linux.debian.ports.powerpc,96,4800,en,99.0,99.0,2002,2019,2
gmane.comp.ai.weka,95,4750,en,100.0,100.0,2002,2018,1
gmane.comp.db.oracle.toad.free,95,4750,en,100.0,100.0,2002,2013,1
gmane.comp.emulators.xen.cvs,95,4750,en,95.8,95.8,2005,2019,4
gmane.comp.gis.gdal.devel,95,4750,en,98.9,98.9,2003,2019,2
gmane.comp.gnu.guix.devel,95,4750,en,97.9,97.9,2014,2019,3
gmane.comp.java.imagej,95,4750,en,97.9,97.9,2004,2019,2
gmane.comp.security.ipcop.user,95,4750,en,98.9,98.9,2003,2015,2
gmane.culture.talk.lincoln-and-beyond,95,4750,en,91.6,91.6,2004,2009,3
gmane.ietf.general,95,4750,en,100.0,100.0,2002,2011,1
gmane.linux.debian.alioth.science-maintainers,95,4750,en,96.8,96.8,2014,2019,4
gmane.linux.drivers.dvb,95,4750,en,98.9,98.9,2003,2011,2
gmane.linux.embedded.yocto.general,95,4750,en,98.9,98.9,2010,2019,2
gmane.mail.qmail.toaster,95,4750,en,94.7,94.7,2004,2019,5
gmane.os.freenas.scm,95,4750,en,98.9,98.9,2011,2017,2
gmane.comp.apache.incubator.drill.devel,94,4700,en,94.7,94.7,2012,2019,3
gmane.comp.hardware.texas-instruments.msp430.discuss,94,4700,en,100.0,100.0,2003,2013,1
gmane.comp.misc.koha,94,4700,en,97.9,97.9,2002,2019,3
gmane.comp.video.ffmpeg.trac,94,4700,en,96.8,96.8,2011,2019,3
gmane.editors.jedit.devel,94,4700,en,100.0,100.0,2002,2019,1
gmane.org.wikimedia.mediawiki,94,4700,en,94.7,94.7,2004,2017,5
gmane.comp.encryption.gpg.user,93,4650,en,98.9,98.9,2002,2019,2
gmane.comp.gis.geoserver.devel,93,4650,en,80.6,80.6,2008,2019,6
gmane.comp.kde.devel.kwrite,93,4650,en,90.3,90.3,2003,2019,5
gmane.comp.web.egroupware.cvs,93,4650,en,93.5,93.5,2003,2016,4
gmane.comp.web.oscommerce.general,93,4650,en,96.8,96.8,2002,2003,4
gmane.linux.busybox,93,4650,en,98.9,98.9,2003,2018,2
gmane.comp.lang.javascript.angularjs,92,4600,en,100.0,100.0,2013,2018,1
gmane.comp.video.blender.devel,92,4600,en,98.9,98.9,2002,2016,2
gmane.games.nomic.agora.discuss,92,4600,en,98.9,98.9,2006,2019,2
gmane.linux.debian.devel.www,92,4600,en,91.3,91.3,2002,2019,6
gmane.linux.hardware.dell.poweredge,92,4600,en,98.9,98.9,2002,2015,2
gmane.os.netbsd.general,92,4600,en,98.9,98.9,2002,2019,2
gmane.recreation.cars.saab.vintage,92,4600,en,98.9,98.9,2004,2019,2
gmane.user-groups.linux.ilug.general,92,4600,en,96.7,96.7,2003,2014,4
gmane.comp.db.postgresql.admin,91,4550,en,97.8,97.8,2002,2019,3
gmane.comp.gis.openstreetmap.tagging,91,4550,en,100.0,100.0,2009,2019,1
gmane.comp.hardware.vintage,91,4550,en,98.9,98.9,2015,2019,2
gmane.comp.jakarta.jmeter.user,91,4550,en,98.9,98.9,2002,2018,2
gmane.comp.lang.haxe.general,91,4550,en,97.8,97.8,2006,2011,3
gmane.comp.security.virus.clamav.user,91,4550,en,98.9,98.9,2003,2017,2
gmane.comp.web.blink.devel,91,4550,en,98.9,98.9,2013,2019,2
gmane.linux.hardware.thinkpad,91,4550,en,98.9,98.9,2002,2017,2
gmane.network.openldap.general,91,4550,en,96.7,96.7,2002,2009,4
gmane.network.tor.user,91,4550,en,96.7,96.7,2005,2019,4
gmane.os.apple.macports.user,91,4550,en,98.9,98.9,2006,2019,2
gmane.comp.db.postgresql.performance,90,4500,en,98.9,98.9,2003,2019,2
gmane.comp.gis.qgis.user,90,4500,en,98.9,98.9,2007,2019,2
gmane.comp.lang.dart.general,90,4500,en,100.0,100.0,2011,2019,1
gmane.comp.lang.r.devel,90,4500,en,100.0,100.0,2004,2019,1
gmane.comp.mathematics.sage.support,90,4500,en,100.0,100.0,2006,2019,1
gmane.games.fps.halflife.hlds,90,4500,en,97.8,97.8,2004,2017,3
gmane.linux.debian.devel.glibc,90,4500,en,98.9,98.9,2002,2019,2
gmane.linux.debian.devel.openoffice,90,4500,en,92.2,92.2,2002,2018,5
gmane.mail.mutt.user,90,4500,en,98.9,98.9,2002,2018,2
gmane.os.tinyos.users,90,4500,en,100.0,100.0,2005,2015,1
gmane.comp.cms.tiki.devel,89,4450,en,98.9,98.9,2003,2019,2
gmane.comp.gnu.lilypond.bugs,89,4450,en,95.5,95.5,2002,2019,4
gmane.comp.lang.gambas.user,89,4450,en,97.8,97.8,2008,2018,3
gmane.linux.arch.tur.user,89,4450,en,97.8,97.8,2005,2019,3
gmane.org.w3c.whatwg.discuss,89,4450,en,97.8,97.8,2004,2018,3
gmane.comp.lang.swift.evolution,88,4400,en,100.0,100.0,2015,2018,1
gmane.comp.lib.qt.ci-reports,88,4400,en,97.7,97.7,2012,2015,2
gmane.comp.misc.ontology.protege.owl,88,4400,en,100.0,100.0,2004,2016,1
gmane.comp.telephony.pbx.sipfoundry.general,88,4400,en,98.9,98.9,2005,2012,2
gmane.comp.gnome.apps.gnucash.devel,87,4350,en,98.9,98.9,2000,2019,2
gmane.comp.lib.glibc.cvs,87,4350,en,71.3,71.3,2002,2019,4
gmane.editors.websphere.iseries,87,4350,en,98.9,98.9,2003,2018,2
gmane.linux.distributions.lunar.cvs,87,4350,en,97.7,97.7,2005,2014,3
gmane.music.equipment.slimdevices.beta,87,4350,en,98.9,98.9,2005,2016,2
gmane.comp.apache.mahout.devel,86,4300,en,86.0,86.0,2008,2018,5
gmane.comp.embedded.openwrt.devel,86,4300,en,95.3,95.3,2007,2018,4
gmane.comp.gis.postgis,86,4300,en,98.8,98.8,2003,2018,2
gmane.comp.lang.c++.isocpp.proposals,86,4300,en,98.8,98.8,2012,2018,2
gmane.comp.lang.smalltalk.pharo.user,86,4300,en,100.0,100.0,2010,2019,1
gmane.comp.tex.live,86,4300,en,100.0,100.0,2002,2019,1
gmane.comp.web.zope.german,86,4300,de,97.7,1.2,2002,2012,3
gmane.linux.debian.devel.ruby.extras,86,4300,en,97.7,97.7,2009,2019,3
gmane.org.user-groups.programming.shell.brazil,86,4300,pt,90.7,4.7,2000,2018,6
gmane.politics.organizations.metareciclagem,86,4300,pt,87.2,5.8,2005,2018,5
gmane.comp.horde.user,85,4250,en,97.6,97.6,2002,2018,3
gmane.comp.java.maven-plugins.mojo.devel,85,4250,en,69.4,69.4,2006,2017,4
gmane.comp.lib.qt.general,85,4250,en,97.6,97.6,2008,2011,3
gmane.comp.otrs.user,85,4250,en,91.8,91.8,2003,2017,4
gmane.comp.sysutils.systemd.devel,85,4250,en,97.6,97.6,2010,2019,3
gmane.comp.web.selenium.user,85,4250,en,98.8,98.8,2005,2019,2
gmane.comp.windows.off-topic,85,4250,en,96.5,96.5,2003,2010,4
gmane.culture.religion.jewish.avodah,85,4250,en,100.0,100.0,2005,2019,1
gmane.linux.debian.devel.gnome.scm,85,4250,en,84.7,84.7,2007,2017,11
gmane.linux.redhat.sssd.devel,85,4250,en,97.6,97.6,2009,2019,3
gmane.lisp.scheme.plt,85,4250,en,100.0,100.0,2002,2017,1
gmane.music.equipment.slimdevices.beginners,85,4250,en,100.0,100.0,2005,2019,1
gmane.comp.emulators.m5.devel,84,4200,en,96.4,96.4,2008,2019,3
gmane.comp.file-systems.ceph.devel,84,4200,en,97.6,97.6,2010,2019,2
gmane.comp.gnome.mono.devel,84,4200,en,98.8,98.8,2003,2014,2
gmane.comp.java.drools.user,84,4200,en,98.8,98.8,2004,2014,2
gmane.comp.java.sonar.general,84,4200,en,98.8,98.8,2009,2015,2
gmane.comp.package-management.openpkg.cvs,84,4200,UNKNOWN,89.3,8.3,2001,2009,4
gmane.linux.highavailability.user,84,4200,en,97.6,97.6,2003,2013,3
gmane.linux.terminal-server.x2go.scm,84,4200,en,100.0,100.0,2011,2019,1
gmane.mail.virus.amavis.user,84,4200,en,96.4,96.4,2002,2018,3
gmane.os.apple.fink.general,84,4200,en,100.0,100.0,2002,2016,1
gmane.comp.cms.opencms.devel,83,4150,en,97.6,97.6,2002,2016,2
gmane.comp.gdb.cvs,83,4150,UNKNOWN,50.6,43.4,2002,2018,7
gmane.comp.php.documentation.general,83,4150,en,96.4,96.4,2002,2017,4
gmane.comp.python.leo.general,83,4150,en,98.8,98.8,2008,2019,2
gmane.comp.web.egroupware.german,83,4150,de,95.2,2.4,2004,2017,4
gmane.games.nigglybits,83,4150,en,98.8,98.8,2001,2009,2
gmane.linux.lfs.support,83,4150,en,98.8,98.8,2002,2019,2
gmane.linux.redhat.install,83,4150,en,100.0,100.0,2002,2008,1
gmane.linux.ubuntu.french,83,4150,fr,98.8,0.0,2004,2018,2
gmane.mail.spam.spamassassin.cvs,83,4150,en,92.8,92.8,2002,2018,5
gmane.music.equipment.reaktor,83,4150,en,59.0,59.0,2002,2016,3
gmane.org.user-groups.linux.alug,83,4150,en,100.0,100.0,2001,2011,1
gmane.os.solaris.solarisx86,83,4150,en,100.0,100.0,2004,2014,1
gmane.comp.apache.openoffice.scm,82,4100,en,90.2,90.2,2012,2019,5
gmane.comp.gnome.gaim.cvs,82,4100,en,96.3,96.3,2003,2016,4
gmane.comp.java.harmony.devel,82,4100,en,97.6,97.6,2005,2011,3
gmane.comp.java.jasig.cas.user,82,4100,en,100.0,100.0,2006,2019,1
gmane.comp.version-control.subversion.tortoisesvn.user,82,4100,en,96.3,96.3,2006,2017,4
gmane.comp.version-control.subversion.trac.general,82,4100,en,100.0,100.0,2004,2017,1
gmane.comp.video.video4linux,82,4100,en,96.3,96.3,2002,2010,3
gmane.editors.textmate.general,82,4100,en,98.8,98.8,2004,2018,2
gmane.linux.kernel.cryptoapi,82,4100,en,100.0,100.0,2006,2019,1
gmane.linux.ports.tegra,82,4100,en,98.8,98.8,2011,2019,2
gmane.org.wikimedia.mediawiki.codereview,82,4100,en,100.0,100.0,2011,2012,1
gmane.recreation.canals,82,4100,en,100.0,100.0,2006,2019,1
gmane.comp.internationalization.dansk,81,4050,da,71.6,16.0,2004,2019,7
gmane.comp.jakarta.poi.devel,81,4050,en,88.9,88.9,2002,2019,4
gmane.comp.lib.gnulib.bugs,81,4050,en,100.0,100.0,2003,2018,1
gmane.comp.misc.ptx,81,4050,en,97.5,97.5,2004,2018,3
gmane.comp.voip.opensips.user,81,4050,en,97.5,97.5,2008,2019,3
gmane.games.spielfrieks,81,4050,en,100.0,100.0,2003,2014,1
gmane.linux.kernel.iio,81,4050,en,95.1,95.1,2011,2019,3
gmane.linux.kernel.lsm,81,4050,en,100.0,100.0,2004,2019,1
gmane.linux.ubuntu.devel,81,4050,en,98.8,98.8,2004,2018,2
gmane.linux.ubuntu.user.british,81,4050,en,97.5,97.5,2006,2016,3
gmane.mail.imap.cyrus,81,4050,en,97.5,97.5,2002,2018,3
gmane.science.philosophy.region.europe,81,4050,en,92.6,92.6,2013,2019,6
gmane.comp.freedesktop.wayland.devel,80,4000,en,100.0,100.0,2011,2019,1
gmane.comp.gdb.devel,80,4000,en,98.8,98.8,2002,2018,2
gmane.comp.java.sun.rule-engines,80,4000,en,55.0,55.0,2003,2006,6
gmane.comp.lang.d.announce,80,4000,en,97.5,97.5,2008,2019,3
gmane.comp.lang.haskell.ghc.scm,80,4000,en,90.0,90.0,2013,2019,7
gmane.comp.mozilla.devel.os2,80,4000,en,97.5,97.5,2002,2016,3
gmane.comp.python.matplotlib.general,80,4000,en,98.8,98.8,2004,2017,2
gmane.linux.mageia.devel,80,4000,en,95.0,95.0,2010,2019,5
gmane.comp.audio.csound.user,79,3950,en,100.0,100.0,2005,2019,1
gmane.comp.gnome.mono.bugs,79,3950,en,87.3,87.3,2008,2013,3
gmane.comp.java.hudson.devel,79,3950,en,97.5,97.5,2010,2019,3
gmane.comp.java.openjdk.distro-packaging.devel,79,3950,en,82.3,82.3,2008,2019,4
gmane.comp.python.pywikipediabot.bugs,79,3950,tl,49.4,45.6,2009,2019,3
gmane.comp.video.mplayer.devel,79,3950,en,100.0,100.0,1999,2007,1
gmane.comp.web.haproxy,79,3950,en,89.9,89.9,2009,2019,4
gmane.comp.windows.power-pro,79,3950,en,98.7,98.7,2002,2019,2
gmane.linux.drivers.i2c,79,3950,en,98.7,98.7,2008,2019,2
gmane.mail.imap.courier.general,79,3950,en,100.0,100.0,2002,2017,1
gmane.mail.squirrelmail.user,79,3950,en,98.7,98.7,2002,2017,2
gmane.network.net-snmp.user,79,3950,en,98.7,98.7,2003,2017,2
gmane.network.wireshark.devel,79,3950,en,98.7,98.7,2006,2018,2
gmane.user-groups.linux.mumbai,79,3950,en,93.7,93.7,2003,2017,5
gmane.comp.apache.uima.devel,78,3900,en,70.5,70.5,2007,2019,3
gmane.comp.hardware.netbook.arm.sunxi,78,3900,en,100.0,100.0,2013,2019,1
gmane.comp.java.servicemix.scm,78,3900,en,92.3,92.3,2008,2019,5
gmane.comp.kde.freebsd,78,3900,en,82.1,82.1,2003,2019,7
gmane.comp.security.firewalls.kerio,78,3900,en,94.9,94.9,2002,2016,5
gmane.comp.version-control.mercurial.general,78,3900,en,100.0,100.0,2006,2017,1
gmane.culture.libraries.inetbib,78,3900,de,92.3,7.7,2004,2019,2
gmane.science.linguistics.wikipedia.polski,78,3900,pl,100.0,0.0,2003,2016,1
gmane.comp.db.firebird.russian,77,3850,ru,88.3,2.6,2006,2014,6
gmane.comp.encryption.openssl.devel,77,3850,en,100.0,100.0,2002,2017,1
gmane.linux.debian.devel.legal,77,3850,en,97.4,97.4,2002,2016,3
gmane.linux.drivers.hostap,77,3850,en,98.7,98.7,2002,2019,2
gmane.linux.kernel.gpio,77,3850,en,98.7,98.7,2013,2019,2
gmane.music.equipment.slimdevices.touch,77,3850,en,100.0,100.0,2009,2018,1
gmane.network.opendataplane,77,3850,en,93.5,93.5,2014,2018,3
gmane.os.apple.macports.devel,77,3850,en,98.7,98.7,2006,2019,2
gmane.comp.apache.cloudstack.devel,76,3800,en,93.4,93.4,2012,2014,2
gmane.comp.apache.mod-perl,76,3800,en,98.7,98.7,2002,2019,2
gmane.comp.archivers.amanda.user,76,3800,en,98.7,98.7,2002,2018,2
gmane.comp.audio.csound.devel,76,3800,en,98.7,98.7,2003,2017,2
gmane.comp.gnu.binutils.cvs,76,3800,UNKNOWN,56.6,34.2,2003,2019,8
gmane.comp.java.wicket.devel,76,3800,en,96.1,96.1,2004,2019,4
gmane.comp.parsers.antlr-interest,76,3800,en,100.0,100.0,2004,2012,1
gmane.comp.security.firewalls.m0n0wall,76,3800,en,100.0,100.0,2003,2010,1
gmane.comp.video.gimp.user,76,3800,en,97.4,97.4,2002,2018,3
gmane.games.flightgear.cvc,76,3800,en,92.1,92.1,2002,2010,6
gmane.linux.debian.backports.changes,76,3800,en,88.2,88.2,2008,2019,8
gmane.linux.kernel.virtualization,76,3800,en,97.4,97.4,2006,2019,3
gmane.linux.skolelinux.devel,76,3800,en,94.7,94.7,2003,2018,5
gmane.mail.spam.spamassassin.sightings,76,3800,en,71.1,71.1,2002,2003,6
gmane.os.apple.osx.german,76,3800,de,92.1,3.9,2003,2006,5
gmane.science.robotics.it.roboteck,76,3800,it,97.4,1.3,2006,2013,3
gmane.comp.apache.cxf.user,75,3750,en,98.7,98.7,2009,2018,2
gmane.comp.apache.openoffice.devel,75,3750,en,97.3,97.3,2012,2019,3
gmane.comp.ide.mseide.user,75,3750,en,96.0,96.0,2006,2019,4
gmane.comp.java.openjdk.hotspot.devel,75,3750,en,94.7,94.7,2007,2019,4
gmane.comp.lang.c.general,75,3750,en,98.7,98.7,2004,2017,2
gmane.comp.networking.rabbitmq.general,75,3750,en,100.0,100.0,2009,2014,1
gmane.comp.python.twisted.commits,75,3750,en,97.3,97.3,2004,2016,3
gmane.comp.security.shorewall,75,3750,en,98.7,98.7,2003,2018,2
gmane.comp.sysutils.backup.backuppc.general,75,3750,en,100.0,100.0,2004,2019,1
gmane.comp.web.zope.plone.devel,75,3750,en,100.0,100.0,2002,2015,1
gmane.network.mrtg.user,75,3750,en,98.7,98.7,1999,2016,2
gmane.network.openvpn.user,75,3750,en,98.7,98.7,2003,2016,2
gmane.text.xml.fop.devel,75,3750,en,89.3,89.3,2002,2018,6
gmane.comp.file-systems.openafs.general,74,3700,en,98.6,98.6,2002,2018,2
gmane.comp.jakarta.jetspeed.devel,74,3700,en,86.5,86.5,2002,2017,5
gmane.comp.mobile.kannel.user,74,3700,en,95.9,95.9,2001,2019,4
gmane.comp.python.scientific.user,74,3700,en,100.0,100.0,2002,2014,1
gmane.comp.web.wiki.xwiki.devel,74,3700,en,100.0,100.0,2008,2018,1
gmane.games.cfextended.cvs,74,3700,pt,59.5,25.7,2006,2019,5
gmane.linux.alsa.user,74,3700,en,100.0,100.0,2002,2017,1
gmane.linux.laptop.olpc.devel,74,3700,en,97.3,97.3,2006,2014,3
gmane.network.nsp.juniper,74,3700,en,94.6,94.6,2002,2019,4
gmane.org.region.holland.vaart,74,3700,nl,100.0,0.0,2007,2014,1
gmane.org.user-groups.linux.brazil.slackware,74,3700,pt,93.2,4.1,2004,2016,3
gmane.os.freebsd.devel.documentation,74,3700,en,85.1,85.1,2002,2018,6
gmane.text.xml.fop.user,74,3700,en,98.6,98.6,2002,2016,2
gmane.comp.clustering.beowulf.general,73,3650,en,100.0,100.0,2006,2018,1
gmane.comp.lang.javascript.yui,73,3650,en,98.6,98.6,2007,2010,2
gmane.comp.lib.qt.devel,73,3650,en,100.0,100.0,2011,2018,1
gmane.comp.web.zope.silva.cvs,73,3650,en,97.3,97.3,2003,2013,3
gmane.emacs.xemacs.beta,73,3650,en,100.0,100.0,2002,2015,1
gmane.linux.terminal-server.general,73,3650,en,98.6,98.6,2003,2018,2
gmane.recreation.bicycle.wattage,73,3650,en,97.3,97.3,2005,2008,3
gmane.comp.freedesktop.xorg.cvs,72,3600,en,93.1,93.1,2004,2018,3
gmane.comp.gnome.internationalization.general,72,3600,en,97.2,97.2,2002,2019,3
gmane.comp.gnome.lib.gtk+.devel.apps,72,3600,en,98.6,98.6,2002,2018,2
gmane.comp.programming.algogeeks,72,3600,en,93.1,93.1,2009,2015,6
gmane.comp.sysutils.tivoli.general,72,3600,en,97.2,97.2,2003,2013,2
gmane.comp.telephony.fax.hylafax.user,72,3600,en,100.0,100.0,2003,2016,1
gmane.network.jabber.standards-jig,72,3600,en,100.0,100.0,2002,2019,1
gmane.org.user-groups.linux.new-zealand.general,72,3600,en,98.6,98.6,2003,2011,2
gmane.org.user-groups.linux.provo.plug,72,3600,en,98.6,98.6,2005,2017,2
gmane.os.freebsd.devel.cvs.doc,72,3600,en,93.1,93.1,2003,2018,5
gmane.os.illumos.devel,72,3600,en,100.0,100.0,2010,2019,1
gmane.sports.speedskating,72,3600,en,86.1,86.1,2003,2016,6
gmane.comp.debugging.valgrind.devel,71,3550,en,91.5,91.5,2007,2018,6
gmane.comp.gnome.mono.cvs,71,3550,en,91.5,91.5,2002,2005,5
gmane.comp.jakarta.ant.scm,71,3550,en,84.5,84.5,2007,2019,3
gmane.comp.java.mule.user,71,3550,en,95.8,95.8,2005,2012,2
gmane.culture.sf.killerbs,71,3550,en,97.2,97.2,2004,2014,3
gmane.linux.gentoo.user.german,71,3550,de,94.4,2.8,2003,2016,4
gmane.linux.lfs.beyond.devel,71,3550,en,98.6,98.6,2002,2019,2
gmane.music.equipment.slimdevices.slimserver.german,71,3550,de,98.6,1.4,2005,2018,2
gmane.os.solaris.managers,71,3550,en,100.0,100.0,2002,2014,1
gmane.comp.java.openjdk.hotspot.compiler.devel,70,3500,en,91.4,91.4,2007,2019,6
gmane.comp.java.openjdk.hotspot.runtime.devel,70,3500,en,98.6,98.6,2009,2019,2
gmane.comp.kde.devel.core.bugs,70,3500,en,78.6,78.6,2007,2019,2
gmane.comp.lib.fltk.general,70,3500,en,98.6,98.6,2004,2018,2
gmane.comp.web.flash.red5,70,3500,en,100.0,100.0,2006,2010,1
gmane.culture.religion.advaita,70,3500,en,97.1,97.1,2007,2019,3
gmane.ietf.ipv6,70,3500,en,100.0,100.0,2002,2017,1
gmane.linux.drivers.sensors,70,3500,en,98.6,98.6,2005,2016,2
gmane.linux.kernel.clk,70,3500,en,97.1,97.1,2015,2019,3
gmane.linux.kernel.device-mapper.devel,70,3500,en,98.6,98.6,2005,2019,2
gmane.linux.redhat.fedora.extras.general,70,3500,en,100.0,100.0,2005,2007,1
gmane.org.user-groups.linux.bxlug.user,70,3500,fr,92.9,4.3,2004,2018,4
gmane.comp.file-systems.gluster.user,69,3450,en,97.1,97.1,2009,2019,3
gmane.comp.handhelds.linux.familiar,69,3450,en,98.6,98.6,2001,2009,2
gmane.comp.horde.imp,69,3450,en,98.6,98.6,2002,2017,2
gmane.comp.java.htmlunit.devel,69,3450,en,95.7,95.7,2004,2017,3
gmane.comp.lang.scala,69,3450,en,98.6,98.6,2004,2015,2
gmane.comp.lib.qt.user,69,3450,en,95.7,95.7,2012,2019,3
gmane.comp.misc.misterhouse.user,69,3450,en,100.0,100.0,2002,2018,1
gmane.comp.php.zend.framework.general,69,3450,en,98.6,98.6,2006,2013,2
gmane.comp.programming.test-driven-development,69,3450,en,100.0,100.0,2002,2010,1
gmane.comp.python.enthought.devel,69,3450,en,100.0,100.0,2004,2013,1
gmane.comp.python.pyqt-pykde,69,3450,en,100.0,100.0,2004,2019,1
gmane.comp.web.egroupware.user,69,3450,en,97.1,97.1,2005,2017,3
gmane.linux.debian.devel.lint.devel,69,3450,en,95.7,95.7,2008,2019,4
gmane.linux.kernel.api,69,3450,en,100.0,100.0,2008,2019,1
gmane.linux.pld.devel.polish,69,3450,pl,89.9,7.2,2005,2015,4
gmane.linux.pld.user.polish,69,3450,pl,94.2,2.9,2005,2018,4
gmane.comp.apache.camel.user,68,3400,en,100.0,100.0,2012,2019,1
gmane.comp.db.postgresql.sql,68,3400,en,98.5,98.5,2002,2018,2
gmane.comp.distributed.condor.user,68,3400,en,100.0,100.0,2003,2017,1
gmane.comp.hardware.rabbit-semiconductor,68,3400,en,97.1,97.1,2002,2013,2
gmane.comp.kde.kmymoney2.devel,68,3400,en,100.0,100.0,2004,2019,1
gmane.comp.python.sympy,68,3400,en,100.0,100.0,2008,2018,1
gmane.comp.science.paraview.user,68,3400,en,100.0,100.0,2008,2018,1
gmane.comp.search.elasticsearch.user,68,3400,en,98.5,98.5,2013,2015,2
gmane.comp.video.mplayer.user,68,3400,en,100.0,100.0,2002,2004,1
gmane.linux.debian.devel.education,68,3400,en,97.1,97.1,2004,2019,3
gmane.linux.kernel.containers,68,3400,en,98.5,98.5,2007,2018,2
gmane.org.user-groups.clug,68,3400,en,95.6,95.6,2002,2017,3
gmane.os.qubes.user,68,3400,en,100.0,100.0,2012,2019,1
gmane.comp.apache.directory.mina.devel,67,3350,en,76.1,76.1,2006,2019,7
gmane.comp.boot-loaders.barebox,67,3350,en,97.0,97.0,2012,2019,3
gmane.comp.freedesktop.amd-gfx,67,3350,en,97.0,97.0,2016,2019,3
gmane.comp.gis.gvsig.user.es,67,3350,es,97.0,0.0,2004,2018,2
gmane.comp.web.zope.devel,67,3350,en,98.5,98.5,2002,2016,2
gmane.linux.debian.user.polish,67,3350,pl,97.0,1.5,2002,2012,3
gmane.linux.file-systems.zfs.user,67,3350,en,98.5,98.5,2011,2019,2
gmane.os.cygwin.applications,67,3350,en,95.5,95.5,2002,2019,4
gmane.os.midnightbsd.cvs,67,3350,en,59.7,59.7,2008,2018,6
gmane.comp.gnome.gtkmm,66,3300,en,97.0,97.0,2002,2017,3
gmane.comp.java.servicemix.devel,66,3300,en,69.7,69.7,2006,2017,6
gmane.comp.java.servicemix.user,66,3300,en,98.5,98.5,2005,2014,2
gmane.comp.systems.archos.rockbox.cvs,66,3300,en,87.9,87.9,2002,2013,8
gmane.comp.sysutils.tivoli.tme10,66,3300,en,98.5,98.5,2004,2013,2
gmane.comp.web.wiki.xwiki.user,66,3300,en,95.5,95.5,2007,2017,4
gmane.comp.xfce.user,66,3300,en,98.5,98.5,2003,2017,2
gmane.games.devel.go,66,3300,en,98.5,98.5,2002,2016,2
gmane.ietf.v6ops,66,3300,en,100.0,100.0,2002,2016,1
gmane.linux.debian.user.kde,66,3300,en,95.5,95.5,2002,2018,3
gmane.linux.kernel.spi.devel,66,3300,en,93.9,93.9,2007,2019,3
gmane.recreation.radio.hcdx,66,3300,en,92.4,92.4,2007,2019,3
gmane.comp.apache.tika.devel,65,3250,en,86.2,86.2,2007,2018,4
gmane.comp.calendars.pimlical,65,3250,en,100.0,100.0,2009,2019,1
gmane.comp.db.oracle.general,65,3250,en,98.5,98.5,2010,2014,2
gmane.comp.db.postgresql.pgadmin.devel,65,3250,en,89.2,89.2,2004,2019,6
gmane.comp.encryption.general,65,3250,en,100.0,100.0,2002,2018,1
gmane.comp.gcc.libstdc++.devel,65,3250,en,98.5,98.5,2002,2019,2
gmane.comp.horde.scm,65,3250,en,93.8,93.8,2008,2017,3
gmane.comp.java.ofbiz.scm,65,3250,en,96.9,96.9,2008,2019,2
gmane.comp.lang.elm.general,65,3250,en,98.5,98.5,2013,2017,2
gmane.comp.python.twisted,65,3250,en,95.4,95.4,2002,2018,3
gmane.culture.cars.volkswagen.diesel,65,3250,en,100.0,100.0,2003,2016,1
gmane.linux.debian.packages.voip.devel,65,3250,en,87.7,87.7,2005,2019,5
gmane.music.jorgan.user,65,3250,en,100.0,100.0,2009,2018,1
gmane.recreation.pescasub.italian,65,3250,it,98.5,0.0,2005,2008,2
gmane.comp.db.dspace.user,64,3200,en,98.4,98.4,2007,2015,2
gmane.comp.handhelds.android.platform,64,3200,en,100.0,100.0,2008,2018,1
gmane.comp.java.jdbforms.interest,64,3200,en,31.2,31.2,2005,2016,9
gmane.comp.java.webwork.devel,64,3200,zh-cn,65.6,25.0,2002,2017,5
gmane.comp.kde.devel.konsole,64,3200,en,90.6,90.6,2003,2019,2
gmane.comp.lang.haskell.libraries,64,3200,en,100.0,100.0,2002,2018,1
gmane.comp.literature.sword.devel,64,3200,en,100.0,100.0,2002,2018,1
gmane.comp.python.weewx.user,64,3200,en,96.9,96.9,2015,2019,3
gmane.comp.security.selinux,64,3200,en,98.4,98.4,2007,2018,2
gmane.comp.telephony.pbx.asterisk.biz,64,3200,en,95.3,95.3,2005,2014,4
gmane.culture.studies.history.costume,64,3200,en,98.4,98.4,2005,2019,2
gmane.education.ezproxy,64,3200,en,100.0,100.0,2003,2019,1
gmane.games.railroad-18xx,64,3200,en,98.4,98.4,2005,2018,2
gmane.linux.debian.apt.devel,64,3200,en,85.9,85.9,2001,2018,7
gmane.linux.kernel.iommu,64,3200,en,100.0,100.0,2012,2019,1
gmane.linux.pve.devel,64,3200,en,96.9,96.9,2012,2019,3
gmane.mail.the-bat.user,64,3200,en,100.0,100.0,2004,2017,1
gmane.network.zeromq.devel,64,3200,en,98.4,98.4,2010,2019,2
gmane.org.user-groups.linux.italian.bglug,64,3200,it,90.6,7.8,2002,2017,3
gmane.org.user-groups.linux.philippine,64,3200,en,98.4,98.4,2003,2016,2
gmane.science.linguistics.wikipedia.misc,64,3200,en,93.8,93.8,2001,2008,4
gmane.science.philosophy.fallible-ideas,64,3200,en,100.0,100.0,2013,2019,1
gmane.comp.freedesktop.xorg.drivers.ati,63,3150,en,88.9,88.9,2007,2018,5
gmane.comp.genealogy.gramps.devel,63,3150,en,98.4,98.4,2005,2018,2
gmane.comp.genealogy.gramps.user,63,3150,en,100.0,100.0,2004,2019,1
gmane.comp.gis.openstreetmap.devel,63,3150,en,100.0,100.0,2006,2019,1
gmane.comp.gnu.binutils.bugs,63,3150,en,79.4,79.4,2004,2019,5
gmane.comp.lang.haskell.cvs.all,63,3150,en,95.2,95.2,2002,2007,4
gmane.comp.printing.cups.general,63,3150,en,100.0,100.0,2003,2018,1
gmane.comp.web.squid.devel,63,3150,en,77.8,77.8,2003,2017,7
gmane.linux.audio.devel,63,3150,en,100.0,100.0,2003,2016,1
gmane.linux.serial,63,3150,en,96.8,96.8,2005,2019,3
gmane.network.freenet.devel,63,3150,en,98.4,98.4,2003,2018,2
gmane.network.rsync.general,63,3150,en,95.2,95.2,2002,2017,4
gmane.os.netbsd.devel.www.cvs,63,3150,en,100.0,100.0,2002,2019,1
gmane.politics.activism.zpajol,63,3150,fr,93.7,3.2,1998,2013,3
gmane.recreation.photography.paw,63,3150,en,92.1,92.1,2004,2017,5
gmane.comp.cms.xaraya.bugs,62,3100,en,87.1,87.1,2003,2009,3
gmane.comp.db.neo4j.user,62,3100,en,100.0,100.0,2012,2018,1
gmane.comp.freedesktop.xorg.nouveau,62,3100,en,96.8,96.8,2007,2019,2
gmane.comp.gnu.core-utils.bugs,62,3100,en,100.0,100.0,2004,2017,1
gmane.comp.hardware.toshiba.pocket-pc,62,3100,en,56.5,56.5,2004,2017,4
gmane.comp.lang.harbour.devel,62,3100,en,100.0,100.0,2007,2010,1
gmane.comp.version-control.fossil-scm.user,62,3100,en,100.0,100.0,2009,2018,1
gmane.education.german.schul-netz,62,3100,de,100.0,0.0,2002,2015,1
gmane.linux.ubuntu.user.russian,62,3100,ru,93.5,1.6,2005,2014,5
gmane.music.equipment.slimdevices.devel,62,3100,en,98.4,98.4,2003,2019,2
gmane.org.freifunk.berlin,62,3100,de,98.4,1.6,2006,2018,2
gmane.org.wikimedia.betacluster-alerts,62,3100,en,83.9,83.9,2015,2019,3
gmane.comp.audio.jackit,61,3050,en,100.0,100.0,2002,2019,1
gmane.comp.debugging.openocd.devel,61,3050,en,96.7,96.7,2008,2018,3
gmane.comp.java.openjdk.serviceability.devel,61,3050,en,93.4,93.4,2008,2019,5
gmane.comp.kde.digikam.user,61,3050,en,100.0,100.0,2004,2019,1
gmane.comp.lang.smalltalk.squeak.seaside,61,3050,en,100.0,100.0,2004,2018,1
gmane.comp.printing.ghostscript.regression,61,3050,en,100.0,100.0,2002,2017,1
gmane.comp.version-control.repo,61,3050,en,98.4,98.4,2012,2019,2
gmane.linux.kernel.renesas-soc,61,3050,en,100.0,100.0,2016,2019,1
gmane.network.vnc.user,61,3050,en,95.1,95.1,2002,2009,4
gmane.org.w3c.appformats,61,3050,en,96.7,96.7,2006,2014,3
gmane.os.macosx.nutters.general,61,3050,en,95.1,95.1,2004,2009,2
gmane.comp.audio.pulseaudio.general,60,3000,en,98.3,98.3,2007,2019,2
gmane.comp.gis.openlayers.user,60,3000,en,96.7,96.7,2008,2016,3
gmane.comp.graphics.scanning.sane.devel,60,3000,en,100.0,100.0,2003,2019,1
gmane.comp.handhelds.maemo.devel,60,3000,en,96.7,96.7,2005,2012,3
gmane.comp.ide.eclipse.platform.release-engineering.devel,60,3000,en,98.3,98.3,2005,2019,2
gmane.comp.kde.devel.okular,60,3000,en,83.3,83.3,2008,2019,3
gmane.comp.kde.general,60,3000,en,96.7,96.7,2002,2017,3
gmane.comp.lang.smalltalk.squeak.vm.devel,60,3000,en,98.3,98.3,2009,2018,2
gmane.comp.lib.cairo,60,3000,en,98.3,98.3,2003,2016,2
gmane.comp.linux.drbd,60,3000,en,98.3,98.3,2001,2018,2
gmane.comp.openoffice.questions,60,3000,en,96.7,96.7,2005,2011,2
gmane.comp.php.drupal.support,60,3000,en,96.7,96.7,2004,2014,3
gmane.comp.programming.akka,60,3000,en,98.3,98.3,2012,2018,2
gmane.comp.radio.linuxham,60,3000,en,100.0,100.0,2010,2019,1
gmane.comp.sysutils.salt.user,60,3000,en,100.0,100.0,2012,2018,1
gmane.comp.web.catalyst.general,60,3000,en,93.3,93.3,2005,2015,3
gmane.linux.distributions.trisquel.user.spanish,60,3000,es,91.7,5.0,2009,2019,4
gmane.linux.frugalware.cvs,60,3000,en,73.3,73.3,2005,2007,12
gmane.linux.lfs.book,60,3000,en,76.7,76.7,2002,2018,5
gmane.linux.ports.ia64,60,3000,en,98.3,98.3,2002,2019,2
gmane.linux.real-time.rtai,60,3000,en,98.3,98.3,2002,2016,2
gmane.linux.redhat.fedora.fonts.bugs,60,3000,en,93.3,93.3,2008,2018,2
gmane.org.operators.ausnog,60,3000,en,96.7,96.7,2012,2019,3
gmane.org.region.new-mexico.santa-fe.friam,60,3000,en,96.7,96.7,2003,2019,2
gmane.os.ecos.general,60,3000,en,100.0,100.0,2002,2012,1
gmane.science.linguistics.corpora,60,3000,en,98.3,98.3,2004,2019,2
gmane.comp.clustering.open-mpi.user,59,2950,en,98.3,98.3,2007,2019,2
gmane.comp.db.orientdb.user,59,2950,en,98.3,98.3,2012,2018,2
gmane.comp.gis.openstreetmap.mkgmap.devel,59,2950,en,94.9,94.9,2009,2018,2
gmane.comp.handhelds.android.general,59,2950,en,98.3,98.3,2008,2017,2
gmane.comp.ide.eclipse.cdt.devel,59,2950,en,96.6,96.6,2005,2019,3
gmane.comp.jakarta.commons.user,59,2950,en,98.3,98.3,2002,2017,2
gmane.comp.java.openjdk.build.devel,59,2950,en,89.8,89.8,2007,2019,4
gmane.comp.lib.boost.build,59,2950,en,100.0,100.0,2002,2019,1
gmane.comp.lib.glibc.bugs,59,2950,en,61.0,61.0,2002,2019,9
gmane.comp.lib.ivtools.general,59,2950,pt,61.0,28.8,2004,2018,5
gmane.comp.security.nmap.devel,59,2950,en,100.0,100.0,2004,2017,1
gmane.comp.systems.sam-coupe,59,2950,en,98.3,98.3,1994,2013,2
gmane.comp.video.gimp.devel,59,2950,en,100.0,100.0,2002,2018,1
gmane.comp.web.chromium.general,59,2950,en,96.6,96.6,2008,2016,2
gmane.comp.web.flash.papervision,59,2950,en,98.3,98.3,2007,2011,2
gmane.linux.debian.devel.ocaml,59,2950,en,91.5,91.5,2002,2018,5
gmane.linux.debian.ports.amd64,59,2950,en,98.3,98.3,2003,2015,2
gmane.linux.network.networkmanager.devel,59,2950,en,100.0,100.0,2005,2018,1
gmane.linux.real-time.xenomai.users,59,2950,en,96.6,96.6,2006,2019,3
gmane.linux.ubuntu.devel.changes.trusty,59,2950,en,81.4,81.4,2013,2019,5
gmane.network.jabber.devel,59,2950,en,100.0,100.0,1999,2019,1
gmane.os.apple.fink.tracker,59,2950,en,98.3,98.3,2004,2017,2
gmane.os.contiki.devel,59,2950,en,100.0,100.0,2006,2018,1
gmane.os.haiku.devel,59,2950,en,96.6,96.6,2008,2019,3
gmane.os.openbeos.general,59,2950,en,96.6,96.6,2001,2017,3
gmane.os.openbsd.bugs,59,2950,en,96.6,96.6,2002,2019,3
gmane.os.solaris.opensolaris.pkg.general,59,2950,en,96.6,96.6,2007,2012,3
gmane.comp.cms.documentum.user,58,2900,en,89.7,89.7,2004,2015,3
gmane.comp.db.couchdb.user,58,2900,en,98.3,98.3,2008,2017,2
gmane.comp.db.postgresql.novice,58,2900,en,100.0,100.0,2002,2019,1
gmane.comp.gnu.lilypond.auto,58,2900,en,98.3,98.3,2012,2019,2
gmane.comp.java.openejb.user,58,2900,en,93.1,93.1,2003,2019,5
gmane.comp.java.openlaszlo.devel,58,2900,en,100.0,100.0,2004,2012,1
gmane.comp.kde.devel.internationalization-and-documentation,58,2900,en,98.3,98.3,2003,2018,2
gmane.comp.python.distutils.devel,58,2900,en,98.3,98.3,2003,2019,2
gmane.linux.davinci,58,2900,en,98.3,98.3,2006,2015,2
gmane.linux.debian.devel.javascript,58,2900,en,100.0,100.0,2011,2019,1
gmane.os.miros.cvs,58,2900,en,93.1,93.1,2004,2018,3
gmane.science.robotics.ros.user,58,2900,en,100.0,100.0,2009,2019,1
gmane.text.xml.cocoon.cvs,58,2900,en,94.8,94.8,2002,2012,4
gmane.comp.groupware.sogo.user,57,2850,en,87.7,87.7,2010,2019,3
gmane.comp.hardware.usrp.e100,57,2850,en,98.2,98.2,2011,2019,2
gmane.comp.lang.perl.bio.general,57,2850,en,96.5,96.5,2003,2015,3
gmane.comp.mozilla.devel.seamonkey,57,2850,en,100.0,100.0,2003,2017,1
gmane.comp.sysutils.puppet.devel,57,2850,en,84.2,84.2,2006,2017,2
gmane.comp.version-control.arch.user,57,2850,en,98.2,98.2,2002,2007,2
gmane.comp.video.linuxtv.scm,57,2850,en,100.0,100.0,2008,2018,1
gmane.comp.voip.sipx.devel,57,2850,en,98.2,98.2,2005,2012,2
gmane.ietf.http-wg,57,2850,en,100.0,100.0,2007,2016,1
gmane.linux.redhat.anaconda.devel,57,2850,en,100.0,100.0,2002,2016,1
gmane.mail.notmuch.general,57,2850,en,100.0,100.0,2009,2019,1
gmane.politics.socialism.wsm.general,57,2850,en,100.0,100.0,2005,2017,1
gmane.user-groups.linux.dresden,57,2850,de,96.5,0.0,2003,2019,3
gmane.comp.apache.kafka.user,56,2800,en,96.4,96.4,2014,2019,3
gmane.comp.boot-loaders.grub.devel,56,2800,en,94.6,94.6,2005,2019,4
gmane.comp.hci.acm-sigchi.announce,56,2800,en,100.0,100.0,2004,2019,1
gmane.comp.java.mule.issues,56,2800,en,53.6,53.6,2006,2014,5
gmane.comp.php.pear.general,56,2800,en,98.2,98.2,2002,2014,2
gmane.comp.php.pecl.cvs,56,2800,en,66.1,66.1,2004,2018,7
gmane.comp.web.oscommerce.contributions,56,2800,en,100.0,100.0,2002,2003,1
gmane.ietf.x509,56,2800,en,91.1,91.1,1996,2012,3
gmane.linux.debian.internationalization.spanish,56,2800,es,73.2,14.3,2002,2018,5
gmane.linux.lfs.general,56,2800,en,100.0,100.0,2002,2017,1
gmane.linux.suse.opensuse.buildservice,56,2800,en,94.6,94.6,2006,2019,4
gmane.mail.mutt.devel,56,2800,en,89.3,89.3,2002,2018,5
gmane.os.apple.fink.auto-logs,56,2800,en,48.2,48.2,2014,2015,4
gmane.os.opendarwin.webkit.devel,56,2800,en,98.2,98.2,2007,2019,2
gmane.recreation.photography.equipment.rollei,56,2800,en,96.4,96.4,2005,2014,3
gmane.comp.gis.gfoss.italian,55,2750,it,92.7,3.6,2011,2019,4
gmane.comp.handhelds.meego.scm,55,2750,en,100.0,100.0,2010,2012,1
gmane.comp.kde.linux,55,2750,en,98.2,98.2,2002,2015,2
gmane.comp.lang.realbasic.forums,55,2750,en,100.0,100.0,2008,2013,1
gmane.comp.lang.ruby.rails.spanish,55,2750,es,96.4,1.8,2005,2010,3
gmane.comp.mozilla.devel.platform,55,2750,en,98.2,98.2,2012,2018,2
gmane.comp.mozilla.firefox.firebug,55,2750,en,98.2,98.2,2007,2016,2
gmane.comp.tex.xetex,55,2750,en,98.2,98.2,2005,2017,2
gmane.comp.version-control.subversion.issues,55,2750,en,89.1,89.1,2002,2017,4
gmane.comp.video.gstreamer.cvs,55,2750,de,49.1,45.5,2002,2008,5
gmane.culture.discuss.cia-drugs,55,2750,en,96.4,96.4,2005,2018,3
gmane.linux.hardware.karma.devel,55,2750,pt,45.5,29.1,2009,2017,6
gmane.music.equipment.slimdevices.cvs,55,2750,en,92.7,92.7,2004,2015,4
gmane.os.freebsd.devel.file-systems,55,2750,en,100.0,100.0,2002,2019,1
gmane.text.xml.forrest.devel,55,2750,en,96.4,96.4,2002,2012,2
gmane.user-groups.linux.delhi,55,2750,en,100.0,100.0,2003,2019,1
gmane.comp.gnome.gtk+.devel.general,54,2700,en,100.0,100.0,2002,2016,1
gmane.comp.kde.devel.kfm,54,2700,en,94.4,94.4,2002,2019,2
gmane.comp.kde.devel.panel,54,2700,en,100.0,100.0,2006,2010,1
gmane.comp.lang.r.geo,54,2700,en,96.3,96.3,2006,2019,3
gmane.comp.lib.uclibc.general,54,2700,en,100.0,100.0,2002,2014,1
gmane.comp.mathematics.abaqus.user,54,2700,en,100.0,100.0,2003,2017,1
gmane.comp.mozilla.localization,54,2700,en,96.3,96.3,2002,2017,3
gmane.comp.parsers.spirit.general,54,2700,en,98.1,98.1,2002,2016,2
gmane.comp.php.database,54,2700,en,98.1,98.1,2002,2013,2
gmane.comp.security.ids.snort.emerging-sigs,54,2700,en,96.3,96.3,2009,2017,3
gmane.comp.shells.bash.bugs,54,2700,en,87.0,87.0,2002,2019,4
gmane.comp.sysutils.rsyslog,54,2700,en,100.0,100.0,2007,2019,1
gmane.comp.version-control.perforce,54,2700,en,100.0,100.0,2004,2018,1
gmane.comp.web.css.spanish,54,2700,es,94.4,0.0,2005,2012,4
gmane.culture.region.indonesia.sunda,54,2700,id,92.6,5.6,2005,2014,3
gmane.ietf.sip-implementors,54,2700,en,100.0,100.0,2004,2018,1
gmane.linux.altlinux.community.smoke-room,54,2700,ru,96.3,1.9,2005,2016,3
gmane.linux.ports.sparc,54,2700,en,98.1,98.1,2002,2019,2
gmane.music.equipment.slimdevices.duet,54,2700,en,100.0,100.0,2008,2017,1
gmane.network.freenet.cvs,54,2700,en,90.7,90.7,2003,2009,5
gmane.network.nagios.checkmk,54,2700,en,100.0,100.0,2010,2018,1
gmane.network.net-snmp.devel,54,2700,en,100.0,100.0,2003,2014,1
gmane.network.vnc.realvnc.general,54,2700,en,100.0,100.0,2002,2014,1
gmane.org.user-groups.linux.kplug,54,2700,en,100.0,100.0,2005,2008,1
gmane.os.apple.fink.beginners,54,2700,en,100.0,100.0,2002,2014,1
gmane.comp.db.redis.general,53,2650,en,100.0,100.0,2010,2019,1
gmane.comp.editors.notepad++,53,2650,en,96.2,96.2,2007,2014,3
gmane.comp.gcc.libstdc++.cvs,53,2650,en,84.9,84.9,2002,2019,3
gmane.comp.gnu.gnash.scm,53,2650,en,77.4,77.4,2006,2017,3
gmane.comp.kde.devel.kroupware,53,2650,en,98.1,98.1,2002,2017,2
gmane.comp.lang.haskell.glasgow.user,53,2650,en,98.1,98.1,2001,2017,2
gmane.comp.lang.scala.internals,53,2650,en,98.1,98.1,2009,2016,2
gmane.comp.lang.swi-prolog.general,53,2650,en,96.2,96.2,2006,2018,2
gmane.comp.programming.tools.scons.user,53,2650,en,100.0,100.0,2003,2019,1
gmane.comp.python.general.italian,53,2650,it,94.3,1.9,2006,2018,4
gmane.comp.tex.german,53,2650,de,96.2,3.8,2002,2017,2
gmane.comp.web.chromium.extensions,53,2650,en,94.3,94.3,2009,2018,4
gmane.culture.talk.coworking,53,2650,en,100.0,100.0,2006,2019,1
gmane.games.rpg.traveller,53,2650,en,100.0,100.0,2004,2019,1
gmane.linux.block,53,2650,en,100.0,100.0,2016,2019,1
gmane.linux.devuan.devel,53,2650,en,98.1,98.1,2014,2019,2
gmane.music.equipment.midi-guitar,53,2650,en,100.0,100.0,2002,2019,1
gmane.network.jabber.admin,53,2650,en,100.0,100.0,2001,2008,1
gmane.org.w3c.semantic-web,53,2650,en,100.0,100.0,2005,2015,1
gmane.science.nmr.relax.scm,53,2650,en,96.2,96.2,2006,2016,3
gmane.sports.autoracing.f500,53,2650,en,100.0,100.0,1997,2007,1
gmane.text.unicode.devel,53,2650,en,100.0,100.0,2002,2007,1
gmane.comp.apache.incubator.atlas.devel,52,2600,en,63.5,63.5,2015,2019,5
gmane.comp.hardware.ibm.thinkpad,52,2600,en,100.0,100.0,2004,2013,1
gmane.comp.java.openejb.devel,52,2600,en,100.0,100.0,2003,2019,1
gmane.comp.java.openjdk.hotspot.gc.devel,52,2600,en,96.2,96.2,2008,2019,3
gmane.comp.lang.smalltalk.vwnc,52,2600,en,96.2,96.2,2004,2018,3
gmane.comp.misc.nslu2.linux,52,2600,en,98.1,98.1,2004,2011,2
gmane.comp.misc.suckless,52,2600,en,98.1,98.1,2009,2018,2
gmane.comp.web.spip.cvs,52,2600,fr,69.2,26.9,2004,2017,4
gmane.comp.web.webobjects.devel,52,2600,en,100.0,100.0,2002,2013,1
gmane.culture.india.sarai.reader,52,2600,en,100.0,100.0,2005,2018,1
gmane.linux.debian.alioth.pkg-go-maintainers,52,2600,en,100.0,100.0,2015,2019,1
gmane.linux.debian.devel.mozilla,52,2600,en,88.5,88.5,2007,2018,5
gmane.linux.sourcemage.grimoire-bugs,52,2600,en,73.1,73.1,2005,2011,3
gmane.mail.spam.spf.discuss,52,2600,en,100.0,100.0,2003,2011,1
gmane.network.thinstation.general,52,2600,en,100.0,100.0,2003,2018,1
gmane.org.user-groups.linux.calgary.general,52,2600,en,100.0,100.0,2003,2016,1
gmane.os.netbsd.devel.pkgsrc.user,52,2600,en,98.1,98.1,2006,2019,2
gmane.os.solaris.opencsw.devel,52,2600,en,98.1,98.1,2009,2016,2
gmane.politics.activism.brasil,52,2600,pt,88.5,1.9,2006,2016,5
gmane.politics.election-methods,52,2600,en,98.1,98.1,2002,2017,2
gmane.technology.electronics.signal-integrity,52,2600,en,98.1,98.1,2004,2015,2
gmane.user-groups.linux.badopi,52,2600,es,65.4,5.8,2003,2011,7
gmane.user-groups.linux.tclug,52,2600,en,92.3,92.3,2004,2016,5
gmane.comp.cms.farcry.devel,51,2550,en,96.1,96.1,2003,2014,3
gmane.comp.file-systems.reiserfs.general,51,2550,en,96.1,96.1,2002,2014,3
gmane.comp.jakarta.avalon.devel,51,2550,en,90.2,90.2,2002,2004,5
gmane.comp.jakarta.jetspeed.user,51,2550,en,94.1,94.1,2002,2010,4
gmane.comp.kde.devel.koffice,51,2550,en,98.0,98.0,2002,2010,2
gmane.comp.kde.users.pim,51,2550,en,98.0,98.0,2004,2018,2
gmane.comp.lang.ruby.devel,51,2550,ja,90.2,9.8,2005,2019,2
gmane.comp.lang.ruby.rails.core,51,2550,en,100.0,100.0,2006,2019,1
gmane.comp.mozilla.wishlist,51,2550,en,96.1,96.1,2002,2013,3
gmane.comp.programming.tools.cmake.scm,51,2550,en,100.0,100.0,2010,2019,1
gmane.comp.web.pylons.general,51,2550,en,94.1,94.1,2006,2017,4
gmane.comp.web.webmin.general,51,2550,en,100.0,100.0,2002,2018,1
gmane.comp.window-managers.enlightenment.user,51,2550,en,96.1,96.1,2003,2018,3
gmane.linux.debian.internationalization.german,51,2550,de,74.5,21.6,2004,2019,4
gmane.linux.distributions.nixos,51,2550,en,100.0,100.0,2008,2017,1
gmane.linux.systemtap,51,2550,en,90.2,90.2,2005,2017,4
gmane.linux.ubuntu.devel.changes.precise,51,2550,en,84.3,84.3,2011,2017,3
gmane.recreation.cars.sparrow,51,2550,en,98.0,98.0,2000,2019,2
gmane.technology.ham.ic7300,51,2550,en,96.1,96.1,2016,2019,3
gmane.comp.cms.magnolia.user,50,2500,en,96.0,96.0,2005,2016,3
gmane.comp.desktop.xfce.devel.version4,50,2500,en,100.0,100.0,2004,2017,1
gmane.comp.jakarta.log4j.user,50,2500,en,100.0,100.0,2002,2018,1
gmane.comp.lang.perl.perl6.internals,50,2500,en,98.0,98.0,2004,2008,2
gmane.comp.macosx.admin,50,2500,en,100.0,100.0,2002,2012,1
gmane.comp.multimedia.ogre.cvs,50,2500,en,98.0,98.0,2004,2018,2
gmane.comp.python.pygame,50,2500,en,100.0,100.0,2003,2018,1
gmane.comp.security.oss.general,50,2500,en,96.0,96.0,2008,2019,3
gmane.comp.version-control.darcs.user,50,2500,en,100.0,100.0,2003,2010,1
gmane.comp.web.zope.zope3.cvs,50,2500,en,96.0,96.0,2003,2007,3
gmane.editors.abiword.devel,50,2500,en,96.0,96.0,2002,2012,3
gmane.editors.lyx.cvs,50,2500,en,92.0,92.0,2006,2019,5
gmane.education.web4lib,50,2500,en,100.0,100.0,2004,2019,1
gmane.linux.general.linux-users,50,2500,en,98.0,98.0,2004,2013,2
gmane.linux.highavailability.pacemaker,50,2500,en,94.0,94.0,2008,2015,4
gmane.linux.ubuntu.devel.changes.xenial,50,2500,en,82.0,82.0,2015,2019,6
gmane.mail.spam.spambayes.general,50,2500,en,100.0,100.0,2002,2017,1
gmane.network.openssh.devel,50,2500,en,98.0,98.0,2002,2019,2
gmane.os.freebsd.questions.german,50,2500,de,92.0,6.0,2003,2017,3
gmane.politics.activism.permaculture,50,2500,en,98.0,98.0,2004,2017,2
gmane.comp.video.cinelerra-cv.general,50,2500,en,94.0,94.0,2006,2018,4
gmane.org.user-groups.linux.brazil.servux,50,2500,pt,96.0,0.0,2000,2011,3
gmane.comp.audio.emagic.logic.tdm,49,2450,en,100.0,100.0,1999,2007,1
gmane.comp.gnome.gtk+.general,49,2450,en,93.9,93.9,2002,2016,4
gmane.comp.handhelds.android.ndk,49,2450,en,95.9,95.9,2009,2017,3
gmane.comp.lib.libusb.devel.general,49,2450,en,100.0,100.0,2006,2017,1
gmane.comp.multimedia.helix.devel,49,2450,en,95.9,95.9,2003,2008,2
gmane.comp.python.general.castellano,49,2450,es,93.9,0.0,2001,2009,4
gmane.comp.web.eprints.devel,49,2450,en,93.9,93.9,2002,2018,4
gmane.comp.web.sigia,49,2450,en,100.0,100.0,2002,2015,1
gmane.linux.arklinux.arkwatch,49,2450,en,79.6,79.6,2003,2007,5
gmane.linux.asplinux.support,49,2450,ru,87.8,10.2,2001,2010,3
gmane.linux.debian.devel.kernel.cvs,49,2450,en,100.0,100.0,2006,2017,1
gmane.linux.debian.kde.extras,49,2450,en,91.8,91.8,2007,2019,5
gmane.linux.embedded.yocto.meta-freescale,49,2450,en,95.9,95.9,2012,2019,3
gmane.music.equipment.kurzweil,49,2450,en,100.0,100.0,2002,2019,1
gmane.org.arin.ppml,49,2450,en,100.0,100.0,2007,2019,1
gmane.org.user-groups.dotnet.altdotnet,49,2450,en,100.0,100.0,2008,2011,1
gmane.text.pandoc,49,2450,en,100.0,100.0,2010,2019,1
gmane.comp.apache.webservices.tuscany.scm,48,2400,en,91.7,91.7,2007,2012,5
gmane.comp.cms.jahia.cvs,48,2400,en,68.8,68.8,2004,2008,8
gmane.comp.gnome.apps.gnomemeeting,48,2400,en,95.8,95.8,2002,2014,3
gmane.comp.handhelds.android.beginners,48,2400,en,97.9,97.9,2008,2010,2
gmane.comp.java.hadoop.mapreduce.user,48,2400,en,95.8,95.8,2012,2018,3
gmane.comp.programming.domain-driven-design,48,2400,en,100.0,100.0,2005,2013,1
gmane.comp.security.firewalls.pfsense.support,48,2400,en,100.0,100.0,2005,2011,1
gmane.comp.systems.google-appengine.jre,48,2400,en,97.9,97.9,2009,2012,2
gmane.comp.web.curl.cvs,48,2400,en,100.0,100.0,2002,2019,1
gmane.comp.web.vtigercrm.repository,48,2400,en,93.8,93.8,2005,2008,2
gmane.comp.windows.dotnet.nhibernate.user.general,48,2400,en,100.0,100.0,2009,2017,1
gmane.emacs.pretest.bugs,48,2400,en,95.8,95.8,2003,2009,3
gmane.linux.debian.devel.pkg-utopia,48,2400,en,95.8,95.8,2008,2019,2
gmane.linux.debian.devel.project,48,2400,en,95.8,95.8,2002,2017,3
gmane.linux.debian.jp.user,48,2400,ja,93.8,6.2,2002,2019,2
gmane.linux.debian.packages.ocaml.scm,48,2400,en,97.9,97.9,2007,2018,2
gmane.linux.distributions.rock.submaster.cvs,48,2400,en,87.5,87.5,2004,2010,4
gmane.linux.ltp,48,2400,en,97.9,97.9,2005,2018,2
gmane.linux.redhat.fedora.rpmfusion.devel,48,2400,en,97.9,97.9,2008,2018,2
gmane.linux.ubuntu.user.german,48,2400,de,95.8,2.1,2004,2017,3
gmane.network.mq.devel,48,2400,en,100.0,100.0,2005,2018,1
gmane.org.clubs.cutweb.general,48,2400,en,100.0,100.0,2006,2017,1
gmane.org.user-groups.linux.hampshire,48,2400,en,97.9,97.9,2006,2018,2
gmane.os.freebsd.architechture,48,2400,en,93.8,93.8,2002,2018,4
gmane.comp.db.postgresql.devel.patches,47,2350,en,100.0,100.0,2002,2008,1
gmane.comp.db.postgresql.jdbc,47,2350,en,97.9,97.9,2002,2018,2
gmane.comp.debugging.lldb.scm,47,2350,en,97.9,97.9,2013,2019,2
gmane.comp.documentfoundation.libreoffice.discuss.german,47,2350,de,100.0,0.0,2010,2018,1
gmane.comp.finance.mifos.devel,47,2350,en,100.0,100.0,2006,2019,1
gmane.comp.handhelds.pocketpc.wireless.brazil,47,2350,pt,91.5,6.4,2005,2009,3
gmane.comp.java.appfuse.user,47,2350,en,100.0,100.0,2005,2011,1
gmane.comp.lang.groovy.devel,47,2350,en,89.4,89.4,2004,2011,5
gmane.comp.macosx.devel,47,2350,en,95.7,95.7,2002,2012,3
gmane.comp.programming.tools.cucumber,47,2350,en,100.0,100.0,2009,2019,1
gmane.comp.python.scientific.devel,47,2350,en,95.7,95.7,2002,2019,3
gmane.comp.systems.as400.web,47,2350,en,97.9,97.9,2002,2019,2
gmane.comp.video.piglit,47,2350,en,100.0,100.0,2012,2019,1
gmane.comp.windows.autoit.user,47,2350,en,97.9,97.9,2002,2007,2
gmane.ietf.mpls,47,2350,en,100.0,100.0,2002,2018,1
gmane.linux.arch.devel,47,2350,en,95.7,95.7,2008,2017,3
gmane.linux.debian.devel.fonts,47,2350,en,93.6,93.6,2007,2019,4
gmane.linux.kbuild.devel,47,2350,en,100.0,100.0,2002,2019,1
gmane.linux.ports.xbox.user,47,2350,en,72.3,72.3,2003,2012,5
gmane.org.fsf.europe.translators,47,2350,en,80.9,80.9,2004,2017,6
gmane.org.user-groups.linux.gnhlug,47,2350,en,97.9,97.9,2005,2016,2
gmane.org.user-groups.linux.gulcr,47,2350,es,91.5,4.3,1999,2007,4
gmane.os.apple.fink.devel,47,2350,en,100.0,100.0,2002,2015,1
gmane.os.freebsd.italian.aiuto,47,2350,it,93.6,4.3,2000,2012,3
gmane.science.linguistics.wikipedia.deutsch,47,2350,de,95.7,2.1,2003,2012,3
gmane.sports.diving.subsurface,47,2350,en,100.0,100.0,2013,2018,1
gmane.announce,46,2300,en,89.1,89.1,2002,2014,3
gmane.comp.apache.jackrabbit.user,46,2300,en,95.7,95.7,2006,2017,3
gmane.comp.apache.jena.devel,46,2300,en,84.8,84.8,2012,2019,3
gmane.comp.apache.nifi.scm,46,2300,en,73.9,73.9,2015,2018,5
gmane.comp.cad.kicad.user,46,2300,en,97.8,97.8,2006,2018,2
gmane.comp.documentfoundation.libreoffice.user.german,46,2300,de,100.0,0.0,2011,2019,1
gmane.comp.gcc.fortran,46,2300,en,97.8,97.8,2004,2007,2
gmane.comp.gdb.bugs.discuss,46,2300,en,80.4,80.4,2002,2018,4
gmane.comp.horde.devel,46,2300,en,100.0,100.0,2003,2019,1
gmane.comp.jakarta.poi.user,46,2300,en,100.0,100.0,2002,2017,1
gmane.comp.kde.usability,46,2300,en,97.8,97.8,2002,2017,2
gmane.comp.mathematics.axiom.devel,46,2300,en,95.7,95.7,2003,2016,3
gmane.comp.mozilla.enigmail.general,46,2300,en,95.7,95.7,2002,2018,3
gmane.comp.programming.swig.devel,46,2300,en,97.8,97.8,2000,2014,2
gmane.comp.security.virus.clamav.virusdb,46,2300,en,97.8,97.8,2004,2018,2
gmane.comp.sysutils.cfengine.general,46,2300,en,97.8,97.8,2003,2018,2
gmane.comp.version-control.cvs.general,46,2300,en,100.0,100.0,2002,2013,1
gmane.comp.version-control.subversion.tortoisesvn.devel,46,2300,en,100.0,100.0,2005,2016,1
gmane.culture.hobbies.guns.concealed,46,2300,en,97.8,97.8,2004,2016,2
gmane.games.ohrrpgce.devel,46,2300,en,100.0,100.0,2005,2019,1
gmane.ietf.dnsext,46,2300,en,100.0,100.0,2002,2013,1
gmane.linux.debian.user.laptop,46,2300,en,93.5,93.5,2002,2016,4
gmane.linux.kernel.kexec,46,2300,en,100.0,100.0,2007,2019,1
gmane.linux.network.routing,46,2300,en,100.0,100.0,2001,2007,1
gmane.linux.redhat.freeipa.devel,46,2300,en,95.7,95.7,2009,2014,3
gmane.lisp.steel-bank.cvs,46,2300,en,100.0,100.0,2002,2018,1
gmane.music.equipment.slimdevices.ripping,46,2300,en,100.0,100.0,2005,2015,1
gmane.os.freebsd.devel.x11,46,2300,en,87.0,87.0,2004,2019,4
gmane.os.openindiana.general,46,2300,en,100.0,100.0,2010,2019,1
gmane.comp.apache.apr.devel,45,2250,en,95.6,95.6,2002,2019,3
gmane.comp.audio.audacity.general,45,2250,en,100.0,100.0,2002,2019,1
gmane.comp.bios.tianocore.devel,45,2250,en,97.8,97.8,2010,2015,2
gmane.comp.emulators.kvm.arm.devel,45,2250,en,100.0,100.0,2015,2019,1
gmane.comp.emulators.m5.users,45,2250,en,97.8,97.8,2005,2019,2
gmane.comp.gcc.prs,45,2250,en,77.8,77.8,2002,2003,3
gmane.comp.gis.jump.devel,45,2250,en,97.8,97.8,2006,2019,2
gmane.comp.gnu.medical.devel,45,2250,en,100.0,100.0,2002,2013,1
gmane.comp.java.cruise-control.user,45,2250,en,95.6,95.6,2002,2009,2
gmane.comp.java.hadoop.hive.user,45,2250,en,97.8,97.8,2011,2019,2
gmane.comp.lib.libhugetlbfs.devel,45,2250,en,55.6,55.6,2006,2016,10
gmane.comp.web.zope.zope3,45,2250,en,100.0,100.0,2002,2007,1
gmane.ietf.sip,45,2250,en,100.0,100.0,2002,2009,1
gmane.linux.debian.devel.medical,45,2250,en,100.0,100.0,2002,2019,1
gmane.linux.devices.blueonyx.user,45,2250,en,95.6,95.6,2009,2019,2
gmane.linux.distributions.trisquel.user,45,2250,en,93.3,93.3,2010,2013,4
gmane.linux.kernel.speakup,45,2250,en,100.0,100.0,2005,2018,1
gmane.linux.ports.arm.rockchip,45,2250,en,93.3,93.3,2015,2019,4
gmane.linux.ports.mips.cvs,45,2250,en,97.8,97.8,2003,2017,2
gmane.linux.redhat.spacewalk.user,45,2250,en,100.0,100.0,2009,2019,1
gmane.mail.mailman.devel,45,2250,en,100.0,100.0,1998,2017,1
gmane.mail.vpopmail,45,2250,en,97.8,97.8,2002,2009,2
gmane.music.equipment.slimdevices.radio,45,2250,en,97.8,97.8,2009,2018,2
gmane.org.hackerspaces.skullspace.general,45,2250,en,95.6,95.6,2011,2017,3
gmane.os.solaris.sunhelp,45,2250,en,97.8,97.8,1999,2008,2
gmane.text.xml.xalan.devel,45,2250,en,91.1,91.1,2002,2019,3
gmane.comp.apache.flink.user,44,2200,en,97.7,97.7,2016,2019,2
gmane.comp.encryption.openssl.scm,44,2200,en,77.3,77.3,2015,2019,2
gmane.comp.erp.openbravo.scm,44,2200,en,97.7,97.7,2008,2018,2
gmane.comp.gis.udig.devel,44,2200,en,100.0,100.0,2005,2013,1
gmane.comp.gnome.announce.ftp,44,2200,en,86.4,86.4,2008,2019,4
gmane.comp.handhelds.android.porting,44,2200,en,100.0,100.0,2008,2014,1
gmane.comp.monitoring.hobbit,44,2200,en,100.0,100.0,2006,2019,1
gmane.comp.version-control.msysgit,44,2200,en,100.0,100.0,2008,2015,1
gmane.comp.video.mplayer.cvs,44,2200,en,97.7,97.7,2006,2016,2
gmane.comp.video.transcode.user,44,2200,en,100.0,100.0,2002,2010,1
gmane.comp.voip.opensips.devel,44,2200,en,97.7,97.7,2009,2018,2
gmane.comp.web.zope.opencore.scm,44,2200,en,97.7,97.7,2006,2009,2
gmane.linux.suse.kde,44,2200,en,97.7,97.7,2003,2017,2
gmane.lisp.clisp.devel,44,2200,en,97.7,97.7,2000,2017,2
gmane.network.lwip.general,44,2200,en,100.0,100.0,2004,2019,1
gmane.network.openldap.technical,44,2200,en,97.7,97.7,2010,2016,2
gmane.network.openswan.user,44,2200,en,97.7,97.7,2004,2015,2
gmane.org.user-groups.luni.tech,44,2200,en,100.0,100.0,2002,2009,1
gmane.os.cygwin.xfree,44,2200,en,90.9,90.9,2002,2015,4
gmane.os.netbsd.devel.userlevel,44,2200,en,100.0,100.0,2002,2018,1
gmane.os.openbsd.changes.daily,44,2200,en,97.7,97.7,2001,2017,2
gmane.politics.activism.carfree,44,2200,en,97.7,97.7,1999,2015,2
gmane.science.philosophy.peirce,44,2200,en,97.7,97.7,2006,2019,2
gmane.comp.video.image-magick.user,44,2200,en,97.7,97.7,2002,2010,2
gmane.comp.web.wiki.semediawiki.user,44,2200,en,100.0,100.0,2007,2018,1
gmane.comp.web.zope.cvs,44,2200,en,90.9,90.9,2002,2012,5
gmane.comp.apache.incubator.isis.devel,43,2150,en,76.7,76.7,2011,2019,2
gmane.comp.db.rrdtool.user,43,2150,en,100.0,100.0,1999,2016,1
gmane.comp.emulators.hercules390.os380,43,2150,en,100.0,100.0,2008,2019,1
gmane.comp.gis.gmt.user,43,2150,en,100.0,100.0,2002,2014,1
gmane.comp.jakarta.ojb.user,43,2150,en,97.7,97.7,2002,2006,2
gmane.comp.lang.ruby.rails.spinoffs,43,2150,en,100.0,100.0,2005,2008,1
gmane.comp.lang.smalltalk.sapphire.devel,43,2150,en,100.0,100.0,2008,2010,1
gmane.comp.lang.tcl.core,43,2150,en,97.7,97.7,2000,2019,2
gmane.comp.lang.uml.argouml.issues,43,2150,en,100.0,100.0,2005,2011,1
gmane.comp.programming.swig,43,2150,en,100.0,100.0,2002,2017,1
gmane.comp.tex.texhax,43,2150,en,95.3,95.3,2004,2016,3
gmane.comp.version-control.monotone.devel,43,2150,en,100.0,100.0,2003,2017,1
gmane.comp.voip.pjsip,43,2150,en,97.7,97.7,2007,2019,2
gmane.comp.web.egroupware.devel,43,2150,en,93.0,93.0,2005,2017,3
gmane.comp.web.vtigercrm.devel,43,2150,en,100.0,100.0,2006,2018,1
gmane.culture.literature.e-books.gutenberg.announce.posted,43,2150,en,93.0,93.0,2012,2019,4
gmane.games.devel.algorithms,43,2150,en,97.7,97.7,2002,2011,2
gmane.law.cryptography.uk,43,2150,en,95.3,95.3,2003,2016,3
gmane.linux.kernel.cgroups,43,2150,en,100.0,100.0,2011,2019,1
gmane.linux.lvm.devel,43,2150,en,90.7,90.7,2003,2019,4
gmane.linux.procps.devel,43,2150,UNKNOWN,93.0,4.7,2001,2004,3
gmane.linux.redhat.cluster,43,2150,en,100.0,100.0,2004,2014,1
gmane.linux.redhat.fedora.infrastructure,43,2150,en,100.0,100.0,2007,2019,1
gmane.lisp.scheme.chicken,43,2150,en,100.0,100.0,2005,2019,1
gmane.mail.spam.dspam.user,43,2150,en,100.0,100.0,2004,2016,1
gmane.network.wireless.portland.general,43,2150,en,100.0,100.0,2000,2007,1
gmane.org.user-groups.jaxlug,43,2150,en,100.0,100.0,2003,2012,1
gmane.org.user-groups.marklogic.xqzone.general,43,2150,en,97.7,97.7,2007,2017,2
gmane.os.solaris.opensolaris.help,43,2150,en,95.3,95.3,2005,2011,3
gmane.recreation.radio.topband,43,2150,en,100.0,100.0,2011,2018,1
gmane.science.biology.galaxy.devel,43,2150,en,100.0,100.0,2011,2016,1
gmane.comp.apache.mahout.user,42,2100,en,100.0,100.0,2008,2015,1
gmane.comp.apache.webservices.axis-c.devel,42,2100,en,95.2,95.2,2004,2012,2
gmane.comp.db.postgresql.advocacy,42,2100,en,95.2,95.2,2003,2018,3
gmane.comp.jakarta.jmeter.devel,42,2100,en,88.1,88.1,2002,2010,4
gmane.comp.php.zend.framework.scm,42,2100,UNKNOWN,100.0,0.0,2007,2010,1
gmane.comp.python.dabo.user,42,2100,en,100.0,100.0,2005,2013,1
gmane.comp.security.penetration,42,2100,en,100.0,100.0,2003,2016,1
gmane.comp.video.freevo.user,42,2100,en,100.0,100.0,2003,2009,1
gmane.linux.ntop.devel,42,2100,en,88.1,88.1,2002,2019,4
gmane.linux.redhat.fedora.epel.announce,42,2100,en,100.0,100.0,2015,2018,1
gmane.linux.rt.user,42,2100,en,100.0,100.0,2007,2018,1
gmane.linux.ubuntu.backports,42,2100,en,97.6,97.6,2005,2017,2
gmane.linux.ubuntu.doc,42,2100,en,95.2,95.2,2004,2015,2
gmane.lisp.guile.devel,42,2100,en,100.0,100.0,2002,2018,1
gmane.mail.procmail,42,2100,en,97.6,97.6,2002,2009,2
gmane.network.adsl.new-zealand,42,2100,en,97.6,97.6,1999,2005,2
gmane.org.user-groups.linux.quebec.aide,42,2100,fr,92.9,4.8,1999,2007,3
gmane.org.user-groups.palm.indonesia,42,2100,id,61.9,38.1,2002,2012,2
gmane.os.freebsd.devel.arm,42,2100,en,92.9,92.9,2003,2019,3
gmane.os.opendarwin.darwinports,42,2100,en,100.0,100.0,2003,2007,1
gmane.comp.file-systems.gluster.devel,42,2100,en,100.0,100.0,2009,2019,1
gmane.comp.kde.kolab.user,42,2100,en,97.6,97.6,2004,2018,2
gmane.comp.ai.prolog.swi,41,2050,en,100.0,100.0,2002,2014,1
gmane.comp.audio.musicbrainz.style,41,2050,en,97.6,97.6,2006,2014,2
gmane.comp.audio.musicbrainz.user,41,2050,en,100.0,100.0,2001,2012,1
gmane.comp.gis.openstreetmap.region.cz,41,2050,cs,75.6,0.0,2008,2019,5
gmane.comp.gis.openstreetmap.region.us,41,2050,en,100.0,100.0,2009,2019,1
gmane.comp.gnome.gaim.devel,41,2050,en,100.0,100.0,2003,2018,1
gmane.comp.jakarta.gump,41,2050,en,100.0,100.0,2003,2018,1
gmane.comp.java.jasig.uportal,41,2050,en,95.1,95.1,2005,2019,3
gmane.comp.java.jira.devel,41,2050,en,100.0,100.0,2008,2011,1
gmane.comp.lang.perl.perl-mongers.moscow,41,2050,ru,90.2,7.3,2008,2016,3
gmane.comp.lib.ode,41,2050,en,100.0,100.0,2002,2007,1
gmane.comp.mobile.funambol.user,41,2050,en,100.0,100.0,2005,2011,1
gmane.comp.mozilla.crypto,41,2050,en,100.0,100.0,2002,2017,1
gmane.comp.video.videolan.vlc.general,41,2050,en,92.7,92.7,2002,2012,3
gmane.comp.web.dojo.devel,41,2050,en,95.1,95.1,2005,2017,3
gmane.comp.web.zope.cmf,41,2050,en,100.0,100.0,2002,2016,1
gmane.culture.literature.e-books.gutenberg.volunteers,41,2050,en,100.0,100.0,2002,2012,1
gmane.culture.media.activism.estudiolivre,41,2050,pt,85.4,4.9,2006,2016,6
gmane.games.rubiks.speedsolving,41,2050,en,97.6,97.6,2005,2008,2
gmane.linux.arklinux.build-watch,41,2050,en,82.9,82.9,2004,2007,6
gmane.linux.debian.devel.xfce,41,2050,en,95.1,95.1,2007,2018,3
gmane.linux.mandrake.expert.french,41,2050,fr,97.6,2.4,2003,2010,2
gmane.linux.mondo.devel,41,2050,en,100.0,100.0,2003,2017,1
gmane.linux.ntop.general,41,2050,en,97.6,97.6,2001,2018,2
gmane.linux.ports.arm.mediatek,41,2050,en,97.6,97.6,2015,2019,2
gmane.linux.redhat.fedora.marketing,41,2050,en,100.0,100.0,2005,2018,1
gmane.linux.slackware.slackbuilds.user,41,2050,en,92.7,92.7,2008,2019,4
gmane.lisp.steel-bank.devel,41,2050,en,100.0,100.0,2003,2019,1
gmane.music.pancham,41,2050,en,92.7,92.7,2004,2014,3
gmane.org.freifunk.batman,41,2050,en,95.1,95.1,2007,2019,3
gmane.org.w3c.webapps,41,2050,en,95.1,95.1,2010,2016,3
gmane.os.freebsd.devel.multimedia,41,2050,en,92.7,92.7,2002,2018,2
gmane.os.reactos.kernel,41,2050,en,95.1,95.1,2004,2018,3
gmane.text.tei.general,41,2050,en,100.0,100.0,2003,2016,1
gmane.comp.handhelds.ipaq.general,41,2050,en,95.1,95.1,2000,2009,3
gmane.comp.java.junit.user,41,2050,en,100.0,100.0,2002,2015,1
gmane.comp.syslog-ng,41,2050,en,100.0,100.0,2004,2018,1
gmane.network.ethereal.devel,41,2050,en,100.0,100.0,2003,2006,1
gmane.comp.apache.karaf.user,40,2000,en,95.0,95.0,2011,2019,3
gmane.comp.documentfoundation.libreoffice.ux-advise,40,2000,en,92.5,92.5,2012,2019,2
gmane.comp.gcc.java.devel,40,2000,en,97.5,97.5,2002,2019,2
gmane.comp.jakarta.avalon.cvs,40,2000,en,95.0,95.0,2002,2004,3
gmane.comp.java.ibatisdb.user,40,2000,en,95.0,95.0,2005,2010,2
gmane.comp.java.sonar.devel,40,2000,en,97.5,97.5,2009,2015,2
gmane.comp.kde.devel.imaging,40,2000,en,65.0,65.0,2004,2017,5
gmane.comp.kde.events,40,2000,en,97.5,97.5,2003,2018,2
gmane.comp.php.symfony.symfony2,40,2000,en,100.0,100.0,2011,2015,1
gmane.comp.security.funsec,40,2000,en,92.5,92.5,2006,2014,3
gmane.comp.sysutils.backup.veritasbu,40,2000,en,100.0,100.0,2005,2008,1
gmane.comp.tex.brazilian,40,2000,pt,97.5,2.5,1999,2010,2
gmane.comp.video.libav.scm,40,2000,en,95.0,95.0,2011,2017,3
gmane.linux.debian.devel.policy,40,2000,en,97.5,97.5,2002,2018,2
gmane.linux.debian.internationalization.portuguese,40,2000,pt,65.0,22.5,2002,2017,5
gmane.linux.real-time.xenomai.devel,40,2000,en,95.0,95.0,2005,2018,3
gmane.linux.ubuntu.user.catalan,40,2000,ca,97.5,0.0,2007,2017,2
gmane.mail.sylpheed.general,40,2000,en,100.0,100.0,2002,2018,1
gmane.org.user-groups.linux.vlug,40,2000,en,97.5,97.5,2004,2016,2
gmane.org.w3c.tag,40,2000,en,95.0,95.0,2002,2016,2
gmane.science.microelectromechanical-systems,40,2000,en,100.0,100.0,2002,2013,1
gmane.text.xml.exist.cvs,40,2000,en,87.5,87.5,2005,2017,5
gmane.text.xml.saxon.help,40,2000,en,100.0,100.0,2004,2015,1
gmane.emacs.elpa.scm,40,2000,en,97.5,97.5,2014,2019,2
gmane.linux.altlinux.sysadmins,40,2000,ru,92.5,2.5,2006,2017,4
gmane.comp.encryption.gpg.devel,39,1950,en,100.0,100.0,1998,2018,1
gmane.comp.gis.osgeo.discuss,39,1950,en,97.4,97.4,2008,2019,2
gmane.comp.handhelds.ofono,39,1950,en,100.0,100.0,2009,2018,1
gmane.comp.jakarta.james.user,39,1950,en,97.4,97.4,2002,2013,2
gmane.comp.lang.haskell.general,39,1950,en,97.4,97.4,2001,2015,2
gmane.comp.lang.javascript.knockoutjs,39,1950,en,100.0,100.0,2011,2016,1
gmane.comp.lang.perl.perl6.compiler,39,1950,en,97.4,97.4,2005,2018,2
gmane.comp.misc.ontology.protege.general,39,1950,en,97.4,97.4,2002,2013,2
gmane.comp.mozilla.firefox.greasemonkey,39,1950,en,94.9,94.9,2005,2018,3
gmane.comp.php.syslog-ng.user,39,1950,pt,43.6,38.5,2007,2018,7
gmane.comp.python.scikit-learn,39,1950,en,97.4,97.4,2011,2018,2
gmane.comp.version-control.darcs.devel,39,1950,en,100.0,100.0,2004,2017,1
gmane.comp.web.wiki.dokuwiki.general,39,1950,en,100.0,100.0,2005,2018,1
gmane.editors.geany.github-comments,39,1950,en,97.4,97.4,2015,2019,2
gmane.games.flightgear.general,39,1950,en,97.4,97.4,2002,2012,2
gmane.linux.debian.devel.dpkg.general,39,1950,en,94.9,94.9,2002,2019,3
gmane.linux.debian.devel.live,39,1950,en,97.4,97.4,2006,2018,2
gmane.linux.debian.devel.security,39,1950,en,94.9,94.9,2002,2016,3
gmane.linux.debian.internationalization.general,39,1950,en,97.4,97.4,2002,2019,2
gmane.linux.distributions.emc.devel,39,1950,en,94.9,94.9,2007,2019,3
gmane.linux.lsb.test-suite.autobuild,39,1950,en,92.3,92.3,2006,2017,3
gmane.linux.redhat.fedora.artwork,39,1950,en,97.4,97.4,2006,2017,2
gmane.linux.redhat.fedora.directory.user,39,1950,en,97.4,97.4,2005,2018,2
gmane.linux.redhat.fedora.kde,39,1950,en,100.0,100.0,2008,2016,1
gmane.linux.suse.opensuse.project,39,1950,en,94.9,94.9,2008,2018,3
gmane.mail.spam.assp.user,39,1950,en,97.4,97.4,2006,2018,2
gmane.music.equipment.slimdevices.squeezenetwork,39,1950,en,100.0,100.0,2005,2018,1
gmane.org.gnu.discuss,39,1950,en,97.4,97.4,2004,2012,2
gmane.org.user-groups.linux.australia.sa,39,1950,en,97.4,97.4,2005,2017,2
gmane.os.netbsd.devel.pkgsrc.bulk,39,1950,en,100.0,100.0,2004,2019,1
gmane.politics.activism.humanrights.invites,39,1950,en,100.0,100.0,2009,2017,1
gmane.recreation.dance.tango.tango-a,39,1950,en,100.0,100.0,2000,2013,1
gmane.text.docbook.apps,39,1950,en,100.0,100.0,2002,2018,1
gmane.comp.kde.promotion,39,1950,en,100.0,100.0,2003,2017,1
gmane.comp.lang.julia.devel,39,1950,en,97.4,97.4,2012,2016,2
gmane.comp.audio.musicbrainz.cvs,38,1900,en,97.4,97.4,2002,2013,2
gmane.comp.cloud.openstack.general,38,1900,en,97.4,97.4,2013,2018,2
gmane.comp.db.riak.user,38,1900,en,94.7,94.7,2010,2019,2
gmane.comp.emulators.freedos.general,38,1900,en,100.0,100.0,2005,2017,1
gmane.comp.encryption.kerberos.general,38,1900,en,100.0,100.0,2002,2017,1
gmane.comp.gcc.cross-compiling,38,1900,en,97.4,97.4,2002,2018,2
gmane.comp.gnome.evolution.patches,38,1900,en,92.1,92.1,2002,2009,3
gmane.comp.handhelds.moblin.connman,38,1900,en,100.0,100.0,2009,2015,1
gmane.comp.hardware.opencores.leon-sparc,38,1900,en,97.4,97.4,2005,2017,2
gmane.comp.hardware.soekris.technical,38,1900,en,100.0,100.0,2002,2017,1
gmane.comp.java.xdoclet.devel,38,1900,en,92.1,92.1,2002,2007,4
gmane.comp.kde.devel.education,38,1900,en,97.4,97.4,2002,2019,2
gmane.comp.lang.jruby.user,38,1900,en,100.0,100.0,2006,2014,1
gmane.comp.lang.ruby.rails.french,38,1900,fr,100.0,0.0,2006,2015,1
gmane.comp.mozilla.devel.tree-management,38,1900,en,89.5,89.5,2013,2014,3
gmane.comp.php.windows,38,1900,en,94.7,94.7,2002,2014,2
gmane.comp.python.dabo.devel,38,1900,en,100.0,100.0,2005,2012,1
gmane.comp.radio.aprs,38,1900,en,100.0,100.0,2009,2017,1
gmane.comp.radio.wsjt,38,1900,en,97.4,97.4,2013,2019,2
gmane.comp.video.livedotcom.devel,38,1900,en,100.0,100.0,2005,2017,1
gmane.comp.web.mailmanager.cvs,38,1900,pt,42.1,36.8,2006,2018,6
gmane.culture.religion.healer.mayapada,38,1900,id,86.8,10.5,2006,2013,3
gmane.ietf.dhc,38,1900,en,100.0,100.0,2002,2017,1
gmane.ietf.oauth,38,1900,en,100.0,100.0,2010,2019,1
gmane.linux.debian.devel.java,38,1900,en,100.0,100.0,2002,2018,1
gmane.linux.debian.devel.quality-assurance,38,1900,en,97.4,97.4,2002,2018,2
gmane.linux.debian.ports.arm,38,1900,en,92.1,92.1,2002,2018,3
gmane.linux.drivers.platform.x86.devel,38,1900,en,100.0,100.0,2010,2019,1
gmane.linux.kernel.containers.lxc.devel,38,1900,en,89.5,89.5,2010,2019,3
gmane.linux.vserver,38,1900,en,100.0,100.0,2002,2018,1
gmane.music.brazil.samba-choro,38,1900,pt,97.4,0.0,2005,2011,2
gmane.os.osv.devel,38,1900,en,97.4,97.4,2014,2019,2
gmane.recreation.radio.hardware.yaesu.ft100,38,1900,en,100.0,100.0,2003,2017,1
gmane.text.xml.devel,38,1900,en,97.4,97.4,2005,2017,2
gmane.comp.lib.binarycloud.devel,38,1900,en,94.7,94.7,2001,2005,3
gmane.comp.apache.httpd.bugs,37,1850,en,75.7,75.7,2010,2019,2
gmane.comp.bitcoin.devel,37,1850,en,97.3,97.3,2012,2017,2
gmane.comp.cms.cold-fusion.devel.italian,37,1850,it,94.6,5.4,2004,2013,2
gmane.comp.gnome.lib.xml.general,37,1850,en,100.0,100.0,2002,2012,1
gmane.comp.graphics.darktable.user,37,1850,en,100.0,100.0,2012,2019,1
gmane.comp.graphics.inkscape.user,37,1850,en,100.0,100.0,2004,2018,1
gmane.comp.jakarta.velocity.devel,37,1850,en,86.5,86.5,2002,2017,3
gmane.comp.java.classpath.testresults,37,1850,en,70.3,70.3,2006,2010,2
gmane.comp.kde.education,37,1850,en,83.8,83.8,2002,2019,5
gmane.comp.lang.haskell.beginners,37,1850,en,94.6,94.6,2008,2017,3
gmane.comp.lang.ruby.rspec.user,37,1850,en,94.6,94.6,2007,2013,2
gmane.comp.python.cython.devel,37,1850,en,100.0,100.0,2007,2016,1
gmane.comp.python.quotient.cvs,37,1850,en,73.0,73.0,2005,2009,3
gmane.comp.sysutils.autoconf.general,37,1850,en,91.9,91.9,2002,2018,3
gmane.comp.sysutils.backup.bacula.devel,37,1850,en,97.3,97.3,2003,2018,2
gmane.comp.video.xine.devel,37,1850,en,97.3,97.3,2002,2009,2
gmane.comp.web.services.rest,37,1850,en,100.0,100.0,2002,2012,1
gmane.comp.web.webobjects.wonder-disc,37,1850,en,100.0,100.0,2002,2015,1
gmane.comp.windows.devel.dotnet.advanced,37,1850,en,97.3,97.3,2002,2010,2
gmane.culture.language.esperanto.reta-vortaro,37,1850,sl,37.8,0.0,2006,2017,9
gmane.linux.debian.devel.vote,37,1850,en,97.3,97.3,2002,2019,2
gmane.linux.lfs.devel,37,1850,en,100.0,100.0,2005,2019,1
gmane.linux.ubuntu.devel.discuss,37,1850,en,97.3,97.3,2007,2017,2
gmane.linux.uclinux.devel,37,1850,en,100.0,100.0,2002,2013,1
gmane.mail.imap.dbmail,37,1850,en,97.3,97.3,2004,2018,2
gmane.org.user-groups.colibri,37,1850,es,97.3,0.0,2005,2014,2
gmane.org.user-groups.linux.berlin,37,1850,de,100.0,0.0,2005,2017,1
gmane.org.user-groups.linux.golug,37,1850,en,94.6,94.6,2005,2015,3
gmane.org.user-groups.linux.hungarian,37,1850,hu,94.6,0.0,2005,2012,3
gmane.org.user-groups.linux.svlug,37,1850,en,97.3,97.3,2004,2017,2
gmane.science.physics.fabric-of-reality,37,1850,en,97.3,97.3,2003,2013,2
gmane.comp.handhelds.maemo.user,37,1850,en,94.6,94.6,2005,2011,3
gmane.comp.lang.perl.modules.dbi.general,37,1850,en,100.0,100.0,2003,2014,1
gmane.linux.debian.devel.dpkg.bugs,37,1850,en,91.9,91.9,2005,2019,4
gmane.user-groups.linux.taclug.general,37,1850,en,94.6,94.6,2002,2010,3
gmane.comp.cms.lenya.devel,36,1800,en,94.4,94.4,2005,2013,3
gmane.comp.file-systems.lufs.devel,36,1800,pt,77.8,13.9,2007,2013,5
gmane.comp.file-systems.unionfs.cvs,36,1800,en,97.2,97.2,2006,2014,2
gmane.comp.freedesktop.wayland.bugs,36,1800,en,86.1,86.1,2013,2018,2
gmane.comp.gis.openstreetmap.region.gb,36,1800,en,100.0,100.0,2008,2019,1
gmane.comp.gnome.gtk+.python,36,1800,en,97.2,97.2,2003,2011,2
gmane.comp.java.openlaszlo.scm,36,1800,en,100.0,100.0,2006,2012,1
gmane.comp.kde.amarok.devel,36,1800,en,97.2,97.2,2004,2016,2
gmane.comp.lang.delphi.programming,36,1800,en,100.0,100.0,2002,2003,1
gmane.comp.lang.perl.perl6.language,36,1800,en,97.2,97.2,2004,2015,2
gmane.comp.lang.r.lme4.devel,36,1800,en,100.0,100.0,2009,2018,1
gmane.comp.lex.flex.windows,36,1800,en,80.6,80.6,2003,2016,4
gmane.comp.mozilla.devel.b2g,36,1800,en,100.0,100.0,2012,2016,1
gmane.comp.multimedia.xbmc.addons,36,1800,en,88.9,88.9,2010,2016,3
gmane.comp.networking.packetfence.user,36,1800,en,100.0,100.0,2008,2019,1
gmane.comp.php.phpmyadmin.devel,36,1800,en,94.4,94.4,2003,2017,2
gmane.comp.php.phpmyadmin.scm,36,1800,en,86.1,86.1,2010,2015,5
gmane.comp.programming.tools.cmake.devel,36,1800,en,100.0,100.0,2010,2018,1
gmane.comp.telephony.openh323gk.user,36,1800,en,100.0,100.0,2003,2013,1
gmane.comp.video.ffmpeg.libav.user,36,1800,en,94.4,94.4,2008,2019,2
gmane.comp.web.cache.memcached,36,1800,en,97.2,97.2,2005,2018,2
gmane.comp.web.opera.general,36,1800,en,100.0,100.0,2002,2010,1
gmane.comp.web.semantic.linking-open-data,36,1800,en,100.0,100.0,2008,2015,1
gmane.comp.web.svg,36,1800,en,94.4,94.4,2002,2015,2
gmane.comp.windows.wtl,36,1800,en,97.2,97.2,2000,2013,2
gmane.culture.studies.general,36,1800,en,97.2,97.2,2002,2019,2
gmane.education.libraries.koha.scm,36,1800,en,100.0,100.0,2010,2019,1
gmane.ietf.mmusic,36,1800,en,100.0,100.0,2002,2017,1
gmane.linux.debian.ports.bsd,36,1800,en,94.4,94.4,2002,2016,3
gmane.linux.debian.ports.sparc,36,1800,en,94.4,94.4,2002,2018,3
gmane.linux.distributions.pclinuxos.devel,36,1800,en,97.2,97.2,2004,2006,2
gmane.linux.kernel.firewire.devel,36,1800,en,91.7,91.7,2002,2018,4
gmane.linux.redhat.blinux.general,36,1800,en,100.0,100.0,2002,2017,1
gmane.linux.suse.opensuse.packaging,36,1800,en,100.0,100.0,2007,2018,1
gmane.mail.mimedefang,36,1800,en,100.0,100.0,2004,2017,1
gmane.mail.spam.assp.test,36,1800,en,97.2,97.2,2008,2018,2
gmane.music.equipment.yamaha-dx,36,1800,en,97.2,97.2,2003,2018,2
gmane.os.freebsd.devel.ports.bugs,36,1800,en,61.1,61.1,2003,2003,3
gmane.os.netbsd.devel.network,36,1800,en,100.0,100.0,2002,2019,1
gmane.science.mathematics.logic.isabelle.user,36,1800,en,100.0,100.0,2010,2019,1
gmane.comp.apache.db.derby.user,36,1800,en,100.0,100.0,2004,2017,1
gmane.comp.hardware.siemens.phones.j2me,36,1800,en,83.3,83.3,2002,2015,5
gmane.comp.java.jsr.166-concurrency,36,1800,en,97.2,97.2,2003,2016,2
gmane.comp.lang.c++.root,36,1800,en,100.0,100.0,2004,2016,1
gmane.comp.lib.scintilla.devel,36,1800,en,97.2,97.2,2001,2018,2
gmane.ietf.dnsop,36,1800,en,100.0,100.0,2002,2017,1
gmane.linux.debian.user.chinese.gb,36,1800,zh-cn,44.4,16.7,2002,2017,11
gmane.comp.audio.emagic.sounddiver,35,1750,en,100.0,100.0,1999,2011,1
gmane.comp.cad.openscad,35,1750,en,97.1,97.1,2014,2019,2
gmane.comp.db.firebird.user,35,1750,en,100.0,100.0,2012,2019,1
gmane.comp.db.tds.freetds,35,1750,en,100.0,100.0,2003,2019,1
gmane.comp.emulators.kvm.powerpc.devel,35,1750,en,97.1,97.1,2009,2019,2
gmane.comp.encryption.gpg.cvs,35,1750,en,88.6,88.6,2002,2018,4
gmane.comp.file-systems.lustre.user,35,1750,en,100.0,100.0,2007,2018,1
gmane.comp.freedesktop.dbus,35,1750,en,100.0,100.0,2005,2019,1
gmane.comp.gis.geotools2.user,35,1750,en,97.1,97.1,2006,2017,2
gmane.comp.hardware.netapp,35,1750,en,100.0,100.0,2003,2018,1
gmane.comp.java.jetty.general,35,1750,en,85.7,85.7,2002,2012,4
gmane.comp.mozilla.devel.calendar,35,1750,en,91.4,91.4,2002,2012,4
gmane.comp.python.pystatsmodels,35,1750,en,100.0,100.0,2009,2019,1
gmane.comp.web.netsurf.scm,35,1750,en,97.1,97.1,2008,2017,2
gmane.comp.web.wget.general,35,1750,en,100.0,100.0,2003,2019,1
gmane.culture.backpacking.hammockcamping,35,1750,en,100.0,100.0,2004,2011,1
gmane.emacs.gnus.user,35,1750,en,97.1,97.1,2002,2016,2
gmane.ietf.asrg,35,1750,en,100.0,100.0,2003,2013,1
gmane.ietf.manet,35,1750,en,100.0,100.0,2002,2018,1
gmane.linux.debian.ports.hurd,35,1750,en,100.0,100.0,2002,2017,1
gmane.linux.redhat.freeipa.user,35,1750,en,100.0,100.0,2011,2015,1
gmane.linux.redhat.release.shrike,35,1750,en,100.0,100.0,2003,2004,1
gmane.linux.scsi.target.devel,35,1750,en,100.0,100.0,2011,2017,1
gmane.linux.usb.user,35,1750,en,91.4,91.4,2002,2007,3
gmane.mail.squirrelmail.plugins,35,1750,en,100.0,100.0,2002,2016,1
gmane.network.openvpn.devel,35,1750,en,100.0,100.0,2004,2019,1
gmane.network.vpn.strongswan.user,35,1750,en,100.0,100.0,2009,2019,1
gmane.org.user-groups.linux.blug,35,1750,no,88.6,8.6,2004,2015,3
gmane.org.user-groups.linux.kplug.kooler,35,1750,en,94.3,94.3,2005,2010,3
gmane.org.user-groups.mlug.main,35,1750,en,100.0,100.0,2000,2006,1
gmane.os.apple.ragtime.german,35,1750,de,77.1,0.0,2003,2013,2
gmane.os.freebsd.devel.emulation,35,1750,en,100.0,100.0,2002,2019,1
gmane.comp.embedded.ptxdist.devel,35,1750,en,100.0,100.0,2003,2018,1
gmane.comp.file-systems.fuse.devel,35,1750,en,100.0,100.0,2003,2018,1
gmane.comp.java.testng.user,35,1750,en,100.0,100.0,2009,2016,1
gmane.comp.web.flash.osflash.general,35,1750,en,94.3,94.3,2005,2009,3
gmane.linux.debian.user.isp,35,1750,en,94.3,94.3,2002,2009,3
gmane.os.freebsd.devel.amd64,35,1750,en,80.0,80.0,2004,2016,2
gmane.user-groups.foss.nepal,35,1750,en,88.6,88.6,2006,2014,3
gmane.comp.apache.arrow.bugs,34,1700,en,70.6,70.6,2018,2019,3
gmane.comp.db.firebird.devel,34,1700,en,100.0,100.0,2011,2019,1
gmane.comp.education.sugar.discuss,34,1700,en,79.4,79.4,2008,2018,4
gmane.comp.emulators.ovirt.node.patches,34,1700,en,94.1,94.1,2012,2015,3
gmane.comp.gcc.java.patches,34,1700,en,100.0,100.0,2002,2014,1
gmane.comp.gis.openstreetmap.osmand,34,1700,en,100.0,100.0,2014,2018,1
gmane.comp.gnome.internationalization.german,34,1700,de,97.1,2.9,2002,2019,2
gmane.comp.gnome.pidgin.user,34,1700,en,100.0,100.0,2008,2017,1
gmane.comp.jakarta.velocity.user,34,1700,en,100.0,100.0,2002,2012,1
gmane.comp.java.cargo.devel,34,1700,en,82.4,82.4,2006,2014,4
gmane.comp.java.javagroups.cvs,34,1700,en,94.1,94.1,2002,2010,3
gmane.comp.java.open-symphony.webwork,34,1700,en,97.1,97.1,2002,2006,2
gmane.comp.kde.kst,34,1700,en,97.1,97.1,2005,2017,2
gmane.comp.lib.gnustep.devel,34,1700,en,97.1,97.1,2001,2017,2
gmane.comp.nlp.moses.user,34,1700,en,100.0,100.0,2010,2018,1
gmane.comp.python.apple,34,1700,en,97.1,97.1,2002,2019,2
gmane.comp.python.python-3000.devel,34,1700,en,100.0,100.0,2006,2008,1
gmane.comp.python.pywikipediabot.general,34,1700,en,88.2,88.2,2005,2017,4
gmane.comp.sysutils.logstash.user,34,1700,en,97.1,97.1,2012,2015,2
gmane.comp.web.aolserver,34,1700,en,97.1,97.1,2000,2011,2
gmane.comp.web.zope.zwiki,34,1700,en,85.3,85.3,2003,2008,4
gmane.editors.scite.general,34,1700,en,100.0,100.0,2003,2017,1
gmane.ietf.dkim,34,1700,en,100.0,100.0,2005,2011,1
gmane.linux.bbc.cvs,34,1700,en,94.1,94.1,2002,2005,3
gmane.linux.centos.region.spanish,34,1700,es,100.0,0.0,2007,2018,1
gmane.linux.debian.devel.apache,34,1700,en,94.1,94.1,2002,2017,2
gmane.linux.debian.devel.changes.experimental,34,1700,en,64.7,64.7,2015,2019,8
gmane.linux.hardware.nvdimm,34,1700,en,97.1,97.1,2016,2019,2
gmane.linux.kernel.cifs,34,1700,en,100.0,100.0,2010,2019,1
gmane.linux.network.openvswitch.general,34,1700,en,97.1,97.1,2013,2016,2
gmane.linux.printing.gimp-print.devel,34,1700,en,100.0,100.0,2004,2018,1
gmane.linux.redhat.fedora.epel.devel,34,1700,en,97.1,97.1,2007,2018,2
gmane.network.wireshark.user,34,1700,en,100.0,100.0,2006,2019,1
gmane.org.user-group.hackmanhattan.blabber,34,1700,en,97.1,97.1,2011,2014,2
gmane.org.user-groups.linux.ilug-tvm,34,1700,en,85.3,85.3,2008,2014,5
gmane.os.freebsd.devel.usb,34,1700,en,97.1,97.1,2005,2016,2
gmane.politics.marxism.analysis,34,1700,en,94.1,94.1,2002,2013,2
gmane.science.robotics.orocos.devel,34,1700,en,100.0,100.0,2006,2012,1
gmane.text.xml.batik.user,34,1700,en,97.1,97.1,2002,2012,2
gmane.comp.apache.incubator.ooo.user,34,1700,en,97.1,97.1,2012,2018,2
gmane.comp.embedded.nuttx,34,1700,en,94.1,94.1,2011,2017,3
gmane.comp.java.openjdk.security.devel,34,1700,en,100.0,100.0,2007,2018,1
gmane.comp.python.c++,34,1700,en,100.0,100.0,2002,2017,1
gmane.linux.centos.devel,34,1700,en,100.0,100.0,2004,2018,1
gmane.linux.debian.devel.cd,34,1700,en,91.2,91.2,2002,2018,4
gmane.linux.redhat.fedora.documentation,34,1700,en,100.0,100.0,2004,2018,1
gmane.network.freeswan.user,34,1700,en,67.6,67.6,2002,2004,3
gmane.network.quagga.devel,34,1700,en,97.1,97.1,2003,2016,2
gmane.network.tor.relay,34,1700,en,97.1,97.1,2010,2018,2
gmane.os.rtems.user,34,1700,en,100.0,100.0,2007,2019,1
gmane.comp.apache.incubator.apex.devel,33,1650,en,87.9,87.9,2016,2017,2
gmane.comp.apache.karaf.devel,33,1650,en,100.0,100.0,2011,2019,1
gmane.comp.cms.radiant.general,33,1650,en,97.0,97.0,2006,2010,2
gmane.comp.db.cassandra.user,33,1650,en,93.9,93.9,2009,2011,3
gmane.comp.db.postgresql.pgadmin,33,1650,en,100.0,100.0,2003,2019,1
gmane.comp.file-systems.owfs.devel,33,1650,en,100.0,100.0,2005,2018,1
gmane.comp.gis.openstreetmap.region.nl,33,1650,nl,84.8,6.1,2007,2013,4
gmane.comp.handhelds.palm.gtd,33,1650,en,100.0,100.0,2003,2009,1
gmane.comp.java.restlet,33,1650,en,97.0,97.0,2006,2012,2
gmane.comp.kde.devel.games,33,1650,en,100.0,100.0,2002,2018,1
gmane.comp.lang.perl.active-perl,33,1650,en,93.9,93.9,2002,2006,3
gmane.comp.lang.r.r-metrics,33,1650,en,100.0,100.0,2005,2018,1
gmane.comp.lib.fltk.devel,33,1650,en,100.0,100.0,2004,2016,1
gmane.comp.python.buildbot.scm,33,1650,en,90.9,90.9,2010,2016,4
gmane.comp.video.gimp.windows.user,33,1650,en,100.0,100.0,2000,2008,1
gmane.comp.web.xforms.ops.user,33,1650,en,97.0,97.0,2009,2019,2
gmane.comp.windows.eccopro,33,1650,en,100.0,100.0,2003,2019,1
gmane.culture.stone,33,1650,en,100.0,100.0,2004,2014,1
gmane.editors.jedit.user,33,1650,en,97.0,97.0,2002,2016,2
gmane.games.crossfire.cvs,33,1650,en,97.0,97.0,2006,2019,2
gmane.ietf.ipsec,33,1650,en,100.0,100.0,2002,2017,1
gmane.linux.distributions.linuxmuster,33,1650,de,100.0,0.0,2014,2016,1
gmane.linux.edu.gleducar,33,1650,es,100.0,0.0,2005,2012,1
gmane.linux.hotplug.devel,33,1650,en,100.0,100.0,2001,2015,1
gmane.linux.kernel.suspend.devel,33,1650,en,93.9,93.9,2006,2012,3
gmane.linux.linaro.devel,33,1650,en,100.0,100.0,2011,2016,1
gmane.linux.redhat.fedora.desktop,33,1650,en,100.0,100.0,2004,2018,1
gmane.linux.redhat.fedora.selinux,33,1650,en,93.9,93.9,2004,2014,3
gmane.linux.redhat.internationalization,33,1650,en,100.0,100.0,2002,2018,1
gmane.linux.ubuntu.devel.changes.lucid,33,1650,en,81.8,81.8,2009,2014,6
gmane.linux.ubuntu.loco.co,33,1650,es,87.9,3.0,2012,2016,5
gmane.network.bnr,33,1650,en,100.0,100.0,2002,2007,1
gmane.org.hackerspaces.vhs.general,33,1650,en,90.9,90.9,2012,2014,3
gmane.org.region.cuba.softwarelibre,33,1650,es,81.8,9.1,2008,2009,5
gmane.org.user-groups.linux.cplug.general,33,1650,en,100.0,100.0,2003,2018,1
gmane.os.solaris.opencsw.maintainers,33,1650,en,100.0,100.0,2009,2016,1
gmane.os.solaris.sunray,33,1650,en,93.9,93.9,2007,2013,3
gmane.technology.erps,33,1650,en,100.0,100.0,1997,2004,1
gmane.comp.jakarta.turbine.devel,33,1650,en,93.9,93.9,2002,2015,3
gmane.comp.kde.doc,33,1650,en,93.9,93.9,2003,2018,2
gmane.comp.lang.haskell.ghc.devel,33,1650,en,100.0,100.0,2013,2019,1
gmane.comp.otsr.user.german,33,1650,de,100.0,0.0,2004,2015,1
gmane.comp.python.zope.portuguese,33,1650,pt,93.9,0.0,2005,2016,3
gmane.comp.time.tz,33,1650,en,97.0,97.0,2004,2019,2
gmane.culture.tobacco.snuff,33,1650,en,100.0,100.0,2001,2009,1
gmane.ietf.apps-discuss,33,1650,en,100.0,100.0,2007,2015,1
gmane.ietf.nfsv4,33,1650,en,100.0,100.0,2002,2017,1
gmane.linux.arch.pacman.devel,33,1650,en,97.0,97.0,2008,2018,2
gmane.linux.distributions.baslinux,33,1650,en,100.0,100.0,2003,2009,1
gmane.os.freebsd.devel.java,33,1650,en,87.9,87.9,2002,2019,4
gmane.os.pcbsd.scm,33,1650,en,90.9,90.9,2007,2012,3
gmane.comp.emulators.hercules390.mvs,32,1600,en,100.0,100.0,2003,2019,1
gmane.comp.gis.geotools.devel,32,1600,en,93.8,93.8,2011,2018,3
gmane.comp.gnome.apps.pan.user,32,1600,en,100.0,100.0,2002,2014,1
gmane.comp.graphics.openscenegraph.cvs,32,1600,en,100.0,100.0,2007,2017,1
gmane.comp.java.cruise-control.devel,32,1600,en,96.9,96.9,2003,2014,2
gmane.comp.java.geronimo.user,32,1600,en,96.9,96.9,2005,2012,2
gmane.comp.kde.devel.owncloud,32,1600,en,96.9,96.9,2010,2016,2
gmane.comp.kde.devel.telepathy,32,1600,en,100.0,100.0,2011,2017,1
gmane.comp.lang.groovy.grails.devel,32,1600,en,96.9,96.9,2006,2013,2
gmane.comp.lang.haskell.cvs.libraries,32,1600,en,93.8,93.8,2002,2012,2
gmane.comp.lang.racket.user,32,1600,en,96.9,96.9,2010,2012,2
gmane.comp.lib.qt.creator,32,1600,en,96.9,96.9,2009,2018,2
gmane.comp.misc.tinyerp.user,32,1600,en,100.0,100.0,2007,2010,1
gmane.comp.multimedia.live555.devel,32,1600,en,96.9,96.9,2007,2018,2
gmane.comp.python.patches,32,1600,en,100.0,100.0,2002,2007,1
gmane.comp.science.mathematics.dealii,32,1600,en,100.0,100.0,2009,2019,1
gmane.comp.security.nessus.general,32,1600,en,96.9,96.9,2002,2008,2
gmane.comp.standards.posix.austin.general,32,1600,en,100.0,100.0,2009,2019,1
gmane.comp.web.blosxom,32,1600,en,68.8,68.8,2003,2009,2
gmane.comp.web.wordpress.testers,32,1600,en,100.0,100.0,2006,2010,1
gmane.emacs.xemacs.patches,32,1600,en,93.8,93.8,2002,2013,3
gmane.ietf.ccamp,32,1600,en,93.8,93.8,2002,2018,2
gmane.ietf.gen-art,32,1600,en,100.0,100.0,2005,2018,1
gmane.ietf.sipping,32,1600,en,96.9,96.9,2002,2010,2
gmane.linux.kernel.efi,32,1600,en,100.0,100.0,2012,2018,1
gmane.linux.network.connman,32,1600,en,100.0,100.0,2011,2015,1
gmane.linux.redhat.release.psyche,32,1600,en,100.0,100.0,2002,2004,1
gmane.linux.uml.devel,32,1600,en,93.8,93.8,2002,2018,3
gmane.lisp.guile.scm,32,1600,en,100.0,100.0,2009,2018,1
gmane.mail.virus.maiamailguard,32,1600,en,100.0,100.0,2003,2019,1
gmane.org.user-groups.gull.general,32,1600,fr,96.9,3.1,2003,2016,2
gmane.os.dragonfly-bsd.scm,32,1600,en,59.4,59.4,2012,2019,3
gmane.os.solaris.opensolaris.desktop,32,1600,en,100.0,100.0,2007,2011,1
gmane.science.biology.ensembl.devel,32,1600,en,100.0,100.0,2005,2018,1
gmane.comp.gnome.nautilus,32,1600,en,100.0,100.0,2002,2018,1
gmane.comp.handhelds.openzaurus.user,32,1600,en,100.0,100.0,2003,2006,1
gmane.comp.java.ops4j.general,32,1600,en,100.0,100.0,2005,2019,1
gmane.discuss,32,1600,en,96.9,96.9,2002,2019,2
gmane.linux.australia,32,1600,en,100.0,100.0,2003,2016,1
gmane.linux.lvm.general,32,1600,en,100.0,100.0,2002,2017,1
gmane.linux.region.bulgaria,32,1600,bg,71.9,9.4,2003,2012,5
gmane.network.lwip.devel,32,1600,en,100.0,100.0,2007,2017,1
gmane.org.wikimedia.brazil,32,1600,pt,87.5,6.2,2008,2015,4
gmane.comp.hardware.gps.gpsd.devel,32,1600,en,100.0,100.0,2005,2018,1
gmane.comp.python.windows,32,1600,en,100.0,100.0,2003,2019,1
gmane.comp.apache.jena.user,31,1550,en,96.8,96.8,2012,2019,2
gmane.comp.clustering.torque.user,31,1550,en,100.0,100.0,2006,2016,1
gmane.comp.documentfoundation.libreoffice.website,31,1550,en,96.8,96.8,2010,2018,2
gmane.comp.encryption.opensc.devel,31,1550,en,96.8,96.8,2004,2015,2
gmane.comp.finance.mifos.scm,31,1550,en,100.0,100.0,2006,2012,1
gmane.comp.finance.moneydance.general,31,1550,en,100.0,100.0,2003,2010,1
gmane.comp.gnome.mono.monodevelop.general,31,1550,en,100.0,100.0,2005,2015,1
gmane.comp.python.cython.user,31,1550,en,96.8,96.8,2011,2018,2
gmane.comp.radio.rivendell.user,31,1550,en,96.8,96.8,2011,2019,2
gmane.comp.security.ipcop.devel,31,1550,en,100.0,100.0,2003,2012,1
gmane.comp.systems.as400.mapics,31,1550,en,100.0,100.0,2002,2019,1
gmane.comp.video.freevo.cvs,31,1550,en,96.8,96.8,2004,2011,2
gmane.comp.windows.devel.dotnet.winforms,31,1550,en,100.0,100.0,2003,2007,1
gmane.ietf.avt,31,1550,en,100.0,100.0,2003,2017,1
gmane.linux.debian.devel.devscripts,31,1550,en,100.0,100.0,2008,2017,1
gmane.linux.debian.devel.systemd,31,1550,en,93.5,93.5,2014,2018,3
gmane.linux.drivers.madwifi.user,31,1550,en,96.8,96.8,2003,2010,2
gmane.linux.fbdev.devel,31,1550,en,90.3,90.3,2002,2009,4
gmane.linux.gentoo.amd64,31,1550,en,100.0,100.0,2004,2015,1
gmane.linux.kernel.hardened.devel,31,1550,en,100.0,100.0,2012,2019,1
gmane.linux.ubuntu.devel.changes.quantal,31,1550,en,77.4,77.4,2012,2014,4
gmane.network.dns.bind9.user,31,1550,en,96.8,96.8,2002,2005,2
gmane.org.user-groups.macintosh.imaccanici,31,1550,it,100.0,0.0,2008,2011,1
gmane.os.freebsd.security.general,31,1550,en,96.8,96.8,2002,2017,2
gmane.os.netbsd.help,31,1550,en,100.0,100.0,2002,2007,1
gmane.os.netbsd.ports.i386,31,1550,en,96.8,96.8,2002,2019,2
gmane.science.biology.ucscgenome.general,31,1550,en,100.0,100.0,2008,2017,1
gmane.comp.lang.ocaml.beginners,31,1550,en,96.8,96.8,2002,2015,2
gmane.comp.lib.newlib,31,1550,en,100.0,100.0,2004,2018,1
gmane.comp.mozilla.crypto.cvs,31,1550,en,96.8,96.8,2002,2012,2
gmane.comp.multimedia.puredata.devel,31,1550,en,100.0,100.0,2006,2018,1
gmane.comp.web.curl.general,31,1550,en,96.8,96.8,2002,2019,2
gmane.ietf.tsvwg,31,1550,en,100.0,100.0,2002,2019,1
gmane.linux.suse.security,31,1550,en,93.5,93.5,2002,2014,3
gmane.network.dns.powerdns.user,31,1550,en,96.8,96.8,2003,2016,2
gmane.org.user-groups.java.seajug,31,1550,en,96.8,96.8,2004,2018,2
gmane.comp.ai.gate.general,31,1550,en,100.0,100.0,2006,2016,1
gmane.comp.apache.jackrabbit.oak.devel,30,1500,en,96.7,96.7,2012,2018,2
gmane.comp.apache.nifi.devel,30,1500,en,96.7,96.7,2016,2019,2
gmane.comp.cad.brlcad.bugs,30,1500,en,100.0,100.0,2008,2015,1
gmane.comp.cms.xaraya.devel,30,1500,en,96.7,96.7,2002,2009,2
gmane.comp.encryption.bouncy-castle.devel,30,1500,en,100.0,100.0,2004,2019,1
gmane.comp.finance.quantlib.user,30,1500,en,100.0,100.0,2000,2019,1
gmane.comp.games.second-life.devel,30,1500,en,100.0,100.0,2008,2018,1
gmane.comp.gnome.apps.gabber,30,1500,pt,56.7,20.0,2004,2017,6
gmane.comp.gnome.mono.banshee,30,1500,en,100.0,100.0,2006,2014,1
gmane.comp.gnu.utils.bugs,30,1500,en,90.0,90.0,2002,2010,3
gmane.comp.jakarta.cactus.devel,30,1500,en,93.3,93.3,2002,2011,3
gmane.comp.java.castor.devel,30,1500,en,100.0,100.0,2002,2009,1
gmane.comp.java.jade.devel,30,1500,en,100.0,100.0,2005,2018,1
gmane.comp.java.openjdk.awt.devel,30,1500,en,96.7,96.7,2008,2018,2
gmane.comp.mathematics.theano.user,30,1500,en,100.0,100.0,2014,2016,1
gmane.comp.mozilla.chimera,30,1500,en,96.7,96.7,2002,2007,2
gmane.comp.python.mod_python,30,1500,en,100.0,100.0,2003,2009,1
gmane.comp.shells.zsh.devel,30,1500,en,100.0,100.0,2005,2018,1
gmane.comp.sysutils.logstash.devel,30,1500,UNKNOWN,83.3,16.7,2012,2015,2
gmane.comp.tex.miktex,30,1500,en,100.0,100.0,2002,2017,1
gmane.comp.web.blogger.api,30,1500,en,100.0,100.0,2004,2018,1
gmane.comp.web.fkceditor.trac,30,1500,en,100.0,100.0,2008,2009,1
gmane.linux.centos.announce,30,1500,en,100.0,100.0,2005,2018,1
gmane.linux.debian.devel.perl,30,1500,en,96.7,96.7,2004,2018,2
gmane.linux.debian.user.catalan,30,1500,ca,90.0,10.0,2003,2017,2
gmane.linux.drivers.ath9k.devel,30,1500,en,100.0,100.0,2008,2016,1
gmane.linux.drivers.bcm54xx.devel,30,1500,en,96.7,96.7,2006,2013,2
gmane.linux.ubuntu.artwork,30,1500,en,100.0,100.0,2005,2013,1
gmane.mail.spam.tmda.user,30,1500,en,96.7,96.7,2001,2011,2
gmane.music.equipment.korg,30,1500,en,100.0,100.0,2002,2007,1
gmane.network.quagga.user,30,1500,en,100.0,100.0,2003,2017,1
gmane.org.user-groups.linux.turkey.sunucu,30,1500,tr,83.3,3.3,2009,2018,5
gmane.org.w3c.validator,30,1500,en,93.3,93.3,2002,2014,2
gmane.org.wikimedia.foundation.uk,30,1500,en,96.7,96.7,2006,2018,2
gmane.os.dragonfly-bsd.kernel,30,1500,en,93.3,93.3,2003,2015,3
gmane.os.solaris.opensolaris.networking,30,1500,en,100.0,100.0,2006,2010,1
gmane.recreation.motorcycles.svrider.general,30,1500,en,96.7,96.7,2002,2003,2
gmane.science.biology.gmod.gbrowse,30,1500,en,100.0,100.0,2008,2015,1
gmane.user-groups.linux.kansascity,30,1500,en,93.3,93.3,2003,2011,2
gmane.comp.apache.incubator.ranger.devel,30,1500,en,76.7,76.7,2016,2019,2
gmane.comp.bios.coreboot.seabios,30,1500,en,100.0,100.0,2009,2019,1
gmane.comp.db.cassandra.devel,30,1500,en,93.3,93.3,2009,2018,3
gmane.comp.gis.openstreetmap.region.es,30,1500,es,93.3,0.0,2008,2018,3
gmane.comp.gnu.mingw.w64.general,30,1500,en,100.0,100.0,2009,2019,1
gmane.ietf.idr,30,1500,en,100.0,100.0,2002,2019,1
gmane.linux.debian.backports.general,30,1500,en,100.0,100.0,2004,2018,1
gmane.linux.debian.devel.gstreamer,30,1500,en,80.0,80.0,2005,2017,5
gmane.linux.drivers.e1000.devel,30,1500,en,96.7,96.7,2005,2019,2
gmane.linux.file-systems.f2fs,30,1500,en,96.7,96.7,2013,2019,2
gmane.linux.linmodem,30,1500,en,96.7,96.7,2002,2011,2
gmane.org.user-group.linux.france.nantes,30,1500,fr,86.7,3.3,2005,2019,5
gmane.org.user-groups.bsd.nycbug,30,1500,en,100.0,100.0,2005,2018,1
gmane.os.freebsd.devel.python,30,1500,en,56.7,56.7,2009,2018,6
gmane.os.hurd.cvs,30,1500,en,96.7,96.7,2002,2018,2
gmane.recreation.cars.walmart-rving,30,1500,en,100.0,100.0,2008,2018,1
gmane.science.linguistics.wikipedia.helpdesk,30,1500,en,100.0,100.0,2005,2006,1
gmane.user-groups.linux.france.guilde,30,1500,fr,96.7,0.0,2010,2019,2
gmane.comp.audio.rosegarden.user,30,1500,en,100.0,100.0,2004,2013,1
gmane.comp.java.openjdk.openjfx.devel,30,1500,en,96.7,96.7,2013,2019,2
gmane.comp.lang.as400.java,30,1500,en,100.0,100.0,2002,2016,1
gmane.comp.lang.eiffel.ise,30,1500,en,100.0,100.0,2007,2019,1
gmane.comp.python.ipython.devel,30,1500,en,100.0,100.0,2005,2015,1
gmane.comp.python.pypy,30,1500,en,96.7,96.7,2003,2016,2
gmane.culture.region.india.zestmedia,30,1500,en,100.0,100.0,2005,2011,1
gmane.comp.security.cypherpunks,30,1500,en,93.3,93.3,2013,2016,3
gmane.comp.apache.cxf.devel,29,1450,en,100.0,100.0,2009,2019,1
gmane.comp.cms.cold-fusion.general.brasil,29,1450,pt,100.0,0.0,2006,2016,1
gmane.comp.gis.openstreetmap.region.au,29,1450,en,100.0,100.0,2008,2018,1
gmane.comp.gnome.marketing,29,1450,en,100.0,100.0,2005,2018,1
gmane.comp.graphics.gnuplot.devel,29,1450,en,100.0,100.0,2004,2016,1
gmane.comp.handhelds.palm.shadow,29,1450,en,100.0,100.0,2003,2008,1
gmane.comp.helpdesk.trackit.user,29,1450,en,86.2,86.2,2004,2017,3
gmane.comp.ide.eclipse.plugins.m2eclipse.user,29,1450,en,89.7,89.7,2008,2016,3
gmane.comp.java.stripes.user,29,1450,en,100.0,100.0,2006,2014,1
gmane.comp.kde.devel.buildsystem,29,1450,en,93.1,93.1,2006,2018,3
gmane.comp.lib.gnustep.bugs,29,1450,en,96.6,96.6,2001,2014,2
gmane.comp.mozilla.devel.jseng,29,1450,en,100.0,100.0,2002,2016,1
gmane.comp.mozilla.devel.security.policy,29,1450,en,100.0,100.0,2014,2019,1
gmane.comp.openoffice.general.french,29,1450,fr,100.0,0.0,2005,2011,1
gmane.comp.security.detection.bro,29,1450,en,96.6,96.6,2002,2019,2
gmane.comp.tex.danish,29,1450,da,86.2,10.3,1999,2015,3
gmane.comp.web.zope.plone.archetypes.cvs,29,1450,en,96.6,96.6,2003,2011,2
gmane.comp.web.zope.zwiki.edits,29,1450,en,89.7,89.7,2005,2009,4
gmane.comp.windows.server.musterloesung,29,1450,de,93.1,0.0,2006,2016,2
gmane.games.simulation.opensimulator.user,29,1450,en,100.0,100.0,2009,2019,1
gmane.linux.altlinux.hardware,29,1450,ru,100.0,0.0,2005,2011,1
gmane.linux.bluez.user,29,1450,en,100.0,100.0,2003,2008,1
gmane.linux.debian.conference.team,29,1450,en,100.0,100.0,2006,2019,1
gmane.linux.debian.devel.evolution,29,1450,en,86.2,86.2,2005,2017,5
gmane.linux.debian.devel.python,29,1450,en,96.6,96.6,2003,2018,2
gmane.linux.debian.user.turkish,29,1450,tr,93.1,3.4,2003,2010,3
gmane.linux.redhat.fedora.arm,29,1450,en,93.1,93.1,2009,2019,2
gmane.linux.skolelinux.linux-i-skolen,29,1450,no,82.8,10.3,2002,2009,4
gmane.linux.ubuntu.sounder,29,1450,en,100.0,100.0,2005,2011,1
gmane.linux.xdg.devel,29,1450,en,100.0,100.0,2002,2018,1
gmane.network.bb4.general,29,1450,en,100.0,100.0,2003,2006,1
gmane.org.google.api.calendar,29,1450,en,100.0,100.0,2006,2011,1
gmane.org.operators.isotf.outages,29,1450,en,96.6,96.6,2008,2019,2
gmane.science.physics.hydrino,29,1450,en,100.0,100.0,2000,2008,1
gmane.user-groups.linux.bblug.main,29,1450,es,79.3,3.4,2006,2011,6
gmane.comp.audio.emagic.exs,29,1450,en,100.0,100.0,2000,2007,1
gmane.comp.cms.sakai.user,29,1450,en,100.0,100.0,2007,2018,1
gmane.comp.encryption.kerberos.cvs,29,1450,en,82.8,82.8,2002,2017,3
gmane.comp.java.classpath.patches,29,1450,en,100.0,100.0,2004,2008,1
gmane.comp.lang.c++.isocpp.general,29,1450,en,100.0,100.0,2013,2018,1
gmane.culture.people.interesting-people,29,1450,en,100.0,100.0,2002,2006,1
gmane.education.libraries.open-ils.general,29,1450,en,100.0,100.0,2008,2017,1
gmane.linux.iscsi.iscsi-target.devel,29,1450,en,96.6,96.6,2005,2013,2
gmane.linux.yellowdog.general,29,1450,en,100.0,100.0,2003,2012,1
gmane.lisp.guile.user,29,1450,en,100.0,100.0,2002,2019,1
gmane.network.djbdns,29,1450,en,96.6,96.6,2002,2013,2
gmane.network.syndication.atom.syntax,29,1450,en,100.0,100.0,2004,2007,1
gmane.comp.audio.pulseaudio.bugs,29,1450,en,89.7,89.7,2008,2018,2
gmane.comp.gnu.guix.bugs,29,1450,en,86.2,86.2,2013,2019,4
gmane.network.dhcp.isc.dhcp-server,29,1450,en,100.0,100.0,2002,2019,1
gmane.os.solaris.opensolaris.indiana,29,1450,en,93.1,93.1,2007,2010,3
gmane.comp.debugging.valgrind,28,1400,en,100.0,100.0,2003,2018,1
gmane.comp.documentfoundation.libreoffice.documentation,28,1400,en,96.4,96.4,2010,2018,2
gmane.comp.embedded.openwrt.scm,28,1400,en,92.9,92.9,2012,2016,2
gmane.comp.encryption.gpg.gnutls.devel,28,1400,en,96.4,96.4,2001,2019,2
gmane.comp.file-systems.lufs.user,28,1400,pt,60.7,32.1,2008,2014,4
gmane.comp.hardware.lirc,28,1400,en,100.0,100.0,2004,2019,1
gmane.comp.hardware.microcontrollers.ethernut,28,1400,en,100.0,100.0,2003,2019,1
gmane.comp.kde.kolab.devel,28,1400,en,100.0,100.0,2005,2018,1
gmane.comp.lang.agda,28,1400,en,100.0,100.0,2008,2018,1
gmane.comp.lang.haskell.xmonad,28,1400,en,100.0,100.0,2007,2016,1
gmane.comp.lang.scala.debate,28,1400,en,96.4,96.4,2008,2016,2
gmane.comp.lib.fox-toolkit.user,28,1400,en,100.0,100.0,2004,2009,1
gmane.comp.printing.groff.general,28,1400,en,100.0,100.0,2002,2017,1
gmane.comp.python.announce,28,1400,en,100.0,100.0,1999,2018,1
gmane.comp.python.bio.devel,28,1400,en,92.9,92.9,2003,2017,3
gmane.comp.python.matplotlib.devel,28,1400,en,100.0,100.0,2005,2014,1
gmane.comp.search.xapian.cvs,28,1400,en,42.9,42.9,2003,2014,4
gmane.comp.security.attrition.infosec-news,28,1400,en,100.0,100.0,2002,2012,1
gmane.comp.security.nativeclient.general,28,1400,en,100.0,100.0,2010,2017,1
gmane.comp.telephony.pbx.asterisk.astlinux,28,1400,en,100.0,100.0,2007,2018,1
gmane.comp.web.dillo.devel,28,1400,en,92.9,92.9,2003,2018,3
gmane.comp.web.flash.server.devel,28,1400,en,100.0,100.0,2005,2006,1
gmane.culture.arts.dorkbot.pdx.general,28,1400,en,100.0,100.0,2006,2016,1
gmane.education.libraries.koha.devel,28,1400,en,100.0,100.0,2008,2018,1
gmane.emacs.help,28,1400,en,89.3,89.3,2002,2003,3
gmane.linux.debian.internationalization.dutch,28,1400,nl,50.0,42.9,2003,2018,3
gmane.linux.debian.ports.68k,28,1400,en,89.3,89.3,2002,2019,3
gmane.linux.kernel.kernel-testers,28,1400,en,100.0,100.0,2008,2012,1
gmane.linux.network.general,28,1400,en,96.4,96.4,2002,2012,2
gmane.linux.nfsv4,28,1400,en,100.0,100.0,2005,2010,1
gmane.linux.redhat.security.audit,28,1400,en,100.0,100.0,2007,2019,1
gmane.lisp.slime.devel,28,1400,en,100.0,100.0,2003,2017,1
gmane.network.thinstation.devel,28,1400,en,96.4,96.4,2003,2011,2
gmane.org.user-groups.java.warszawa-jug,28,1400,pl,85.7,10.7,2010,2016,3
gmane.org.user-groups.linux.peru,28,1400,es,96.4,0.0,2006,2007,2
gmane.org.user-groups.linux.waikato,28,1400,en,96.4,96.4,2004,2019,2
gmane.os.freebsd.region.czech.user,28,1400,cs,46.4,0.0,2007,2015,7
gmane.comp.java.clojure.storm,28,1400,en,96.4,96.4,2012,2013,2
gmane.comp.java.czech,28,1400,cs,42.9,7.1,2005,2011,6
gmane.comp.java.jersey.user,28,1400,en,96.4,96.4,2009,2017,2
gmane.comp.kde.devel.calligra,28,1400,en,100.0,100.0,2011,2016,1
gmane.comp.kde.devel.kolab,28,1400,en,96.4,96.4,2003,2017,2
gmane.comp.lib.protocol-buffers.general,28,1400,en,92.9,92.9,2008,2016,3
gmane.comp.sysutils.automake.general,28,1400,en,96.4,96.4,2002,2015,2
gmane.comp.telephony.airtel.user,28,1400,UNKNOWN,85.7,14.3,2009,2011,2
gmane.comp.version-control.git.user,28,1400,en,100.0,100.0,2008,2019,1
gmane.linux.jpackage.general,28,1400,en,100.0,100.0,2003,2012,1
gmane.linux.swsusp.devel,28,1400,en,100.0,100.0,2003,2012,1
gmane.linux.uml.user,28,1400,en,100.0,100.0,2003,2015,1
gmane.mail.mh-e.devel,28,1400,en,96.4,96.4,2001,2012,2
gmane.org.operators.nznog,28,1400,en,92.9,92.9,2003,2019,3
gmane.politics.activism.carfree-cities,28,1400,en,96.4,96.4,2000,2014,2
gmane.text.xml.cocoon.documentation,28,1400,en,92.9,92.9,2003,2009,3
gmane.comp.misc.novell,28,1400,en,100.0,100.0,2004,2010,1
gmane.emacs.gnus.cvs,28,1400,en,92.9,92.9,2000,2015,3
gmane.linux.kernel.cpufreq,28,1400,en,89.3,89.3,2003,2014,4
gmane.linux.oprofile,28,1400,en,100.0,100.0,2003,2015,1
gmane.linux.ubuntu.devel.changes.breezy,28,1400,en,85.7,85.7,2005,2005,5
gmane.comp.ai.gate.cvs,27,1350,en,96.3,96.3,2006,2016,2
gmane.comp.apache.falcon.devel,27,1350,en,77.8,77.8,2015,2018,3
gmane.comp.audio.ardour.user,27,1350,en,96.3,96.3,2004,2018,2
gmane.comp.cms.opengroupware.user,27,1350,en,96.3,96.3,2003,2007,2
gmane.comp.compilers.parrot.tickets,27,1350,en,96.3,96.3,2009,2016,2
gmane.comp.db.postgresql.slony1.general,27,1350,en,100.0,100.0,2005,2012,1
gmane.comp.embedded.pandaboard,27,1350,en,100.0,100.0,2010,2013,1
gmane.comp.emulators.freedos.devel,27,1350,en,100.0,100.0,2004,2017,1
gmane.comp.encryption.kerberos.bugs,27,1350,en,92.6,92.6,2002,2018,3
gmane.comp.encryption.kerberos.devel,27,1350,en,100.0,100.0,2003,2018,1
gmane.comp.encryption.openssl.cvs,27,1350,en,96.3,96.3,2002,2014,2
gmane.comp.file-systems.ocfs2.devel,27,1350,en,96.3,96.3,2008,2017,2
gmane.comp.gis.openstreetmap.hot,27,1350,en,96.3,96.3,2011,2017,2
gmane.comp.gnome.documentation,27,1350,en,88.9,88.9,2002,2018,4
gmane.comp.gnome.internationalization.spanish,27,1350,es,81.5,11.1,2003,2016,4
gmane.comp.gnome.usability,27,1350,en,100.0,100.0,2002,2011,1
gmane.comp.jakarta.lucene.solr.devel,27,1350,en,92.6,92.6,2008,2010,2
gmane.comp.java.audit.pmd.devel,27,1350,en,92.6,92.6,2004,2016,3
gmane.comp.java.javaspain,27,1350,es,92.6,0.0,2003,2010,3
gmane.comp.java.jetty.support,27,1350,en,96.3,96.3,2002,2012,2
gmane.comp.kde.devel.quanta.user,27,1350,en,100.0,100.0,2003,2011,1
gmane.comp.lang.nim.general,27,1350,en,100.0,100.0,2016,2019,1
gmane.comp.lang.pike.user,27,1350,en,96.3,96.3,2002,2014,2
gmane.comp.lang.rexx.oorexx.devel,27,1350,en,100.0,100.0,2008,2019,1
gmane.comp.mathematics.lpsolve,27,1350,en,92.6,92.6,2005,2016,3
gmane.comp.monitoring.nut.user,27,1350,en,96.3,96.3,2006,2017,2
gmane.comp.security.openvas.users,27,1350,en,100.0,100.0,2007,2018,1
gmane.comp.video.xine.user,27,1350,en,100.0,100.0,2002,2005,1
gmane.comp.web.canoo.webtest,27,1350,en,92.6,92.6,2004,2010,3
gmane.comp.web.shindig.devel,27,1350,en,96.3,96.3,2009,2014,2
gmane.comp.windows.dotnet.nhibernate.user.spanish,27,1350,es,96.3,3.7,2006,2012,2
gmane.law.india.rti,27,1350,en,96.3,96.3,2008,2018,2
gmane.linux.debian.devel.accessibility,27,1350,en,96.3,96.3,2004,2017,2
gmane.linux.frugalware.devel,27,1350,en,100.0,100.0,2005,2016,1
gmane.linux.kernel.containers.lxc.general,27,1350,en,100.0,100.0,2010,2017,1
gmane.linux.mageia.soft.scm,27,1350,en,92.6,92.6,2011,2019,3
gmane.linux.redhat.fedora.golang,27,1350,en,88.9,88.9,2014,2016,2
gmane.linux.rpm.yum,27,1350,en,100.0,100.0,2002,2014,1
gmane.mail.imap.dbmail.devel,27,1350,en,96.3,96.3,2004,2015,2
gmane.music.equipment.old-synthesizers,27,1350,en,85.2,85.2,2003,2017,3
gmane.music.equipment.slimdevices.boom,27,1350,en,96.3,96.3,2008,2019,2
gmane.network.ethereal.user,27,1350,en,100.0,100.0,2003,2006,1
gmane.org.region.indonesia.nextbetter,27,1350,id,92.6,7.4,2008,2011,2
gmane.org.unix-heritage.general,27,1350,en,100.0,100.0,2014,2019,1
gmane.org.user-groups.rlug.offtopic,27,1350,ro,85.2,7.4,2003,2016,4
gmane.os.macosx.quicksilver.user,27,1350,en,100.0,100.0,2008,2015,1
gmane.science.mathematics.logic.coq.club,27,1350,en,100.0,100.0,2004,2019,1
gmane.user-groups.linux.ottawa.general,27,1350,en,96.3,96.3,2004,2010,2
gmane.comp.apache.openoffice.user,27,1350,en,100.0,100.0,2013,2019,1
gmane.comp.distributed.slurm.devel,27,1350,en,100.0,100.0,2011,2019,1
gmane.comp.freeradius.devel,27,1350,en,100.0,100.0,2005,2018,1
gmane.comp.gnome.gtk+.perl,27,1350,en,96.3,96.3,2002,2011,2
gmane.comp.gnu.libtool.general,27,1350,en,88.9,88.9,2002,2018,2
gmane.comp.lib.muscle,27,1350,en,100.0,100.0,2003,2017,1
gmane.education.region.usa.edebate,27,1350,en,96.3,96.3,2007,2009,2
gmane.linux.cluster.redhat.cluster.devel,27,1350,en,96.3,96.3,2007,2019,2
gmane.linux.trustix.general,27,1350,en,100.0,100.0,2002,2007,1
gmane.mail.sylpheed.claws.cvs,27,1350,en,92.6,92.6,2002,2006,3
gmane.network.ryu.devel,27,1350,en,92.6,92.6,2012,2019,3
gmane.org.telecom.india-gii,27,1350,en,100.0,100.0,2002,2016,1
gmane.text.doxygen.general,27,1350,en,96.3,96.3,2003,2019,2
gmane.comp.file-systems.openafs.scm,27,1350,en,100.0,100.0,2009,2014,1
gmane.comp.handhelds.openmoko.buglog,27,1350,en,85.2,85.2,2007,2010,4
gmane.comp.lang.active4d.devel,27,1350,en,100.0,100.0,2002,2014,1
gmane.culture.internet.nettime,27,1350,en,100.0,100.0,2006,2019,1
gmane.linux.ubuntu.user.chinese,27,1350,zh-cn,63.0,7.4,2009,2013,7
gmane.network.nagios.checkmk.german,27,1350,de,100.0,0.0,2011,2018,1
gmane.comp.java.springframework.user,27,1350,en,100.0,100.0,2004,2008,1
gmane.comp.audio.liquidsoap.user,26,1300,en,100.0,100.0,2010,2019,1
gmane.comp.audio.portaudio.devel,26,1300,en,100.0,100.0,2004,2016,1
gmane.comp.calendars.meeting-room-booking-system.general,26,1300,en,96.2,96.2,2000,2015,2
gmane.comp.db.firebird.dotnetprovider,26,1300,en,96.2,96.2,2006,2018,2
gmane.comp.db.monetdb.pathfinder.scm,26,1300,en,100.0,100.0,2007,2010,1
gmane.comp.documentation.libreoffice.marketing,26,1300,en,100.0,100.0,2010,2015,1
gmane.comp.graphics.crystalspace.general,26,1300,en,100.0,100.0,2003,2014,1
gmane.comp.handhelds.opie,26,1300,en,100.0,100.0,2002,2007,1
gmane.comp.jakarta.lucene.net.devel,26,1300,en,96.2,96.2,2007,2018,2
gmane.comp.java.cayenne.devel,26,1300,en,96.2,96.2,2005,2015,2
gmane.comp.java.openjdk.net.devel,26,1300,en,96.2,96.2,2008,2019,2
gmane.comp.java.springframework.devel,26,1300,en,92.3,92.3,2003,2015,2
gmane.comp.lang.ruby.capistrano.general,26,1300,en,100.0,100.0,2007,2016,1
gmane.comp.python.tryton,26,1300,en,100.0,100.0,2008,2018,1
gmane.comp.version-control.cvs.gui.user,26,1300,en,100.0,100.0,2002,2006,1
gmane.comp.web.microformats.general,26,1300,en,100.0,100.0,2005,2008,1
gmane.comp.windows.devel.dotnet.clr,26,1300,en,100.0,100.0,2003,2008,1
gmane.culture.bicycle.ebbc,26,1300,en,100.0,100.0,2002,2011,1
gmane.culture.internet.spectre,26,1300,en,88.5,88.5,2006,2018,4
gmane.emacs.xemacs.cvs,26,1300,en,92.3,92.3,2002,2011,2
gmane.ietf.mip6,26,1300,en,100.0,100.0,2004,2016,1
gmane.linux.kernel.tracing.lttng.devel,26,1300,en,96.2,96.2,2010,2017,2
gmane.linux.lib.musl.general,26,1300,en,100.0,100.0,2011,2019,1
gmane.linux.scsi.open-fcoe.devel,26,1300,en,96.2,96.2,2008,2014,2
gmane.linux.swsusp.general,26,1300,en,100.0,100.0,2005,2012,1
gmane.linux.ubuntu.devel.changes.natty,26,1300,en,84.6,84.6,2010,2012,4
gmane.linux.ubuntu.lubuntu.user,26,1300,en,92.3,92.3,2012,2017,3
gmane.network.jabber.ejabberd,26,1300,en,96.2,96.2,2004,2018,2
gmane.network.openssh.bugs,26,1300,en,80.8,80.8,2009,2019,2
gmane.network.tipc.general,26,1300,en,96.2,96.2,2007,2018,2
gmane.org.user-groups.aclug.discussion,26,1300,en,100.0,100.0,1998,2016,1
gmane.org.user-groups.hackmeeting,26,1300,es,92.3,0.0,2009,2018,2
gmane.org.user-groups.linux.purdue.general,26,1300,en,96.2,96.2,1999,2014,2
gmane.org.user-groups.linux.toulouse,26,1300,fr,100.0,0.0,2005,2018,1
gmane.science.biology.marmam,26,1300,en,100.0,100.0,2005,2018,1
gmane.text.xml.xerces-c.devel,26,1300,en,92.3,92.3,2003,2017,2
gmane.comp.games.warzone.devel,26,1300,en,100.0,100.0,2006,2012,1
gmane.comp.gis.osgeo.livedemo,26,1300,en,92.3,92.3,2009,2017,3
gmane.comp.graphics.imatch,26,1300,en,100.0,100.0,2004,2005,1
gmane.comp.hardware.netbook.arm,26,1300,en,100.0,100.0,2011,2018,1
gmane.comp.java.cayenne.user,26,1300,en,96.2,96.2,2005,2019,2
gmane.comp.java.cdi.weld.issues,26,1300,UNKNOWN,73.1,19.2,2010,2016,3
gmane.games.fps.bf1942,26,1300,en,96.2,96.2,2002,2005,2
gmane.linux.ubuntu.devel.changes.utopic,26,1300,en,84.6,84.6,2014,2015,4
gmane.lisp.qi,26,1300,en,96.2,96.2,2008,2018,2
gmane.org.w3c.working-groups.swhcls,26,1300,en,100.0,100.0,2006,2014,1
gmane.comp.embedded.nano-x,26,1300,en,100.0,100.0,1999,2007,1
gmane.comp.python.general.german,26,1300,de,100.0,0.0,2003,2018,1
gmane.linux.freshrpms.user,26,1300,en,100.0,100.0,2002,2007,1
gmane.linux.ubuntu.devel.changes.saucy,26,1300,en,84.6,84.6,2013,2013,5
gmane.politics.activism.tomakeadifference,26,1300,en,92.3,92.3,2006,2013,3
gmane.comp.cms.nuxeo.general,26,1300,en,96.2,96.2,2006,2010,2
gmane.comp.fonts.freetype.devel,26,1300,en,100.0,100.0,2002,2018,1
gmane.linux.ubuntu.devel.changes.yakkety,26,1300,en,76.9,76.9,2016,2017,5
gmane.comp.apache.incubator.river.devel,25,1250,en,88.0,88.0,2007,2016,4
gmane.comp.bios.tianocore.scm,25,1250,en,100.0,100.0,2012,2019,1
gmane.comp.bug-tracking.roundup.user,25,1250,en,100.0,100.0,2003,2011,1
gmane.comp.capabilities.general,25,1250,en,100.0,100.0,2005,2013,1
gmane.comp.cloud.openstack.operators,25,1250,en,100.0,100.0,2014,2018,1
gmane.comp.corba.omniorb.user,25,1250,en,92.0,92.0,2002,2018,3
gmane.comp.emulators.bochs.devel,25,1250,en,92.0,92.0,2002,2018,2
gmane.comp.finance.grisbi.user.french,25,1250,fr,92.0,8.0,2005,2015,2
gmane.comp.finance.ledger.general,25,1250,en,100.0,100.0,2008,2019,1
gmane.comp.freedesktop.hal,25,1250,en,100.0,100.0,2004,2010,1
gmane.comp.gnome.announce,25,1250,en,100.0,100.0,2002,2017,1
gmane.comp.jakarta.slide.user,25,1250,en,100.0,100.0,2002,2006,1
gmane.comp.java.logback.devel,25,1250,en,72.0,72.0,2006,2019,3
gmane.comp.lang.javascript.clojurescript,25,1250,en,100.0,100.0,2013,2018,1
gmane.comp.lang.r.ggplot2,25,1250,en,100.0,100.0,2011,2019,1
gmane.comp.lang.ruby.sequel,25,1250,en,100.0,100.0,2007,2018,1
gmane.comp.lang.rust.devel,25,1250,en,96.0,96.0,2011,2014,2
gmane.comp.mozilla.devel.gaia,25,1250,en,96.0,96.0,2012,2015,2
gmane.comp.python.general.bangpypers,25,1250,en,92.0,92.0,2008,2015,3
gmane.comp.python.ipython.user,25,1250,en,96.0,96.0,2005,2014,2
gmane.comp.systems.archos.rockbox.devel,25,1250,en,100.0,100.0,2005,2014,1
gmane.comp.systems.as400.bpcs,25,1250,en,96.0,96.0,2002,2017,2
gmane.comp.sysutils.pcp,25,1250,en,96.0,96.0,2006,2017,2
gmane.comp.video.ffmpeg.issues,25,1250,en,88.0,88.0,2007,2011,3
gmane.comp.video.mencoder.user,25,1250,en,96.0,96.0,2005,2012,2
gmane.comp.web.egroupware.bugs,25,1250,en,96.0,96.0,2004,2013,2
gmane.compw.window-managers.windowmaker.devel,25,1250,en,100.0,100.0,2004,2016,1
gmane.culture.discuss.boundary-point,25,1250,en,96.0,96.0,2000,2007,2
gmane.games.rpg.gurps,25,1250,en,96.0,96.0,2006,2018,2
gmane.ietf.calendar,25,1250,en,100.0,100.0,1996,2003,1
gmane.ietf.languages,25,1250,en,100.0,100.0,2004,2018,1
gmane.ietf.pwe3,25,1250,en,100.0,100.0,2002,2013,1
gmane.linux.debian.devel.gtk-gnome,25,1250,en,96.0,96.0,2002,2009,2
gmane.linux.mageia.user,25,1250,en,100.0,100.0,2010,2018,1
gmane.linux.man,25,1250,en,88.0,88.0,2009,2018,4
gmane.linux.redhat.fedora.cloud,25,1250,en,100.0,100.0,2011,2017,1
gmane.linux.redhat.fedora.extras.packaging,25,1250,en,100.0,100.0,2006,2018,1
gmane.linux.redhat.fedora.foreman.user,25,1250,en,100.0,100.0,2014,2017,1
gmane.linux.redhat.rhn.user,25,1250,en,100.0,100.0,2002,2009,1
gmane.linux.terminal-server.x2go.devel,25,1250,en,100.0,100.0,2011,2017,1
gmane.linux.ubuntu.devel.changes.gutsy,25,1250,en,88.0,88.0,2007,2008,3
gmane.linux.ubuntu.user.indian,25,1250,en,100.0,100.0,2007,2013,1
gmane.linux.ubuntu.xubuntu.user,25,1250,en,100.0,100.0,2007,2018,1
gmane.mail.nmh.devel,25,1250,en,100.0,100.0,2005,2019,1
gmane.mail.spam.spamcop.email,25,1250,en,100.0,100.0,2002,2005,1
gmane.music.prodigy,25,1250,en,96.0,96.0,2011,2015,2
gmane.org.fsf.german,25,1250,de,100.0,0.0,2003,2017,1
gmane.org.user-groups.linux.lugli,25,1250,es,92.0,0.0,2005,2009,3
gmane.science.mathematics.discrete,25,1250,en,100.0,100.0,2003,2017,1
gmane.science.simulation.sumo.user,25,1250,en,100.0,100.0,2008,2018,1
gmane.comp.file-systems.openafs.devel,25,1250,en,96.0,96.0,2002,2010,2
gmane.comp.kde.internationalization.german,25,1250,de,80.0,12.0,2005,2013,4
gmane.comp.lang.go.china,25,1250,zh-cn,32.0,28.0,2012,2015,8
gmane.comp.lang.j.beta,25,1250,en,100.0,100.0,2006,2018,1
gmane.comp.lang.javascript.v8.general,25,1250,en,100.0,100.0,2008,2018,1
gmane.comp.multimedia.get_iplayer,25,1250,en,100.0,100.0,2011,2018,1
gmane.comp.python.mod_wsgi,25,1250,en,100.0,100.0,2008,2018,1
gmane.comp.video.x264.devel,25,1250,en,96.0,96.0,2005,2019,2
gmane.culture.literature.feistfans,25,1250,en,92.0,92.0,2011,2016,3
gmane.linux.bluez.devel,25,1250,en,96.0,96.0,2003,2008,2
gmane.linux.drivers.gnokii,25,1250,en,100.0,100.0,2002,2011,1
gmane.linux.drivers.ipw2100.devel,25,1250,en,100.0,100.0,2004,2009,1
gmane.linux.jailhouse,25,1250,en,100.0,100.0,2014,2019,1
gmane.linux.uclinux.microblaze,25,1250,en,100.0,100.0,2004,2010,1
gmane.linux.utilities.util-linux-ng,25,1250,en,96.0,96.0,2007,2019,2
gmane.lisp.lispworks.general,25,1250,en,100.0,100.0,2003,2018,1
gmane.network.dns.dnsmasq.general,25,1250,en,100.0,100.0,2005,2017,1
gmane.network.tight-vnc.general,25,1250,en,100.0,100.0,2002,2011,1
gmane.org.hackerspaces.tel-aviv,25,1250,en,64.0,64.0,2014,2019,2
gmane.org.user-groups.linux.italy.napoli,25,1250,it,88.0,4.0,2000,2011,3
gmane.text.xml.xfml,25,1250,en,100.0,100.0,2006,2016,1
gmane.comp.java.htmlunit.general,25,1250,en,96.0,96.0,2004,2017,2
gmane.comp.kde.akregator.devel,25,1250,en,84.0,84.0,2005,2017,4
gmane.comp.package-management.packman,25,1250,en,72.0,72.0,2007,2018,2
gmane.comp.sysutils.apcupsd.user,25,1250,en,96.0,96.0,2004,2017,2
gmane.culture.libraries.ngc4lib,25,1250,en,100.0,100.0,2006,2013,1
gmane.mail.mulberry.user,25,1250,en,100.0,100.0,2002,2017,1
gmane.comp.emulators.xen.ia64,25,1250,en,92.0,92.0,2005,2009,3
gmane.linux.distributions.machinekit,25,1250,en,100.0,100.0,2014,2019,1
gmane.linux.distributions.tails.devel,25,1250,en,88.0,88.0,2011,2019,4
gmane.comp.audio.emagic.logic.off-topic,24,1200,en,100.0,100.0,2000,2010,1
gmane.comp.db.postgresql.odbc,24,1200,en,95.8,95.8,2002,2016,2
gmane.comp.freedesktop.poppler,24,1200,en,83.3,83.3,2006,2019,4
gmane.comp.jakarta.slide.devel,24,1200,en,83.3,83.3,2002,2007,5
gmane.comp.jakarta.turbine.user,24,1200,en,95.8,95.8,2002,2007,2
gmane.comp.java.openjdk.jdk7u.devel,24,1200,en,87.5,87.5,2011,2017,3
gmane.comp.linux.lvs.user,24,1200,en,100.0,100.0,2004,2015,1
gmane.comp.mathematics.scilab.user,24,1200,en,100.0,100.0,2008,2018,1
gmane.comp.programming.tools.scons.devel,24,1200,en,100.0,100.0,2005,2015,1
gmane.comp.security.openwall.john.user,24,1200,en,100.0,100.0,2005,2019,1
gmane.comp.serendipity.cvs,24,1200,en,79.2,79.2,2004,2016,4
gmane.comp.systems.as400.help400,24,1200,es,87.5,0.0,2010,2016,2
gmane.comp.sysutils.backup.rsnapshot.general,24,1200,en,100.0,100.0,2005,2016,1
gmane.comp.web.openid.general,24,1200,en,95.8,95.8,2005,2013,2
gmane.comp.web.zope.cps.general.french,24,1200,fr,95.8,4.2,2003,2007,2
gmane.comp.web.zope.plone.region.italian.general,24,1200,it,87.5,8.3,2008,2015,3
gmane.comp.web.zope.russian,24,1200,ru,70.8,29.2,2004,2010,2
gmane.editors.textmate.devel,24,1200,en,91.7,91.7,2005,2009,3
gmane.ietf.rfc822,24,1200,en,95.8,95.8,1991,2014,2
gmane.ietf.smtp,24,1200,en,100.0,100.0,1992,2019,1
gmane.linux.can,24,1200,en,95.8,95.8,2011,2019,2
gmane.linux.debian.devel.documentation,24,1200,en,91.7,91.7,2002,2018,2
gmane.linux.debian.devel.ssh,24,1200,en,83.3,83.3,2003,2018,4
gmane.linux.redhat.kickstart.general,24,1200,en,95.8,95.8,2002,2016,2
gmane.linux.suse.opensuse.user.indonesia,24,1200,id,91.7,4.2,2008,2012,3
gmane.linux.ubuntu.devel.changes.jaunty,24,1200,en,83.3,83.3,2008,2010,5
gmane.linux.ubuntu.devel.changes.oneiric,24,1200,en,91.7,91.7,2011,2013,2
gmane.linux.utilities.smartmontools,24,1200,en,95.8,95.8,2002,2013,2
gmane.mail.qmail.ldap,24,1200,en,100.0,100.0,2003,2012,1
gmane.org.user-groups.linux.dunedin.general,24,1200,en,100.0,100.0,2004,2016,1
gmane.os.chromium.general,24,1200,en,100.0,100.0,2011,2019,1
gmane.politics.progressive.news,24,1200,en,100.0,100.0,2003,2010,1
gmane.science.robotics.playerstage.user,24,1200,en,91.7,91.7,2005,2016,3
gmane.comp.apache.community.devel,24,1200,en,100.0,100.0,2010,2019,1
gmane.comp.gnome.apps.mc.devel,24,1200,en,100.0,100.0,2002,2017,1
gmane.comp.gnome.apps.rhythmbox.devel,24,1200,en,95.8,95.8,2003,2011,2
gmane.comp.gnu.make.general,24,1200,en,95.8,95.8,2002,2019,2
gmane.comp.graphics.cel.scm,24,1200,en,87.5,87.5,2001,2011,4
gmane.comp.lang.perl.modules.dbix-class,24,1200,en,100.0,100.0,2006,2016,1
gmane.comp.php.pear.core,24,1200,en,66.7,66.7,2004,2010,4
gmane.comp.statistics.stan.user,24,1200,en,100.0,100.0,2015,2017,1
gmane.comp.voip.linphone.user,24,1200,en,100.0,100.0,2004,2019,1
gmane.comp.web.zope.repoze.scm,24,1200,en,91.7,91.7,2008,2011,3
gmane.comp.web.zope.zodb,24,1200,en,100.0,100.0,2002,2015,1
gmane.culture.film.documentary.docuwallahs2,24,1200,en,100.0,100.0,2008,2017,1
gmane.linux.pve.user,24,1200,en,95.8,95.8,2012,2019,2
gmane.linux.redhat.rpm.general,24,1200,en,95.8,95.8,2002,2008,2
gmane.mail.exim.devel,24,1200,en,95.8,95.8,2005,2018,2
gmane.mail.xmail.general,24,1200,en,100.0,100.0,2003,2010,1
gmane.org.operators.ipv6,24,1200,en,100.0,100.0,2005,2014,1
gmane.org.user-groups.linux.bralug,24,1200,de,100.0,0.0,1999,2018,1
gmane.comp.isp.brazil.provedores,24,1200,pt,100.0,0.0,2001,2012,1
gmane.comp.java.openwebbeans.devel,24,1200,en,91.7,91.7,2010,2019,2
gmane.comp.windows.dotnet.nant.user,24,1200,en,95.8,95.8,2003,2011,2
gmane.culture.transportation.humanpowered.trikes,24,1200,en,100.0,100.0,2005,2008,1
gmane.games.devel.sweng,24,1200,en,100.0,100.0,2002,2010,1
gmane.linux.redhat.rpm.atrpms.general,24,1200,en,100.0,100.0,2004,2014,1
gmane.linux.umbrello.devel,24,1200,en,91.7,91.7,2004,2016,2
gmane.org.region.india.smc-discuss,24,1200,en,62.5,62.5,2008,2018,2
gmane.org.user-groups.linux.philippine.newbies,24,1200,en,95.8,95.8,2003,2005,2
gmane.technology.ham.contestru,24,1200,ru,83.3,4.2,2011,2017,4
gmane.comp.version-control.bazaar-ng.scm,24,1200,en,91.7,91.7,2008,2012,3
gmane.comp.apache.ode.devel,23,1150,en,65.2,65.2,2008,2019,4
gmane.comp.apache.openjpa.user,23,1150,en,100.0,100.0,2007,2018,1
gmane.comp.distributed.opennebula.user,23,1150,en,95.7,95.7,2010,2013,2
gmane.comp.erp.openbravo.builds,23,1150,en,100.0,100.0,2010,2019,1
gmane.comp.java.xdoclet.user,23,1150,en,100.0,100.0,2002,2010,1
gmane.comp.lang.ruby.region.minnesota,23,1150,en,95.7,95.7,2006,2014,2
gmane.comp.programming.refactoring,23,1150,en,100.0,100.0,2002,2011,1
gmane.comp.python.bokeh,23,1150,en,100.0,100.0,2015,2019,1
gmane.comp.python.buildbot.devel,23,1150,en,95.7,95.7,2005,2017,2
gmane.comp.security.dshield.general,23,1150,en,100.0,100.0,2004,2007,1
gmane.comp.security.firewalls.smoothwall.general,23,1150,en,100.0,100.0,2002,2004,1
gmane.comp.security.jobs,23,1150,en,100.0,100.0,2002,2008,1
gmane.comp.video.graphviz,23,1150,en,100.0,100.0,2002,2014,1
gmane.comp.video.x265.devel,23,1150,en,95.7,95.7,2013,2018,2
gmane.comp.web.midgard.devel,23,1150,en,100.0,100.0,2002,2006,1
gmane.comp.web.opera.linux,23,1150,en,100.0,100.0,2002,2012,1
gmane.comp.web.privoxy.devel,23,1150,en,100.0,100.0,2002,2014,1
gmane.comp.web.services.soa.yahoo-1,23,1150,en,95.7,95.7,2006,2013,2
gmane.comp.web.shibboleth.devel,23,1150,en,100.0,100.0,2008,2018,1
gmane.ietf.nemo,23,1150,en,100.0,100.0,2004,2014,1
gmane.linux.drivers.gammu.scm,23,1150,en,100.0,100.0,2007,2011,1
gmane.linux.openmandriva.cooker.devel,23,1150,en,82.6,82.6,2013,2017,2
gmane.linux.suse.laptop,23,1150,de,95.7,4.3,2003,2007,2
gmane.lisp.clisp.general,23,1150,en,100.0,100.0,1995,2015,1
gmane.mail.roundcube.devel,23,1150,en,100.0,100.0,2005,2016,1
gmane.music.idm,23,1150,en,91.3,91.3,2005,2019,3
gmane.network.argus,23,1150,en,100.0,100.0,2000,2018,1
gmane.network.syndication.podcast.gpodder.bugs,23,1150,en,87.0,87.0,2008,2012,2
gmane.network.tin.bugs,23,1150,en,60.9,60.9,2003,2016,7
gmane.network.zebra,23,1150,en,100.0,100.0,2002,2007,1
gmane.org.user-groups.linux.aklug.general,23,1150,en,95.7,95.7,2007,2016,2
gmane.org.user-groups.php.nyphp.general,23,1150,en,95.7,95.7,2007,2013,2
gmane.os.freebsd.devel.ppc,23,1150,en,73.9,73.9,2004,2019,3
gmane.os.qubes.devel,23,1150,en,91.3,91.3,2012,2019,3
gmane.os.rtems.devel,23,1150,en,100.0,100.0,2013,2016,1
gmane.sports.football.lsk,23,1150,no,95.7,0.0,2002,2006,2
gmane.text.xml.forrest.cvs,23,1150,en,95.7,95.7,2004,2017,2
gmane.text.xml.resin.user,23,1150,en,100.0,100.0,2002,2006,1
gmane.comp.apache.legal.discuss,23,1150,en,100.0,100.0,2010,2019,1
gmane.comp.db.maxdb,23,1150,en,100.0,100.0,2003,2007,1
gmane.comp.emulators.virt-tools,23,1150,en,100.0,100.0,2010,2016,1
gmane.comp.gnome.general,23,1150,en,100.0,100.0,2002,2014,1
gmane.comp.java.jetty.cvs,23,1150,en,100.0,100.0,2002,2006,1
gmane.comp.lang.perl.quality-assurance,23,1150,en,100.0,100.0,2002,2013,1
gmane.comp.lang.ruby.region.san-diego,23,1150,en,100.0,100.0,2006,2017,1
gmane.comp.php.pecl.devel,23,1150,en,100.0,100.0,2004,2018,1
gmane.comp.science.openeeg.general,23,1150,en,100.0,100.0,2004,2012,1
gmane.comp.security.italian,23,1150,it,91.3,4.3,2005,2015,3
gmane.comp.window-managers.fvwm,23,1150,en,100.0,100.0,2004,2018,1
gmane.editors.xxe.general,23,1150,en,100.0,100.0,2002,2017,1
gmane.ietf.ltru,23,1150,en,95.7,95.7,2005,2011,2
gmane.linux.debian.devel.python-apps,23,1150,en,73.9,73.9,2011,2019,5
gmane.network.miranda-im.cvs.general,23,1150,en,95.7,95.7,2005,2009,2
gmane.network.mldonkey.user,23,1150,en,91.3,91.3,2003,2013,3
gmane.network.nagios.devel,23,1150,en,100.0,100.0,2003,2015,1
gmane.org.user-groups.linux.austria,23,1150,de,95.7,4.3,2009,2019,2
gmane.science.mathematics.categories,23,1150,en,100.0,100.0,1999,2017,1
gmane.comp.apache.mod-security.user,23,1150,en,100.0,100.0,2006,2018,1
gmane.comp.security.ids.snort.sigs,23,1150,en,100.0,100.0,2002,2019,1
gmane.comp.statistics.gretl.user,23,1150,en,95.7,95.7,2007,2019,2
gmane.culture.region.moldova,23,1150,en,65.2,65.2,2006,2017,4
gmane.linux.leds,23,1150,en,95.7,95.7,2014,2019,2
gmane.linux.suse.oracle.general,23,1150,en,100.0,100.0,2002,2007,1
gmane.org.psl.ba,23,1150,pt,100.0,0.0,2005,2014,1
gmane.os.solaris.opencsw.bugs,23,1150,en,100.0,100.0,2009,2014,1
gmane.comp.java.openjdk.compiler.devel,23,1150,en,82.6,82.6,2010,2018,4
gmane.culture.cooking.famous-recipes,23,1150,en,100.0,100.0,2005,2014,1
gmane.linux.ubuntu.devel.changes.wily,23,1150,en,95.7,95.7,2015,2016,2
gmane.comp.apache.apr.cvs,22,1100,en,100.0,100.0,2002,2018,1
gmane.comp.boot-loaders.smart-boot-manager,22,1100,UNKNOWN,63.6,27.3,2007,2013,3
gmane.comp.cms.gnue.cvs,22,1100,en,86.4,86.4,2002,2011,4
gmane.comp.db.touchdb.user,22,1100,en,100.0,100.0,2013,2017,1
gmane.comp.embedded.lede.devel,22,1100,en,100.0,100.0,2016,2018,1
gmane.comp.gnome.garnome,22,1100,en,100.0,100.0,2002,2008,1
gmane.comp.gnome.ximian.user,22,1100,en,100.0,100.0,2002,2003,1
gmane.comp.graphics.opengraphics,22,1100,en,95.5,95.5,2005,2008,2
gmane.comp.handhelds.android.ioio,22,1100,en,95.5,95.5,2012,2016,2
gmane.comp.handhelds.openmoko.kernel,22,1100,en,100.0,100.0,2007,2010,1
gmane.comp.java.classpath.devel,22,1100,en,100.0,100.0,2002,2008,1
gmane.comp.java.daisy.general,22,1100,en,95.5,95.5,2005,2012,2
gmane.comp.java.jikes.rvm.devel,22,1100,en,100.0,100.0,2002,2014,1
gmane.comp.java.netbeans.modules.monitor.devel,22,1100,en,72.7,72.7,2011,2017,5
gmane.comp.lang.haskell.yesod,22,1100,en,100.0,100.0,2011,2015,1
gmane.comp.lang.perl.perl-mongers.saopaulo,22,1100,pt,77.3,9.1,2010,2017,4
gmane.comp.lang.uml.argouml.cvs,22,1100,en,100.0,100.0,2005,2011,1
gmane.comp.lib.grpc,22,1100,en,100.0,100.0,2015,2019,1
gmane.comp.multimedia.musix,22,1100,es,90.9,4.5,2007,2015,3
gmane.comp.sysutils.automake.patches,22,1100,en,100.0,100.0,2002,2018,1
gmane.comp.sysutils.backup.duplicity.general,22,1100,en,100.0,100.0,2004,2018,1
gmane.comp.sysutils.strace.devel,22,1100,en,86.4,86.4,2009,2018,3
gmane.comp.tools.mnemosyne.user,22,1100,en,95.5,95.5,2008,2019,2
gmane.comp.web.lynx.devel,22,1100,en,100.0,100.0,2002,2019,1
gmane.culture.language.basque.dantzan,22,1100,id,77.3,4.5,2002,2019,4
gmane.linux.debian.user.swedish,22,1100,sv,90.9,4.5,2002,2017,3
gmane.linux.drivers.ath10k.devel,22,1100,en,100.0,100.0,2014,2019,1
gmane.linux.hardware.blackfin.kernel.devel,22,1100,en,95.5,95.5,2007,2012,2
gmane.linux.iscsi.open-iscsi,22,1100,en,100.0,100.0,2008,2019,1
gmane.linux.kernel.crash-dump.crash-utility,22,1100,en,100.0,100.0,2006,2017,1
gmane.linux.kernel.device-mapper.dm-crypt,22,1100,en,100.0,100.0,2004,2017,1
gmane.linux.pld.devel.english,22,1100,en,100.0,100.0,2005,2018,1
gmane.linux.redhat.fedora.advisory-board,22,1100,en,100.0,100.0,2006,2019,1
gmane.linux.redhat.fedora.websites,22,1100,en,100.0,100.0,2008,2018,1
gmane.network.dhcp.isc.dhcp-client,22,1100,en,100.0,100.0,2002,2016,1
gmane.network.jabber.gajim.scm,22,1100,en,95.5,95.5,2010,2019,2
gmane.network.syndication.atom.protocol,22,1100,en,100.0,100.0,2005,2009,1
gmane.network.volkszaehler.user,22,1100,de,90.9,4.5,2013,2019,3
gmane.org.operators.swinog,22,1100,en,86.4,86.4,2002,2019,3
gmane.org.user-groups.asterisk.toronto.taug.general,22,1100,en,95.5,95.5,2005,2015,2
gmane.org.user-groups.freebsd.ua,22,1100,ru,95.5,0.0,2010,2015,2
gmane.org.wikimedia.wikidata,22,1100,en,95.5,95.5,2012,2019,2
gmane.os.freebsd.chat,22,1100,en,100.0,100.0,2002,2019,1
gmane.os.freebsd.italian.varie,22,1100,it,90.9,4.5,2000,2012,3
gmane.os.netbsd.devel.cvs.discuss,22,1100,en,95.5,95.5,2009,2018,2
gmane.os.pcbsd.testing,22,1100,en,100.0,100.0,2007,2016,1
gmane.text.xml.basex.talk,22,1100,en,95.5,95.5,2012,2018,2
gmane.comp.audio.lmms.devel,22,1100,en,100.0,100.0,2013,2015,1
gmane.comp.db.influxdb,22,1100,en,100.0,100.0,2014,2017,1
gmane.comp.handhelds.meego.devel,22,1100,en,90.9,90.9,2010,2011,3
gmane.comp.lang.j.general,22,1100,en,95.5,95.5,2006,2018,2
gmane.comp.lang.racket.devel,22,1100,en,95.5,95.5,2010,2015,2
gmane.comp.security.netsec,22,1100,tr,90.9,9.1,2007,2016,2
gmane.comp.sysutils.graylog2.general,22,1100,en,95.5,95.5,2014,2017,2
gmane.comp.video.ffmpeg.soc,22,1100,en,90.9,90.9,2007,2010,3
gmane.education.libraries.open-ils.devel,22,1100,en,100.0,100.0,2007,2018,1
gmane.linux.drivers.gammu,22,1100,en,95.5,95.5,2003,2014,2
gmane.linux.e-smith.contrib,22,1100,en,100.0,100.0,2008,2019,1
gmane.linux.scientific.user,22,1100,en,100.0,100.0,2011,2018,1
gmane.linux.ubuntu.devel.kubuntu,22,1100,en,95.5,95.5,2006,2017,2
gmane.lisp.guile.bugs,22,1100,en,90.9,90.9,2002,2018,3
gmane.network.ntp.ntpsec,22,1100,en,100.0,100.0,2016,2019,1
gmane.network.proftpd.user,22,1100,en,100.0,100.0,2003,2019,1
gmane.os.freebsd.devel.scsi,22,1100,en,95.5,95.5,2002,2019,2
gmane.os.netbsd.ports.sparc,22,1100,en,100.0,100.0,2002,2012,1
gmane.politics.parties.pirateparty.italy,22,1100,it,95.5,0.0,2010,2013,2
gmane.science.mathematics.fom,22,1100,en,100.0,100.0,2005,2016,1
gmane.text.docutils.devel,22,1100,en,100.0,100.0,2002,2018,1
gmane.comp.desktop.rox.devel,22,1100,en,100.0,100.0,2000,2008,1
gmane.comp.freedesktop.clipart,22,1100,en,100.0,100.0,2004,2011,1
gmane.comp.gcc.java.prs,22,1100,en,77.3,77.3,2004,2014,3
gmane.comp.kde.releases,22,1100,en,95.5,95.5,2008,2018,2
gmane.comp.lx-office.cvs,22,1100,en,81.8,81.8,2005,2019,3
gmane.comp.mathematics.libmesh.user,22,1100,en,100.0,100.0,2008,2017,1
gmane.comp.tex.bibtex.bibdesk.scm,22,1100,en,95.5,95.5,2008,2018,2
gmane.comp.version-control.subversion.book,22,1100,en,81.8,81.8,2005,2016,5
gmane.linux.debian.devel.games,22,1100,en,90.9,90.9,2006,2017,3
gmane.science.linguistics.wikipedia.verein,22,1100,de,95.5,4.5,2005,2015,2
gmane.comp.apache.trafficserver.devel,22,1100,en,100.0,100.0,2013,2019,1
gmane.comp.ide.eclipse.jetty.user,22,1100,en,100.0,100.0,2011,2019,1
gmane.linux.kernel.autotest,22,1100,en,100.0,100.0,2010,2016,1
gmane.comp.fonts.fontforge.devel,22,1100,en,95.5,95.5,2004,2016,2
gmane.comp.monitoring.collectd,22,1100,en,100.0,100.0,2005,2016,1
gmane.education.region.romania.operating-systems-design,22,1100,ro,90.9,4.5,2004,2018,3
gmane.linux.ubuntu.user.quebec,22,1100,fr,95.5,4.5,2006,2017,2
gmane.text.xml.fop.cvs,22,1100,en,95.5,95.5,2002,2017,2
gmane.comp.handhelds.palm.french,22,1100,fr,95.5,0.0,2003,2008,2
gmane.network.gnutella.devel,22,1100,en,95.5,95.5,2002,2010,2
gmane.comp.tools.vagrant,22,1100,en,100.0,100.0,2014,2018,1
gmane.comp.ai.prolog.xsb.general,21,1050,ru,52.4,47.6,2006,2010,2
gmane.comp.apache.archiva.bugs,21,1050,en,66.7,66.7,2008,2017,2
gmane.comp.apache.db.jdo.devel,21,1050,en,85.7,85.7,2005,2019,3
gmane.comp.cms.mezzanine.user,21,1050,en,100.0,100.0,2012,2018,1
gmane.comp.db.sapdb.general,21,1050,en,100.0,100.0,2002,2003,1
gmane.comp.finance.grisbi.user,21,1050,pt,47.6,38.1,2007,2016,4
gmane.comp.gis.openstreetmap.region.br,21,1050,pt,95.2,0.0,2012,2018,2
gmane.comp.gnu.glpk,21,1050,en,95.2,95.2,2004,2018,2
gmane.comp.gnu.libtool.patches,21,1050,en,90.5,90.5,2002,2014,3
gmane.comp.hardware.texas-instruments.msp430.gcc.user,21,1050,en,95.2,95.2,2002,2014,2
gmane.comp.java.sun.kvm,21,1050,en,100.0,100.0,2003,2008,1
gmane.comp.lang.dylan.gwydion.cvs,21,1050,en,90.5,90.5,2002,2015,3
gmane.comp.lang.perl.perl-mongers.london,21,1050,en,100.0,100.0,2008,2014,1
gmane.comp.lang.tcl.mac,21,1050,en,100.0,100.0,2002,2011,1
gmane.comp.lib.fltk.bugs,21,1050,en,85.7,85.7,2005,2012,3
gmane.comp.mobile.bitpim.user,21,1050,en,100.0,100.0,2004,2010,1
gmane.comp.package-management.rpm.cvs,21,1050,en,95.2,95.2,2007,2017,2
gmane.comp.programming.language-of-the-year,21,1050,en,95.2,95.2,2003,2016,2
gmane.comp.python.org.baypiggies,21,1050,en,95.2,95.2,2005,2015,2
gmane.comp.security.firewalls.pfsense.general,21,1050,en,95.2,95.2,2011,2018,2
gmane.comp.sysutils.autoconf.bugs,21,1050,en,95.2,95.2,2000,2013,2
gmane.comp.telephony.gemeinschaft,21,1050,de,95.2,4.8,2008,2011,2
gmane.comp.tv.xmltv.cvs,21,1050,en,57.1,57.1,2003,2017,5
gmane.comp.version-control.subversion.subclipse.user,21,1050,en,100.0,100.0,2005,2015,1
gmane.comp.video.fresco.devel,21,1050,en,100.0,100.0,1997,2002,1
gmane.comp.web.ezcomponents.cvs,21,1050,en,100.0,100.0,2005,2009,1
gmane.comp.web.flickr.api,21,1050,en,100.0,100.0,2005,2015,1
gmane.comp.web.mason.user,21,1050,en,100.0,100.0,2002,2008,1
gmane.comp.web.zope.grok.devel,21,1050,en,100.0,100.0,2007,2011,1
gmane.comp.window-managers.awesome,21,1050,en,100.0,100.0,2008,2015,1
gmane.editors.geany.devel,21,1050,en,100.0,100.0,2009,2013,1
gmane.emacs.auctex.general,21,1050,en,100.0,100.0,2005,2017,1
gmane.games.devel.scummvm,21,1050,en,100.0,100.0,2004,2016,1
gmane.linux.debian.devel.new-maintainer,21,1050,en,100.0,100.0,2004,2018,1
gmane.linux.debian.fai,21,1050,en,90.5,90.5,2000,2017,3
gmane.linux.elitists,21,1050,en,100.0,100.0,2000,2013,1
gmane.linux.embedded.yocto.meta-ti,21,1050,en,95.2,95.2,2012,2019,2
gmane.linux.kde.redhat.user,21,1050,en,95.2,95.2,2004,2008,2
gmane.linux.ubuntu.devel.changes.dapper,21,1050,en,95.2,95.2,2005,2008,2
gmane.linux.ubuntu.user.dutch,21,1050,nl,95.2,0.0,2005,2016,2
gmane.network.ethereal.cvs,21,1050,en,71.4,71.4,2003,2006,3
gmane.network.inn,21,1050,en,100.0,100.0,2002,2018,1
gmane.org.user-groups.bsd.turkey,21,1050,tr,85.7,4.8,2004,2009,3
gmane.org.user-groups.freebsd.brasil,21,1050,pt,90.5,0.0,2012,2017,3
gmane.org.user-groups.linux.turkey.sohbet,21,1050,tr,100.0,0.0,2008,2016,1
gmane.os.contiki.cvs,21,1050,en,95.2,95.2,2007,2016,2
gmane.os.freebsd.devel.hardware,21,1050,en,95.2,95.2,2002,2018,2
gmane.politics.region.albania.shqiperia,21,1050,sq,61.9,33.3,2004,2010,3
gmane.science.biology.informatics.conductor.devel,21,1050,en,100.0,100.0,2004,2016,1
gmane.user-groups.linux.singapore,21,1050,en,100.0,100.0,2005,2008,1
gmane.comp.apache.maven.nexus.user,21,1050,en,100.0,100.0,2009,2019,1
gmane.comp.audio.cd-record,21,1050,en,95.2,95.2,2002,2014,2
gmane.comp.boot-loaders.grub.bugs,21,1050,en,95.2,95.2,2002,2016,2
gmane.comp.cms.xaraya.user,21,1050,en,100.0,100.0,2003,2006,1
gmane.comp.gis.openstreetmap.region.sk,21,1050,sk,95.2,0.0,2013,2019,2
gmane.comp.graphics.darktable.devel,21,1050,en,100.0,100.0,2012,2019,1
gmane.comp.jakarta.ojb.devel,21,1050,en,85.7,85.7,2002,2006,3
gmane.comp.kde.users.kdevelop,21,1050,en,100.0,100.0,2002,2015,1
gmane.comp.lang.d.dmd.devel,21,1050,en,95.2,95.2,2010,2016,2
gmane.comp.security.openwall.john.devel,21,1050,en,100.0,100.0,2011,2015,1
gmane.comp.terminal-emulators.tmux.user,21,1050,en,95.2,95.2,2010,2018,2
gmane.comp.tex.ctan.announce,21,1050,en,100.0,100.0,1997,2019,1
gmane.comp.web.phpgroupware.general,21,1050,en,100.0,100.0,2002,2007,1
gmane.linux.embedded.poky,21,1050,en,95.2,95.2,2010,2019,2
gmane.linux.ports.arm.general,21,1050,en,100.0,100.0,2002,2010,1
gmane.linux.redhat.fedora.legacy,21,1050,en,95.2,95.2,2004,2006,2
gmane.linux.skolelinux.bruker,21,1050,no,90.5,4.8,2002,2011,3
gmane.linux.ubuntu.devel.xubuntu,21,1050,en,95.2,95.2,2005,2018,2
gmane.mail.wanderlust.general,21,1050,en,95.2,95.2,2004,2016,2
gmane.network.unison.general,21,1050,en,100.0,100.0,2003,2018,1
gmane.os.netbsd.ports.macppc,21,1050,en,100.0,100.0,2002,2010,1
gmane.comp.apache.webservices.general,21,1050,en,95.2,95.2,2004,2017,2
gmane.comp.lang.perl.perl-mongers.boston,21,1050,en,100.0,100.0,2004,2017,1
gmane.comp.python.pyglet.user,21,1050,en,100.0,100.0,2008,2018,1
gmane.comp.sysutils.lttng.devel,21,1050,en,100.0,100.0,2012,2018,1
gmane.comp.web.zope.cps.cvs,21,1050,en,95.2,95.2,2006,2009,2
gmane.culture.internet.rohrpost,21,1050,de,66.7,33.3,2006,2015,2
gmane.emacs.w3m,21,1050,en,66.7,66.7,2002,2014,2
gmane.network.peer-to-peer.yacy.cvs,21,1050,en,90.5,90.5,2005,2011,2
gmane.comp.freedesktop.tracker,21,1050,en,100.0,100.0,2006,2017,1
gmane.comp.java.sun.jini,21,1050,en,100.0,100.0,2003,2007,1
gmane.comp.lang.perl.modules.template-toolkit,21,1050,en,95.2,95.2,2003,2014,2
gmane.comp.lang.smalltalk.club-smalltalk,21,1050,es,81.0,9.5,2006,2016,4
gmane.comp.lang.smalltalk.gnu.general,21,1050,en,100.0,100.0,2002,2019,1
gmane.comp.openoffice.devel.german,21,1050,de,100.0,0.0,2005,2012,1
gmane.comp.python.pywikipediabot.scm,21,1050,en,90.5,90.5,2009,2019,2
gmane.comp.cms.fedora-commons.user,21,1050,en,100.0,100.0,2004,2017,1
gmane.comp.gnome.foundation.general,21,1050,en,100.0,100.0,2004,2018,1
gmane.comp.web.zotero.devel,21,1050,en,95.2,95.2,2008,2017,2
gmane.comp.window-managers.sawfish,21,1050,en,100.0,100.0,2002,2012,1
gmane.mail.blat,21,1050,en,100.0,100.0,2003,2018,1
gmane.network.samba.java,21,1050,en,100.0,100.0,2002,2016,1
gmane.comp.video.freevo.devel,21,1050,en,100.0,100.0,2003,2008,1
gmane.comp.voip.sip-communicator.devel,21,1050,en,100.0,100.0,2010,2014,1
gmane.comp.emulators.ovirt.node.devel,21,1050,en,100.0,100.0,2015,2019,1
gmane.comp.ai.gensim,20,1000,en,100.0,100.0,2011,2019,1
gmane.comp.apache.uima.general,20,1000,en,100.0,100.0,2007,2018,1
gmane.comp.compilers.emscripten,20,1000,en,100.0,100.0,2012,2018,1
gmane.comp.file-systems.sheepdog,20,1000,en,100.0,100.0,2010,2013,1
gmane.comp.freedesktop.xorg.drivers.radeonhd,20,1000,en,85.0,85.0,2008,2011,3
gmane.comp.gis.gvsig.devel.es,20,1000,es,100.0,0.0,2005,2016,1
gmane.comp.gnome.gtk+.csharp,20,1000,en,100.0,100.0,2002,2015,1
gmane.comp.gnome.release-team,20,1000,en,100.0,100.0,2012,2018,1
gmane.comp.gnu.make.bugs,20,1000,en,95.0,95.0,2002,2019,2
gmane.comp.handhelds.maemo.scm,20,1000,en,75.0,75.0,2007,2009,6
gmane.comp.handhelds.palm.handyshopper,20,1000,en,100.0,100.0,2004,2011,1
gmane.comp.hardware.gps.gpsd.user,20,1000,en,100.0,100.0,2005,2018,1
gmane.comp.java.hadoop.zookeeper.user,20,1000,en,100.0,100.0,2009,2017,1
gmane.comp.java.vm.kaffe.general,20,1000,en,100.0,100.0,2003,2008,1
gmane.comp.kde.cafe,20,1000,en,100.0,100.0,2002,2004,1
gmane.comp.lang.haskell.ghc.builds,20,1000,en,95.0,95.0,2013,2016,2
gmane.comp.lang.perl.wxperl,20,1000,en,95.0,95.0,2003,2013,2
gmane.comp.macosx.skim.scm,20,1000,en,100.0,100.0,2008,2019,1
gmane.comp.monitoring.monit.general,20,1000,en,95.0,95.0,2003,2014,2
gmane.comp.python.general.hispano,20,1000,es,85.0,15.0,2010,2017,2
gmane.comp.python.tryton.devel,20,1000,en,95.0,95.0,2010,2016,2
gmane.comp.search.xapian.general,20,1000,en,95.0,95.0,2004,2015,2
gmane.comp.systems.lotus-domino,20,1000,en,95.0,95.0,2004,2007,2
gmane.comp.telephony.fax.hylafax.devel,20,1000,en,95.0,95.0,2003,2013,2
gmane.education.gresuccess,20,1000,en,100.0,100.0,2003,2012,1
gmane.ietf.idnabis,20,1000,en,100.0,100.0,2006,2017,1
gmane.ietf.irtf.rrg,20,1000,en,100.0,100.0,2007,2010,1
gmane.linux.cluster.openmosix.general,20,1000,en,100.0,100.0,2003,2006,1
gmane.linux.debian.devel.changes.stable,20,1000,en,55.0,55.0,2004,2017,7
gmane.linux.debian.devel.pulseaudio,20,1000,en,80.0,80.0,2007,2018,4
gmane.linux.debian.internationalization.russian,20,1000,en,35.0,35.0,2004,2018,4
gmane.linux.debian.printing,20,1000,en,95.0,95.0,2011,2018,2
gmane.linux.debian.science,20,1000,en,100.0,100.0,2006,2018,1
gmane.linux.drivers.rtc,20,1000,en,100.0,100.0,2016,2019,1
gmane.linux.embedded.yocto.meta-arago,20,1000,en,85.0,85.0,2013,2019,2
gmane.linux.leaf.user,20,1000,en,100.0,100.0,2003,2017,1
gmane.linux.redhat.release.taroon.general,20,1000,en,95.0,95.0,2004,2007,2
gmane.linux.ubuntu.devel.changes.vivid,20,1000,en,70.0,70.0,2014,2017,2
gmane.linux.ubuntu.devel.motu.reviewers,20,1000,en,90.0,90.0,2007,2008,3
gmane.org.clubs.dba.general,20,1000,en,100.0,100.0,2013,2017,1
gmane.org.hackerspaces.warsaw.offtopic,20,1000,pl,90.0,0.0,2012,2017,3
gmane.org.osaf.design,20,1000,en,100.0,100.0,2002,2007,1
gmane.org.pfir.announce,20,1000,en,95.0,95.0,2007,2018,2
gmane.org.user-groups.linux.cabal,20,1000,en,100.0,100.0,2005,2018,1
gmane.org.w3c.public-lod,20,1000,en,100.0,100.0,2011,2016,1
gmane.os.freebsd.devel.sparc,20,1000,en,95.0,95.0,2002,2017,2
gmane.science.linguistics.wikipedia.francais,20,1000,fr,95.0,5.0,2003,2008,2
gmane.comp.apache.mahout.scm,20,1000,en,85.0,85.0,2009,2019,3
gmane.comp.cms.lenya.user,20,1000,en,95.0,95.0,2004,2010,2
gmane.comp.emulators.libvirt.user,20,1000,en,100.0,100.0,2010,2015,1
gmane.comp.encryption.cryptopp,20,1000,en,100.0,100.0,2003,2017,1
gmane.comp.encryption.gpg.gnutls.cvs,20,1000,en,90.0,90.0,2002,2012,3
gmane.comp.gnome.accessibility.general,20,1000,en,100.0,100.0,2003,2013,1
gmane.comp.gnome.mono.hispano,20,1000,es,100.0,0.0,2003,2010,1
gmane.comp.hardware.motorola.microcontrollers.coldfire,20,1000,en,100.0,100.0,2002,2009,1
gmane.comp.java.netbeans.j2ee,20,1000,en,100.0,100.0,2005,2017,1
gmane.comp.lang.ruby.rails.haml,20,1000,en,100.0,100.0,2007,2015,1
gmane.comp.mozilla.devel.xpfe,20,1000,en,100.0,100.0,2003,2009,1
gmane.comp.php.install,20,1000,en,90.0,90.0,2002,2013,2
gmane.comp.programming.tools.gradle.user,20,1000,en,100.0,100.0,2008,2012,1
gmane.comp.science.types.announce,20,1000,en,100.0,100.0,2007,2019,1
gmane.comp.security.web-applications,20,1000,en,100.0,100.0,2002,2016,1
gmane.comp.tex.texinfo.bugs,20,1000,en,100.0,100.0,2003,2019,1
gmane.comp.video.mjpeg.user,20,1000,en,100.0,100.0,2002,2010,1
gmane.games.simulation.opensimulator.devel,20,1000,en,95.0,95.0,2009,2015,2
gmane.ietf.sidr,20,1000,en,100.0,100.0,2007,2017,1
gmane.linux.drivers.madwifi.devel,20,1000,en,95.0,95.0,2004,2010,2
gmane.linux.redhat.fedora.maintainers,20,1000,en,95.0,95.0,2005,2007,2
gmane.linux.redhat.release.rhel5,20,1000,en,100.0,100.0,2007,2012,1
gmane.linux.rpm.yum.devel,20,1000,en,100.0,100.0,2007,2014,1
gmane.linux.ubuntu.motu,20,1000,en,100.0,100.0,2006,2019,1
gmane.mail.bogofilter.general,20,1000,en,100.0,100.0,2002,2007,1
gmane.mail.imap.offlineimap.general,20,1000,en,100.0,100.0,2007,2019,1
gmane.mail.spam.crm114,20,1000,en,100.0,100.0,2003,2009,1
gmane.network.rancid,20,1000,en,100.0,100.0,2005,2019,1
gmane.science.chemistry.the-chemistry-cluster,20,1000,en,100.0,100.0,2003,2011,1
gmane.comp.apache.incubator.drill.user,20,1000,en,100.0,100.0,2014,2019,1
gmane.comp.cad.gmsh.general,20,1000,en,100.0,100.0,2009,2018,1
gmane.comp.distributed.boinc.devel,20,1000,en,100.0,100.0,2009,2018,1
gmane.comp.gis.openstreetmap.legal,20,1000,en,100.0,100.0,2006,2015,1
gmane.comp.java.aop.aspectj.general,20,1000,en,95.0,95.0,2006,2018,2
gmane.comp.lang.haskell.cabal.devel,20,1000,en,100.0,100.0,2007,2014,1
gmane.comp.lang.perl.modules.cgi-appplication,20,1000,en,100.0,100.0,2004,2012,1
gmane.comp.python.reportlab.user,20,1000,en,100.0,100.0,2002,2015,1
gmane.comp.python.web2py.devel,20,1000,en,95.0,95.0,2011,2017,2
gmane.comp.sysutils.lcdproc,20,1000,en,100.0,100.0,1998,2013,1
gmane.comp.web.cherokee.general,20,1000,en,100.0,100.0,2007,2012,1
gmane.editors.geany.general,20,1000,en,95.0,95.0,2007,2015,2
gmane.linux.gentoo.releng.autobuilds,20,1000,en,95.0,95.0,2014,2018,2
gmane.linux.ports.m68k,20,1000,en,95.0,95.0,2009,2017,2
gmane.linux.redhat.rhl.beta,20,1000,en,100.0,100.0,2003,2003,1
gmane.linux.ubuntu.devel.changes.maverick,20,1000,en,85.0,85.0,2010,2012,4
gmane.network.openssh.general,20,1000,en,100.0,100.0,2002,2011,1
gmane.os.tru64.managers,20,1000,en,95.0,95.0,2002,2004,2
gmane.recreation.dance.tango.tango-l,20,1000,en,100.0,100.0,2007,2010,1
gmane.comp.java.openjdk.2d.devel,20,1000,en,85.0,85.0,2008,2019,3
gmane.comp.python.tornado,20,1000,en,95.0,95.0,2012,2018,2
gmane.comp.web.iphone.devel,20,1000,en,95.0,95.0,2007,2012,2
gmane.linux.debian.internationalization.italian,20,1000,it,90.0,5.0,2003,2016,3
gmane.comp.debugging.ddd.bugs,20,1000,ru,30.0,20.0,2002,2006,6
gmane.mail.spam.spamcop.geeks,20,1000,en,100.0,100.0,2002,2006,1
gmane.comp.apache.mina.cvs,20,1000,en,75.0,75.0,2007,2019,4
gmane.org.user-groups.linux.lugbz,20,1000,it,50.0,5.0,2005,2018,4
gmane.comp.lang.jython.user,20,1000,en,100.0,100.0,2003,2016,1
gmane.comp.xfree86.devel,20,1000,en,100.0,100.0,2003,2013,1
gmane.comp.gnome.apps.gnucash.german,20,1000,de,100.0,0.0,2003,2019,1
gmane.comp.apache.documentation,19,950,en,94.7,94.7,2002,2019,2
gmane.comp.apache.parquet.devel,19,950,en,63.2,63.2,2015,2019,3
gmane.comp.db.axion.devel,19,950,en,94.7,94.7,2005,2015,2
gmane.comp.embedded.openbricks.scm,19,950,en,52.6,52.6,2010,2014,2
gmane.comp.emulators.virtualbox.general,19,950,en,100.0,100.0,2007,2010,1
gmane.comp.gnome.apps.dia,19,950,en,89.5,89.5,2004,2014,3
gmane.comp.gnu.mcsim,19,950,en,63.2,63.2,2004,2007,2
gmane.comp.graphics.nebuladevice.cvs,19,950,en,52.6,52.6,2002,2006,2
gmane.comp.hardware.keyboards.layout.neo,19,950,de,100.0,0.0,2009,2018,1
gmane.comp.java.helma.cvs,19,950,en,84.2,84.2,2003,2009,4
gmane.comp.lang.d.phobos,19,950,en,94.7,94.7,2010,2016,2
gmane.comp.lang.io,19,950,en,100.0,100.0,2003,2011,1
gmane.comp.lang.perl.par,19,950,en,94.7,94.7,2003,2019,2
gmane.comp.lang.ruby.japanese,19,950,ja,100.0,0.0,2005,2016,1
gmane.comp.lang.ruby.rails.heroku,19,950,en,94.7,94.7,2008,2012,2
gmane.comp.lib.fluid.devel,19,950,en,100.0,100.0,2008,2016,1
gmane.comp.misc.linkstation.linux,19,950,en,100.0,100.0,2004,2007,1
gmane.comp.multimedia.gphoto.devel,19,950,en,100.0,100.0,2004,2019,1
gmane.comp.multimedia.webm.user,19,950,en,100.0,100.0,2010,2018,1
gmane.comp.package-management.openpkg.devel,19,950,en,100.0,100.0,2002,2007,1
gmane.comp.package-management.wpkg.user,19,950,en,94.7,94.7,2006,2012,2
gmane.comp.parsers.bison.patches,19,950,en,94.7,94.7,2004,2018,2
gmane.comp.programming.tools.gradle.devel,19,950,en,100.0,100.0,2008,2017,1
gmane.comp.science.graph.igraph.general,19,950,en,100.0,100.0,2007,2019,1
gmane.comp.sysutils.backup.bup,19,950,en,100.0,100.0,2011,2017,1
gmane.comp.web.gallery.devel,19,950,en,100.0,100.0,2003,2012,1
gmane.comp.web.wiki.phpwiki.checkins,19,950,en,84.2,84.2,2004,2014,3
gmane.ietf.core,19,950,en,100.0,100.0,2011,2019,1
gmane.linux.arch.brazil,19,950,pt,84.2,10.5,2009,2012,3
gmane.linux.debian.packages.pbuilder.devel,19,950,en,100.0,100.0,2005,2017,1
gmane.linux.debian.ports.mips,19,950,en,100.0,100.0,2002,2018,1
gmane.linux.distributions.crux.general,19,950,en,89.5,89.5,2005,2018,3
gmane.linux.hardware.blackfin.kernel.scm,19,950,UNKNOWN,89.5,10.5,2007,2012,2
gmane.linux.rpm.maintenance,19,950,en,100.0,100.0,2007,2019,1
gmane.linux.ubuntu.devel.changes.intrepid,19,950,en,100.0,100.0,2008,2008,1
gmane.linux.ubuntu.devel.ubuntu-studio,19,950,en,94.7,94.7,2008,2018,2
gmane.mail.ims.general,19,950,en,100.0,100.0,2006,2017,1
gmane.mail.wanderlust.general.japanese,19,950,en,47.4,47.4,2003,2016,3
gmane.network.observium.general,19,950,en,94.7,94.7,2012,2015,2
gmane.network.tor.devel,19,950,en,100.0,100.0,2011,2018,1
gmane.org.user-groups.ajug.members,19,950,en,100.0,100.0,2003,2016,1
gmane.org.wikimedia.toolserver,19,950,en,94.7,94.7,2006,2013,2
gmane.science.analysis.femlab,19,950,en,100.0,100.0,2006,2013,1
gmane.science.linguistics.wikipedia.wikimania,19,950,en,100.0,100.0,2005,2018,1
gmane.test,19,950,en,52.6,52.6,2003,2017,7
gmane.comp.apache.nifi.user,19,950,en,94.7,94.7,2016,2019,2
gmane.comp.audio.planetccrma.general,19,950,en,100.0,100.0,2004,2014,1
gmane.comp.audio.sursound,19,950,en,100.0,100.0,2011,2019,1
gmane.comp.cms.cold-fusion.user.azcfug,19,950,en,57.9,57.9,2000,2013,2
gmane.comp.emulators.guestfs,19,950,en,100.0,100.0,2011,2018,1
gmane.comp.freedesktop.xcb,19,950,en,100.0,100.0,2005,2016,1
gmane.comp.gis.proj-4.devel,19,950,en,100.0,100.0,2003,2019,1
gmane.comp.gnu.parted.bugs,19,950,en,78.9,78.9,2002,2017,4
gmane.comp.hardware.arduino.devel,19,950,en,100.0,100.0,2012,2018,1
gmane.comp.java.hibernate.devel,19,950,en,100.0,100.0,2002,2016,1
gmane.comp.lang.jruby.devel,19,950,en,100.0,100.0,2006,2012,1
gmane.comp.programming.vala,19,950,en,100.0,100.0,2007,2017,1
gmane.comp.python.education,19,950,en,100.0,100.0,2002,2019,1
gmane.comp.radio.tracker2,19,950,en,94.7,94.7,2009,2017,2
gmane.comp.video.xine.cvs,19,950,en,94.7,94.7,2006,2018,2
gmane.comp.web.egroupware.spanish,19,950,zh-cn,36.8,26.3,2006,2016,4
gmane.comp.windows.dotnet.ccnet.user,19,950,en,100.0,100.0,2005,2006,1
gmane.editors.lyx.documentation,19,950,en,84.2,84.2,2004,2018,3
gmane.ietf.netmod,19,950,en,94.7,94.7,2015,2019,2
gmane.linux.debian.conference.general,19,950,en,89.5,89.5,2007,2018,3
gmane.linux.debian.devel.secure-testing.general,19,950,en,94.7,94.7,2005,2017,2
gmane.linux.grisbi.devel.french,19,950,fr,84.2,5.3,2002,2018,4
gmane.lisp.openmcl.devel,19,950,en,94.7,94.7,2003,2017,2
gmane.network.instant-messaging.amsn.devel,19,950,en,100.0,100.0,2005,2010,1
gmane.network.netatalk.devel,19,950,en,94.7,94.7,2000,2016,2
gmane.network.olsr.devel,19,950,en,100.0,100.0,2006,2015,1
gmane.network.openldap.devel,19,950,en,100.0,100.0,2002,2017,1
gmane.org.ieee.comsoc.tccc,19,950,en,100.0,100.0,2011,2013,1
gmane.org.user-groups.dotnet.padnug,19,950,en,100.0,100.0,2004,2010,1
gmane.org.user-groups.linux.cwelug,19,950,en,100.0,100.0,2005,2012,1
gmane.org.wikimedia.gendergap,19,950,en,100.0,100.0,2011,2016,1
gmane.os.cygwin.announce,19,950,en,100.0,100.0,2003,2018,1
gmane.science.robotics.srobo.general,19,950,en,94.7,94.7,2011,2014,2
gmane.comp.clustering.clusterlabs.user,19,950,en,100.0,100.0,2015,2018,1
gmane.comp.clustering.opengridengine.user,19,950,en,94.7,94.7,2011,2016,2
gmane.comp.db.postgresql.devel.documentation,19,950,en,100.0,100.0,2003,2018,1
gmane.comp.education.edx.devel,19,950,en,100.0,100.0,2014,2018,1
gmane.comp.jakarta.taglibs.user,19,950,en,100.0,100.0,2002,2006,1
gmane.comp.java.cdi.seam.issues,19,950,en,57.9,57.9,2010,2013,2
gmane.comp.java.mule.devel,19,950,en,94.7,94.7,2005,2012,2
gmane.comp.lang.perl.perl-mongers.seattle,19,950,en,100.0,100.0,2004,2013,1
gmane.comp.package-management.rpm.devel,19,950,en,100.0,100.0,2007,2012,1
gmane.comp.security.apparmor,19,950,en,100.0,100.0,2012,2018,1
gmane.comp.telephony.openh323.general,19,950,en,100.0,100.0,2004,2007,1
gmane.comp.version-control.cvs.tortoisecvs.user,19,950,en,100.0,100.0,2002,2008,1
gmane.comp.web.egroupware.italian,19,950,it,73.7,10.5,2008,2014,3
gmane.comp.windows.devel.dotnet.web,19,950,en,94.7,94.7,2003,2006,2
gmane.editors.vim.mac,19,950,en,100.0,100.0,2007,2014,1
gmane.ietf.rfc.interest,19,950,en,94.7,94.7,2008,2016,2
gmane.linux.drivers.madwifi.tickets,19,950,en,94.7,94.7,2005,2010,2
gmane.linux.skolelinux.user.german,19,950,de,100.0,0.0,2005,2014,1
gmane.linux.ubuntu.translators.it,19,950,it,78.9,10.5,2007,2013,4
gmane.lisp.ecl.general,19,950,en,100.0,100.0,2004,2016,1
gmane.network.dns.operations,19,950,en,100.0,100.0,2012,2018,1
gmane.org.user-groups.frsag,19,950,fr,100.0,0.0,2010,2019,1
gmane.recreation.alb-club,19,950,sq,73.7,15.8,2004,2008,4
gmane.text.xml.security.devel,19,950,en,100.0,100.0,2002,2017,1
gmane.comp.gnome.apps.balsa,19,950,en,100.0,100.0,2002,2019,1
gmane.comp.gnome.mono.monodroid,19,950,en,100.0,100.0,2011,2017,1
gmane.comp.misc.suckless.scm,19,950,en,94.7,94.7,2013,2018,2
gmane.comp.php.cvs.zend,19,950,UNKNOWN,52.6,47.4,2002,2009,2
gmane.comp.tex.bibtex.bibdesk.user,19,950,en,100.0,100.0,2007,2016,1
gmane.comp.web.egroupware.french,19,950,fr,89.5,10.5,2005,2010,2
gmane.comp.web.selenium.devel,19,950,en,100.0,100.0,2010,2016,1
gmane.user-groups.linux.kolkata,19,950,en,100.0,100.0,2003,2008,1
gmane.comp.cms.xaraya.bk-notices,19,950,en,100.0,100.0,2003,2005,1
gmane.comp.debugging.lldb.devel,19,950,en,100.0,100.0,2011,2015,1
gmane.linux.kernel.debugging.kgdb.bugs,19,950,en,94.7,94.7,2006,2019,2
gmane.comp.java.izpack.cvs,19,950,en,63.2,63.2,2006,2015,3
gmane.comp.python.sqlobject,19,950,en,94.7,94.7,2003,2011,2
gmane.comp.ai.opencog.user,18,900,en,100.0,100.0,2015,2017,1
gmane.comp.apache.mina.user,18,900,en,100.0,100.0,2008,2014,1
gmane.comp.audio.rosegarden.devel,18,900,en,100.0,100.0,2005,2015,1
gmane.comp.autopackage.devel,18,900,en,100.0,100.0,2004,2009,1
gmane.comp.desktop.rox.user,18,900,en,100.0,100.0,2002,2009,1
gmane.comp.desktop.xfce.bugs,18,900,en,100.0,100.0,2006,2019,1
gmane.comp.emulators.virtualbox.devel,18,900,en,100.0,100.0,2007,2017,1
gmane.comp.gis.openstreetmap.region.dk,18,900,da,88.9,5.6,2009,2018,3
gmane.comp.gnome.internationalization.french,18,900,fr,100.0,0.0,2006,2018,1
gmane.comp.gnome.mono.monotouch,18,900,en,94.4,94.4,2011,2012,2
gmane.comp.graphics.argyllcms,18,900,en,100.0,100.0,2008,2014,1
gmane.comp.graphics.png.devel,18,900,en,100.0,100.0,2004,2015,1
gmane.comp.ide.eclipse.e4.devel,18,900,en,83.3,83.3,2009,2016,2
gmane.comp.ide.eclipse.equinox.devel,18,900,en,83.3,83.3,2006,2016,3
gmane.comp.java.netbeans.user-interface,18,900,en,100.0,100.0,2000,2007,1
gmane.comp.kde.users.multimedia,18,900,en,94.4,94.4,2002,2017,2
gmane.comp.lang.ml.mlton.devel,18,900,en,94.4,94.4,2004,2013,2
gmane.comp.lib.boost.cvs,18,900,en,94.4,94.4,2006,2007,2
gmane.comp.lib.boost.testing,18,900,en,100.0,100.0,2005,2017,1
gmane.comp.lib.mitk.user,18,900,en,100.0,100.0,2009,2018,1
gmane.comp.mathematics.fenics.dolfin,18,900,en,100.0,100.0,2008,2009,1
gmane.comp.printing.cups.devel,18,900,en,100.0,100.0,2004,2018,1
gmane.comp.python.zope.zodb.cvs,18,900,en,88.9,88.9,2002,2012,3
gmane.comp.sysutils.automake.bugs,18,900,en,88.9,88.9,2002,2017,3
gmane.comp.sysutils.docker.user,18,900,en,100.0,100.0,2013,2016,1
gmane.comp.version-control.coccinelle,18,900,en,94.4,94.4,2010,2019,2
gmane.comp.version-control.cvs.windows-nt.user,18,900,en,100.0,100.0,2002,2009,1
gmane.comp.web.nginx.devel,18,900,en,100.0,100.0,2013,2018,1
gmane.comp.web.pound.general,18,900,en,100.0,100.0,2003,2019,1
gmane.comp.web.watir.general,18,900,en,100.0,100.0,2005,2007,1
gmane.education.libraries.mela,18,900,en,100.0,100.0,1995,2017,1
gmane.emacs.gnus.semi.japanese,18,900,en,61.1,61.1,2004,2006,3
gmane.ietf.int,18,900,en,100.0,100.0,2006,2019,1
gmane.ietf.sigtran,18,900,en,100.0,100.0,2002,2010,1
gmane.linux.debian.alioth.reproducible-builds,18,900,en,100.0,100.0,2015,2018,1
gmane.linux.debian.devel.dak,18,900,en,100.0,100.0,2008,2017,1
gmane.linux.debian.devel.openldap,18,900,en,72.2,72.2,2005,2005,4
gmane.linux.distributions.gobo.general,18,900,en,94.4,94.4,2004,2014,2
gmane.linux.ports.xbox.devel,18,900,en,88.9,88.9,2002,2006,3
gmane.linux.redhat.fedora.mingw,18,900,en,94.4,94.4,2008,2016,2
gmane.linux.sourcemage.discuss,18,900,en,100.0,100.0,2005,2018,1
gmane.linux.ubuntu.devel.changes.raring,18,900,en,83.3,83.3,2012,2013,3
gmane.mail.squirrelmail.devel,18,900,en,94.4,94.4,2002,2009,2
gmane.network.remailers.remsaint,18,900,en,100.0,100.0,2003,2005,1
gmane.network.routing.click,18,900,en,100.0,100.0,2004,2012,1
gmane.org.user-groups.linux.dakarlug,18,900,fr,88.9,0.0,2009,2014,3
gmane.org.user-groups.linux.saratov,18,900,ru,94.4,0.0,2006,2018,2
gmane.org.user-groups.wikipedia.chinese,18,900,en,38.9,38.9,2006,2013,6
gmane.os.netbsd.ports.alpha,18,900,en,94.4,94.4,2002,2013,2
gmane.os.netbsd.ports.sparc64,18,900,en,100.0,100.0,2003,2018,1
gmane.science.chemistry.rdkit.user,18,900,en,100.0,100.0,2011,2019,1
gmane.science.linguistics.wikipedia.malayalam,18,900,ml,88.9,11.1,2008,2015,2
gmane.user-groups.linux.india.help,18,900,en,94.4,94.4,2003,2007,2
gmane.comp.apache.webservices.fx.devel,18,900,en,88.9,88.9,2004,2009,2
gmane.comp.cms.sakai.pedagogy,18,900,en,100.0,100.0,2008,2017,1
gmane.comp.gis.openstreetmap.region.ca,18,900,en,100.0,100.0,2008,2019,1
gmane.comp.gnu.coreutils.general,18,900,en,100.0,100.0,2010,2019,1
gmane.comp.handhelds.palm.peditors,18,900,en,100.0,100.0,2003,2007,1
gmane.comp.handhelds.tizen.devel,18,900,en,94.4,94.4,2013,2015,2
gmane.comp.hardware.avr.gcc,18,900,en,100.0,100.0,2003,2015,1
gmane.comp.jakarta.turbine.torque.devel,18,900,en,94.4,94.4,2003,2016,2
gmane.comp.lang.factor.general,18,900,en,100.0,100.0,2007,2019,1
gmane.comp.lang.ruby.macintosh.devel,18,900,en,100.0,100.0,2008,2013,1
gmane.comp.lang.ruby.nitro.general,18,900,en,100.0,100.0,2005,2007,1
gmane.comp.lib.libtom,18,900,en,50.0,50.0,2004,2018,4
gmane.comp.programming.hdf,18,900,en,100.0,100.0,2010,2017,1
gmane.comp.python.cherrypy,18,900,en,100.0,100.0,2003,2015,1
gmane.comp.sysutils.puppet.scm,18,900,UNKNOWN,50.0,44.4,2008,2014,3
gmane.comp.version-control.mercurial.tortoisehg.devel,18,900,en,100.0,100.0,2008,2010,1
gmane.comp.video.mesa3d.beignet,18,900,en,100.0,100.0,2013,2017,1
gmane.comp.web.zope.plone.product-developers,18,900,en,100.0,100.0,2007,2013,1
gmane.culture.religion.voodoo,18,900,en,94.4,94.4,2003,2015,2
gmane.editors.nano.devel,18,900,en,100.0,100.0,2002,2019,1
gmane.education.english.teflchina.life,18,900,en,100.0,100.0,2006,2011,1
gmane.linux.debian.devel.aptitude.general,18,900,en,94.4,94.4,2008,2017,2
gmane.linux.debian.devel.ctte,18,900,en,100.0,100.0,2002,2016,1
gmane.linux.french.lea,18,900,fr,100.0,0.0,2005,2016,1
gmane.linux.installation.cobbler,18,900,en,100.0,100.0,2008,2014,1
gmane.linux.kernel.rpi,18,900,en,100.0,100.0,2015,2018,1
gmane.linux.lse,18,900,en,77.8,77.8,2002,2016,2
gmane.linux.ubuntu.devel.changes.hardy,18,900,en,100.0,100.0,2007,2010,1
gmane.linux.ubuntu.devel.changes.karmic,18,900,en,88.9,88.9,2009,2011,3
gmane.network.monitoring.plugins.user,18,900,en,100.0,100.0,2002,2016,1
gmane.network.nagios.plugins,18,900,en,100.0,100.0,2003,2017,1
gmane.org.clubs.dba.waterways.ce,18,900,en,100.0,100.0,2013,2016,1
gmane.os.freebsd.mpd.user,18,900,zh-cn,61.1,27.8,2007,2010,4
gmane.os.netbsd.ports.vax,18,900,en,100.0,100.0,2002,2016,1
gmane.science.linguistics.wikipedia.research,18,900,en,100.0,100.0,2010,2018,1
gmane.comp.apache.directory.user,18,900,en,94.4,94.4,2007,2019,2
gmane.comp.cad.geda.devel,18,900,en,100.0,100.0,2005,2011,1
gmane.comp.jakarta.repository,18,900,en,66.7,66.7,2004,2010,6
gmane.comp.java.zookeeper.user,18,900,en,100.0,100.0,2011,2018,1
gmane.comp.lang.perl.perl-mongers.rio,18,900,pt,83.3,16.7,2005,2013,2
gmane.comp.lang.ruby.ironruby.devel,18,900,en,94.4,94.4,2008,2010,2
gmane.comp.multimedia.puredata.scm,18,900,en,100.0,100.0,2010,2017,1
gmane.comp.python.bio.general,18,900,en,100.0,100.0,2004,2018,1
gmane.comp.web.varnish.misc,18,900,en,100.0,100.0,2007,2017,1
gmane.emacs.ess.general,18,900,en,94.4,94.4,2004,2014,2
gmane.linux.debian.devel.ham,18,900,en,94.4,94.4,2002,2018,2
gmane.linux.network.opnfv.devel,18,900,en,94.4,94.4,2016,2019,2
gmane.linux.ubuntu.user.ubuntu-studio,18,900,en,100.0,100.0,2007,2016,1
gmane.lisp.scheme.gambit,18,900,en,100.0,100.0,2005,2016,1
gmane.network.jffnms.user,18,900,en,100.0,100.0,2004,2010,1
gmane.network.syndication.rss.devel,18,900,en,100.0,100.0,2000,2007,1
gmane.comp.apache.mod-perl.devel,18,900,en,94.4,94.4,2002,2016,2
gmane.comp.lang.eiffel.gobo.devel,18,900,en,100.0,100.0,2002,2011,1
gmane.comp.lang.smalltalk.squeak.beginners,18,900,en,100.0,100.0,2006,2014,1
gmane.culture.publications.dicas,18,900,pt,55.6,0.0,2006,2016,2
gmane.linux.distributions.equinux.general,18,900,es,88.9,5.6,2005,2010,3
gmane.linux.gentoo.alt,18,900,en,100.0,100.0,2007,2014,1
gmane.linux.suse.opensuse.devel.yast,18,900,en,100.0,100.0,2008,2016,1
gmane.linux.ubuntu.devel.changes.edgy,18,900,en,88.9,88.9,2006,2007,3
gmane.mail.qpsmtpd,18,900,en,100.0,100.0,2004,2012,1
gmane.network.freenx.general,18,900,en,100.0,100.0,2004,2012,1
gmane.os.freebsd.devel.pf4freebsd,18,900,en,94.4,94.4,2005,2017,2
gmane.user-groups.linux.india.cochin,18,900,en,100.0,100.0,2004,2014,1
gmane.comp.db.datomic.user,18,900,en,94.4,94.4,2012,2017,2
gmane.comp.serendipity.devel,18,900,en,100.0,100.0,2003,2008,1
gmane.comp.web.zope.italian,18,900,it,100.0,0.0,2003,2007,1
gmane.comp.window-managers.awesome.devel,18,900,en,100.0,100.0,2008,2013,1
gmane.comp.gis.gvsig.english,18,900,en,94.4,94.4,2006,2016,2
gmane.linux.drivers.ndiswrapper.general,18,900,en,100.0,100.0,2004,2006,1
gmane.linux.ubuntu.user.edubuntu,18,900,en,100.0,100.0,2006,2014,1
gmane.comp.bug-tracking.bugzilla.devel,17,850,en,100.0,100.0,2003,2012,1
gmane.comp.bug-tracking.flyspray.devel,17,850,en,100.0,100.0,2005,2018,1
gmane.comp.db.rddtool.munin.scm,17,850,en,100.0,100.0,2009,2018,1
gmane.comp.debugging.ddd.general,17,850,UNKNOWN,47.1,41.2,2003,2008,3
gmane.comp.documentfoundation.libreoffice.l10n,17,850,en,94.1,94.1,2011,2019,2
gmane.comp.gnome.apps.gnumeric,17,850,en,100.0,100.0,2002,2019,1
gmane.comp.gnome.dashboard.devel,17,850,en,94.1,94.1,2003,2008,2
gmane.comp.java.jooq.user,17,850,en,100.0,100.0,2011,2019,1
gmane.comp.java.openjdk.jigsaw,17,850,en,82.4,82.4,2015,2017,4
gmane.comp.kde.devel.krita,17,850,en,94.1,94.1,2007,2019,2
gmane.comp.kde.internationalization.russian,17,850,ru,94.1,0.0,2009,2016,2
gmane.comp.lang.r.mac,17,850,en,100.0,100.0,2005,2017,1
gmane.comp.lib.netcdf.conventions,17,850,en,94.1,94.1,2008,2018,2
gmane.comp.mozilla.general.french,17,850,fr,100.0,0.0,2004,2011,1
gmane.comp.multimedia.ogg.vorbis.devel,17,850,en,100.0,100.0,2002,2009,1
gmane.comp.openoffice.general.russian,17,850,ru,88.2,5.9,2005,2009,3
gmane.comp.python.db.psycopg.devel,17,850,en,94.1,94.1,2003,2006,2
gmane.comp.security.ids.prelude.cvs,17,850,en,88.2,88.2,2003,2010,2
gmane.comp.web.freemarker.user,17,850,en,100.0,100.0,2003,2011,1
gmane.comp.web.html.general,17,850,en,88.2,88.2,2002,2008,3
gmane.culture.studies.media,17,850,en,100.0,100.0,2002,2014,1
gmane.editors.winedt,17,850,en,100.0,100.0,2004,2018,1
gmane.education.english.teflchina.general,17,850,en,100.0,100.0,2006,2016,1
gmane.emacs.macintosh.osx,17,850,en,100.0,100.0,2004,2014,1
gmane.linux.cluster.ssic.cvs,17,850,en,94.1,94.1,2003,2009,2
gmane.linux.gentoo.server,17,850,en,94.1,94.1,2004,2011,2
gmane.linux.jpackage.announce,17,850,en,100.0,100.0,2003,2013,1
gmane.linux.redhat.fedora.fudcon,17,850,en,82.4,82.4,2011,2015,3
gmane.linux.trustix.contrib,17,850,en,100.0,100.0,2005,2006,1
gmane.linux.ubuntu.devel.changes.feisty,17,850,en,100.0,100.0,2006,2007,1
gmane.lisp.asdf.devel,17,850,en,100.0,100.0,2010,2019,1
gmane.lisp.picolisp.general,17,850,en,100.0,100.0,2009,2019,1
gmane.mail.becky.users,17,850,en,100.0,100.0,2006,2016,1
gmane.mail.postfix.user.spanish,17,850,es,88.2,0.0,2005,2013,2
gmane.network.openfabrics.enterprise,17,850,en,100.0,100.0,2008,2019,1
gmane.network.peer-to-peer.anonp2p,17,850,UNKNOWN,58.8,29.4,2005,2018,4
gmane.org.region.san-francisco.noisebridge.general,17,850,en,100.0,100.0,2014,2018,1
gmane.org.user-groups.qsite.lan,17,850,en,100.0,100.0,2004,2007,1
gmane.org.user-groups.unix.lug-bs,17,850,de,88.2,11.8,2005,2009,2
gmane.os.freebsd.stable-9.scm,17,850,en,100.0,100.0,2012,2016,1
gmane.os.macosx.mailmate.user,17,850,en,100.0,100.0,2015,2019,1
gmane.recreation.dance.tango.tango-uk,17,850,en,100.0,100.0,2012,2018,1
gmane.comp.db.rddtool.munin.general,17,850,en,100.0,100.0,2006,2014,1
gmane.comp.file-systems.tahoe.devel,17,850,en,100.0,100.0,2009,2015,1
gmane.comp.gis.openstreetmap.region.be,17,850,nl,64.7,35.3,2012,2018,2
gmane.comp.graphics.agg,17,850,en,94.1,94.1,2004,2016,2
gmane.comp.hardware.riscv.isa.devel,17,850,en,100.0,100.0,2016,2019,1
gmane.comp.java.grinder.user,17,850,en,100.0,100.0,2004,2015,1
gmane.comp.java.xstream.user,17,850,en,100.0,100.0,2005,2011,1
gmane.comp.mozilla.project-owners,17,850,en,100.0,100.0,2005,2012,1
gmane.comp.multimedia.gphoto.user,17,850,en,100.0,100.0,2004,2016,1
gmane.comp.python.org.europe,17,850,en,100.0,100.0,2002,2015,1
gmane.comp.web.flask.general,17,850,en,94.1,94.1,2011,2019,2
gmane.comp.web.netsurf.user,17,850,en,100.0,100.0,2007,2018,1
gmane.comp.web.turbogears.trunk,17,850,en,100.0,100.0,2006,2011,1
gmane.culture.language.b-hebrew,17,850,en,100.0,100.0,2010,2013,1
gmane.ietf.nat.behave,17,850,en,100.0,100.0,2005,2013,1
gmane.linux.altlinux.desktop,17,850,ru,94.1,0.0,2007,2009,2
gmane.linux.debian.devel.sysvinit,17,850,en,100.0,100.0,2007,2017,1
gmane.linux.gentoo.user.brazilian,17,850,pt,88.2,11.8,2005,2011,2
gmane.linux.redhat.release.valhalla,17,850,en,94.1,94.1,2002,2003,2
gmane.linux.ubuntu.server,17,850,en,100.0,100.0,2007,2017,1
gmane.mail.cgatepro.russian,17,850,ru,76.5,0.0,2004,2006,4
gmane.network.freenet.support,17,850,en,100.0,100.0,2003,2012,1
gmane.network.jabber.jsf.members,17,850,en,100.0,100.0,2001,2019,1
gmane.network.ninux.wireless,17,850,it,100.0,0.0,2014,2017,1
gmane.org.fsa-bg.literati,17,850,en,100.0,100.0,2007,2008,1
gmane.org.user-groups.sysadmin.lopsa.tech,17,850,en,100.0,100.0,2008,2014,1
gmane.org.w3c.html.rdf,17,850,en,94.1,94.1,2006,2010,2
gmane.comp.apache.cloudstack.user,17,850,en,88.2,88.2,2012,2013,3
gmane.comp.audio.eac.user,17,850,en,100.0,100.0,2003,2014,1
gmane.comp.db.mongodb.devel,17,850,en,100.0,100.0,2010,2017,1
gmane.comp.db.sequoia.general,17,850,en,94.1,94.1,2006,2008,2
gmane.comp.documentfoundation.discuss,17,850,en,100.0,100.0,2010,2016,1
gmane.comp.documentfoundation.libreoffice.qa,17,850,en,100.0,100.0,2011,2015,1
gmane.comp.misc.nslu2.general,17,850,en,100.0,100.0,2004,2012,1
gmane.comp.parsers.sparse,17,850,en,100.0,100.0,2006,2018,1
gmane.comp.security.firewalls.wizards,17,850,en,100.0,100.0,2002,2013,1
gmane.comp.web.analog.general,17,850,en,100.0,100.0,2003,2007,1
gmane.comp.web.semantic.dbpedia.general,17,850,en,100.0,100.0,2008,2017,1
gmane.ietf.secsh,17,850,en,100.0,100.0,2000,2017,1
gmane.linux.bios.flashrom,17,850,en,100.0,100.0,2012,2018,1
gmane.linux.debian.user.events-eu,17,850,en,94.1,94.1,2002,2019,2
gmane.linux.kernel.perf.user,17,850,en,100.0,100.0,2011,2019,1
gmane.linux.redhat.release.nahant.general,17,850,en,100.0,100.0,2005,2010,1
gmane.lisp.cmucl.devel,17,850,en,94.1,94.1,2002,2015,2
gmane.lisp.gcl.devel,17,850,en,100.0,100.0,2002,2014,1
gmane.network.etherboot.user,17,850,en,100.0,100.0,2002,2009,1
gmane.network.wireless.bay-area,17,850,en,100.0,100.0,2002,2005,1
gmane.os.freebsd.devel.gecko,17,850,en,94.1,94.1,2010,2019,2
gmane.os.solaris.opensolaris.storage.general,17,850,en,94.1,94.1,2007,2010,2
gmane.science.biology.gromacs.devel,17,850,en,100.0,100.0,2008,2017,1
gmane.comp.db.mysql.c++,17,850,en,100.0,100.0,2003,2010,1
gmane.comp.finance.ledger.smb.user,17,850,en,100.0,100.0,2007,2015,1
gmane.comp.gnome.evolution.devel,17,850,en,100.0,100.0,2002,2006,1
gmane.comp.security.ids.snort.devel,17,850,en,100.0,100.0,2002,2015,1
gmane.comp.security.websecurity,17,850,en,100.0,100.0,2006,2012,1
gmane.emacs.sources,17,850,en,76.5,76.5,2002,2018,2
gmane.linux.ubuntu.translators.general,17,850,en,100.0,100.0,2006,2017,1
gmane.mail.getmail.user,17,850,en,100.0,100.0,2003,2018,1
gmane.text.xml.xbiblio.devel,17,850,en,100.0,100.0,2005,2013,1
gmane.comp.encryption.opensc.user,17,850,en,94.1,94.1,2005,2012,2
gmane.comp.gnu.gnash.devel2,17,850,en,100.0,100.0,2006,2013,1
gmane.comp.graphics.crystalspace.tracker,17,850,en,100.0,100.0,2003,2013,1
gmane.mail.alpine.info,17,850,en,100.0,100.0,2008,2019,1
gmane.org.osaf.devel,17,850,en,94.1,94.1,2002,2009,2
gmane.linux.pwm,17,850,en,100.0,100.0,2014,2019,1
gmane.os.cygwin.cvs,17,850,UNKNOWN,58.8,41.2,2004,2019,2
gmane.comp.apache.incubator.ivy.user,16,800,en,100.0,100.0,2007,2013,1
gmane.comp.apache.webservices.axis-c.user,16,800,en,100.0,100.0,2007,2013,1
gmane.comp.audio.icecast.general,16,800,en,100.0,100.0,2002,2017,1
gmane.comp.clustering.globus.user,16,800,en,100.0,100.0,2007,2014,1
gmane.comp.cms.fedora-commons.devel,16,800,en,100.0,100.0,2008,2019,1
gmane.comp.db.mysql.windows,16,800,en,100.0,100.0,2002,2007,1
gmane.comp.db.postgresql.french,16,800,fr,93.8,0.0,2004,2018,2
gmane.comp.editors.vim.outliner,16,800,en,100.0,100.0,2002,2018,1
gmane.comp.gis.qgis.user.italian,16,800,it,93.8,0.0,2015,2019,2
gmane.comp.gnu.grep.bugs,16,800,en,100.0,100.0,2005,2017,1
gmane.comp.gnu.libtool.bugs,16,800,en,75.0,75.0,2002,2011,3
gmane.comp.gnu.mingw.announce,16,800,en,100.0,100.0,2006,2012,1
gmane.comp.graphics.gnuplot.user,16,800,en,93.8,93.8,2004,2017,2
gmane.comp.handhelds.openmoko.device-owners,16,800,en,100.0,100.0,2007,2010,1
gmane.comp.hardware.voyetra.audiotron,16,800,en,100.0,100.0,2003,2004,1
gmane.comp.ide.eclipse.cross.project,16,800,en,100.0,100.0,2014,2019,1
gmane.comp.java.jasig.uportal.devel,16,800,en,87.5,87.5,2006,2017,2
gmane.comp.kde.devel.community,16,800,en,100.0,100.0,2014,2019,1
gmane.comp.lx-office.devel,16,800,de,75.0,18.8,2005,2018,3
gmane.comp.mobile.wammu.scm,16,800,en,87.5,87.5,2009,2012,2
gmane.comp.php.gtk+.general,16,800,en,100.0,100.0,2002,2009,1
gmane.comp.programming.xtend,16,800,en,100.0,100.0,2011,2015,1
gmane.comp.python.pyrepl.dev,16,800,en,87.5,87.5,2001,2011,2
gmane.comp.python.stackless,16,800,en,100.0,100.0,2003,2017,1
gmane.comp.security.incidents,16,800,en,100.0,100.0,2002,2006,1
gmane.comp.statistics.pspp.devel,16,800,en,100.0,100.0,2006,2018,1
gmane.comp.video.mlt.devel,16,800,en,93.8,93.8,2010,2016,2
gmane.editors.j.devel,16,800,en,100.0,100.0,2003,2017,1
gmane.ietf.opsawg,16,800,en,100.0,100.0,2009,2018,1
gmane.linux.debian.packages.vim.devel,16,800,en,81.2,81.2,2006,2016,4
gmane.linux.distributions.musterloesung.paedml3,16,800,de,100.0,0.0,2007,2008,1
gmane.linux.distributions.rock.subversion.cvs,16,800,en,87.5,87.5,2004,2009,3
gmane.linux.gentoo.portage.devel,16,800,en,100.0,100.0,2004,2019,1
gmane.linux.hams,16,800,en,100.0,100.0,2002,2015,1
gmane.linux.redhat.fedora.german,16,800,de,87.5,6.2,2004,2018,3
gmane.mail.spam.flexguard.devel,16,800,fr,56.2,37.5,2007,2017,3
gmane.network.bit-torrent.deluge.devel,16,800,en,93.8,93.8,2010,2017,2
gmane.network.open-pegasus.general,16,800,en,100.0,100.0,2003,2010,1
gmane.org.region.indoexpat.uk,16,800,id,87.5,12.5,2005,2015,2
gmane.org.wikimedia.mobile,16,800,en,93.8,93.8,2011,2016,2
gmane.os.coyotos.bitc.devel,16,800,en,100.0,100.0,2006,2015,1
gmane.os.freebsd.devel.ipfw,16,800,en,93.8,93.8,2002,2017,2
gmane.os.freebsd.ruby,16,800,en,75.0,75.0,2011,2018,4
gmane.os.genode.devel,16,800,en,100.0,100.0,2010,2018,1
gmane.os.netbsd.ports.xen,16,800,en,100.0,100.0,2006,2018,1
gmane.os.openbsd.misc.ru,16,800,ru,100.0,0.0,2004,2012,1
gmane.politics.activism.metagovernment,16,800,en,100.0,100.0,2008,2014,1
gmane.science.linguistics.wikipedia.castellano,16,800,es,100.0,0.0,2004,2015,1
gmane.science.linguistics.wikipedia.nihongo,16,800,ja,93.8,0.0,2004,2011,2
gmane.comp.bug-tracking.request-tracker.devel,16,800,en,100.0,100.0,2004,2016,1
gmane.comp.documentfoundation.libreoffice.design,16,800,en,100.0,100.0,2010,2019,1
gmane.comp.handhelds.android.adt.devel,16,800,en,100.0,100.0,2013,2017,1
gmane.comp.ide.eclipse.wtp.devel,16,800,en,100.0,100.0,2005,2018,1
gmane.comp.kde.devel.konversation,16,800,en,81.2,81.2,2006,2014,2
gmane.comp.kde.devel.kstars,16,800,en,100.0,100.0,2005,2015,1
gmane.comp.lang.smalltalk.smallwiki,16,800,en,93.8,93.8,2006,2013,2
gmane.comp.nlp.apertium,16,800,en,87.5,87.5,2010,2018,3
gmane.comp.python.committers,16,800,en,100.0,100.0,2010,2018,1
gmane.comp.search.endnote,16,800,en,100.0,100.0,2003,2006,1
gmane.comp.tv.xmltv.devel,16,800,en,100.0,100.0,2004,2014,1
gmane.emacs.cedet,16,800,en,100.0,100.0,2003,2015,1
gmane.ietf.saag,16,800,en,100.0,100.0,2007,2019,1
gmane.law.tos-dr,16,800,en,93.8,93.8,2012,2018,2
gmane.linux.agnula.general,16,800,en,93.8,93.8,2004,2006,2
gmane.linux.debian.devel.embedded,16,800,en,100.0,100.0,2004,2016,1
gmane.linux.debian.devel.ruby,16,800,en,100.0,100.0,2011,2019,1
gmane.linux.drivers.wacom,16,800,en,93.8,93.8,2006,2016,2
gmane.linux.gentoo.hardened,16,800,en,100.0,100.0,2003,2017,1
gmane.linux.kernel.commits.2-4,16,800,en,87.5,87.5,2002,2004,2
gmane.linux.openvz.user,16,800,en,100.0,100.0,2006,2017,1
gmane.linux.ubuntu.region.australia,16,800,en,100.0,100.0,2007,2010,1
gmane.mail.roundcube.user,16,800,en,100.0,100.0,2008,2018,1
gmane.mail.spam.spf.help,16,800,en,100.0,100.0,2004,2010,1
gmane.mail.virus.mailscanner.baruwa.user,16,800,en,100.0,100.0,2010,2014,1
gmane.os.freebsd.devel.wireless,16,800,en,100.0,100.0,2012,2019,1
gmane.os.omnios.general,16,800,en,100.0,100.0,2013,2016,1
gmane.os.vms.general,16,800,en,100.0,100.0,2013,2014,1
gmane.user-groups.linux.glcomo,16,800,it,87.5,6.2,2012,2018,3
gmane.comp.apache.incubator.isis.user,16,800,en,100.0,100.0,2013,2018,1
gmane.comp.audio.ardour.devel,16,800,en,100.0,100.0,2005,2017,1
gmane.comp.gnome.shell,16,800,en,93.8,93.8,2009,2016,2
gmane.comp.gnu.tar.bugs,16,800,en,100.0,100.0,2004,2018,1
gmane.comp.homebrew.s-100,16,800,en,100.0,100.0,2014,2015,1
gmane.comp.ide.eclipse.packaging.linux,16,800,en,81.2,81.2,2009,2016,3
gmane.comp.ide.wingide.user,16,800,en,100.0,100.0,2006,2014,1
gmane.comp.internationalization.italian,16,800,en,56.2,56.2,2010,2019,4
gmane.comp.jakarta.pluto.devel,16,800,en,93.8,93.8,2004,2018,2
gmane.comp.java.jbehave.devel,16,800,en,62.5,62.5,2008,2015,4
gmane.comp.java.netbeans.modules.translated-files.devel,16,800,en,93.8,93.8,2002,2011,2
gmane.comp.openoffice.devel.general,16,800,en,81.2,81.2,2005,2011,4
gmane.culture.transportation.humanpowered.boats,16,800,en,100.0,100.0,2000,2012,1
gmane.linux.gentoo.desktop,16,800,en,93.8,93.8,2002,2012,2
gmane.music.laswell,16,800,en,100.0,100.0,2002,2014,1
gmane.network.licq.cvs,16,800,en,100.0,100.0,2002,2010,1
gmane.org.operators.ioz,16,800,en,100.0,100.0,2002,2011,1
gmane.org.wikimedia.commons,16,800,en,100.0,100.0,2006,2015,1
gmane.os.ecos.patches,16,800,en,93.8,93.8,2003,2013,2
gmane.os.freebsd.isp,16,800,en,100.0,100.0,2002,2011,1
gmane.os.openbsd.pf,16,800,en,100.0,100.0,2003,2007,1
gmane.sports.disc.german.wurfpost,16,800,de,93.8,0.0,2009,2018,2
gmane.comp.ai.nupic,16,800,en,100.0,100.0,2013,2016,1
gmane.comp.gnome.mono.osx,16,800,en,93.8,93.8,2005,2013,2
gmane.comp.misc.agile.testing,16,800,en,100.0,100.0,2009,2016,1
gmane.linux.debian.devel.firewall,16,800,en,81.2,81.2,2002,2010,4
gmane.network.end2end,16,800,en,93.8,93.8,2002,2013,2
gmane.org.user-groups.quilombo,16,800,pt,87.5,6.2,2002,2005,3
gmane.comp.file-systems.gluster.maintainers,16,800,en,87.5,87.5,2016,2018,2
gmane.comp.lang.ats.questions,16,800,en,100.0,100.0,2014,2018,1
gmane.comp.misc.packaging.packer-tool,16,800,en,100.0,100.0,2015,2019,1
gmane.comp.search.nutch.user,16,800,en,100.0,100.0,2006,2007,1
gmane.linux.debian.user.testing,16,800,en,87.5,87.5,2002,2016,3
gmane.org.user-groups.linux.vietlug,16,800,vi,62.5,18.8,2004,2006,5
gmane.recreation.radio.hardware.kenwood.th-f6a,16,800,en,100.0,100.0,2005,2017,1
gmane.science.mathematics.logic.isabelle.devel,16,800,en,100.0,100.0,2009,2016,1
gmane.comp.java.openjdk.mlvm.devel,16,800,en,100.0,100.0,2009,2018,1
gmane.music.equipment.slimp3.dev,16,800,en,87.5,87.5,2001,2003,2
gmane.comp.file-systems.lustre.devel,16,800,en,100.0,100.0,2007,2019,1
gmane.comp.gnome.devel.spanish,16,800,es,93.8,0.0,2003,2013,2
gmane.comp.web.wiki.moin.general,16,800,en,100.0,100.0,2002,2015,1
gmane.linux.distributions.gnewsense.user,16,800,en,93.8,93.8,2007,2013,2
gmane.linux.highavailability.devel,16,800,en,93.8,93.8,2006,2012,2
gmane.comp.apache.trafficserver.user,15,750,en,93.3,93.3,2012,2019,2
gmane.comp.db.hector.user,15,750,en,100.0,100.0,2010,2012,1
gmane.comp.file-systems.fstests,15,750,en,100.0,100.0,2015,2019,1
gmane.comp.fonts.freetype.user,15,750,en,93.3,93.3,2003,2019,2
gmane.comp.freedesktop.intltool,15,750,ja,46.7,26.7,2005,2008,4
gmane.comp.hardware.cisco.turkish,15,750,tr,93.3,0.0,2003,2009,2
gmane.comp.hardware.smartphones.pkg-fso-maint,15,750,en,66.7,66.7,2008,2018,5
gmane.comp.jakarta.tomee.user,15,750,en,93.3,93.3,2015,2019,2
gmane.comp.java.netbeans.cnd.user,15,750,en,80.0,80.0,2009,2017,4
gmane.comp.lang.jython.devel,15,750,en,100.0,100.0,2002,2017,1
gmane.comp.lang.lua.luajit,15,750,en,93.3,93.3,2012,2014,2
gmane.comp.lib.ncurses.bugs,15,750,en,100.0,100.0,2003,2019,1
gmane.comp.lib.qt.android,15,750,en,100.0,100.0,2011,2013,1
gmane.comp.mozilla.devel.windows,15,750,en,93.3,93.3,2002,2006,2
gmane.comp.printing.pykota.user,15,750,en,100.0,100.0,2003,2012,1
gmane.comp.programming.software-craftsmanship,15,750,en,100.0,100.0,2008,2013,1
gmane.comp.python.testing.general,15,750,en,100.0,100.0,2007,2018,1
gmane.comp.security.cyrus.sasl,15,750,en,100.0,100.0,2002,2019,1
gmane.comp.tex.latex.latex3,15,750,en,100.0,100.0,2002,2015,1
gmane.comp.web.phpgroupware.devel,15,750,en,93.3,93.3,2002,2010,2
gmane.comp.web.webobjects.woproject.cvs,15,750,en,80.0,80.0,2002,2005,2
gmane.comp.web.witty.general,15,750,en,100.0,100.0,2006,2013,1
gmane.comp.windows.dotnet.castleproject.devel,15,750,en,100.0,100.0,2005,2006,1
gmane.comp.xfree86.expert,15,750,en,93.3,93.3,2002,2002,2
gmane.culture.events.squid-list,15,750,en,100.0,100.0,2004,2008,1
gmane.culture.homeopathy.general,15,750,en,100.0,100.0,2006,2013,1
gmane.education.wikieducator.general,15,750,en,100.0,100.0,2007,2017,1
gmane.ietf.mxcomp,15,750,en,100.0,100.0,2004,2005,1
gmane.linux.debian.alioth.pkg-php-maint,15,750,en,80.0,80.0,2011,2016,3
gmane.linux.debian.devel.lts,15,750,en,100.0,100.0,2015,2018,1
gmane.linux.drivers.wacom.devel,15,750,en,100.0,100.0,2010,2014,1
gmane.linux.laptop.olpc.server.devel,15,750,en,100.0,100.0,2008,2015,1
gmane.linux.redhat.release.enigma,15,750,en,100.0,100.0,2002,2012,1
gmane.linux.suse.arm,15,750,en,100.0,100.0,2013,2019,1
gmane.linux.ubuntu.user.portuguese,15,750,pt,93.3,6.7,2008,2013,2
gmane.mail.sqwebmail,15,750,en,100.0,100.0,2002,2004,1
gmane.mail.virus.mailscanner.mailwatch.general,15,750,en,100.0,100.0,2005,2014,1
gmane.org.user-groups.brmlab,15,750,cs,66.7,6.7,2011,2019,5
gmane.org.w3c.internationalization.general,15,750,en,100.0,100.0,2003,2016,1
gmane.os.freebsd.devel.alpha,15,750,en,100.0,100.0,2002,2010,1
gmane.science.biology.informatics.bulletin,15,750,en,100.0,100.0,2005,2012,1
gmane.text.xml.soap.user,15,750,en,100.0,100.0,2002,2004,1
gmane.text.xml.xerces-j.user,15,750,en,100.0,100.0,2003,2014,1
gmane.comp.apache.ctakes.devel,15,750,en,93.3,93.3,2013,2019,2
gmane.comp.distributed.boinc.user,15,750,en,100.0,100.0,2008,2019,1
gmane.comp.emulators.pearpc.devel,15,750,en,100.0,100.0,2004,2007,1
gmane.comp.gis.openstreetmap.imports,15,750,en,100.0,100.0,2010,2018,1
gmane.comp.gnome.infrastructure,15,750,en,93.3,93.3,2006,2018,2
gmane.comp.internationalization.norwegian,15,750,no,93.3,6.7,2002,2015,2
gmane.comp.java.bio.general,15,750,en,100.0,100.0,2003,2013,1
gmane.comp.java.cdi.seam.scm,15,750,en,93.3,93.3,2010,2015,2
gmane.comp.java.classpath.bugs,15,750,en,86.7,86.7,2005,2016,3
gmane.comp.java.javagroups.general,15,750,en,100.0,100.0,2004,2013,1
gmane.comp.java.netbeans.netcat,15,750,en,86.7,86.7,2006,2011,3
gmane.comp.lang.haskell.debian,15,750,en,100.0,100.0,2006,2017,1
gmane.comp.lang.r.rcpp,15,750,en,93.3,93.3,2010,2016,2
gmane.comp.lib.boost.ublas,15,750,en,100.0,100.0,2003,2011,1
gmane.comp.lib.qt.pyside,15,750,en,100.0,100.0,2009,2015,1
gmane.comp.php.smarty.general,15,750,en,100.0,100.0,2002,2006,1
gmane.comp.sysutils.elfutils.devel,15,750,en,100.0,100.0,2009,2018,1
gmane.comp.web.mojolicious,15,750,en,100.0,100.0,2012,2019,1
gmane.comp.web.netsurf.devel,15,750,en,100.0,100.0,2002,2012,1
gmane.comp.window-managers.dwm,15,750,en,100.0,100.0,2006,2009,1
gmane.comp.window-managers.icewm.devel,15,750,en,100.0,100.0,2003,2011,1
gmane.comp.windows.gui4cli,15,750,en,100.0,100.0,2003,2010,1
gmane.emacs.tramp,15,750,en,60.0,60.0,2002,2019,6
gmane.games.board.chess.scid.user,15,750,en,100.0,100.0,2007,2015,1
gmane.ietf.dmarc,15,750,en,100.0,100.0,2014,2018,1
gmane.ietf.pce,15,750,en,100.0,100.0,2005,2018,1
gmane.linux.debian.freedombox.user,15,750,en,100.0,100.0,2011,2015,1
gmane.linux.debian.ports.alpha,15,750,en,93.3,93.3,2002,2017,2
gmane.linux.embedded.yocto.linux-yocto,15,750,en,86.7,86.7,2013,2018,3
gmane.linux.kernel.bcache.devel,15,750,en,93.3,93.3,2012,2018,2
gmane.linux.redhat.fedora.java,15,750,en,100.0,100.0,2005,2017,1
gmane.linux.ubuntu.loco-contacts,15,750,en,100.0,100.0,2006,2013,1
gmane.org.wikimedia.socialmedia,15,750,en,93.3,93.3,2014,2015,2
gmane.os.cygwin.patches,15,750,en,100.0,100.0,2002,2017,1
gmane.os.freebsd.devel.acpi,15,750,en,100.0,100.0,2004,2019,1
gmane.text.xml.batik.devel,15,750,en,86.7,86.7,2003,2017,3
gmane.text.xml.xerces-j.devel,15,750,en,93.3,93.3,2003,2017,2
gmane.user-groups.linux.lugmen.general,15,750,es,100.0,0.0,2007,2011,1
gmane.user-groups.linux.uk.dorset,15,750,en,100.0,100.0,2009,2017,1
gmane.comp.freedesktop.packagekit,15,750,en,100.0,100.0,2007,2014,1
gmane.comp.lang.haskell.disciple,15,750,en,86.7,86.7,2009,2011,3
gmane.comp.mathematics.sage.release,15,750,en,100.0,100.0,2013,2018,1
gmane.comp.mobile.syncevolution.issues,15,750,en,86.7,86.7,2009,2018,2
gmane.comp.mozilla.firefox.devel,15,750,en,100.0,100.0,2013,2018,1
gmane.comp.programming.jupyter,15,750,en,100.0,100.0,2015,2019,1
gmane.comp.python.lxml.devel,15,750,en,100.0,100.0,2005,2017,1
gmane.comp.version-control.cvs.windows-nt.cvs,15,750,en,80.0,80.0,2006,2017,3
gmane.comp.video.dvdrip.user,15,750,en,93.3,93.3,2002,2009,2
gmane.comp.window-managers.wmii,15,750,en,100.0,100.0,2006,2009,1
gmane.linux.debian.devel.changes.testing,15,750,en,100.0,100.0,2011,2019,1
gmane.linux.debian.internationalization.english,15,750,en,93.3,93.3,2007,2014,2
gmane.linux.suse.multimedia.german,15,750,de,93.3,6.7,2004,2008,2
gmane.user-groups.foss.solar,15,750,es,66.7,6.7,2010,2013,4
gmane.comp.bios.openbios,15,750,en,100.0,100.0,2006,2016,1
gmane.comp.gis.opengeodb,15,750,de,100.0,0.0,2004,2010,1
gmane.comp.jakarta.general,15,750,en,100.0,100.0,2002,2011,1
gmane.comp.jakarta.turbine.torque.user,15,750,en,100.0,100.0,2003,2019,1
gmane.comp.java.slf4j.devel,15,750,en,93.3,93.3,2007,2013,2
gmane.comp.lib.openimageio.devel,15,750,en,100.0,100.0,2011,2019,1
gmane.comp.php.fig,15,750,en,100.0,100.0,2015,2018,1
gmane.comp.science.concurrency,15,750,en,100.0,100.0,2005,2019,1
gmane.comp.version-control.subversion.trac.devel,15,750,en,100.0,100.0,2006,2012,1
gmane.emacs.vms,15,750,ja,80.0,20.0,2005,2006,2
gmane.linux.debian.alioth.reportbug.devel,15,750,en,86.7,86.7,2009,2016,3
gmane.mail.imap.courier.server,15,750,en,100.0,100.0,2005,2018,1
gmane.org.user-groups.freebsd.japan,15,750,ja,80.0,20.0,2005,2018,2
gmane.org.user-groups.unix.vague,15,750,en,100.0,100.0,2006,2015,1
gmane.text.xml.rfc,15,750,en,100.0,100.0,2006,2019,1
gmane.comp.emulators.virtio.devel,15,750,en,100.0,100.0,2014,2019,1
gmane.comp.forges.fusionforge.scm,15,750,en,100.0,100.0,2012,2017,1
gmane.comp.gnu.octave.devel,15,750,en,100.0,100.0,2008,2012,1
gmane.comp.ide.eclipse.technology.pmc,15,750,en,100.0,100.0,2010,2019,1
gmane.comp.monitoring.orca.user,15,750,en,93.3,93.3,1999,2006,2
gmane.comp.security.fulldisclosure,15,750,en,100.0,100.0,2014,2018,1
gmane.comp.shells.bash.completion.devel,15,750,en,86.7,86.7,2009,2015,3
gmane.comp.window-managers.ion.general,15,750,en,100.0,100.0,2001,2009,1
gmane.linux.suse.autoinstall,15,750,en,100.0,100.0,2003,2016,1
gmane.linux.watchdog,15,750,en,100.0,100.0,2015,2019,1
gmane.mail.ezmlm,15,750,en,93.3,93.3,2002,2007,2
gmane.os.openbsd.www,15,750,en,93.3,93.3,2002,2013,2
gmane.mail.maildrop,15,750,en,93.3,93.3,2002,2015,2
gmane.comp.lang.perl.xml,15,750,en,100.0,100.0,2002,2018,1
gmane.comp.mozilla.identity.devel,15,750,en,93.3,93.3,2011,2014,2
gmane.comp.web.privoxy.user,15,750,en,100.0,100.0,2003,2014,1
gmane.comp.audio.pulseaudio.scm,15,750,en,93.3,93.3,2007,2018,2
gmane.comp.php.zend.framework.mvc,15,750,en,100.0,100.0,2007,2010,1
gmane.linux.suse.kernel,15,750,en,93.3,93.3,2008,2017,2
gmane.org.user-groups.linux.linux06,15,750,fr,100.0,0.0,1999,2007,1
gmane.comp.gnu.findutils.bugs,15,750,en,100.0,100.0,2004,2019,1
gmane.comp.php.seagull.general,15,750,en,100.0,100.0,2004,2012,1
gmane.comp.web.midgard.user,15,750,en,100.0,100.0,2002,2005,1
gmane.linux.drivers.fuse.zfs,15,750,en,100.0,100.0,2008,2012,1
gmane.comp.apache.incubator.atlas.scm,14,700,en,85.7,85.7,2015,2018,2
gmane.comp.apache.mod-ssl.user,14,700,en,92.9,92.9,2002,2005,2
gmane.comp.cms.jahia.bugs,14,700,it,57.1,42.9,2007,2008,2
gmane.comp.db.monetdb.sql.scm,14,700,en,100.0,100.0,2007,2010,1
gmane.comp.emulators.turnkey-mvs,14,700,en,100.0,100.0,2003,2010,1
gmane.comp.gis.openstreetmap.user,14,700,en,100.0,100.0,2007,2011,1
gmane.comp.gnome.internationalization.cyrillian,14,700,ru,100.0,0.0,2002,2017,1
gmane.comp.graphics.smartbody.scm,14,700,en,100.0,100.0,2008,2018,1
gmane.comp.handhelds.ipaq.boot-loader,14,700,en,78.6,78.6,2001,2009,3
gmane.comp.handhelds.shr.user,14,700,en,100.0,100.0,2009,2012,1
gmane.comp.handhelds.zaurus.general,14,700,en,100.0,100.0,2002,2003,1
gmane.comp.hardware.gps.gpsbabel.general,14,700,en,100.0,100.0,2004,2016,1
gmane.comp.ide.eclipse.tycho.user,14,700,en,100.0,100.0,2012,2018,1
gmane.comp.isp.datacenter.opendcim.discussion,14,700,en,100.0,100.0,2014,2018,1
gmane.comp.java.hsqldb.user,14,700,en,100.0,100.0,2003,2016,1
gmane.comp.java.izpack.user,14,700,en,100.0,100.0,2005,2014,1
gmane.comp.lang.j.chat,14,700,en,100.0,100.0,2007,2018,1
gmane.comp.lang.ruby.gems.devel,14,700,en,92.9,92.9,2006,2011,2
gmane.comp.lang.ruby.mongrel.general,14,700,en,100.0,100.0,2006,2010,1
gmane.comp.lib.glibc.locales,14,700,en,78.6,78.6,2006,2019,2
gmane.comp.lib.swagger,14,700,en,100.0,100.0,2015,2018,1
gmane.comp.licenses.open-source.general,14,700,en,100.0,100.0,2003,2017,1
gmane.comp.misc.opensync.devel,14,700,en,100.0,100.0,2005,2013,1
gmane.comp.mobile.syncevolution,14,700,en,100.0,100.0,2009,2017,1
gmane.comp.python.catalog,14,700,en,100.0,100.0,2005,2013,1
gmane.comp.python.pyinstaller,14,700,en,92.9,92.9,2006,2015,2
gmane.comp.shells.zsh.user,14,700,en,92.9,92.9,2005,2019,2
gmane.comp.tools.bazel.user,14,700,en,100.0,100.0,2016,2019,1
gmane.comp.version-control.gitlab,14,700,en,100.0,100.0,2012,2017,1
gmane.comp.video.panorama.bugs,14,700,en,71.4,71.4,2002,2006,2
gmane.comp.web.codemirror,14,700,en,100.0,100.0,2011,2015,1
gmane.comp.web.oscommerce.features,14,700,en,92.9,92.9,2002,2003,2
gmane.comp.web.zope.plone.plumi.general,14,700,en,92.9,92.9,2007,2013,2
gmane.comp.windows.dotnet.nant.devel,14,700,en,100.0,100.0,2003,2010,1
gmane.culture.region.usa.austin.cable,14,700,en,100.0,100.0,2005,2015,1
gmane.emacs.cc-mode.general,14,700,en,100.0,100.0,2003,2017,1
gmane.emacs.emacspeak.general,14,700,en,100.0,100.0,2006,2017,1
gmane.ietf.homenet,14,700,en,100.0,100.0,2011,2019,1
gmane.ietf.ips,14,700,en,100.0,100.0,2002,2007,1
gmane.ietf.rfc.announce,14,700,en,100.0,100.0,2008,2018,1
gmane.linux.debian.devel.forensics,14,700,en,85.7,85.7,2009,2018,3
gmane.linux.distributions.voyage.general,14,700,en,85.7,85.7,2005,2012,3
gmane.linux.drivers.prism54.devel,14,700,en,57.1,57.1,2003,2005,2
gmane.linux.evms.devel,14,700,en,100.0,100.0,2002,2006,1
gmane.linux.redhat.fedora.erlang,14,700,en,85.7,85.7,2013,2017,2
gmane.linux.suse.opensuse.marketing,14,700,en,100.0,100.0,2010,2013,1
gmane.lisp.gcl.cvs,14,700,en,64.3,64.3,2002,2006,3
gmane.network.cacti.user,14,700,en,100.0,100.0,2003,2015,1
gmane.org.facil.general,14,700,fr,92.9,7.1,2004,2014,2
gmane.org.operators.internet-access,14,700,en,100.0,100.0,2003,2009,1
gmane.org.operators.uknof,14,700,en,100.0,100.0,2010,2019,1
gmane.os.hurd.general,14,700,en,78.6,78.6,2002,2011,3
gmane.os.illumos.zfs,14,700,en,100.0,100.0,2012,2018,1
gmane.os.solaris.opensolaris.zones,14,700,en,92.9,92.9,2006,2011,2
gmane.sports.baseball.oakland-athletics,14,700,en,100.0,100.0,2005,2012,1
gmane.text.formats.asciidoc,14,700,en,100.0,100.0,2009,2015,1
gmane.comp.bug-tracking.mantis.cvs,14,700,en,92.9,92.9,2004,2014,2
gmane.comp.embedded.cerowrt.devel,14,700,en,92.9,92.9,2013,2019,2
gmane.comp.erp.weberp.user,14,700,en,100.0,100.0,2008,2012,1
gmane.comp.freedesktop.harfbuzz,14,700,en,92.9,92.9,2010,2018,2
gmane.comp.gis.openstreetmap.region.at,14,700,de,100.0,0.0,2009,2018,1
gmane.comp.gnome.apps.gnomemeeting.devel,14,700,en,100.0,100.0,2005,2013,1
gmane.comp.graphics.scribus.scm,14,700,en,100.0,100.0,2013,2018,1
gmane.comp.hardware.microcontrollers.hc12,14,700,en,100.0,100.0,2005,2011,1
gmane.comp.lang.erlang.chicagoboss,14,700,en,100.0,100.0,2010,2018,1
gmane.comp.lang.lua.luarocks,14,700,en,100.0,100.0,2008,2015,1
gmane.comp.lib.libusbx.devel,14,700,en,100.0,100.0,2012,2013,1
gmane.comp.micro-kernel.l4.devel,14,700,en,100.0,100.0,2006,2014,1
gmane.comp.mobile.bitpim.devel,14,700,en,100.0,100.0,2004,2008,1
gmane.comp.mozilla.devel.embedding,14,700,en,92.9,92.9,2002,2008,2
gmane.comp.python.web,14,700,en,100.0,100.0,2005,2016,1
gmane.comp.python.webpy,14,700,en,100.0,100.0,2010,2016,1
gmane.comp.python.wsgi.uwsgi.general,14,700,en,100.0,100.0,2011,2018,1
gmane.comp.security.firewalls.ipfilter,14,700,en,100.0,100.0,2002,2007,1
gmane.comp.video.tiff,14,700,en,100.0,100.0,2004,2015,1
gmane.comp.web.wiki.wikiland,14,700,en,35.7,35.7,2004,2007,5
gmane.ietf.nvo3,14,700,en,100.0,100.0,2012,2017,1
gmane.ietf.woes,14,700,en,100.0,100.0,2011,2015,1
gmane.linux.aurora.user,14,700,en,100.0,100.0,2003,2007,1
gmane.linux.gentoo.proaudio,14,700,en,100.0,100.0,2006,2016,1
gmane.linux.kernel.autofs,14,700,en,100.0,100.0,2003,2013,1
gmane.linux.redhat.enterprise.announce,14,700,en,100.0,100.0,2005,2017,1
gmane.linux.redhat.release.limbo,14,700,en,100.0,100.0,2002,2002,1
gmane.linux.ubuntu.bugsquad,14,700,en,85.7,85.7,2006,2016,3
gmane.linux.ubuntu.devel.desktop,14,700,en,100.0,100.0,2007,2018,1
gmane.lisp.cmucl.general,14,700,en,92.9,92.9,2002,2009,2
gmane.mail.mu.general,14,700,en,100.0,100.0,2012,2018,1
gmane.network.stunnel.user,14,700,en,92.9,92.9,2002,2017,2
gmane.comp.desktop.trinity.user,14,700,en,100.0,100.0,2011,2019,1
gmane.comp.emulators.qemu.scm,14,700,en,100.0,100.0,2009,2018,1
gmane.comp.handhelds.gpe,14,700,en,100.0,100.0,2002,2006,1
gmane.comp.horde.kronolith,14,700,en,92.9,92.9,2004,2016,2
gmane.comp.java.openjdk.swing.devel,14,700,en,100.0,100.0,2007,2018,1
gmane.comp.kde.koffice,14,700,en,92.9,92.9,2002,2008,2
gmane.comp.linux.gps,14,700,en,100.0,100.0,2005,2010,1
gmane.comp.security.microsoft,14,700,en,100.0,100.0,2002,2006,1
gmane.comp.sysutils.backup.boxbackup.general,14,700,en,100.0,100.0,2004,2014,1
gmane.comp.tex.latex.french,14,700,fr,92.9,0.0,2005,2018,2
gmane.culture.tv.tom-green,14,700,en,85.7,85.7,2007,2015,3
gmane.games.diplomacy.cat23.results.twelve-hundred,14,700,en,100.0,100.0,2004,2008,1
gmane.ietf.nsis,14,700,en,100.0,100.0,2002,2008,1
gmane.ietf.tls,14,700,en,100.0,100.0,2002,2010,1
gmane.lisp.scheme.scsh,14,700,en,100.0,100.0,1996,2014,1
gmane.network.jabber.psi.devel,14,700,en,100.0,100.0,2004,2010,1
gmane.org.user-groups.linux.italian.glug,14,700,it,100.0,0.0,2005,2009,1
gmane.science.nmr.relax.devel,14,700,en,100.0,100.0,2006,2015,1
gmane.technology.liberationtech,14,700,en,92.9,92.9,2013,2016,2
gmane.comp.apache.ode.user,14,700,en,100.0,100.0,2008,2014,1
gmane.comp.java.castor.user,14,700,en,92.9,92.9,2005,2010,2
gmane.comp.java.jasig.cas.devel,14,700,en,100.0,100.0,2007,2017,1
gmane.comp.java.picocontainer.cvs,14,700,UNKNOWN,78.6,21.4,2004,2011,2
gmane.comp.lang.perl.pdl.devel,14,700,en,100.0,100.0,2007,2015,1
gmane.comp.sysutils.dtrace.user,14,700,en,92.9,92.9,2007,2010,2
gmane.comp.windows.farmanager.russian,14,700,ru,92.9,7.1,2005,2015,2
gmane.culture.sf.literature,14,700,en,92.9,92.9,2002,2015,2
gmane.emacs.latex.preview.bugs,14,700,en,64.3,64.3,2002,2011,4
gmane.linux.msdos.general,14,700,en,85.7,85.7,2002,2013,3
gmane.music.townes-van-zandt,14,700,en,100.0,100.0,2007,2014,1
gmane.network.nagios.plugins.devel,14,700,en,100.0,100.0,2003,2013,1
gmane.os.netbsd.ports.x86-64,14,700,en,100.0,100.0,2004,2019,1
gmane.os.opendarwin.webkit.user,14,700,en,92.9,92.9,2009,2013,2
gmane.text.docbook.misc,14,700,en,100.0,100.0,2002,2019,1
gmane.comp.emulators.xen.api,14,700,en,100.0,100.0,2007,2017,1
gmane.comp.hardware.avr.avrdude.devel,14,700,en,100.0,100.0,2005,2019,1
gmane.comp.hardware.tuxdroid.scm,14,700,en,100.0,100.0,2007,2009,1
gmane.comp.ide.eclipse.ecf.devel,14,700,en,100.0,100.0,2007,2015,1
gmane.comp.jakarta.taglibs.devel,14,700,en,92.9,92.9,2002,2007,2
gmane.comp.kde.windows,14,700,en,100.0,100.0,2008,2016,1
gmane.comp.multimedia.mixxx.devel,14,700,en,100.0,100.0,2007,2017,1
gmane.comp.security.dailydave,14,700,en,100.0,100.0,2005,2015,1
gmane.comp.security.ipcop.scm,14,700,en,100.0,100.0,2008,2015,1
gmane.comp.telephony.sipp.user,14,700,en,100.0,100.0,2006,2016,1
gmane.comp.web.click.devel,14,700,en,100.0,100.0,2006,2010,1
gmane.comp.web.pellet.user,14,700,en,100.0,100.0,2007,2012,1
gmane.education.libraries.medlib,14,700,en,100.0,100.0,2005,2006,1
gmane.games.freeciv.cvs,14,700,en,100.0,100.0,2000,2005,1
gmane.linux.cluster.ssic.devel,14,700,en,100.0,100.0,2003,2009,1
gmane.comp.printing.cups.bugs,14,700,en,92.9,92.9,2003,2012,2
gmane.comp.web.services.description,14,700,en,100.0,100.0,2003,2007,1
gmane.comp.web.services.ws-arch,14,700,en,100.0,100.0,2002,2003,1
gmane.network.bit-torrent.general,14,700,en,100.0,100.0,2002,2005,1
gmane.org.region.indonesia.mahawarman,14,700,id,92.9,0.0,2004,2013,2
gmane.os.freebsd.italian.esperti,14,700,it,100.0,0.0,2000,2014,1
gmane.os.solaris.opensolaris.website,14,700,en,100.0,100.0,2007,2010,1
gmane.politics.antibriberycampaign,14,700,en,85.7,85.7,2007,2016,2
gmane.comp.parsers.spirit.devel,14,700,en,100.0,100.0,2003,2012,1
gmane.education.english.teflchina.jobs,14,700,en,100.0,100.0,2006,2009,1
gmane.ietf.ipfix,14,700,en,100.0,100.0,2002,2013,1
gmane.ietf.smime,14,700,en,100.0,100.0,1997,2013,1
gmane.comp.kde.mac,14,700,en,92.9,92.9,2009,2018,2
gmane.ietf.irtf.cfrg,14,700,en,100.0,100.0,2009,2019,1
gmane.linux.redhat.axp.general,14,700,en,92.9,92.9,2002,2015,2
gmane.linux.redhat.fedora.xen,14,700,en,100.0,100.0,2006,2014,1
gmane.comp.audio.denemo.devel,13,650,en,92.3,92.3,2010,2013,2
gmane.comp.cms.opengroupware.sogo,13,650,en,84.6,84.6,2008,2010,2
gmane.comp.emulators.hercules390.vm,13,650,en,92.3,92.3,2002,2010,2
gmane.comp.finance.aqbanking.devel,13,650,de,76.9,15.4,2005,2009,3
gmane.comp.games.vassal,13,650,en,76.9,76.9,2003,2007,3
gmane.comp.gis.openlayers.devel.ol3,13,650,en,100.0,100.0,2013,2016,1
gmane.comp.gnu.parted.devel,13,650,en,100.0,100.0,2006,2016,1
gmane.comp.internationalization.linux,13,650,en,100.0,100.0,2001,2007,1
gmane.comp.java.openwebbeans.scm,13,650,en,100.0,100.0,2011,2018,1
gmane.comp.java.springframework.rcp.devel,13,650,en,76.9,76.9,2004,2018,4
gmane.comp.java.wso2.mashup.devel,13,650,en,61.5,61.5,2008,2009,2
gmane.comp.jbpm.cvs,13,650,en,92.3,92.3,2007,2010,2
gmane.comp.lang.elixir.devel,13,650,en,100.0,100.0,2015,2019,1
gmane.comp.lang.erlang.patches,13,650,en,100.0,100.0,2004,2014,1
gmane.comp.lang.perl.modules.module-build,13,650,en,100.0,100.0,2003,2009,1
gmane.comp.lang.perl.pdl.general,13,650,en,100.0,100.0,2009,2015,1
gmane.comp.lang.scala.ide.devel,13,650,en,100.0,100.0,2010,2015,1
gmane.comp.lang.scala.tools,13,650,en,100.0,100.0,2007,2014,1
gmane.comp.macosx.business,13,650,en,100.0,100.0,2010,2016,1
gmane.comp.mathematics.sage.cloud,13,650,en,100.0,100.0,2013,2015,1
gmane.comp.misc.translate.bulgarian,13,650,bg,100.0,0.0,2005,2013,1
gmane.comp.mozilla.devel.dom,13,650,en,92.3,92.3,2003,2011,2
gmane.comp.multimedia.milkymist.devel,13,650,en,100.0,100.0,2009,2015,1
gmane.comp.tex.pgf.user,13,650,en,100.0,100.0,2007,2013,1
gmane.comp.video.dri.user,13,650,en,100.0,100.0,2002,2007,1
gmane.comp.web.turbogears.tickets,13,650,en,92.3,92.3,2006,2010,2
gmane.comp.web.zope.plone.teams.framework,13,650,en,100.0,100.0,2006,2014,1
gmane.comp.web.zope.public-cvs,13,650,en,100.0,100.0,2002,2005,1
gmane.emacs.xemacs.binary-kits,13,650,UNKNOWN,53.8,38.5,2003,2004,3
gmane.ietf.fax,13,650,en,100.0,100.0,1997,2001,1
gmane.ietf.tools,13,650,en,100.0,100.0,2006,2016,1
gmane.linux.drivers.nbd.general,13,650,en,92.3,92.3,2008,2016,2
gmane.linux.isdn.i4l.user,13,650,en,61.5,61.5,2004,2014,2
gmane.linux.kernel.aio.general,13,650,en,100.0,100.0,2002,2019,1
gmane.linux.redhat.sssd.user,13,650,en,100.0,100.0,2013,2017,1
gmane.linux.ubuntu.juju.user,13,650,en,100.0,100.0,2013,2016,1
gmane.mail.mew.general.japanese,13,650,ja,100.0,0.0,2002,2009,1
gmane.org.freifunk.wlannews,13,650,de,100.0,0.0,2004,2017,1
gmane.org.fsf.europe.discussion,13,650,en,100.0,100.0,2006,2018,1
gmane.org.user-groups.sysadmin.lopsa.discuss,13,650,en,100.0,100.0,2009,2015,1
gmane.os.freebsd.devel.apache,13,650,en,84.6,84.6,2006,2017,2
gmane.politics.oekonux.english,13,650,en,100.0,100.0,2003,2010,1
gmane.text.xml.xmlbeans.user,13,650,en,100.0,100.0,2004,2009,1
gmane.comp.audio.compression.flac.devel,13,650,en,100.0,100.0,2002,2016,1
gmane.comp.audio.sox,13,650,en,100.0,100.0,2003,2015,1
gmane.comp.bug-tracking.roundup.devel,13,650,en,100.0,100.0,2002,2018,1
gmane.comp.compilers.sdcc.user,13,650,en,100.0,100.0,2006,2018,1
gmane.comp.corba.jacorb.devel,13,650,en,100.0,100.0,2003,2012,1
gmane.comp.db.mysql.odbc,13,650,en,100.0,100.0,2002,2007,1
gmane.comp.freedesktop.libva,13,650,en,100.0,100.0,2011,2016,1
gmane.comp.gnu.apl.bugs,13,650,en,76.9,76.9,2014,2019,2
gmane.comp.hardware.keyboards.layout.dvorak-fr,13,650,fr,100.0,0.0,2007,2011,1
gmane.comp.java.displaytag.general,13,650,en,100.0,100.0,2004,2010,1
gmane.comp.lang.ruby.region.indonesia,13,650,id,69.2,23.1,2007,2013,3
gmane.comp.mozilla.security,13,650,en,100.0,100.0,2004,2013,1
gmane.comp.openoffice.scm.allsvn,13,650,en,100.0,100.0,2009,2010,1
gmane.comp.python.pydotorg-www,13,650,en,100.0,100.0,2011,2018,1
gmane.comp.python.tryton.spanish,13,650,es,100.0,0.0,2012,2017,1
gmane.comp.telephony.freeswitch.devel,13,650,en,100.0,100.0,2008,2016,1
gmane.comp.tex.luatex.user,13,650,en,100.0,100.0,2009,2018,1
gmane.comp.tex.texworks,13,650,en,92.3,92.3,2009,2018,2
gmane.comp.version-control.gitolite,13,650,en,92.3,92.3,2012,2019,2
gmane.comp.web.mathematics,13,650,en,100.0,100.0,2002,2012,1
gmane.comp.web.zope.plone.archetypes.devel,13,650,en,100.0,100.0,2003,2006,1
gmane.culture.bicycle.shift,13,650,en,92.3,92.3,2010,2018,2
gmane.emacs.auctex.devel,13,650,en,100.0,100.0,2005,2017,1
gmane.ietf.simple,13,650,en,100.0,100.0,2004,2012,1
gmane.linux.debian.alioth.pkg-shadow,13,650,en,84.6,84.6,2009,2018,3
gmane.linux.debian.women,13,650,en,92.3,92.3,2004,2014,2
gmane.linux.drivers.ath5k.devel,13,650,en,100.0,100.0,2007,2013,1
gmane.linux.network.bridge,13,650,en,100.0,100.0,2002,2019,1
gmane.linux.redhat.rhl.general,13,650,en,100.0,100.0,2003,2003,1
gmane.linux.ubuntu.devel.accessibility,13,650,en,100.0,100.0,2006,2015,1
gmane.linux.ubuntu.devel.snappy,13,650,en,100.0,100.0,2015,2017,1
gmane.lisp.scheme.chicken.devel,13,650,en,100.0,100.0,2008,2018,1
gmane.org.user-groups.c++.buenos-aires,13,650,es,92.3,0.0,2008,2016,2
gmane.org.user-groups.linux.mhvlug,13,650,en,100.0,100.0,2009,2015,1
gmane.comp.audio.compression.speex.devel,13,650,en,100.0,100.0,2002,2016,1
gmane.comp.cms.opengroupware.user.german,13,650,de,100.0,0.0,2004,2007,1
gmane.comp.fonts.fontforge.user,13,650,en,100.0,100.0,2004,2017,1
gmane.comp.gdb.admin,13,650,en,100.0,100.0,2006,2017,1
gmane.comp.gis.therion,13,650,en,100.0,100.0,2005,2018,1
gmane.comp.jakarta.avalon.phoenix.devel,13,650,en,100.0,100.0,2002,2003,1
gmane.comp.java.springframework.rcp.cvs,13,650,en,92.3,92.3,2006,2012,2
gmane.comp.java.sync4j.user,13,650,en,100.0,100.0,2006,2007,1
gmane.comp.lang.perl.ports.vms,13,650,en,100.0,100.0,2002,2010,1
gmane.comp.mozilla.devel.layout,13,650,en,92.3,92.3,2002,2015,2
gmane.comp.openoffice.devel.marketing,13,650,en,100.0,100.0,2005,2011,1
gmane.comp.parsers.bison.general,13,650,en,100.0,100.0,2002,2019,1
gmane.comp.security.firewalls.devil-linux.general,13,650,en,92.3,92.3,2005,2016,2
gmane.comp.web.freemarker.devel,13,650,en,100.0,100.0,2003,2008,1
gmane.comp.web.quixote.user,13,650,en,100.0,100.0,2003,2006,1
gmane.comp.windows.devel.dotnet.general,13,650,en,100.0,100.0,2002,2002,1
gmane.comp.windows.shells.litestep,13,650,en,100.0,100.0,2003,2010,1
gmane.linux.comedi,13,650,en,100.0,100.0,2003,2007,1
gmane.linux.distributions.angstrom.devel,13,650,en,100.0,100.0,2007,2015,1
gmane.linux.gentoo.documentation.cvs,13,650,en,84.6,84.6,2005,2011,3
gmane.linux.kernel.hwmon,13,650,en,100.0,100.0,2016,2019,1
gmane.mail.spam.tmda.devel,13,650,en,92.3,92.3,2001,2003,2
gmane.music.underworld,13,650,en,100.0,100.0,2011,2015,1
gmane.network.ekg.user,13,650,pl,84.6,0.0,2002,2006,3
gmane.network.monitoring.plugins.devel,13,650,en,100.0,100.0,2003,2014,1
gmane.network.opennic.general,13,650,en,92.3,92.3,2002,2018,2
gmane.recreation.cars.nissan.tech,13,650,en,100.0,100.0,2004,2006,1
gmane.text.yaml.general,13,650,en,100.0,100.0,2003,2018,1
gmane.user-groups.linux.gusolt.general,13,650,es,100.0,0.0,2005,2006,1
gmane.comp.desktop.xfce.i18n,13,650,en,92.3,92.3,2006,2014,2
gmane.comp.file-systems.arla.cvs,13,650,en,100.0,100.0,2002,2006,1
gmane.comp.ide.eclipse.devel,13,650,en,100.0,100.0,2005,2018,1
gmane.comp.kde.devel.quanta,13,650,en,100.0,100.0,2003,2006,1
gmane.comp.multimedia.mvpmc.devel,13,650,en,100.0,100.0,2004,2011,1
gmane.comp.php.nusoap.general,13,650,en,100.0,100.0,2004,2013,1
gmane.comp.web.bluefish.devel,13,650,en,100.0,100.0,2007,2014,1
gmane.comp.web.rdf,13,650,en,100.0,100.0,2003,2008,1
gmane.linux.distributions.gobo.devel,13,650,en,100.0,100.0,2006,2013,1
gmane.linux.gentoo.project,13,650,en,100.0,100.0,2008,2018,1
gmane.linux.kernel.ck,13,650,en,100.0,100.0,2004,2007,1
gmane.network.netatalk.cvs,13,650,en,92.3,92.3,2003,2012,2
gmane.network.ssh.libssh2.devel,13,650,en,92.3,92.3,2008,2016,2
gmane.org.user-groups.php.uphpu,13,650,en,100.0,100.0,2007,2016,1
gmane.os.solaris.opensolaris.ogb,13,650,en,100.0,100.0,2007,2010,1
gmane.recreation.dance.tango.poland,13,650,pl,76.9,15.4,2005,2013,3
gmane.text.xml.xalan.cvs,13,650,en,92.3,92.3,2002,2008,2
gmane.user-groups.foss.libreplanet,13,650,en,100.0,100.0,2012,2017,1
gmane.comp.bug-tracking.abrt.devel,13,650,en,84.6,84.6,2010,2015,2
gmane.comp.security.firewalls.pfsense.portuguese,13,650,pt,92.3,7.7,2012,2017,2
gmane.comp.window-managers.fvwm.devel,13,650,en,100.0,100.0,2004,2016,1
gmane.linux.distributions.parabola.devel,13,650,en,100.0,100.0,2012,2019,1
gmane.lisp.scheme.plt.devel,13,650,en,92.3,92.3,2009,2016,2
gmane.network.bird.user,13,650,en,100.0,100.0,2011,2016,1
gmane.os.freebsd.stable-10.scm,13,650,en,100.0,100.0,2015,2018,1
gmane.comp.science.electromagnetism.meep.general,13,650,en,100.0,100.0,2007,2018,1
gmane.comp.web.zope.zope3.user,13,650,en,100.0,100.0,2005,2012,1
gmane.linux.lids,13,650,en,69.2,69.2,2004,2016,5
gmane.linux.redhat.fedora.kernel,13,650,en,100.0,100.0,2007,2018,1
gmane.mail.qmail.qmr,13,650,en,100.0,100.0,2005,2006,1
gmane.comp.lang.elixir.general,13,650,en,100.0,100.0,2014,2016,1
gmane.comp.lang.nasm.devel,13,650,en,100.0,100.0,2006,2016,1
gmane.network.gopher.general,13,650,en,100.0,100.0,2002,2017,1
gmane.network.tcpdump.devel,13,650,en,100.0,100.0,2005,2014,1
gmane.org.wikimedia.russia,13,650,ru,76.9,0.0,2014,2019,3
gmane.comp.cms.sakai.qa,13,650,en,100.0,100.0,2008,2016,1
gmane.comp.emulators.ovirt.engine.devel,13,650,en,100.0,100.0,2012,2014,1
gmane.os.freebsd.devel.threading,13,650,en,84.6,84.6,2003,2015,3
gmane.comp.gnu.mingw.cross-env,13,650,en,100.0,100.0,2010,2017,1
gmane.ietf.softwires,13,650,en,100.0,100.0,2009,2019,1
gmane.ietf.webdav,13,650,en,92.3,92.3,2002,2008,2
gmane.mail.majordomo.majordomo2.devel,13,650,en,100.0,100.0,2002,2005,1
gmane.editors.texmacs.user,13,650,en,92.3,92.3,2003,2018,2
gmane.network.olsr.user,13,650,en,100.0,100.0,2005,2016,1
gmane.os.netbsd.devel.toolchain,13,650,en,100.0,100.0,2003,2015,1
gmane.comp.ai.machine-learning.shogun,12,600,en,100.0,100.0,2008,2016,1
gmane.comp.db.monetdb.bugs,12,600,en,100.0,100.0,2007,2010,1
gmane.comp.db.postgresql.brasil.devel,12,600,pt,83.3,8.3,2008,2017,3
gmane.comp.desktop.lxde.devel,12,600,en,100.0,100.0,2009,2016,1
gmane.comp.documentfoundation.steering-discuss,12,600,en,100.0,100.0,2010,2014,1
gmane.comp.emulators.simh,12,600,en,100.0,100.0,2010,2019,1
gmane.comp.gis.mapnik.user,12,600,en,100.0,100.0,2008,2011,1
gmane.comp.gis.openstreetmap.region.se,12,600,sv,83.3,16.7,2011,2018,2
gmane.comp.hardware.avr.libc.devel,12,600,en,100.0,100.0,2004,2015,1
gmane.comp.java.openjdk.nashorn.devel,12,600,en,91.7,91.7,2013,2017,2
gmane.comp.lang.haskell.cvs.nhc98,12,600,en,100.0,100.0,2004,2013,1
gmane.comp.mathematics.libmesh.devel,12,600,en,100.0,100.0,2008,2013,1
gmane.comp.misc.racktables.user,12,600,en,100.0,100.0,2011,2017,1
gmane.comp.multimedia.dvdauthor.user,12,600,en,100.0,100.0,2004,2014,1
gmane.comp.security.cryptography.randombit,12,600,en,100.0,100.0,2011,2016,1
gmane.comp.sysutils.ansible.devel,12,600,en,100.0,100.0,2014,2018,1
gmane.comp.t2.devel,12,600,en,100.0,100.0,2005,2018,1
gmane.comp.video.synfig.devel,12,600,en,91.7,91.7,2008,2014,2
gmane.comp.web.dansguardian.general,12,600,en,100.0,100.0,2008,2010,1
gmane.comp.web.zope.coders,12,600,en,100.0,100.0,2002,2005,1
gmane.comp.web.zope.devel.collector-monitor,12,600,en,100.0,100.0,2003,2007,1
gmane.editors.abiword.user,12,600,en,100.0,100.0,2002,2008,1
gmane.editors.yi.devel,12,600,en,91.7,91.7,2008,2018,2
gmane.emacs.gnus.commits,12,600,en,91.7,91.7,2003,2006,2
gmane.linux.debian.devel.games.ubuntu,12,600,en,83.3,83.3,2009,2016,3
gmane.linux.gentoo.user.french,12,600,fr,83.3,8.3,2005,2007,3
gmane.linux.hardware.toshiba,12,600,en,91.7,91.7,2002,2007,2
gmane.linux.leaf.cvs,12,600,en,100.0,100.0,2003,2010,1
gmane.linux.mandrake.plf.general,12,600,en,100.0,100.0,2004,2011,1
gmane.linux.redhat.fedora.directory.devel,12,600,en,50.0,50.0,2007,2018,4
gmane.linux.ubuntu.qa,12,600,en,100.0,100.0,2011,2014,1
gmane.linux.ubuntu.user.swedish,12,600,sv,100.0,0.0,2008,2014,1
gmane.lisp.web.weblocks,12,600,en,91.7,91.7,2008,2011,2
gmane.mail.opensmtpd.general,12,600,en,91.7,91.7,2013,2017,2
gmane.network.gnunet.devel,12,600,en,100.0,100.0,2002,2019,1
gmane.org.creativecommons.general,12,600,en,91.7,91.7,2007,2012,2
gmane.org.user-groups.linux.gtalug.general,12,600,en,100.0,100.0,2014,2019,1
gmane.politics.parties.pirateparty.germany.hessen.wetterau,12,600,de,100.0,0.0,2009,2013,1
gmane.recreation.dance.tango.champaign-urbana,12,600,en,100.0,100.0,2006,2013,1
gmane.text.unicode.general,12,600,en,91.7,91.7,2002,2003,2
gmane.comp.apache.incubator.drill.scm,12,600,en,75.0,75.0,2014,2019,3
gmane.comp.cms.wyona.cvs,12,600,en,100.0,100.0,2002,2003,1
gmane.comp.compilers.open64.devel,12,600,en,100.0,100.0,2010,2011,1
gmane.comp.emulators.qemu.user,12,600,en,100.0,100.0,2013,2019,1
gmane.comp.file-systems.openzfs.devel,12,600,en,83.3,83.3,2013,2019,3
gmane.comp.finance.e-gold.user,12,600,en,83.3,83.3,2004,2007,3
gmane.comp.fonts.fontconfig,12,600,en,91.7,91.7,2003,2017,2
gmane.comp.gnome.ximian.openoffice,12,600,en,100.0,100.0,2004,2010,1
gmane.comp.graphics.otb.user,12,600,en,100.0,100.0,2012,2018,1
gmane.comp.graphics.qwt.general,12,600,en,100.0,100.0,2007,2017,1
gmane.comp.handhelds.android.kernel,12,600,en,91.7,91.7,2009,2014,2
gmane.comp.handhelds.openmoko.scm,12,600,en,100.0,100.0,2007,2010,1
gmane.comp.handhelds.sailfishos.devel,12,600,en,100.0,100.0,2013,2017,1
gmane.comp.hardware.bus.can,12,600,en,100.0,100.0,2003,2016,1
gmane.comp.java.openjdk.macosx-port.devel,12,600,en,100.0,100.0,2011,2014,1
gmane.comp.java.xfire.user,12,600,en,100.0,100.0,2006,2007,1
gmane.comp.kde.www,12,600,en,75.0,75.0,2009,2019,2
gmane.comp.lang.r.ecology,12,600,en,91.7,91.7,2008,2019,2
gmane.comp.lang.swift.user,12,600,en,91.7,91.7,2016,2017,2
gmane.comp.multimedia.ogg.vorbis.general,12,600,en,100.0,100.0,2002,2007,1
gmane.comp.printing.a2ps.patches,12,600,en,66.7,66.7,2004,2007,3
gmane.comp.printing.ghostscript.devel,12,600,en,91.7,91.7,2003,2014,2
gmane.comp.python.pyobjc.devel,12,600,en,100.0,100.0,2003,2015,1
gmane.comp.sysutils.autoconf.patches,12,600,en,100.0,100.0,2005,2012,1
gmane.comp.video.dri.patches,12,600,en,91.7,91.7,2002,2009,2
gmane.comp.windows.devel.drivers.openib,12,600,en,100.0,100.0,2006,2011,1
gmane.linux.file-systems.aufs.user,12,600,en,100.0,100.0,2007,2012,1
gmane.linux.redhat.fedora.pulp,12,600,en,100.0,100.0,2011,2017,1
gmane.network.opennms.install,12,600,en,100.0,100.0,2004,2013,1
gmane.user-groups.linux.bblug.org,12,600,es,100.0,0.0,2006,2012,1
gmane.comp.audio.streamripper.general,12,600,en,91.7,91.7,2003,2009,2
gmane.comp.emulators.virtualbox.user,12,600,en,100.0,100.0,2010,2017,1
gmane.comp.emulators.xmame.devel,12,600,en,91.7,91.7,2003,2007,2
gmane.comp.file-systems.coda.general,12,600,en,100.0,100.0,2003,2014,1
gmane.comp.file-systems.ocfs2.user,12,600,en,100.0,100.0,2006,2012,1
gmane.comp.gcc.devel,12,600,en,100.0,100.0,2002,2002,1
gmane.comp.gnome.apps.epiphany,12,600,en,83.3,83.3,2003,2005,3
gmane.comp.lib.eigen,12,600,en,100.0,100.0,2010,2017,1
gmane.comp.openoffice.scm.allhg,12,600,en,75.0,75.0,2009,2011,3
gmane.comp.php.doctrine.user,12,600,en,100.0,100.0,2012,2018,1
gmane.comp.systems.as400.domino,12,600,en,100.0,100.0,2003,2010,1
gmane.comp.web.polymer.devel,12,600,en,100.0,100.0,2013,2017,1
gmane.education.colombia.slec,12,600,es,91.7,0.0,2000,2006,2
gmane.linux.embedded.yocto.webhob,12,600,en,91.7,91.7,2013,2016,2
gmane.linux.newbie,12,600,en,100.0,100.0,2002,2012,1
gmane.linux.real-time.rtnet.user,12,600,en,100.0,100.0,2003,2013,1
gmane.linux.redhat.et-mgmt-tools,12,600,en,100.0,100.0,2007,2009,1
gmane.linux.ubuntu.region.belgium,12,600,en,75.0,75.0,2007,2016,3
gmane.org.fsf.uk,12,600,en,100.0,100.0,2002,2008,1
gmane.org.user-groups.linux.luccalug.soci,12,600,it,100.0,0.0,2010,2016,1
gmane.os.inferno.general,12,600,en,100.0,100.0,2004,2011,1
gmane.os.riot.devel,12,600,en,100.0,100.0,2014,2018,1
gmane.os.solaris.opensolaris.devel,12,600,en,100.0,100.0,2006,2010,1
gmane.comp.cad.brlcad.devel,12,600,en,100.0,100.0,2009,2018,1
gmane.comp.file-systems.ext3.user,12,600,en,100.0,100.0,2002,2009,1
gmane.comp.file-systems.nfs.ganesha.devel,12,600,en,91.7,91.7,2015,2018,2
gmane.comp.gis.openstreetmap.region.ph,12,600,en,100.0,100.0,2009,2017,1
gmane.comp.gis.openstreetmap.tilesathome,12,600,en,91.7,91.7,2007,2009,2
gmane.comp.graphics.plplot.devel,12,600,en,100.0,100.0,2010,2017,1
gmane.comp.ide.eclipse.platform.ui.devel,12,600,en,100.0,100.0,2006,2017,1
gmane.comp.ide.eric,12,600,en,100.0,100.0,2007,2014,1
gmane.comp.lang.scala.simple-build-tool,12,600,en,100.0,100.0,2011,2013,1
gmane.comp.multimedia.xmms2.devel,12,600,en,91.7,91.7,2006,2018,2
gmane.comp.openoffice.general,12,600,en,100.0,100.0,2005,2011,1
gmane.comp.php.drupal.cvs,12,600,en,58.3,58.3,2003,2004,5
gmane.comp.web.dom.general,12,600,en,100.0,100.0,2002,2015,1
gmane.linux.kernel.embedded,12,600,en,100.0,100.0,2008,2016,1
gmane.linux.kernel.utrace,12,600,en,66.7,66.7,2009,2010,4
gmane.org.wikimedia.wikilovesmonuments,12,600,en,91.7,91.7,2011,2015,2
gmane.science.robotics.playerstage.cvs,12,600,en,91.7,91.7,2007,2015,2
gmane.comp.gnu.m4.cvs,12,600,en,75.0,75.0,2003,2008,4
gmane.comp.gnu.mcsim.bugs,12,600,en,41.7,41.7,2002,2006,3
gmane.comp.horde.turba,12,600,en,91.7,91.7,2002,2015,2
gmane.comp.java.continuum.devel,12,600,en,100.0,100.0,2006,2010,1
gmane.comp.misc.freeware.yahoo,12,600,en,100.0,100.0,2011,2015,1
gmane.comp.monitoring.icinga.user,12,600,en,91.7,91.7,2010,2016,2
gmane.comp.python.twisted.web,12,600,en,100.0,100.0,2004,2010,1
gmane.comp.volt.nuts,12,600,en,100.0,100.0,2013,2018,1
gmane.emacs.auc-tex,12,600,en,100.0,100.0,2004,2005,1
gmane.linux.admin,12,600,en,100.0,100.0,2002,2012,1
gmane.linux.embedded.yocto.meta-intel,12,600,en,100.0,100.0,2013,2017,1
gmane.linux.linaro.toolchain,12,600,en,100.0,100.0,2010,2017,1
gmane.org.creativecommons.licenses,12,600,en,100.0,100.0,2005,2012,1
gmane.org.user-groups.linux.turkey.linux,12,600,tr,100.0,0.0,2009,2018,1
gmane.org.user-groups.nmlug,12,600,en,100.0,100.0,2002,2008,1
gmane.text.xml.xmlsec,12,600,en,100.0,100.0,2003,2012,1
gmane.comp.java.netbeans.php,12,600,en,100.0,100.0,2009,2011,1
gmane.comp.php.symfony.users,12,600,en,100.0,100.0,2011,2011,1
gmane.comp.security.detection.bro.devel,12,600,en,58.3,58.3,2012,2016,2
gmane.comp.web.ezcomponents.devel,12,600,en,100.0,100.0,2005,2008,1
gmane.comp.web.zope.cmf.cvs,12,600,en,91.7,91.7,2001,2007,2
gmane.ietf.lisp,12,600,en,100.0,100.0,2013,2019,1
gmane.mail.the-bat.russian,12,600,ru,75.0,25.0,2004,2014,2
gmane.org.user-groups.linux.turkey.programlama,12,600,tr,100.0,0.0,2009,2018,1
gmane.os.freebsd.devel.standards,12,600,en,75.0,75.0,2002,2016,3
gmane.os.netbsd.ports.arm,12,600,en,91.7,91.7,2002,2019,2
gmane.comp.ldap.davedap,12,600,en,100.0,100.0,2003,2008,1
gmane.comp.lib.boost.asio.user,12,600,en,100.0,100.0,2007,2012,1
gmane.comp.web.zope.plone.internationalization,12,600,en,100.0,100.0,2004,2011,1
gmane.linux.laptop.olpc.sur,12,600,es,100.0,0.0,2011,2014,1
gmane.sports.disc.eurodisc,12,600,en,83.3,83.3,2008,2018,3
gmane.comp.gnome.glade.user,12,600,en,91.7,91.7,2002,2013,2
gmane.comp.monitoring.nut.devel,12,600,en,100.0,100.0,2005,2015,1
gmane.comp.python.ctypes,12,600,en,100.0,100.0,2003,2008,1
gmane.linux.debian.devel.clamav,12,600,en,91.7,91.7,2009,2018,2
gmane.linux.distributions.alpine.devel,12,600,en,91.7,91.7,2012,2018,2
gmane.linux.redhat.fedora.livecd,12,600,en,91.7,91.7,2007,2014,2
gmane.org.user-groups.linux.luv.general,12,600,en,100.0,100.0,2012,2015,1
gmane.text.docutils.user,12,600,en,100.0,100.0,2003,2013,1
gmane.comp.apache.arrow.devel,12,600,en,91.7,91.7,2018,2019,2
gmane.comp.handhelds.moblin.devel,12,600,en,100.0,100.0,2008,2010,1
gmane.comp.web.openid.specs,12,600,en,100.0,100.0,2006,2014,1
gmane.comp.web.privoxy.cvs,12,600,en,91.7,91.7,2002,2017,2
gmane.comp.file-systems.zero-install.devel,12,600,en,100.0,100.0,2003,2016,1
gmane.mail.squirrelmail.cvs,12,600,en,75.0,75.0,2005,2016,2
gmane.comp.apache.community,11,550,en,100.0,100.0,2003,2012,1
gmane.comp.apache.continuum.bugs,11,550,en,63.6,63.6,2008,2015,2
gmane.comp.apache.shiro.devel,11,550,en,54.5,54.5,2011,2019,2
gmane.comp.audio.ecasound.general,11,550,en,100.0,100.0,2002,2009,1
gmane.comp.file-systems.ext2.devel,11,550,en,90.9,90.9,2002,2006,2
gmane.comp.freedesktop.telepathy,11,550,en,100.0,100.0,2007,2012,1
gmane.comp.gis.openstreetmap.josm.devel,11,550,en,100.0,100.0,2008,2013,1
gmane.comp.gnome.winforms,11,550,en,90.9,90.9,2003,2010,2
gmane.comp.graphics.opensg.user,11,550,en,100.0,100.0,2008,2014,1
gmane.comp.handhelds.android.challenge,11,550,en,100.0,100.0,2008,2008,1
gmane.comp.handhelds.android.framework,11,550,en,100.0,100.0,2008,2009,1
gmane.comp.java.cdi.weld.scm,11,550,en,90.9,90.9,2010,2016,2
gmane.comp.java.osgi.devel,11,550,en,100.0,100.0,2007,2015,1
gmane.comp.java.xwt.general,11,550,en,100.0,100.0,2002,2003,1
gmane.comp.kde.devel.active,11,550,en,100.0,100.0,2012,2013,1
gmane.comp.kde.german,11,550,de,100.0,0.0,2002,2016,1
gmane.comp.lang.boo.devel,11,550,en,63.6,63.6,2005,2009,2
gmane.comp.lang.realbasic.beginner,11,550,en,100.0,100.0,2006,2007,1
gmane.comp.lib.deltacloud.devel,11,550,en,100.0,100.0,2010,2010,1
gmane.comp.mozilla.devel.plugins,11,550,en,100.0,100.0,2003,2013,1
gmane.comp.mozilla.nightly,11,550,en,100.0,100.0,2011,2015,1
gmane.comp.php.drupal.documentation,11,550,en,100.0,100.0,2005,2009,1
gmane.comp.programming.modeling.emftext.user,11,550,en,100.0,100.0,2009,2014,1
gmane.comp.python.pydata,11,550,en,100.0,100.0,2012,2016,1
gmane.comp.tex.context.devel,11,550,en,100.0,100.0,2007,2017,1
gmane.comp.windows.devel.dotnet.rhino-mocks,11,550,en,100.0,100.0,2006,2014,1
gmane.culture.region.india.goa.saligao,11,550,en,90.9,90.9,2007,2015,2
gmane.editors.sed.user,11,550,en,100.0,100.0,2003,2015,1
gmane.games.ttdpatch.general,11,550,en,100.0,100.0,2003,2006,1
gmane.linux.debian.alioth.pkg-gnupg.general,11,550,en,90.9,90.9,2014,2019,2
gmane.linux.debian.cloud,11,550,en,100.0,100.0,2013,2019,1
gmane.linux.debian.devel.wb-team,11,550,en,100.0,100.0,2010,2018,1
gmane.linux.debian.knoppix,11,550,en,90.9,90.9,2003,2004,2
gmane.linux.file-systems.cifs,11,550,en,81.8,81.8,2005,2009,2
gmane.linux.foreman.devel,11,550,en,100.0,100.0,2015,2017,1
gmane.linux.ipv6.usagi.cvs,11,550,en,72.7,72.7,2002,2005,3
gmane.linux.lfs.automated,11,550,en,100.0,100.0,2003,2019,1
gmane.linux.lfs.clfs.cvs,11,550,en,90.9,90.9,2006,2014,2
gmane.linux.ports.alpha,11,550,en,100.0,100.0,2004,2018,1
gmane.linux.redhat.release.phoebe,11,550,en,100.0,100.0,2003,2003,1
gmane.mail.fetchmail.user,11,550,en,90.9,90.9,2001,2015,2
gmane.mail.imap.general,11,550,en,90.9,90.9,2004,2019,2
gmane.mail.postfix.user.de,11,550,de,81.8,9.1,2008,2019,3
gmane.network.e-smith.devel,11,550,en,100.0,100.0,2002,2003,1
gmane.network.freenet.technical,11,550,en,100.0,100.0,2005,2006,1
gmane.network.ipxe.devel,11,550,en,90.9,90.9,2011,2017,2
gmane.network.jabber.py-transports,11,550,en,100.0,100.0,2005,2010,1
gmane.network.lwip.cvs,11,550,en,63.6,63.6,2003,2017,2
gmane.network.vpn.openconnect.devel,11,550,en,100.0,100.0,2013,2018,1
gmane.politics.democracy.mysociety.general,11,550,en,100.0,100.0,2009,2013,1
gmane.science.astronomy.lsst-data,11,550,en,90.9,90.9,2006,2008,2
gmane.comp.audio.music-dsp,11,550,en,100.0,100.0,2011,2016,1
gmane.comp.games.dumb.bugs,11,550,ja,81.8,0.0,2002,2006,2
gmane.comp.gnome.apps.f-spot,11,550,en,72.7,72.7,2005,2013,3
gmane.comp.gnome.tomboy,11,550,en,100.0,100.0,2005,2018,1
gmane.comp.hardware.lego.robotics,11,550,en,100.0,100.0,2003,2011,1
gmane.comp.java.openjdk.general,11,550,en,100.0,100.0,2007,2015,1
gmane.comp.java.stripes.devel,11,550,en,81.8,81.8,2006,2014,2
gmane.comp.kde.kimdaba,11,550,en,100.0,100.0,2004,2013,1
gmane.comp.lang.lambda-prolog,11,550,en,100.0,100.0,2004,2014,1
gmane.comp.mobile.funambol.devel,11,550,en,100.0,100.0,2006,2008,1
gmane.comp.python.wxpython.devel,11,550,en,100.0,100.0,2004,2018,1
gmane.comp.security.virus.clamav.devel,11,550,en,100.0,100.0,2004,2014,1
gmane.comp.security.vulnerabilities,11,550,en,100.0,100.0,2001,2007,1
gmane.comp.tex.pdftex,11,550,en,100.0,100.0,2003,2010,1
gmane.comp.web.amaya.general,11,550,en,100.0,100.0,2002,2008,1
gmane.comp.web.zope.plone.setup,11,550,en,100.0,100.0,2006,2013,1
gmane.comp.windows.unattended.general,11,550,en,100.0,100.0,2004,2009,1
gmane.ietf.multi6,11,550,en,100.0,100.0,2002,2004,1
gmane.law.gpl.violations.legal,11,550,en,100.0,100.0,2006,2013,1
gmane.linux.file-systems.yaffs,11,550,en,100.0,100.0,2004,2012,1
gmane.linux.mageia.i18n,11,550,en,100.0,100.0,2011,2019,1
gmane.linux.network.zigbee.devel,11,550,en,100.0,100.0,2011,2014,1
gmane.linux.slackware,11,550,en,100.0,100.0,2004,2018,1
gmane.linux.terminal-server.x2go.user,11,550,en,100.0,100.0,2011,2019,1
gmane.lisp.ccrma.general,11,550,en,90.9,90.9,2005,2019,2
gmane.network.dns.opendnssec.user,11,550,en,100.0,100.0,2011,2017,1
gmane.network.rsync.cvs,11,550,en,45.5,45.5,2004,2008,4
gmane.network.vpn.libreswan.scm,11,550,en,100.0,100.0,2014,2019,1
gmane.network.wireless.seattle.general,11,550,en,100.0,100.0,2002,2009,1
gmane.org.user-groups.linux.depaul-lug,11,550,en,100.0,100.0,2004,2009,1
gmane.org.user-groups.linux.lanux,11,550,es,100.0,0.0,2009,2013,1
gmane.org.wikimedia.daily-image,11,550,en,27.3,27.3,2007,2018,8
gmane.politics.parties.india.bharatudaymission,11,550,en,90.9,90.9,2010,2014,2
gmane.text.xml.french.tech,11,550,fr,100.0,0.0,2003,2007,1
gmane.text.xml.xtm.general,11,550,en,100.0,100.0,2003,2012,1
gmane.comp.accessibility.vision,11,550,en,100.0,100.0,2003,2008,1
gmane.comp.apache.httpclient.user,11,550,en,100.0,100.0,2011,2018,1
gmane.comp.gis.openstreetmap.region.ch,11,550,de,72.7,27.3,2009,2018,2
gmane.comp.graphics.otb.devel,11,550,en,72.7,72.7,2013,2017,2
gmane.comp.handhelds.maemo.community,11,550,en,100.0,100.0,2008,2012,1
gmane.comp.inquiry,11,550,en,63.6,63.6,2003,2013,2
gmane.comp.java.hadoop.pig.user,11,550,en,100.0,100.0,2013,2015,1
gmane.comp.java.roller.devel,11,550,en,81.8,81.8,2002,2014,3
gmane.comp.lang.pcre.devel,11,550,en,100.0,100.0,2010,2019,1
gmane.comp.lib.clutter,11,550,en,100.0,100.0,2008,2014,1
gmane.comp.lib.netcdf,11,550,en,100.0,100.0,2005,2017,1
gmane.comp.mathematics.pari.devel,11,550,en,100.0,100.0,2002,2018,1
gmane.comp.php.simpletest.general,11,550,en,100.0,100.0,2004,2012,1
gmane.comp.python.pyrex,11,550,en,100.0,100.0,2003,2014,1
gmane.comp.python.xml,11,550,en,100.0,100.0,2002,2007,1
gmane.comp.video.videolan.vlc.scm,11,550,en,72.7,72.7,2010,2011,3
gmane.comp.web.merb.devel,11,550,en,100.0,100.0,2007,2011,1
gmane.linux.cluster.ssic.user,11,550,en,100.0,100.0,2003,2007,1
gmane.linux.drivers.uvc.devel,11,550,en,100.0,100.0,2006,2010,1
gmane.linux.gentoo.funtoo.devel,11,550,en,100.0,100.0,2009,2012,1
gmane.linux.leaf.devel,11,550,en,100.0,100.0,2004,2013,1
gmane.linux.lfs.livecd,11,550,en,100.0,100.0,2005,2014,1
gmane.linux.redhat.fedora.india,11,550,en,100.0,100.0,2008,2014,1
gmane.music.john-cage,11,550,en,100.0,100.0,2002,2010,1
gmane.network.onion-routing.ornetradar,11,550,UNKNOWN,63.6,18.2,2015,2019,4
gmane.network.wireless.seattle.devel,11,550,en,90.9,90.9,2002,2005,2
gmane.org.fitug.debate,11,550,de,90.9,9.1,2003,2007,2
gmane.org.misc.open-knowledge-foundation.general,11,550,en,100.0,100.0,2009,2016,1
gmane.org.telecom.pakistan-grid,11,550,en,100.0,100.0,2009,2010,1
gmane.os.netbsd.devel.pkgsrc.wip.general,11,550,en,100.0,100.0,2004,2010,1
gmane.recreation.motorcycles.bajajpulsar,11,550,en,100.0,100.0,2007,2009,1
gmane.comp.bug-tracking.mantis.devel,11,550,en,90.9,90.9,2005,2014,2
gmane.comp.encryption.kerberos.heimdal.general,11,550,en,100.0,100.0,2004,2018,1
gmane.comp.finance.gold-silver-crypto,11,550,en,90.9,90.9,2009,2016,2
gmane.comp.finance.mifos.user,11,550,en,100.0,100.0,2009,2018,1
gmane.comp.handhelds.shr.devel,11,550,en,90.9,90.9,2009,2017,2
gmane.comp.jakarta.hivemind.devel,11,550,en,90.9,90.9,2004,2007,2
gmane.comp.lang.ruby.region.argentina,11,550,es,81.8,18.2,2006,2011,2
gmane.comp.linux.lvs.devel,11,550,en,90.9,90.9,2009,2017,2
gmane.comp.mobile.kannel.devel,11,550,en,90.9,90.9,2000,2000,2
gmane.comp.python.myhdl,11,550,en,100.0,100.0,2004,2015,1
gmane.linux.kernel.initramfs,11,550,en,100.0,100.0,2009,2016,1
gmane.linux.ubuntu.juju.devel,11,550,en,100.0,100.0,2013,2018,1
gmane.network.gnutls.general,11,550,en,100.0,100.0,2004,2017,1
gmane.network.socketcan.devel,11,550,en,100.0,100.0,2009,2011,1
gmane.org.clubs.dba.bargelife,11,550,en,100.0,100.0,2013,2016,1
gmane.org.google.code.summer,11,550,en,90.9,90.9,2005,2005,2
gmane.org.misc.open-knowledge-foundation.brazil,11,550,pt,100.0,0.0,2014,2016,1
gmane.org.user-groups.slug.chat,11,550,en,100.0,100.0,2003,2008,1
gmane.os.freebsd.devel.virtualization,11,550,en,90.9,90.9,2013,2019,2
gmane.os.freebsd.newbies,11,550,en,100.0,100.0,2002,2004,1
gmane.science.biology.galaxy.user,11,550,en,100.0,100.0,2011,2014,1
gmane.science.biology.informatics.taverna.devel,11,550,en,90.9,90.9,2009,2018,2
gmane.comp.db.postgresql.interfaces,11,550,en,100.0,100.0,2002,2008,1
gmane.comp.gnu.gnupedia.devel,11,550,en,63.6,63.6,2006,2007,2
gmane.comp.handhelds.android.k9mail,11,550,en,90.9,90.9,2013,2019,2
gmane.comp.hardware.gps.gpsbabel.devel,11,550,en,100.0,100.0,2004,2013,1
gmane.comp.lang.felix.general,11,550,en,100.0,100.0,2006,2014,1
gmane.comp.printing.groff.bugs,11,550,en,81.8,81.8,2002,2018,2
gmane.comp.programming.garbage-collection.boehmgc,11,550,en,100.0,100.0,2006,2017,1
gmane.comp.speech.praat.user,11,550,en,100.0,100.0,2009,2017,1
gmane.comp.web.omniweb,11,550,en,100.0,100.0,2004,2007,1
gmane.ietf.pim,11,550,en,100.0,100.0,2005,2018,1
gmane.music.equipment.slimdevices.jive,11,550,en,100.0,100.0,2008,2012,1
gmane.org.ccc.c3d2,11,550,de,100.0,0.0,2009,2018,1
gmane.org.user-groups.linux.gslug,11,550,en,100.0,100.0,2005,2016,1
gmane.org.user-groups.linux.nmglug,11,550,en,90.9,90.9,2003,2017,2
gmane.org.user-groups.linux.twincling,11,550,en,72.7,72.7,2005,2015,3
gmane.comp.emulators.kvm.scm,11,550,en,81.8,81.8,2008,2015,3
gmane.comp.gis.geos.devel,11,550,en,100.0,100.0,2006,2019,1
gmane.comp.gnu.oleo.bugs,11,550,ja,36.4,18.2,2002,2006,6
gmane.comp.infodesign.general,11,550,en,100.0,100.0,2002,2010,1
gmane.comp.macosx.skim.user,11,550,en,100.0,100.0,2007,2015,1
gmane.comp.sysutils.backup.rdiff-backup.general,11,550,en,100.0,100.0,2006,2016,1
gmane.comp.telephony.pbx.asterisk.iaxclient.devel,11,550,en,90.9,90.9,2004,2008,2
gmane.editors.texmacs.devel,11,550,en,100.0,100.0,2003,2013,1
gmane.education.softwarecarpentry.general,11,550,en,100.0,100.0,2014,2019,1
gmane.linux.hardware.blackfin.kernel.dist-commits,11,550,UNKNOWN,100.0,0.0,2007,2012,1
gmane.linux.lsb.test-suite,11,550,en,100.0,100.0,2003,2006,1
gmane.mail.spam.rbl.surbl,11,550,en,100.0,100.0,2004,2006,1
gmane.music.jamiroquai.discuss,11,550,en,100.0,100.0,2002,2011,1
gmane.org.w3c.accessibility.tools,11,550,en,90.9,90.9,2002,2014,2
gmane.org.wikimedia.labs,11,550,en,100.0,100.0,2013,2016,1
gmane.comp.games.globulation.devel,11,550,en,100.0,100.0,2005,2009,1
gmane.comp.gnome.db,11,550,en,100.0,100.0,2002,2011,1
gmane.comp.java.gridsphere.devel,11,550,en,100.0,100.0,2003,2006,1
gmane.os.hurd.web.devel,11,550,en,54.5,54.5,2002,2015,5
gmane.science.robotics.rock.devel,11,550,en,100.0,100.0,2011,2016,1
gmane.comp.lang.r.phylo,11,550,en,100.0,100.0,2008,2015,1
gmane.comp.python.image,11,550,en,100.0,100.0,2003,2012,1
gmane.comp.compilers.distcc,11,550,en,100.0,100.0,2002,2015,1
gmane.comp.lang.idris.general,11,550,en,100.0,100.0,2012,2018,1
gmane.ietf.imapext,11,550,en,100.0,100.0,2000,2012,1
gmane.science.mathematics.logic.bonn,11,550,en,81.8,81.8,2009,2019,2
gmane.comp.telephony.freetel.codec2,11,550,en,100.0,100.0,2010,2018,1
gmane.comp.cms.aplaws.devel,11,550,en,100.0,100.0,2004,2009,1
gmane.ietf.i2rs,11,550,en,90.9,90.9,2013,2017,2
gmane.comp.python.pytables.user,11,550,en,100.0,100.0,2006,2013,1
gmane.comp.apache.mod-python.devel,10,500,en,90.0,90.0,2005,2007,2
gmane.comp.apache.openoffice.l10n,10,500,en,100.0,100.0,2013,2014,1
gmane.comp.cms.tiki.user,10,500,en,100.0,100.0,2003,2012,1
gmane.comp.db.postgresql.german,10,500,de,90.0,10.0,2005,2013,2
gmane.comp.emulators.libvirt.ovirt,10,500,en,100.0,100.0,2008,2009,1
gmane.comp.file-systems.gluster.infra,10,500,en,70.0,70.0,2015,2019,2
gmane.comp.gis.arches,10,500,en,100.0,100.0,2013,2017,1
gmane.comp.gnome.accessibility.devel,10,500,en,100.0,100.0,2002,2016,1
gmane.comp.graphics.radiance.general,10,500,en,90.0,90.0,2010,2016,2
gmane.comp.ide.eclipse.saros.robot,10,500,en,100.0,100.0,2012,2016,1
gmane.comp.internationalization.bokmal,10,500,en,70.0,70.0,2003,2019,2
gmane.comp.java.dropwizard.user,10,500,en,100.0,100.0,2014,2018,1
gmane.comp.java.ikvm.devel,10,500,en,100.0,100.0,2005,2014,1
gmane.comp.java.openlaszlo.user,10,500,en,100.0,100.0,2006,2009,1
gmane.comp.java.picocontainer.devel,10,500,en,100.0,100.0,2003,2007,1
gmane.comp.java.roller.cvs,10,500,en,90.0,90.0,2002,2010,2
gmane.comp.java.sun.javaspaces,10,500,en,100.0,100.0,2003,2007,1
gmane.comp.kde.kmymoney2.user,10,500,en,100.0,100.0,2005,2010,1
gmane.comp.lang.c++.perfometer,10,500,en,70.0,70.0,2008,2016,3
gmane.comp.lang.javascript.mongoose,10,500,en,100.0,100.0,2012,2015,1
gmane.comp.mathematics.openmath.announce,10,500,en,100.0,100.0,2008,2019,1
gmane.comp.mozilla.accessibility,10,500,en,100.0,100.0,2004,2011,1
gmane.comp.php.drupal.consulting,10,500,en,100.0,100.0,2006,2012,1
gmane.comp.python.rpy,10,500,en,90.0,90.0,2007,2012,2
gmane.comp.security.sebek.bsd,10,500,zh-cn,30.0,10.0,2006,2006,6
gmane.comp.storage.libstoragemgmt.devel,10,500,en,100.0,100.0,2012,2015,1
gmane.comp.sysutils.consul,10,500,en,100.0,100.0,2015,2019,1
gmane.comp.terminal-emulators.iterm2.general,10,500,en,100.0,100.0,2011,2018,1
gmane.comp.version-control.cvs.utils,10,500,en,60.0,60.0,2004,2006,4
gmane.comp.web.voice,10,500,en,100.0,100.0,2003,2014,1
gmane.culture.internet.history,10,500,en,90.0,90.0,2003,2017,2
gmane.culture.internet.nettime-announce,10,500,en,80.0,80.0,2007,2018,3
gmane.culture.literature.ebook-community,10,500,en,100.0,100.0,1996,1999,1
gmane.culture.theatre.stationtheatre,10,500,en,100.0,100.0,2003,2019,1
gmane.culture.transportation.humanpowered.general,10,500,en,100.0,100.0,2004,2008,1
gmane.education.region.romania.rosedu.general,10,500,ro,100.0,0.0,2011,2015,1
gmane.emacs.wiki.general,10,500,en,100.0,100.0,2004,2005,1
gmane.linux.colinux.general,10,500,en,100.0,100.0,2004,2012,1
gmane.linux.debian.user.dutch,10,500,nl,90.0,10.0,2009,2018,2
gmane.linux.file-systems.union,10,500,en,100.0,100.0,2014,2018,1
gmane.linux.linux-wlan.user,10,500,en,100.0,100.0,2003,2006,1
gmane.linux.mandrake.cooker.urpm,10,500,en,90.0,90.0,2005,2007,2
gmane.linux.suse.programming,10,500,de,100.0,0.0,2004,2009,1
gmane.linux.ubuntu.release,10,500,en,100.0,100.0,2012,2018,1
gmane.mail.exim.vexim.devel,10,500,en,100.0,100.0,2003,2007,1
gmane.network.monitoring.plugins.scm,10,500,en,90.0,90.0,2003,2015,2
gmane.network.nagios.cvs,10,500,en,100.0,100.0,2004,2013,1
gmane.os.netbsd.ports.mac68k,10,500,en,100.0,100.0,2002,2014,1
gmane.os.solaris.managers.summaries,10,500,en,100.0,100.0,2001,2005,1
gmane.os.solaris.opensolaris.tools.general,10,500,en,100.0,100.0,2006,2007,1
gmane.text.docutils.cvs,10,500,en,90.0,90.0,2003,2011,2
gmane.text.xml.schema.devel,10,500,en,100.0,100.0,2003,2010,1
gmane.text.xml.xforms.chiba.devel,10,500,en,70.0,70.0,2004,2017,2
gmane.user-groups.linux.france.cenabumix.general,10,500,fr,60.0,0.0,2009,2014,3
gmane.user-groups.linux.france.parinux,10,500,fr,100.0,0.0,2007,2011,1
gmane.comp.apache.httpd.test.devel,10,500,en,100.0,100.0,2001,2005,1
gmane.comp.audio.icecast.devel,10,500,en,100.0,100.0,2002,2015,1
gmane.comp.boot-loaders.grub.user,10,500,en,100.0,100.0,2011,2016,1
gmane.comp.clustering.gridengine.users,10,500,en,100.0,100.0,2009,2010,1
gmane.comp.diary.todotxt,10,500,en,90.0,90.0,2006,2014,2
gmane.comp.java.jibx.users,10,500,en,100.0,100.0,2006,2012,1
gmane.comp.java.jsch,10,500,en,100.0,100.0,2008,2013,1
gmane.comp.kde.devel.bindings,10,500,en,80.0,80.0,2006,2018,2
gmane.comp.kde.devel.k3b,10,500,en,90.0,90.0,2015,2018,2
gmane.comp.lang.javascript.jsmentors,10,500,en,100.0,100.0,2010,2013,1
gmane.comp.mathematics.sage.combinat.devel,10,500,en,100.0,100.0,2010,2014,1
gmane.comp.misc.novell.schools,10,500,en,100.0,100.0,2005,2008,1
gmane.comp.multimedia.matroska.devel,10,500,en,100.0,100.0,2003,2013,1
gmane.comp.security.pgp-basics,10,500,en,90.0,90.0,2005,2010,2
gmane.comp.shells.fish.user,10,500,en,100.0,100.0,2007,2017,1
gmane.comp.tools.sudo.user,10,500,en,100.0,100.0,2004,2016,1
gmane.comp.tv.freeguide-tv.devel,10,500,en,100.0,100.0,2005,2008,1
gmane.comp.voip.wengophone.devel,10,500,en,100.0,100.0,2006,2007,1
gmane.comp.web.polipo.user,10,500,en,100.0,100.0,2004,2013,1
gmane.comp.web.varnish.dev,10,500,en,90.0,90.0,2007,2019,2
gmane.games.diplomacy.rtnow,10,500,en,70.0,70.0,2007,2009,3
gmane.ietf.megaco,10,500,en,90.0,90.0,2002,2012,2
gmane.ietf.provreg,10,500,en,100.0,100.0,2002,2013,1
gmane.linux.cryptography,10,500,en,100.0,100.0,2004,2009,1
gmane.linux.debian.user.security.announce,10,500,en,100.0,100.0,2006,2016,1
gmane.mail.imail.user,10,500,en,90.0,90.0,2006,2008,2
gmane.network.pureftpd.user,10,500,en,100.0,100.0,2003,2006,1
gmane.org.creativecommons.italy.community,10,500,it,100.0,0.0,2005,2013,1
gmane.org.user-groups.linux.chlug,10,500,en,100.0,100.0,2003,2006,1
gmane.org.user-groups.linux.luga,10,500,de,100.0,0.0,2005,2017,1
gmane.politics.software.free-software.manchester,10,500,en,100.0,100.0,2007,2013,1
gmane.science.linguistics.wikipedia.daily-article,10,500,en,100.0,100.0,2006,2017,1
gmane.user-groups.foss.brasil.flisol,10,500,pt,80.0,10.0,2013,2017,3
gmane.comp.apache.maven.announce,10,500,en,100.0,100.0,2008,2017,1
gmane.comp.finance.ledger.smb.scm,10,500,en,100.0,100.0,2012,2014,1
gmane.comp.gnome.gtk+.internationalization,10,500,en,100.0,100.0,2002,2011,1
gmane.comp.hardware.netscreen.general,10,500,en,100.0,100.0,2005,2008,1
gmane.comp.java.netbeans.general,10,500,en,90.0,90.0,2001,2009,2
gmane.comp.kde.devel.accessibility,10,500,en,100.0,100.0,2003,2016,1
gmane.comp.lang.4gl.aubit.general,10,500,en,100.0,100.0,2003,2016,1
gmane.comp.lang.javascript.express,10,500,en,100.0,100.0,2012,2016,1
gmane.comp.lang.swift.devel,10,500,en,100.0,100.0,2016,2017,1
gmane.comp.lang.uml.argouml.devel,10,500,en,100.0,100.0,2002,2011,1
gmane.comp.linux.ptp.devel,10,500,en,100.0,100.0,2012,2019,1
gmane.comp.php.cvs.daily,10,500,en,90.0,90.0,2003,2009,2
gmane.comp.php.zend.framework.db,10,500,en,100.0,100.0,2007,2012,1
gmane.comp.python.django.restframework,10,500,en,100.0,100.0,2014,2018,1
gmane.comp.search.xapian.devel,10,500,en,100.0,100.0,2007,2016,1
gmane.comp.version-control.aegis.user,10,500,en,100.0,100.0,2003,2010,1
gmane.comp.web.htdig.general,10,500,en,100.0,100.0,2002,2005,1
gmane.comp.web.pyblosxom.devel,10,500,en,100.0,100.0,2003,2012,1
gmane.comp.web.zope.plone.website,10,500,en,100.0,100.0,2006,2012,1
gmane.comp.window-managers.icewm.user,10,500,en,100.0,100.0,2003,2014,1
gmane.comp.xfree86.forum,10,500,en,100.0,100.0,2003,2004,1
gmane.games.sb-boardgamers,10,500,en,100.0,100.0,2005,2009,1
gmane.ietf.ipr,10,500,en,100.0,100.0,2002,2013,1
gmane.ietf.mboned,10,500,en,100.0,100.0,2003,2018,1
gmane.linux.ubuntu.devel.changes.hoary,10,500,en,100.0,100.0,2004,2005,1
gmane.comp.audio.muse.devel,10,500,en,100.0,100.0,2012,2017,1
gmane.comp.finance.quantlib.devel,10,500,en,100.0,100.0,2006,2017,1
gmane.comp.gnome.gtk+.ada,10,500,en,100.0,100.0,2000,2016,1
gmane.comp.gnome.lib.xslt,10,500,en,100.0,100.0,2002,2011,1
gmane.comp.jakarta.lucene.net.user,10,500,en,100.0,100.0,2006,2017,1
gmane.comp.java.prevayler,10,500,en,100.0,100.0,2003,2013,1
gmane.comp.lang.perl.perl6.user,10,500,en,100.0,100.0,2007,2018,1
gmane.comp.lib.icu.c++.support,10,500,en,100.0,100.0,2002,2004,1
gmane.comp.log.log4net.user,10,500,en,100.0,100.0,2004,2014,1
gmane.comp.programming.load-balancing.general,10,500,en,100.0,100.0,2002,2009,1
gmane.comp.security.ntbugtraq,10,500,en,100.0,100.0,2002,2006,1
gmane.comp.sysutils.retrospect.general,10,500,en,100.0,100.0,2005,2009,1
gmane.comp.version-control.gitorious,10,500,en,100.0,100.0,2008,2012,1
gmane.comp.web.interchange.cvs,10,500,en,60.0,60.0,2003,2018,3
gmane.org.user-groups.linux.plug,10,500,en,100.0,100.0,2004,2006,1
gmane.org.w3c.miscellaneous,10,500,en,80.0,80.0,2007,2013,3
gmane.politics.oekonux.german,10,500,de,90.0,10.0,2004,2006,2
gmane.comp.ai.machine-learning.pymvpa,10,500,en,90.0,90.0,2008,2015,2
gmane.comp.boot-loaders.openfirmware,10,500,en,90.0,90.0,2010,2016,2
gmane.comp.compilers.parrot.devel,10,500,en,100.0,100.0,2009,2012,1
gmane.comp.java.audit.checkstyle.devel,10,500,en,100.0,100.0,2005,2009,1
gmane.comp.kde.artists,10,500,en,90.0,90.0,2002,2014,2
gmane.comp.misc.agile.usability,10,500,en,100.0,100.0,2005,2010,1
gmane.comp.multimedia.ogg.theora.general,10,500,en,100.0,100.0,2005,2010,1
gmane.comp.programming.modeling.agile,10,500,en,100.0,100.0,2003,2004,1
gmane.comp.security.dshield.unisog,10,500,en,100.0,100.0,2004,2008,1
gmane.comp.video.graphicsmagick.cvs,10,500,en,100.0,100.0,2003,2019,1
gmane.ietf.enum,10,500,en,100.0,100.0,2002,2008,1
gmane.ietf.mobileip,10,500,en,90.0,90.0,2002,2003,2
gmane.linux.debian.alioth.common-lisp,10,500,en,100.0,100.0,2008,2016,1
gmane.linux.debian.devel.multimedia,10,500,en,100.0,100.0,2006,2019,1
gmane.linux.embedded.yocto.meta-virtualization,10,500,en,90.0,90.0,2014,2019,2
gmane.linux.misc.basics.qna,10,500,en,100.0,100.0,2005,2008,1
gmane.mail.spam.dspam.devel,10,500,en,100.0,100.0,2004,2011,1
gmane.comp.db.postgresql.dbdpg,10,500,en,100.0,100.0,2003,2013,1
gmane.comp.documentfoundation.libreoffice.user.brazilian,10,500,pt,90.0,0.0,2012,2017,2
gmane.comp.gis.marble.devel,10,500,en,100.0,100.0,2014,2018,1
gmane.comp.gnu.gnuzilla,10,500,en,100.0,100.0,2008,2018,1
gmane.comp.java.continuum.user,10,500,en,100.0,100.0,2006,2011,1
gmane.comp.java.gridsphere.user,10,500,en,100.0,100.0,2004,2007,1
gmane.comp.lang.perl.modules.authors,10,500,en,100.0,100.0,2006,2014,1
gmane.comp.lang.unicon.general,10,500,en,100.0,100.0,2003,2014,1
gmane.comp.mozilla.firefox.vimperator,10,500,en,100.0,100.0,2008,2011,1
gmane.comp.python.tkinter,10,500,en,100.0,100.0,2006,2014,1
gmane.comp.video.tuxbox.scm,10,500,en,90.0,90.0,2009,2012,2
gmane.comp.video.videolan.vlmc.devel,10,500,en,100.0,100.0,2009,2016,1
gmane.linux.debian.security.tracker,10,500,en,100.0,100.0,2010,2018,1
gmane.org.user-groups.linux.gzlug,10,500,zh-cn,90.0,0.0,2013,2016,2
gmane.org.user-groups.linux.mlug.montreal,10,500,en,100.0,100.0,2009,2015,1
gmane.os.freebsd.chromium,10,500,en,80.0,80.0,2013,2017,2
gmane.politics.politech,10,500,en,100.0,100.0,2003,2005,1
gmane.user-groups.foss.cluj-napoca,10,500,ro,90.0,0.0,2008,2011,2
gmane.comp.internationalization.french,10,500,fr,100.0,0.0,2004,2017,1
gmane.comp.web.zope.exuserfolder.user,10,500,en,50.0,50.0,2004,2014,4
gmane.ietf.ospf,10,500,en,100.0,100.0,2008,2017,1
gmane.science.linguistics.wikipedia.international,10,500,en,100.0,100.0,2002,2003,1
gmane.comp.audio.mp3.lame,10,500,en,100.0,100.0,2002,2010,1
gmane.comp.java.dwr.user,10,500,en,100.0,100.0,2006,2011,1
gmane.comp.printing.hplip.user,10,500,en,100.0,100.0,2006,2007,1
gmane.comp.tex.texlive.build,10,500,en,100.0,100.0,2009,2018,1
gmane.comp.voip.security.voipsa,10,500,en,100.0,100.0,2005,2017,1
gmane.ietf.ipp,10,500,en,100.0,100.0,2008,2019,1
gmane.linux.drivers.modem.hsf,10,500,en,100.0,100.0,2002,2008,1
gmane.linux.mandrake.cooker.internationalization,10,500,en,100.0,100.0,2003,2011,1
gmane.comp.apache.logging.log4net.devel,10,500,en,90.0,90.0,2009,2017,2
gmane.comp.encryption.pass,10,500,en,100.0,100.0,2013,2018,1
gmane.org.freeculture.discuss,10,500,en,100.0,100.0,2006,2012,1
gmane.comp.emulators.chameleon64,10,500,en,100.0,100.0,2011,2017,1
gmane.comp.java.jacoco.user,10,500,en,100.0,100.0,2013,2018,1
gmane.comp.cloud.openstack.infrastructure,10,500,en,100.0,100.0,2013,2016,1
gmane.comp.video.openexr.devel,10,500,en,100.0,100.0,2003,2017,1
gmane.comp.web.zope.z3base.cvs,10,500,en,90.0,90.0,2005,2010,2
gmane.org.osaf.cosmo,10,500,en,90.0,90.0,2005,2007,2
gmane.comp.version-control.patchwork,10,500,en,100.0,100.0,2011,2018,1
gmane.comp.mathematics.hol,10,500,en,100.0,100.0,2007,2018,1
gmane.comp.audio.audacity.scm,9,450,en,88.9,88.9,2007,2009,2
gmane.comp.cms.lenya.cvs,9,450,en,100.0,100.0,2006,2009,1
gmane.comp.cms.sakai.production,9,450,en,100.0,100.0,2008,2019,1
gmane.comp.db.soci.user,9,450,en,100.0,100.0,2006,2015,1
gmane.comp.encryption.tpmdd.devel,9,450,en,100.0,100.0,2016,2017,1
gmane.comp.file-systems.nilfs.user,9,450,en,100.0,100.0,2009,2017,1
gmane.comp.gis.openseamap.devel,9,450,en,66.7,66.7,2011,2015,3
gmane.comp.gnu.stow.general,9,450,en,77.8,77.8,2005,2007,3
gmane.comp.handhelds.ipaq.hx4700.linux,9,450,en,100.0,100.0,2006,2007,1
gmane.comp.hardware.minnowboard.user,9,450,en,100.0,100.0,2014,2018,1
gmane.comp.horde.internationalization,9,450,en,100.0,100.0,2003,2013,1
gmane.comp.ide.eclipse.platform.swt.devel,9,450,en,100.0,100.0,2005,2016,1
gmane.comp.jakarta.avalon.user,9,450,en,100.0,100.0,2003,2004,1
gmane.comp.java.sesat.kernel.scm,9,450,en,100.0,100.0,2008,2008,1
gmane.comp.kde.devel.kdenlive,9,450,en,100.0,100.0,2008,2012,1
gmane.comp.lang.perl.modules.dbi.rose-db-object,9,450,en,100.0,100.0,2005,2007,1
gmane.comp.lang.self,9,450,en,100.0,100.0,1991,2018,1
gmane.comp.php.pear.qa,9,450,en,100.0,100.0,2004,2011,1
gmane.comp.php.phing.user,9,450,en,100.0,100.0,2006,2008,1
gmane.comp.programming.goos,9,450,en,100.0,100.0,2011,2015,1
gmane.comp.python.python-3000.cvs,9,450,en,88.9,88.9,2006,2008,2
gmane.comp.security.sqlmap,9,450,en,100.0,100.0,2010,2014,1
gmane.comp.tex.getfo+texml,9,450,ja,88.9,0.0,2007,2008,2
gmane.comp.tv.xmltv.general,9,450,en,88.9,88.9,2003,2012,2
gmane.comp.version-control.mercurial.tortoisehg.user,9,450,en,100.0,100.0,2008,2015,1
gmane.comp.video.image-magick.devel,9,450,en,100.0,100.0,2002,2008,1
gmane.comp.video.tvtime.devel,9,450,en,88.9,88.9,2003,2015,2
gmane.comp.voip.linphone.devel,9,450,en,100.0,100.0,2013,2018,1
gmane.comp.web.swish-e,9,450,en,100.0,100.0,2003,2006,1
gmane.comp.web.wiki.semediawiki.devel,9,450,en,100.0,100.0,2007,2016,1
gmane.emacs.auctex.bugs,9,450,en,88.9,88.9,2005,2017,2
gmane.games.blackjack.cardcounterscafe,9,450,en,100.0,100.0,2004,2006,1
gmane.ietf.newtrk,9,450,en,100.0,100.0,2004,2006,1
gmane.ietf.sfc,9,450,en,100.0,100.0,2014,2018,1
gmane.linux.debian.devel.ipv6,9,450,en,88.9,88.9,2002,2013,2
gmane.linux.distributions.gnewsense.devel,9,450,en,100.0,100.0,2009,2013,1
gmane.linux.drivers.madwifi.cvs,9,450,en,100.0,100.0,2004,2008,1
gmane.linux.drivers.spca50x.devel,9,450,en,100.0,100.0,2003,2008,1
gmane.linux.kernel.arc,9,450,en,100.0,100.0,2015,2019,1
gmane.lisp.guile.cvs,9,450,en,55.6,55.6,2002,2007,3
gmane.network.nsp.foundry,9,450,en,100.0,100.0,2004,2014,1
gmane.network.poptop,9,450,en,77.8,77.8,2004,2015,2
gmane.network.serveez.devel,9,450,en,55.6,55.6,1988,2007,3
gmane.network.snabb.devel,9,450,en,100.0,100.0,2014,2015,1
gmane.org.user-groups.linux.hawkes-bay,9,450,en,100.0,100.0,2004,2010,1
gmane.os.netbsd.advocacy,9,450,en,100.0,100.0,2002,2014,1
gmane.os.tunes,9,450,en,100.0,100.0,1998,2003,1
gmane.text.xml.forrest.user,9,450,en,100.0,100.0,2004,2010,1
gmane.user-groups.linux.lugfi.general,9,450,es,100.0,0.0,2007,2008,1
gmane.comp.embedded.freewrt.cvs,9,450,en,100.0,100.0,2006,2010,1
gmane.comp.gnu.gift.bugs,9,450,en,55.6,55.6,2005,2007,5
gmane.comp.graphics.omnigraffle.user,9,450,en,100.0,100.0,2004,2009,1
gmane.comp.handhelds.opie.devel,9,450,en,100.0,100.0,2003,2007,1
gmane.comp.ipod.gtkpod.cvs,9,450,en,100.0,100.0,2006,2012,1
gmane.comp.java.jdom.general,9,450,en,100.0,100.0,2003,2012,1
gmane.comp.java.jnode.scm,9,450,en,88.9,88.9,2006,2013,2
gmane.comp.java.maven-plugins.mojo.user,9,450,en,88.9,88.9,2007,2012,2
gmane.comp.java.openjdk.jdk8.devel,9,450,en,88.9,88.9,2012,2014,2
gmane.comp.java.rife.user,9,450,en,100.0,100.0,2004,2008,1
gmane.comp.java.roller.user,9,450,en,100.0,100.0,2003,2014,1
gmane.comp.lang.nasm.cvs,9,450,en,100.0,100.0,2007,2018,1
gmane.comp.lib.wvware.devel,9,450,en,55.6,55.6,2003,2017,5
gmane.comp.log.logwatch.devel,9,450,en,100.0,100.0,2003,2013,1
gmane.comp.parsers.bison.bugs,9,450,en,100.0,100.0,2002,2018,1
gmane.comp.python.cuda,9,450,en,100.0,100.0,2010,2014,1
gmane.comp.video.dr-geo.bugs,9,450,UNKNOWN,55.6,33.3,2003,2006,3
gmane.comp.voip.sems.devel,9,450,en,88.9,88.9,2008,2014,2
gmane.comp.web.html-tidy.tracker,9,450,en,100.0,100.0,2005,2008,1
gmane.comp.web.wiki.phpwiki.talk,9,450,en,100.0,100.0,2004,2005,1
gmane.culture.region.new-york.dony,9,450,en,88.9,88.9,2005,2005,2
gmane.editors.light-table.user,9,450,en,100.0,100.0,2014,2015,1
gmane.games.roguelike.tome,9,450,en,88.9,88.9,2005,2016,2
gmane.linux.debian.alioth.pkg-gnupg.scm,9,450,en,100.0,100.0,2014,2017,1
gmane.linux.distributions.lunar.general,9,450,en,100.0,100.0,2005,2016,1
gmane.network.leafnode,9,450,en,100.0,100.0,2002,2017,1
gmane.network.volkszaehler.devel,9,450,de,77.8,22.2,2011,2018,2
gmane.network.wireguard,9,450,en,100.0,100.0,2016,2019,1
gmane.org.user-groups.debian.riograndedosul,9,450,pt,100.0,0.0,2002,2005,1
gmane.org.wikimedia.australia,9,450,en,100.0,100.0,2006,2012,1
gmane.org.wikimedia.foundation.switzerland,9,450,en,66.7,66.7,2006,2018,2
gmane.os.netbsd.devel.soc.cvs,9,450,en,100.0,100.0,2006,2017,1
gmane.science.biology.biomart.general,9,450,en,100.0,100.0,2007,2016,1
gmane.science.mathematics.petri-nets,9,450,en,100.0,100.0,2009,2016,1
gmane.user-groups.linux.france.alpinux,9,450,fr,100.0,0.0,2005,2015,1
gmane.comp.compilers.free-pascal.devel,9,450,en,100.0,100.0,2016,2019,1
gmane.comp.handhelds.openmoko.thirdparty,9,450,en,88.9,88.9,2007,2008,2
gmane.comp.java.classpath.cvs,9,450,en,77.8,77.8,2002,2004,2
gmane.comp.lang.perl.modules.ldap,9,450,en,100.0,100.0,2003,2018,1
gmane.comp.lib.libcg.devel,9,450,en,100.0,100.0,2009,2011,1
gmane.comp.mozilla.governance,9,450,en,100.0,100.0,2013,2015,1
gmane.comp.python.conda.user,9,450,en,100.0,100.0,2015,2019,1
gmane.comp.python.py2exe,9,450,en,100.0,100.0,2005,2010,1
gmane.comp.python.wxglade,9,450,en,100.0,100.0,2004,2011,1
gmane.comp.security.gpwn,9,450,en,100.0,100.0,2014,2018,1
gmane.comp.telephony.sofia-sip.devel,9,450,en,100.0,100.0,2006,2011,1
gmane.comp.video.gfe.bugs,9,450,en,33.3,33.3,2002,2006,6
gmane.comp.video.panorama.devel,9,450,UNKNOWN,33.3,22.2,2002,2006,4
gmane.comp.web.naviserver.devel,9,450,en,100.0,100.0,2005,2017,1
gmane.editors.conglomerate.devel,9,450,en,100.0,100.0,2002,2004,1
gmane.education.brazil.infoestacio,9,450,pt,100.0,0.0,2005,2009,1
gmane.ietf.l3vpn,9,450,en,100.0,100.0,2013,2019,1
gmane.linux.acpi.acpi4asus.user,9,450,en,66.7,66.7,2009,2014,4
gmane.linux.centos.virtualization,9,450,en,100.0,100.0,2010,2018,1
gmane.linux.debian.internationalization.catalan,9,450,ca,66.7,22.2,2003,2011,3
gmane.linux.mandrake.plf.announce,9,450,en,100.0,100.0,2004,2010,1
gmane.network.dns.unbound.user,9,450,en,100.0,100.0,2009,2019,1
gmane.network.smokeping.user,9,450,en,100.0,100.0,2002,2012,1
gmane.org.freifunk.wlanware,9,450,de,88.9,11.1,2004,2008,2
gmane.org.wikimedia.india,9,450,en,100.0,100.0,2011,2016,1
gmane.org.wikimedia.wikisource,9,450,en,100.0,100.0,2006,2017,1
gmane.os.hurd.l4,9,450,en,100.0,100.0,2003,2006,1
gmane.os.solaris.opensolaris.xen,9,450,en,77.8,77.8,2007,2010,3
gmane.text.xml.xquery.general,9,450,en,100.0,100.0,2005,2015,1
gmane.comp.finance.quickfix.devel,9,450,en,100.0,100.0,2005,2013,1
gmane.comp.gis.geowanking,9,450,en,100.0,100.0,2006,2016,1
gmane.comp.gnu.sql.bugs,9,450,ja,44.4,22.2,2002,2005,3
gmane.comp.hardware.microcontrollers.tini,9,450,en,100.0,100.0,2003,2004,1
gmane.comp.java.wso2.esb.devel,9,450,en,66.7,66.7,2007,2009,3
gmane.comp.mathematics.gap.user,9,450,en,100.0,100.0,2007,2018,1
gmane.comp.mozilla.devel.jetpack,9,450,en,100.0,100.0,2010,2015,1
gmane.comp.mozilla.documentation,9,450,en,100.0,100.0,2002,2005,1
gmane.comp.mozilla.mplayerplug-in,9,450,en,100.0,100.0,2003,2007,1
gmane.comp.web.opera.general.russian,9,450,ru,88.9,11.1,2003,2004,2
gmane.comp.web.simile.general,9,450,en,100.0,100.0,2007,2008,1
gmane.editors.conglomerate.cvs,9,450,en,100.0,100.0,2003,2004,1
gmane.education.libraries.koha.patches,9,450,en,100.0,100.0,2011,2014,1
gmane.games.fps.halflife.devel,9,450,en,100.0,100.0,2008,2010,1
gmane.linux.debian.devel.l10n,9,450,en,55.6,55.6,2012,2019,4
gmane.linux.hardware.sony,9,450,en,100.0,100.0,2003,2003,1
gmane.network.samba-tng.cvs,9,450,en,100.0,100.0,2001,2007,1
gmane.org.fsf.india.fsf-friends,9,450,en,100.0,100.0,2003,2011,1
gmane.org.operators.sanog,9,450,en,100.0,100.0,2005,2015,1
gmane.science.physics.ifeffit,9,450,en,100.0,100.0,2010,2014,1
gmane.user-groups.linux.lugmen.novatos,9,450,es,88.9,11.1,2007,2011,2
gmane.comp.cms.open-xchange.user,9,450,en,100.0,100.0,2004,2006,1
gmane.comp.compilers.pcc,9,450,en,100.0,100.0,2008,2016,1
gmane.comp.encryption.trousers.user,9,450,en,100.0,100.0,2005,2015,1
gmane.comp.gnome.web,9,450,en,100.0,100.0,2003,2011,1
gmane.comp.java.jpos.devel,9,450,en,100.0,100.0,2004,2011,1
gmane.comp.kde.devel.cygwin,9,450,en,88.9,88.9,2002,2005,2
gmane.comp.lib.thrift.user,9,450,en,100.0,100.0,2010,2018,1
gmane.comp.lib.wxwidgets.wxlua.user,9,450,en,100.0,100.0,2006,2012,1
gmane.comp.mozilla.ui,9,450,en,100.0,100.0,2002,2011,1
gmane.comp.python.amqp.celery.user,9,450,en,100.0,100.0,2010,2016,1
gmane.comp.python.scrapy.user,9,450,en,100.0,100.0,2012,2016,1
gmane.comp.security.rkhunter.user,9,450,en,100.0,100.0,2006,2014,1
gmane.comp.windows.unattended.cvs,9,450,en,100.0,100.0,2004,2015,1
gmane.editors.lyx.french,9,450,fr,88.9,0.0,2004,2014,2
gmane.linux.debian.gis,9,450,en,88.9,88.9,2014,2019,2
gmane.linux.file-systems.ntfs.devel,9,450,en,88.9,88.9,2005,2012,2
gmane.linux.kernel.pcmcia.devel,9,450,en,88.9,88.9,2006,2016,2
gmane.lisp.lib.tbnl.general,9,450,en,100.0,100.0,2005,2013,1
gmane.network.bit-torrent.libtorrent,9,450,en,100.0,100.0,2006,2015,1
gmane.os.freebsd.region.russian,9,450,ru,77.8,0.0,2005,2007,3
gmane.os.openbsd.french,9,450,fr,100.0,0.0,2008,2015,1
gmane.text.xml.distributed,9,450,en,100.0,100.0,2002,2014,1
gmane.comp.clustering.maui.user,9,450,en,88.9,88.9,2006,2015,2
gmane.comp.gnome.apps.mc.general,9,450,en,88.9,88.9,2003,2014,2
gmane.comp.internationalization.arabeyes.general,9,450,en,88.9,88.9,2003,2008,2
gmane.comp.krysalis.devel,9,450,en,100.0,100.0,2003,2007,1
gmane.comp.lang.e.general,9,450,en,100.0,100.0,2004,2012,1
gmane.comp.lib.shoes,9,450,en,100.0,100.0,2008,2009,1
gmane.comp.misc.translate.devel,9,450,en,88.9,88.9,2004,2012,2
gmane.comp.python.scientific.spyder,9,450,en,100.0,100.0,2011,2017,1
gmane.comp.video.lumiera.general,9,450,en,100.0,100.0,2008,2018,1
gmane.culture.autism,9,450,en,100.0,100.0,2004,2007,1
gmane.linux.altlinux.samba,9,450,ru,100.0,0.0,2005,2007,1
gmane.linux.colinux.devel,9,450,en,100.0,100.0,2004,2008,1
gmane.linux.debian.devel.custom,9,450,en,88.9,88.9,2004,2012,2
gmane.linux.debian.jp.devel,9,450,ja,77.8,22.2,2003,2012,2
gmane.linux.gentoo.announce,9,450,en,100.0,100.0,2003,2019,1
gmane.mail.qmail.admin,9,450,en,100.0,100.0,2003,2010,1
gmane.text.xml.xindice.devel,9,450,en,100.0,100.0,2002,2007,1
gmane.comp.db.monetdb.user,9,450,en,100.0,100.0,2008,2012,1
gmane.comp.gnu.guix.user,9,450,en,100.0,100.0,2016,2019,1
gmane.comp.lang.ruby.ferret.general,9,450,en,100.0,100.0,2006,2007,1
gmane.comp.package-management.openpkg.user,9,450,en,100.0,100.0,2002,2008,1
gmane.comp.python.django.django-cms,9,450,en,100.0,100.0,2010,2016,1
gmane.comp.telephony.yate,9,450,en,100.0,100.0,2005,2018,1
gmane.comp.web.cosign.general,9,450,en,100.0,100.0,2008,2018,1
gmane.comp.web.zope.silva.general,9,450,en,100.0,100.0,2005,2011,1
gmane.comp.windows.devel.dotnet.umbraco,9,450,en,100.0,100.0,2005,2006,1
gmane.ietf.rohc,9,450,en,100.0,100.0,2002,2010,1
gmane.linux.drivers.quickcam.general,9,450,en,88.9,88.9,2003,2017,2
gmane.network.slrn.user,9,450,en,100.0,100.0,2002,2008,1
gmane.org.hackerspaces.57north,9,450,en,100.0,100.0,2014,2017,1
gmane.org.user-groups.debian.parana,9,450,pt,100.0,0.0,2004,2011,1
gmane.text.xml.general,9,450,en,100.0,100.0,2002,2005,1
gmane.comp.fonts.dejavu,9,450,en,100.0,100.0,2004,2015,1
gmane.comp.gnome.guadec,9,450,en,100.0,100.0,2005,2018,1
gmane.comp.java.xstream.cvs,9,450,en,55.6,55.6,2006,2016,3
gmane.comp.tex.luatex,9,450,en,100.0,100.0,2009,2019,1
gmane.culture.science.cryogenics,9,450,en,100.0,100.0,2002,2010,1
gmane.comp.handhelds.openmoko.user,9,450,en,88.9,88.9,2008,2009,2
gmane.comp.lang.ruby.wxruby.user,9,450,en,100.0,100.0,2006,2011,1
gmane.comp.lib.gsl.general,9,450,en,100.0,100.0,2005,2016,1
gmane.comp.python.org.uk,9,450,en,100.0,100.0,2006,2017,1
gmane.linux.redhat.spacewalk.devel,9,450,en,100.0,100.0,2008,2013,1
gmane.org.environment.freecycle.montreal,9,450,en,55.6,55.6,2010,2010,2
gmane.org.user-groups.zaralinux,9,450,es,88.9,11.1,2003,2004,2
gmane.text.markdown.general,9,450,en,100.0,100.0,2006,2011,1
gmane.comp.apache.ivy.user,9,450,en,100.0,100.0,2009,2016,1
gmane.comp.gnu.cegcc.devel,9,450,en,100.0,100.0,2007,2009,1
gmane.comp.ide.anjuta.devel,9,450,en,100.0,100.0,2005,2013,1
gmane.ietf.ima,9,450,en,100.0,100.0,2006,2012,1
gmane.network.etherboot.devel,9,450,en,100.0,100.0,2002,2009,1
gmane.network.tinc.user,9,450,en,100.0,100.0,2008,2018,1
gmane.user-groups.linux.scottish,9,450,en,100.0,100.0,2003,2011,1
gmane.comp.audio.clementine,9,450,en,100.0,100.0,2015,2019,1
gmane.comp.java.jdnc.general,9,450,en,100.0,100.0,2005,2009,1
gmane.comp.multimedia.helix.cvs,9,450,en,100.0,100.0,2003,2006,1
gmane.linux.distributions.ltib.general,9,450,en,88.9,88.9,2011,2013,2
gmane.os.hurd.bugs,9,450,en,55.6,55.6,2002,2003,3
gmane.comp.video.xvid.devel,9,450,en,100.0,100.0,2003,2009,1
gmane.comp.window-managers.enlightenment.i18n,9,450,en,88.9,88.9,2009,2013,2
gmane.culture.discuss.conspiracy,9,450,en,100.0,100.0,2005,2009,1
gmane.network.centericq,9,450,en,100.0,100.0,2003,2007,1
gmane.linux.drivers.unichrome.user,9,450,en,88.9,88.9,2004,2008,2
gmane.linux.pam,9,450,en,100.0,100.0,2003,2012,1
gmane.comp.java.drools.devel,9,450,en,88.9,88.9,2005,2013,2
gmane.comp.kde.k3b,9,450,en,100.0,100.0,2004,2007,1
gmane.comp.lib.gecode.user,9,450,en,100.0,100.0,2008,2017,1
gmane.comp.web.tellurium.user,9,450,en,77.8,77.8,2009,2011,3
gmane.comp.compilers.pcc.scm,9,450,en,100.0,100.0,2008,2016,1
gmane.comp.apache.builds,8,400,en,100.0,100.0,2013,2019,1
gmane.comp.apache.logging.log4cxx.user,8,400,en,100.0,100.0,2006,2011,1
gmane.comp.apache.maven.devel,8,400,en,100.0,100.0,2004,2005,1
gmane.comp.boot-loaders.grub.cvs,8,400,en,100.0,100.0,2005,2009,1
gmane.comp.db.mysql.java,8,400,en,87.5,87.5,2003,2011,2
gmane.comp.embedded.neuros.dm320,8,400,en,100.0,100.0,2007,2010,1
gmane.comp.gcc.g++.general,8,400,en,100.0,100.0,2004,2008,1
gmane.comp.gis.grass.pkg.general,8,400,en,100.0,100.0,2005,2014,1
gmane.comp.graphics.pixman,8,400,en,100.0,100.0,2011,2017,1
gmane.comp.ide.boa-constructor.user,8,400,en,100.0,100.0,2003,2010,1
gmane.comp.ide.shiftedit.user,8,400,en,87.5,87.5,2012,2016,2
gmane.comp.init.initng.general,8,400,en,87.5,87.5,2005,2007,2
gmane.comp.ipod.gtkpod,8,400,en,100.0,100.0,2006,2009,1
gmane.comp.java.ant-contrib.devel,8,400,en,100.0,100.0,2004,2007,1
gmane.comp.java.jess,8,400,en,100.0,100.0,2005,2013,1
gmane.comp.lang.perl.daily.news,8,400,en,100.0,100.0,2003,2008,1
gmane.comp.lang.ruby.unicorn.general,8,400,en,100.0,100.0,2010,2015,1
gmane.comp.lang.smalltalk.fonc,8,400,en,100.0,100.0,2008,2013,1
gmane.comp.statistics.stan.devel,8,400,en,100.0,100.0,2015,2016,1
gmane.comp.video.blender.user,8,400,en,100.0,100.0,2004,2015,1
gmane.comp.web.chromium.apps,8,400,en,100.0,100.0,2014,2019,1
gmane.comp.web.phpgroupware.tracker,8,400,en,100.0,100.0,2002,2010,1
gmane.comp.web.zope.opencore.bugs,8,400,en,100.0,100.0,2008,2009,1
gmane.comp.window-managers.stumpwm.devel,8,400,en,100.0,100.0,2009,2018,1
gmane.comp.windows.unattended.devel,8,400,en,87.5,87.5,2004,2014,2
gmane.culture.transportation.humanpowered.velomobile,8,400,en,100.0,100.0,2004,2006,1
gmane.emacs.w3.devel,8,400,ja,50.0,25.0,2006,2007,3
gmane.games.diplomacy.worldmasters.results.wm2004,8,400,en,100.0,100.0,2004,2007,1
gmane.games.scrabble.sowpods,8,400,en,100.0,100.0,2009,2013,1
gmane.ietf.6tisch,8,400,en,100.0,100.0,2015,2018,1
gmane.ietf.nntp,8,400,en,100.0,100.0,2003,2005,1
gmane.ietf.taps,8,400,en,100.0,100.0,2015,2018,1
gmane.linux.debian.devel.emacsen,8,400,en,100.0,100.0,2002,2014,1
gmane.linux.distributions.angstrom.user,8,400,en,100.0,100.0,2007,2013,1
gmane.linux.morphix.cvs,8,400,en,100.0,100.0,2004,2007,1
gmane.linux.suse.sles-e,8,400,en,100.0,100.0,2005,2007,1
gmane.lisp.scheme.reports.wg1,8,400,en,100.0,100.0,2010,2012,1
gmane.mail.bogofilter.devel,8,400,en,100.0,100.0,2002,2005,1
gmane.mail.imap.binc.general,8,400,en,100.0,100.0,2003,2005,1
gmane.mail.sympa.user,8,400,en,100.0,100.0,2010,2019,1
gmane.network.enterasys.user,8,400,en,100.0,100.0,2009,2011,1
gmane.network.opennms.devel,8,400,en,100.0,100.0,2008,2017,1
gmane.network.protocols.rpl,8,400,en,100.0,100.0,2010,2018,1
gmane.org.w3.ontology.devel,8,400,en,87.5,87.5,2007,2015,2
gmane.org.w3c.webapi,8,400,en,100.0,100.0,2006,2008,1
gmane.org.wikimedia.mediawiki.api,8,400,en,87.5,87.5,2007,2014,2
gmane.os.freebsd.devel.office,8,400,en,87.5,87.5,2012,2018,2
gmane.os.helenos.devel,8,400,en,100.0,100.0,2012,2017,1
gmane.os.solaris.at-home,8,400,en,100.0,100.0,2002,2006,1
gmane.recreation.radio.hardware.bc250d,8,400,en,100.0,100.0,2003,2006,1
gmane.recreation.radio.hardware.uniden.bc780xlt,8,400,en,100.0,100.0,2003,2011,1
gmane.science.geophysics.seisan,8,400,en,87.5,87.5,2010,2013,2
gmane.science.linguistics.wikipedia.translators,8,400,en,100.0,100.0,2006,2018,1
gmane.user-groups.foss.libreplanet.sao-paulo,8,400,pt,100.0,0.0,2013,2017,1
gmane.comp.calendars.meeting-room-booking-system.scm,8,400,en,100.0,100.0,2004,2017,1
gmane.comp.cloud.aeolus.devel,8,400,en,100.0,100.0,2012,2013,1
gmane.comp.emulators.ovirt.vdsm.devel,8,400,en,100.0,100.0,2011,2013,1
gmane.comp.encryption.pgp.sks,8,400,en,100.0,100.0,2004,2016,1
gmane.comp.finance.ledger.smb.devel,8,400,en,100.0,100.0,2006,2016,1
gmane.comp.games.mame.advancemame.user,8,400,en,100.0,100.0,2003,2004,1
gmane.comp.gnome.devel,8,400,en,100.0,100.0,2002,2005,1
gmane.comp.gnu.mailutils.cvs,8,400,de,50.0,37.5,2002,2010,3
gmane.comp.gnu.screen.user,8,400,en,87.5,87.5,2004,2018,2
gmane.comp.lang.delphi.synapse.public,8,400,en,100.0,100.0,2006,2014,1
gmane.comp.lang.dylan.gwydion.devel,8,400,en,100.0,100.0,2003,2013,1
gmane.comp.lang.haskell.prime,8,400,en,100.0,100.0,2006,2018,1
gmane.comp.lang.perl.macosx,8,400,en,100.0,100.0,2004,2007,1
gmane.comp.licenses.spdx.devel,8,400,en,100.0,100.0,2011,2017,1
gmane.comp.mobile.osmocom.baseband.devel,8,400,en,100.0,100.0,2011,2018,1
gmane.comp.mozilla.devel.svg,8,400,en,100.0,100.0,2002,2013,1
gmane.comp.python.ironpython.user,8,400,en,87.5,87.5,2005,2014,2
gmane.comp.python.opengl.user,8,400,en,100.0,100.0,2004,2012,1
gmane.comp.python.wikidpad,8,400,en,100.0,100.0,2007,2018,1
gmane.comp.security.forensics,8,400,en,100.0,100.0,2002,2007,1
gmane.comp.sysutils.augeas.devel,8,400,en,100.0,100.0,2008,2014,1
gmane.comp.video.videolan.vls.general,8,400,en,100.0,100.0,2003,2006,1
gmane.comp.web.bluegriffon.devel,8,400,en,100.0,100.0,2011,2018,1
gmane.comp.windows.dotnet.nhibernate.devel,8,400,en,100.0,100.0,2005,2008,1
gmane.comp.windows.dotnet.nunit.user,8,400,en,100.0,100.0,2004,2008,1
gmane.education.english.engfor,8,400,en,100.0,100.0,2005,2016,1
gmane.education.sociology.teachsoc,8,400,en,100.0,100.0,2005,2008,1
gmane.games.crossfire.general,8,400,en,100.0,100.0,2006,2014,1
gmane.ietf.kitten,8,400,en,100.0,100.0,2005,2012,1
gmane.linux.blind.russian,8,400,ru,100.0,0.0,2008,2012,1
gmane.linux.debian.ports.hppa,8,400,en,100.0,100.0,2002,2005,1
gmane.linux.distributions.64studio.user,8,400,en,87.5,87.5,2008,2010,2
gmane.linux.distributions.smartpm.general,8,400,en,100.0,100.0,2005,2013,1
gmane.linux.gentoo.devel.announce,8,400,en,87.5,87.5,2008,2019,2
gmane.linux.hams.hamlib.devel,8,400,en,100.0,100.0,2005,2017,1
gmane.linux.laptop.olpc.debian.devel,8,400,en,62.5,62.5,2010,2017,3
gmane.linux.redhat.fedora.rpmfusion.user,8,400,en,100.0,100.0,2009,2017,1
gmane.mail.spam.spambayes.cvs,8,400,en,75.0,75.0,2002,2007,3
gmane.network.opennms.bugs,8,400,en,100.0,100.0,2004,2008,1
gmane.org.user-groups.realraum,8,400,de,75.0,25.0,2008,2016,2
gmane.org.user-groups.sage.ireland,8,400,en,100.0,100.0,2005,2009,1
gmane.os.opendarwin.webkit.qt,8,400,en,100.0,100.0,2010,2015,1
gmane.os.solaris.pca,8,400,en,87.5,87.5,2008,2013,2
gmane.science.biology.informatics.taverna.user,8,400,en,100.0,100.0,2009,2011,1
gmane.science.robotics.fawkes.scm,8,400,en,100.0,100.0,2011,2014,1
gmane.comp.calendars.remind.general,8,400,en,87.5,87.5,2005,2015,2
gmane.comp.cms.open-xchange.general,8,400,en,100.0,100.0,2004,2006,1
gmane.comp.db.rrdtool.devel,8,400,en,100.0,100.0,1999,2008,1
gmane.comp.gis.cartoweb.user,8,400,en,100.0,100.0,2006,2008,1
gmane.comp.handhelds.openmoko.devel,8,400,en,100.0,100.0,2008,2011,1
gmane.comp.java.paperclips.general,8,400,ja,37.5,25.0,2005,2006,5
gmane.comp.kde.india,8,400,en,100.0,100.0,2006,2015,1
gmane.comp.lang.d.gnu,8,400,en,100.0,100.0,2012,2018,1
gmane.comp.lang.erlang.bugs,8,400,en,87.5,87.5,2009,2015,2
gmane.comp.lang.haskell.cvs.fptools,8,400,en,100.0,100.0,2002,2006,1
gmane.comp.lang.realbasic.german,8,400,de,100.0,0.0,2006,2012,1
gmane.comp.mozilla.devel.mstone,8,400,UNKNOWN,50.0,50.0,2002,2003,2
gmane.comp.python.pywebsvcs.general,8,400,en,100.0,100.0,2006,2010,1
gmane.comp.security.shorewall.devel,8,400,en,100.0,100.0,2010,2016,1
gmane.comp.statistics.rkward.devel,8,400,en,100.0,100.0,2010,2018,1
gmane.comp.sysutils.go-cd,8,400,en,87.5,87.5,2015,2019,2
gmane.comp.voip.sip-communicator.user,8,400,en,100.0,100.0,2011,2014,1
gmane.comp.web.delicious.users,8,400,en,100.0,100.0,2005,2008,1
gmane.comp.web.rdfweb,8,400,en,100.0,100.0,2003,2011,1
gmane.comp.window-managers.ratpoison.devel,8,400,en,100.0,100.0,2003,2014,1
gmane.emacs.bbdb.user,8,400,en,100.0,100.0,2002,2018,1
gmane.emacs.xtla.devel,8,400,en,62.5,62.5,2004,2014,4
gmane.linux.debian.conference.video,8,400,en,100.0,100.0,2006,2018,1
gmane.linux.gentoo.user.hungarian,8,400,hu,75.0,0.0,2004,2010,3
gmane.linux.hardware.blackfin.toolchain.scm,8,400,UNKNOWN,100.0,0.0,2008,2012,1
gmane.linux.kernel.announce,8,400,en,100.0,100.0,2005,2019,1
gmane.network.freenet.frost.cvs,8,400,en,100.0,100.0,2004,2009,1
gmane.network.routing.bufferbloat,8,400,en,100.0,100.0,2012,2019,1
gmane.org.spi.general,8,400,en,100.0,100.0,2006,2019,1
gmane.org.w3c.specifications,8,400,en,87.5,87.5,2003,2016,2
gmane.org.wikimedia.analytics,8,400,en,100.0,100.0,2014,2017,1
gmane.comp.archivers.amanda.devel,8,400,en,100.0,100.0,2003,2007,1
gmane.comp.cms.hula.general,8,400,en,100.0,100.0,2005,2007,1
gmane.comp.cms.zms.devel,8,400,en,100.0,100.0,2003,2011,1
gmane.comp.gdb.top-level.cvs,8,400,UNKNOWN,50.0,37.5,2002,2013,3
gmane.comp.gis.gvsig.user.italian,8,400,it,100.0,0.0,2008,2018,1
gmane.comp.ide.anjuta.users,8,400,en,100.0,100.0,2007,2017,1
gmane.comp.kde.devel.rekonq,8,400,en,100.0,100.0,2009,2012,1
gmane.comp.linux.perfmon2.devel,8,400,en,100.0,100.0,2008,2015,1
gmane.comp.python.matplotlib.scm,8,400,en,100.0,100.0,2007,2010,1
gmane.comp.version-control.mercurial.hgsubversion,8,400,en,100.0,100.0,2010,2015,1
gmane.comp.video.helixplayer.devel,8,400,en,100.0,100.0,2004,2009,1
gmane.comp.video.mplayer.cygwin,8,400,en,100.0,100.0,2003,2006,1
gmane.education.publications.bryn-mawr-classical-review,8,400,en,100.0,100.0,2004,2009,1
gmane.ietf.mta-filters,8,400,en,100.0,100.0,2005,2010,1
gmane.linux.debian.alioth.pkg-mozext-maintainers,8,400,en,100.0,100.0,2014,2019,1
gmane.linux.debian.devel.publicity,8,400,en,100.0,100.0,2008,2019,1
gmane.linux.hardware.blackfin.toolchain.devel,8,400,en,100.0,100.0,2007,2011,1
gmane.linux.redhat.fedora.italian,8,400,it,75.0,12.5,2009,2013,3
gmane.network.routing.aqm,8,400,en,100.0,100.0,2013,2017,1
gmane.network.vpnc.devel,8,400,en,100.0,100.0,2004,2008,1
gmane.org.google.api.docs,8,400,en,100.0,100.0,2009,2016,1
gmane.org.user-groups.linux.gusl,8,400,es,75.0,12.5,2008,2012,3
gmane.os.solaris.opensolaris.sysadmin,8,400,en,100.0,100.0,2007,2010,1
gmane.science.biology.wormbase.general,8,400,en,87.5,87.5,2004,2006,2
gmane.user-groups.foss.assoli,8,400,it,100.0,0.0,2010,2013,1
gmane.comp.apache.bugs,8,400,UNKNOWN,62.5,37.5,2002,2003,2
gmane.comp.compilers.tinycc.devel,8,400,en,100.0,100.0,2014,2019,1
gmane.comp.db.postgresql.pgpool.general,8,400,en,100.0,100.0,2008,2010,1
gmane.comp.embedded.freewrt.bugs,8,400,en,100.0,100.0,2006,2011,1
gmane.comp.file-systems.unionfs.general,8,400,en,100.0,100.0,2005,2014,1
gmane.comp.gis.openstreetmap.region.de.owl,8,400,de,100.0,0.0,2011,2018,1
gmane.comp.handhelds.ipaq.synce.general,8,400,en,100.0,100.0,2005,2010,1
gmane.comp.hardware.one-wire.weather,8,400,en,100.0,100.0,2005,2014,1
gmane.comp.jakarta.turbine.maven.mevenide.devel,8,400,en,62.5,62.5,2005,2008,3
gmane.comp.java.mx4j.user,8,400,en,100.0,100.0,2003,2006,1
gmane.comp.lang.perl.modules.dbi.sybase.devel,8,400,en,100.0,100.0,2003,2013,1
gmane.comp.lang.r.manipulatr,8,400,en,100.0,100.0,2011,2015,1
gmane.comp.multimedia.xmms.devel,8,400,en,100.0,100.0,1999,2003,1
gmane.comp.python.tryton.announce,8,400,ca,50.0,37.5,2015,2018,3
gmane.comp.security.ids.oisf.user,8,400,en,100.0,100.0,2010,2013,1
gmane.comp.security.ids.prelude.user,8,400,en,100.0,100.0,2003,2011,1
gmane.comp.security.otr.user,8,400,en,100.0,100.0,2006,2015,1
gmane.comp.telephony.pbx.asterisk.amportal.user,8,400,en,100.0,100.0,2006,2007,1
gmane.comp.tex.gregorio.user,8,400,en,87.5,87.5,2010,2016,2
gmane.comp.web.crosswalk.devel,8,400,en,100.0,100.0,2013,2016,1
gmane.ietf.hipsec,8,400,en,100.0,100.0,2004,2019,1
gmane.linux.debian.devel.spanish,8,400,es,75.0,12.5,2002,2014,3
gmane.linux.distributions.grml.user,8,400,en,75.0,75.0,2006,2018,3
gmane.linux.drivers.mesh.open80211s,8,400,en,100.0,100.0,2009,2013,1
gmane.network.irc.bopm,8,400,en,87.5,87.5,2002,2006,2
gmane.network.opendaylight.openflowplugin.devel,8,400,en,100.0,100.0,2015,2019,1
gmane.org.sigs.pmbok.brazil,8,400,pt,100.0,0.0,2005,2011,1
gmane.org.user-groups.dotnet.altnetconf,8,400,en,100.0,100.0,2007,2007,1
gmane.org.user-groups.region.india.twincling,8,400,en,87.5,87.5,2008,2010,2
gmane.org.w3c.validator.feed,8,400,en,75.0,75.0,2007,2010,3
gmane.os.illumos.general,8,400,en,100.0,100.0,2011,2014,1
gmane.comp.apache.excalibur.cvs,8,400,en,100.0,100.0,2004,2010,1
gmane.comp.db.dataperfect.general,8,400,en,87.5,87.5,2006,2017,2
gmane.comp.graphics.crystalspace.devel,8,400,en,100.0,100.0,2003,2010,1
gmane.comp.lang.nemerle.devel,8,400,en,100.0,100.0,2004,2007,1
gmane.comp.lang.smalltalk.squeak.squeakland,8,400,en,100.0,100.0,2007,2013,1
gmane.comp.networking.perfsonar.user,8,400,en,87.5,87.5,2014,2019,2
gmane.comp.python.pyobjc.cvs,8,400,en,100.0,100.0,2003,2009,1
gmane.comp.science.kwant.user,8,400,en,100.0,100.0,2014,2019,1
gmane.comp.security.scapy.general,8,400,en,100.0,100.0,2006,2017,1
gmane.comp.telephony.pbx.asterisk.bsd,8,400,en,100.0,100.0,2006,2008,1
gmane.culture.region.bulgaria.artbox,8,400,bg,100.0,0.0,2005,2015,1
gmane.education.english.learningenglish,8,400,en,87.5,87.5,2005,2007,2
gmane.ietf.acme,8,400,en,87.5,87.5,2015,2018,2
gmane.ietf.isis,8,400,en,100.0,100.0,2003,2018,1
gmane.linux.ubuntu.user.polish,8,400,pl,100.0,0.0,2006,2012,1
gmane.lisp.steel-bank.general,8,400,en,100.0,100.0,2005,2017,1
gmane.mail.zoe.general,8,400,en,100.0,100.0,2003,2004,1
gmane.network.jabber.operators,8,400,en,100.0,100.0,2008,2016,1
gmane.org.user-groups.linux.uk.peterboro,8,400,en,100.0,100.0,2007,2015,1
gmane.comp.ai.prolog.xsb.devel,8,400,en,100.0,100.0,2004,2010,1
gmane.comp.bug-tracking.gnats.prs,8,400,en,100.0,100.0,2006,2009,1
gmane.comp.documentfoundation.libreoffice.marketing.us,8,400,en,100.0,100.0,2011,2012,1
gmane.comp.internationalization.punjabi,8,400,en,100.0,100.0,2008,2019,1
gmane.comp.isp.ispman.cvs,8,400,en,100.0,100.0,2003,2006,1
gmane.comp.java.open-symphony.cvs,8,400,en,100.0,100.0,2002,2003,1
gmane.comp.mathematics.reliable-computing,8,400,en,100.0,100.0,2007,2018,1
gmane.comp.misc.pptpclient.devel,8,400,en,100.0,100.0,2004,2013,1
gmane.comp.web.typo.user,8,400,en,100.0,100.0,2005,2011,1
gmane.games.rpg.ars-magica.online-saga,8,400,en,100.0,100.0,2005,2007,1
gmane.linux.kernel.firewire.user,8,400,en,100.0,100.0,2005,2011,1
gmane.linux.ppp,8,400,en,100.0,100.0,2002,2011,1
gmane.network.ekg.scm,8,400,pl,50.0,37.5,2002,2005,3
gmane.network.ssh.windows,8,400,en,100.0,100.0,2002,2011,1
gmane.os.cygwin.talk,8,400,en,87.5,87.5,2005,2009,2
gmane.comp.gnome.love,8,400,en,100.0,100.0,2002,2010,1
gmane.comp.jakarta.cactus.user,8,400,en,100.0,100.0,2002,2008,1
gmane.comp.lang.jython.cvs,8,400,en,100.0,100.0,2007,2009,1
gmane.comp.lib.openal.devel,8,400,en,100.0,100.0,2005,2009,1
gmane.comp.programming.modeling.topcased.users,8,400,en,100.0,100.0,2006,2012,1
gmane.comp.sysutils.bcfg2.devel,8,400,en,100.0,100.0,2006,2010,1
gmane.comp.xfree86.newbie,8,400,en,100.0,100.0,2002,2002,1
gmane.linux.debian.ports.ia64,8,400,en,87.5,87.5,2002,2013,2
gmane.linux.gentoo.catalyst,8,400,en,100.0,100.0,2005,2014,1
gmane.linux.sourcemage.spell-submit,8,400,en,100.0,100.0,2005,2011,1
gmane.network.vpn.libreswan.devel,8,400,en,100.0,100.0,2014,2018,1
gmane.user-groups.linux.lugmen.grouchesque,8,400,es,87.5,12.5,2007,2008,2
gmane.comp.gnome.apps.alexandria,8,400,en,100.0,100.0,2004,2011,1
gmane.comp.gnome.bugsquad,8,400,en,100.0,100.0,2002,2006,1
gmane.comp.gnu.utils,8,400,en,100.0,100.0,2002,2019,1
gmane.comp.java.openjms.user,8,400,en,87.5,87.5,2003,2008,2
gmane.ietf.urn,8,400,en,100.0,100.0,2002,2019,1
gmane.org.user-groups.php.nyphp.joomla,8,400,en,87.5,87.5,2007,2012,2
gmane.os.freebsd.devel.geom,8,400,en,100.0,100.0,2005,2018,1
gmane.comp.gis.mapbuilder.devel,8,400,en,100.0,100.0,2005,2007,1
gmane.comp.ide.eclipse.pde.devel,8,400,en,100.0,100.0,2005,2018,1
gmane.comp.java.lejos,8,400,en,75.0,75.0,2002,2008,2
gmane.comp.java.vm.languages,8,400,en,100.0,100.0,2008,2016,1
gmane.org.user-groups.linux.gluc,8,400,es,100.0,0.0,2007,2011,1
gmane.comp.java.xfire.devel,8,400,en,87.5,87.5,2006,2009,2
gmane.os.dragonfly-bsd.user,8,400,en,87.5,87.5,2013,2016,2
gmane.comp.gnu.mll2html.bugs,8,400,en,50.0,50.0,2004,2007,4
gmane.comp.lib.vos.devel,8,400,en,100.0,100.0,2005,2007,1
gmane.linux.debian.devel.wine,8,400,en,100.0,100.0,2014,2018,1
gmane.user-groups.linux.tehlug.general,8,400,fa,75.0,25.0,2012,2016,2
gmane.comp.freedesktop.xlibs.cvs,8,400,en,75.0,75.0,2003,2008,2
gmane.linux.ports.mips,8,400,en,100.0,100.0,2018,2019,1
gmane.comp.lang.javascript.nodejs.libuv,8,400,en,100.0,100.0,2013,2019,1
gmane.linux.debian.packages.adduser.devel,8,400,en,87.5,87.5,2005,2012,2
gmane.mail.exim.exiscan.user,8,400,en,100.0,100.0,2002,2004,1
gmane.os.dragonfly-bsd.bugs,8,400,en,100.0,100.0,2012,2016,1
gmane.comp.ide.padre.devel,8,400,en,87.5,87.5,2010,2013,2
gmane.comp.php.gtk+.documentation,8,400,en,75.0,75.0,2003,2007,3
gmane.comp.storage.spectrum-scale.gpfs.user,8,400,en,100.0,100.0,2016,2019,1
gmane.comp.audio.clam.devel,7,350,en,100.0,100.0,2007,2012,1
gmane.comp.crm.obm.general,7,350,fr,71.4,14.3,2009,2011,3
gmane.comp.db.mysql.bugs,7,350,en,100.0,100.0,2002,2004,1
gmane.comp.debugging.address-sanitizer,7,350,en,100.0,100.0,2014,2016,1
gmane.comp.emulators.marss86,7,350,en,100.0,100.0,2011,2013,1
gmane.comp.gis.osgeo.osgeo4w,7,350,en,100.0,100.0,2011,2018,1
gmane.comp.gnu.httptunnel.bugs,7,350,ja,42.9,0.0,2003,2006,3
gmane.comp.handhelds.linux.jornada,7,350,en,85.7,85.7,2003,2007,2
gmane.comp.handhelds.meego.kernel,7,350,en,100.0,100.0,2010,2011,1
gmane.comp.ide.komodo.general,7,350,en,100.0,100.0,2004,2008,1
gmane.comp.java.jspwiki.user,7,350,en,100.0,100.0,2005,2007,1
gmane.comp.java.thinlet.user,7,350,en,100.0,100.0,2004,2005,1
gmane.comp.kde.tellico.general,7,350,en,100.0,100.0,2008,2017,1
gmane.comp.lang.r.debian,7,350,en,100.0,100.0,2009,2018,1
gmane.comp.ldap.umich,7,350,en,85.7,85.7,2005,2008,2
gmane.comp.linux.vfio.user,7,350,en,100.0,100.0,2015,2016,1
gmane.comp.log.logcheck,7,350,en,71.4,71.4,2006,2011,3
gmane.comp.mozilla.firefox.pentadactyl,7,350,en,100.0,100.0,2011,2015,1
gmane.comp.openoffice.french.quality-assurance,7,350,fr,85.7,14.3,2009,2010,2
gmane.comp.openoffice.releases,7,350,en,85.7,85.7,2005,2010,2
gmane.comp.php.smarty.devel,7,350,en,100.0,100.0,2002,2005,1
gmane.comp.php.xdebug.general,7,350,en,100.0,100.0,2005,2018,1
gmane.comp.python.lxml.cvs,7,350,en,85.7,85.7,2005,2009,2
gmane.comp.python.pypy.bugs,7,350,en,100.0,100.0,2012,2018,1
gmane.comp.python.webware,7,350,en,100.0,100.0,2003,2005,1
gmane.comp.science.einsteintoolkit.user,7,350,en,100.0,100.0,2014,2019,1
gmane.comp.science.types,7,350,en,100.0,100.0,1989,2015,1
gmane.comp.security.firewalls.efw.user,7,350,en,100.0,100.0,2006,2012,1
gmane.comp.web.alternc.devel,7,350,fr,100.0,0.0,2004,2018,1
gmane.comp.web.rdf.logic,7,350,en,85.7,85.7,2004,2015,2
gmane.comp.windows.devel.java.advanced,7,350,en,100.0,100.0,2002,2007,1
gmane.emacs.sxemacs.devel,7,350,en,85.7,85.7,2004,2008,2
gmane.ietf.dots,7,350,en,100.0,100.0,2017,2019,1
gmane.ietf.lemonade,7,350,en,100.0,100.0,2007,2008,1
gmane.linux.french.lea.debats,7,350,fr,100.0,0.0,2013,2018,1
gmane.linux.ports.riscv,7,350,en,100.0,100.0,2018,2019,1
gmane.linux.redhat.rpm.devel,7,350,en,100.0,100.0,2005,2007,1
gmane.linux.skolelinux.www-int,7,350,en,100.0,100.0,2018,2019,1
gmane.lisp.region.turkey,7,350,tr,100.0,0.0,2005,2010,1
gmane.lisp.scheme.gauche,7,350,en,100.0,100.0,2003,2015,1
gmane.network.mldonkey.bugs,7,350,en,100.0,100.0,2004,2010,1
gmane.network.nagios.nagvis.scm,7,350,en,71.4,71.4,2007,2016,3
gmane.network.nagios.user.brazil,7,350,pt,100.0,0.0,2004,2009,1
gmane.network.ssh.libssh.general,7,350,en,85.7,85.7,2010,2019,2
gmane.org.google.containers,7,350,en,100.0,100.0,2016,2016,1
gmane.org.user-groups.linux.balinux,7,350,id,100.0,0.0,2004,2007,1
gmane.os.freebsd.advocacy,7,350,en,85.7,85.7,2002,2009,2
gmane.os.freebsd.devel.mips,7,350,en,71.4,71.4,2010,2018,2
gmane.text.xml.xalan.java.user,7,350,en,100.0,100.0,2002,2010,1
gmane.comp.apache.tiles.devel,7,350,en,100.0,100.0,2016,2019,1
gmane.comp.cms.jahia.french,7,350,fr,100.0,0.0,2006,2007,1
gmane.comp.documentfoundation.libreoffice.projects,7,350,en,100.0,100.0,2013,2017,1
gmane.comp.emulators.ovirt.arch,7,350,en,100.0,100.0,2012,2014,1
gmane.comp.freedesktop.fonts,7,350,en,100.0,100.0,2007,2012,1
gmane.comp.gcc.cross-compiling.arm,7,350,en,100.0,100.0,2006,2009,1
gmane.comp.gnome.internationalization.turk,7,350,tr,100.0,0.0,2004,2007,1
gmane.comp.gnu.gne.announce,7,350,en,85.7,85.7,2005,2007,2
gmane.comp.gnu.mingw.devel,7,350,en,100.0,100.0,2007,2012,1
gmane.comp.handhelds.linux.kernel,7,350,en,100.0,100.0,2005,2007,1
gmane.comp.homebrew.n8vem,7,350,en,71.4,71.4,2013,2015,2
gmane.comp.ide.eclipse.saros.devel,7,350,en,57.1,57.1,2012,2016,2
gmane.comp.information-retrieval.bcs-irsg,7,350,en,100.0,100.0,2007,2017,1
gmane.comp.java.jbehave.scm,7,350,en,71.4,71.4,2007,2013,2
gmane.comp.lang.ada.russian,7,350,ru,100.0,0.0,2004,2012,1
gmane.comp.lang.d.runtime,7,350,en,71.4,71.4,2011,2015,3
gmane.comp.lang.ocaml.lib.devel,7,350,en,85.7,85.7,2003,2010,2
gmane.comp.lang.perl.modules.class-dbi,7,350,en,100.0,100.0,2005,2009,1
gmane.comp.lang.xharbour.devel,7,350,en,100.0,100.0,2008,2013,1
gmane.comp.lib.boost.documentation,7,350,en,100.0,100.0,2003,2011,1
gmane.comp.mozilla.devel.layout.xslt,7,350,en,100.0,100.0,2002,2008,1
gmane.comp.multimedia.musescore.devel,7,350,en,100.0,100.0,2013,2019,1
gmane.comp.openoffice.devel.api,7,350,en,100.0,100.0,2005,2011,1
gmane.comp.php.pear.liveuser,7,350,en,100.0,100.0,2003,2005,1
gmane.comp.python.db.cx-oracle,7,350,en,85.7,85.7,2007,2017,2
gmane.comp.python.sqlelixir,7,350,en,100.0,100.0,2007,2010,1
gmane.comp.sysutils.parallel,7,350,en,100.0,100.0,2012,2019,1
gmane.comp.tools.jam,7,350,en,100.0,100.0,1999,2009,1
gmane.comp.web.click.user,7,350,en,100.0,100.0,2006,2011,1
gmane.comp.web.lighttpd,7,350,en,100.0,100.0,2005,2009,1
gmane.comp.web.server.aida,7,350,en,100.0,100.0,2007,2011,1
gmane.comp.web.zope.zope3.ecm.cvs,7,350,en,100.0,100.0,2005,2006,1
gmane.games.diplomacy.cat23.all-chat,7,350,en,100.0,100.0,2004,2006,1
gmane.ietf.bess,7,350,en,100.0,100.0,2014,2018,1
gmane.linux.debian.curiosa,7,350,en,85.7,85.7,2003,2016,2
gmane.linux.debian.devel.debtags,7,350,en,100.0,100.0,2005,2009,1
gmane.linux.debian.user.brazilian,7,350,pt,100.0,0.0,2002,2008,1
gmane.linux.gentoo.paludis.user,7,350,en,100.0,100.0,2008,2010,1
gmane.linux.hardware.sony.librie,7,350,en,85.7,85.7,2005,2006,2
gmane.lisp.elephant.devel,7,350,en,100.0,100.0,2007,2009,1
gmane.mail.mahogany.cvs,7,350,en,100.0,100.0,2002,2009,1
gmane.org.fsf.france.general,7,350,fr,100.0,0.0,2003,2004,1
gmane.org.w3c.public-iri,7,350,en,100.0,100.0,2006,2012,1
gmane.org.wikimedia.india.westbengal,7,350,en,71.4,71.4,2011,2019,2
gmane.os.freebsd.devel.pkg,7,350,en,100.0,100.0,2015,2019,1
gmane.os.freebsd.embedded,7,350,en,100.0,100.0,2008,2015,1
gmane.os.netbsd.ports.dreamcast,7,350,en,100.0,100.0,2002,2019,1
gmane.science.gmat.buildtest,7,350,en,100.0,100.0,2012,2015,1
gmane.comp.compilers.llvm.branches.scm,7,350,en,100.0,100.0,2015,2016,1
gmane.comp.db.monetdb.devel,7,350,en,100.0,100.0,2007,2009,1
gmane.comp.db.postgresql.pljava,7,350,en,100.0,100.0,2005,2016,1
gmane.comp.gis.openstreetmap.region.fr.devel,7,350,fr,100.0,0.0,2011,2017,1
gmane.comp.gnu.stow.bugs,7,350,en,57.1,57.1,2005,2006,2
gmane.comp.java.openlaszlo.reviews,7,350,en,85.7,85.7,2009,2011,2
gmane.comp.lang.mercury.general,7,350,en,100.0,100.0,2004,2018,1
gmane.comp.mathematics.sundials.user,7,350,en,100.0,100.0,2009,2019,1
gmane.comp.mozilla.firefox.user,7,350,en,100.0,100.0,2018,2019,1
gmane.comp.php.gtk+.devel,7,350,en,100.0,100.0,2005,2017,1
gmane.comp.php.standards,7,350,en,100.0,100.0,2014,2016,1
gmane.comp.programming.tools.tup.user,7,350,en,100.0,100.0,2013,2018,1
gmane.comp.python.fipy,7,350,en,85.7,85.7,2005,2016,2
gmane.comp.python.ldap,7,350,en,100.0,100.0,2008,2017,1
gmane.comp.python.sphinx.devel,7,350,en,100.0,100.0,2008,2009,1
gmane.comp.python.twisted.bugs,7,350,en,85.7,85.7,2005,2009,2
gmane.comp.voip.nist-sip,7,350,en,100.0,100.0,2004,2007,1
gmane.comp.voip.resiprocate.devel,7,350,en,100.0,100.0,2007,2019,1
gmane.comp.web.curl.php,7,350,en,100.0,100.0,2003,2008,1
gmane.comp.web.server.yaws.general,7,350,en,85.7,85.7,2005,2011,2
gmane.comp.web.web-polygraph.user,7,350,en,85.7,85.7,1999,2004,2
gmane.comp.web.wordpress.polyglots,7,350,en,85.7,85.7,2006,2010,2
gmane.comp.web.zenloadbalancer.user,7,350,en,85.7,85.7,2012,2016,2
gmane.comp.web.zope.page-templates,7,350,en,100.0,100.0,2003,2005,1
gmane.comp.windows.devel.netwindows,7,350,en,100.0,100.0,2003,2005,1
gmane.comp.xfree86.cvs,7,350,en,100.0,100.0,2002,2007,1
gmane.culture.sf.greek,7,350,lt,28.6,14.3,2002,2006,5
gmane.games.devel.mud.rom,7,350,en,100.0,100.0,2004,2005,1
gmane.linux.cluster.oscar.devel,7,350,en,100.0,100.0,2006,2013,1
gmane.linux.drivers.harmony.devel,7,350,en,100.0,100.0,2008,2014,1
gmane.linux.drivers.ipw3945.devel,7,350,en,100.0,100.0,2007,2009,1
gmane.linux.network.netsniff-ng,7,350,en,100.0,100.0,2013,2016,1
gmane.linux.pardus.devel.turkish,7,350,tr,100.0,0.0,2011,2011,1
gmane.linux.pxes.spanish,7,350,es,100.0,0.0,2005,2010,1
gmane.linux.redhat.fedora.server,7,350,en,85.7,85.7,2014,2018,2
gmane.linux.ubuntu.devel.gnome,7,350,en,100.0,100.0,2013,2016,1
gmane.linux.ubuntu.region.switzerland,7,350,en,71.4,71.4,2008,2018,3
gmane.mail.qmail.scanner,7,350,en,100.0,100.0,2003,2005,1
gmane.network.bit-torrent.rtorrent.devel,7,350,en,100.0,100.0,2006,2012,1
gmane.network.mana.bugs,7,350,en,71.4,71.4,2002,2006,3
gmane.network.rdesktop.devel,7,350,en,100.0,100.0,2003,2010,1
gmane.network.spread.user,7,350,en,100.0,100.0,2002,2010,1
gmane.org.google.wave.api,7,350,en,100.0,100.0,2009,2010,1
gmane.org.region.ukraine.devtalk,7,350,ru,71.4,0.0,2005,2007,3
gmane.os.freebsd.devel.openoffice,7,350,en,100.0,100.0,2005,2010,1
gmane.recreation.radio.hardware.icom.pcr1000,7,350,en,100.0,100.0,2004,2012,1
gmane.science.astronomy.stellarium.devel,7,350,en,100.0,100.0,2011,2013,1
gmane.science.robotics.fawkes.bugs,7,350,en,71.4,71.4,2009,2018,3
gmane.science.robotics.playerstage.gazebo,7,350,en,100.0,100.0,2006,2009,1
gmane.science.robotics.roboptim.scm,7,350,en,100.0,100.0,2010,2011,1
gmane.comp.db.postgresql.debian.bugs,7,350,en,100.0,100.0,2014,2018,1
gmane.comp.db.squirrel-sql.users,7,350,en,100.0,100.0,2007,2019,1
gmane.comp.debugging.sigrok.devel,7,350,en,100.0,100.0,2012,2018,1
gmane.comp.jakarta.lucene.clucene.devel,7,350,en,100.0,100.0,2003,2010,1
gmane.comp.java.mx4j.devel,7,350,en,100.0,100.0,2003,2009,1
gmane.comp.java.spice.cvs,7,350,en,85.7,85.7,2003,2005,2
gmane.comp.lang.concatenative,7,350,en,100.0,100.0,2003,2010,1
gmane.comp.lib.glibc.ports,7,350,en,100.0,100.0,2008,2013,1
gmane.comp.mozilla.jrex,7,350,en,100.0,100.0,2004,2006,1
gmane.comp.php.cvs.gtk+,7,350,en,100.0,100.0,2002,2012,1
gmane.comp.programming.aspect.general,7,350,en,100.0,100.0,2002,2010,1
gmane.comp.security.virus,7,350,en,100.0,100.0,2002,2004,1
gmane.comp.statistics.pspp.user,7,350,en,100.0,100.0,2011,2018,1
gmane.comp.voip.qutecom.devel,7,350,en,100.0,100.0,2008,2013,1
gmane.comp.web.zope.plone.bugs,7,350,en,57.1,57.1,2003,2010,3
gmane.ietf.eap,7,350,en,100.0,100.0,2002,2007,1
gmane.linux.debian.soc-coordination,7,350,en,100.0,100.0,2009,2015,1
gmane.linux.distributions.kurumin.general,7,350,pt,100.0,0.0,2005,2006,1
gmane.linux.file-systems.cachefs.general,7,350,en,71.4,71.4,2005,2013,3
gmane.linux.kernel.mentors,7,350,en,85.7,85.7,2005,2015,2
gmane.linux.rpm.rpmforge.user,7,350,en,100.0,100.0,2008,2012,1
gmane.mail.exmh.user,7,350,en,100.0,100.0,2002,2013,1
gmane.network.vpn.libreswan.user,7,350,en,100.0,100.0,2014,2019,1
gmane.org.user-groups.linux.svlug.volunteers,7,350,en,100.0,100.0,2007,2017,1
gmane.org.user-groups.linux.turkey.insan-kaynaklari,7,350,tr,100.0,0.0,2009,2016,1
gmane.org.user-groups.linux.unixtech,7,350,fr,100.0,0.0,2005,2007,1
gmane.text.xml.xindice.user,7,350,en,100.0,100.0,2003,2004,1
gmane.comp.clustering.xcat.user,7,350,en,100.0,100.0,2015,2018,1
gmane.comp.desktop.xfce.thunar.devel,7,350,en,100.0,100.0,2005,2010,1
gmane.comp.file-systems.pvfs2.users,7,350,en,100.0,100.0,2010,2015,1
gmane.comp.gnome.apps.shotwell,7,350,en,100.0,100.0,2010,2012,1
gmane.comp.hardware.motorola.microcontrollers,7,350,en,100.0,100.0,2003,2005,1
gmane.comp.lang.haskell.gtk2hs.devel,7,350,en,100.0,100.0,2009,2014,1
gmane.comp.lang.ruby.sinatra.general,7,350,en,100.0,100.0,2009,2014,1
gmane.comp.misc.opensync.cvs,7,350,en,100.0,100.0,2006,2009,1
gmane.comp.mozilla.devel.unix,7,350,en,85.7,85.7,2003,2005,2
gmane.comp.science.graph.graph-tool.general,7,350,en,100.0,100.0,2008,2018,1
gmane.comp.security.firewalls.firehol.devel,7,350,en,100.0,100.0,2007,2016,1
gmane.comp.sysutils.backup.bareos.user,7,350,en,100.0,100.0,2015,2018,1
gmane.comp.text.mods,7,350,en,100.0,100.0,2004,2018,1
gmane.comp.version-control.subversion.rapidsvn.devel,7,350,en,100.0,100.0,2005,2011,1
gmane.comp.web.galeon.user,7,350,en,100.0,100.0,2002,2004,1
gmane.emacs.windows,7,350,en,100.0,100.0,2003,2014,1
gmane.games.roguelike.crawl.devel,7,350,en,100.0,100.0,2010,2016,1
gmane.ietf.syslog,7,350,en,100.0,100.0,2005,2009,1
gmane.linux.debian.devel.french,7,350,fr,100.0,0.0,2003,2011,1
gmane.linux.isdn.i4l.devel,7,350,en,57.1,57.1,2004,2012,4
gmane.linux.ubuntu.marketing,7,350,en,100.0,100.0,2006,2015,1
gmane.mail.spam.spamdyke.user,7,350,en,100.0,100.0,2007,2010,1
gmane.org.region.austria.funkfeuer.wien,7,350,de,100.0,0.0,2014,2018,1
gmane.os.freebsd.devel.ia64,7,350,en,57.1,57.1,2002,2018,3
gmane.comp.cms.launchpad.user,7,350,en,100.0,100.0,2008,2008,1
gmane.comp.db.ibatis.devel,7,350,en,71.4,71.4,2005,2008,3
gmane.comp.freedesktop.xorg.drivers.freedreno,7,350,en,100.0,100.0,2016,2018,1
gmane.comp.gnu.libtool.cvs,7,350,en,85.7,85.7,2003,2013,2
gmane.comp.ide.eclipse.ant4eclipse,7,350,pt,42.9,28.6,2009,2009,4
gmane.comp.java.logback.user,7,350,en,100.0,100.0,2008,2013,1
gmane.comp.java.netbeans.modules.projects.devel,7,350,en,100.0,100.0,2001,2003,1
gmane.comp.lang.ruby.rails.german,7,350,de,100.0,0.0,2007,2008,1
gmane.comp.lib.openal,7,350,en,100.0,100.0,2006,2012,1
gmane.comp.security.openca.user,7,350,en,71.4,71.4,2008,2013,2
gmane.comp.security.phc,7,350,en,100.0,100.0,2014,2016,1
gmane.comp.web.jwebunit.devel,7,350,en,85.7,85.7,2005,2015,2
gmane.culture.bicycle.mtbne,7,350,en,85.7,85.7,2005,2011,2
gmane.culture.literature.e-books.fbreader,7,350,en,100.0,100.0,2008,2011,1
gmane.linux.debian.devel.kernel.sec,7,350,en,100.0,100.0,2013,2018,1
gmane.linux.ports.h2200,7,350,en,100.0,100.0,2005,2006,1
gmane.linux.redhat.k12ltsp,7,350,ja,42.9,42.9,2006,2013,3
gmane.linux.suse.amd64,7,350,en,100.0,100.0,2004,2006,1
gmane.linux.ubuntu.security.announce,7,350,en,100.0,100.0,2009,2019,1
gmane.mail.postfix.devel,7,350,en,100.0,100.0,2005,2013,1
gmane.mail.spam.dsbl.admin,7,350,en,100.0,100.0,2005,2005,1
gmane.music.equipment.bass,7,350,en,85.7,85.7,2002,2013,2
gmane.network.rdesktop.user,7,350,en,100.0,100.0,2003,2012,1
gmane.comp.audio.musicbrainz.devel,7,350,en,85.7,85.7,2003,2012,2
gmane.comp.gdb.bugs.general,7,350,en,28.6,28.6,2002,2002,4
gmane.comp.gnu.oleo.general,7,350,en,100.0,100.0,2006,2007,1
gmane.comp.handhelds.meego.sdk,7,350,en,100.0,100.0,2010,2011,1
gmane.comp.java.mx4j.cvs,7,350,en,85.7,85.7,2002,2004,2
gmane.comp.kde.devel.hardware,7,350,en,100.0,100.0,2009,2016,1
gmane.comp.lang.r.general.spanish,7,350,es,100.0,0.0,2014,2016,1
gmane.comp.lang.scala.scalaz,7,350,en,100.0,100.0,2013,2014,1
gmane.comp.mozilla.phoenix,7,350,en,28.6,28.6,2004,2006,4
gmane.comp.security.firewalls.tiny,7,350,en,71.4,71.4,2007,2015,2
gmane.comp.version-control.bitkeeper.user,7,350,en,85.7,85.7,2002,2004,2
gmane.culture.templar.rosemont,7,350,en,71.4,71.4,2002,2016,3
gmane.ietf.mailsig,7,350,en,100.0,100.0,2004,2005,1
gmane.linux.drivers.hpofficejet.devel,7,350,en,100.0,100.0,2003,2006,1
gmane.linux.network.modemmanager.devel,7,350,en,100.0,100.0,2017,2019,1
gmane.linux.redhat.fedora.devel.announce,7,350,en,100.0,100.0,2009,2018,1
gmane.lisp.web.uncommonweb.devel,7,350,en,100.0,100.0,2005,2008,1
gmane.network.cricket.user,7,350,en,100.0,100.0,2004,2007,1
gmane.org.wikimedia.bangladesh,7,350,en,85.7,85.7,2010,2016,2
gmane.comp.ai.machine-learning.vowpal-wabbit,7,350,en,100.0,100.0,2014,2018,1
gmane.comp.ide.eclipse.plugins.eclipseshell.devel,7,350,en,71.4,71.4,2007,2009,2
gmane.comp.java.errai.devel,7,350,et,42.9,14.3,2011,2015,5
gmane.comp.java.javagroups.devel,7,350,en,100.0,100.0,2003,2014,1
gmane.comp.lang.curry,7,350,en,100.0,100.0,2006,2011,1
gmane.comp.mozilla.conkeror,7,350,en,100.0,100.0,2008,2012,1
gmane.comp.web.chi-web,7,350,en,100.0,100.0,2002,2012,1
gmane.emacs.buildstatus,7,350,en,100.0,100.0,2011,2019,1
gmane.linux.gentoo.embedded,7,350,en,100.0,100.0,2008,2013,1
gmane.linux.keepalived.devel,7,350,en,100.0,100.0,2003,2016,1
gmane.network.freenet.general,7,350,en,100.0,100.0,2003,2007,1
gmane.network.instant-messaging.adium.devel,7,350,en,100.0,100.0,2010,2019,1
gmane.network.vpn.shrew.user,7,350,en,100.0,100.0,2010,2015,1
gmane.os.solaris.opensolaris.performance,7,350,en,100.0,100.0,2005,2009,1
gmane.science.tts.festival,7,350,en,100.0,100.0,2005,2017,1
gmane.comp.compilers.llvm.klee,7,350,en,100.0,100.0,2010,2015,1
gmane.comp.encryption.trousers.scm,7,350,en,100.0,100.0,2005,2008,1
gmane.comp.gnu.m4.adhoc,7,350,en,42.9,42.9,2004,2006,3
gmane.comp.java.netbeans.modules.mdr.user,7,350,en,100.0,100.0,2002,2006,1
gmane.comp.version-control.viewvc.issues,7,350,en,100.0,100.0,2006,2014,1
gmane.comp.web.dreamwidth.scm,7,350,en,100.0,100.0,2009,2010,1
gmane.comp.web.openid.board,7,350,en,100.0,100.0,2008,2010,1
gmane.emacs.muse.general,7,350,en,100.0,100.0,2006,2008,1
gmane.network.netatalk.user,7,350,en,100.0,100.0,1993,1998,1
gmane.comp.db.mysql.cluster,7,350,en,100.0,100.0,2009,2012,1
gmane.comp.gnome.apps.pilot,7,350,en,100.0,100.0,2002,2010,1
gmane.comp.gnu.bayonne.announce,7,350,en,71.4,71.4,2005,2006,3
gmane.comp.java.ejbca.devel,7,350,en,100.0,100.0,2005,2015,1
gmane.comp.java.scarab.devel,7,350,en,100.0,100.0,2005,2009,1
gmane.comp.mathematics.pari.user,7,350,en,100.0,100.0,2003,2018,1
gmane.comp.video.kino.devel,7,350,en,100.0,100.0,2004,2010,1
gmane.comp.video.transcode.devel,7,350,en,100.0,100.0,2004,2009,1
gmane.emacs.jdee,7,350,en,100.0,100.0,2002,2006,1
gmane.ietf.abfab,7,350,en,100.0,100.0,2011,2016,1
gmane.linux.gentoo.newbies,7,350,en,85.7,85.7,2002,2002,2
gmane.linux.leaf.scm,7,350,en,100.0,100.0,2012,2019,1
gmane.network.jabber.council,7,350,en,100.0,100.0,2008,2018,1
gmane.os.ecos.devel,7,350,en,100.0,100.0,2003,2012,1
gmane.comp.ai.user-modeling,7,350,en,100.0,100.0,2011,2019,1
gmane.comp.gnu.stow.devel,7,350,en,100.0,100.0,2003,2007,1
gmane.comp.java.jmock.user,7,350,en,100.0,100.0,2005,2010,1
gmane.comp.java.vexi.scm,7,350,en,100.0,100.0,2007,2013,1
gmane.comp.kde.devel.utils,7,350,en,71.4,71.4,2016,2019,2
gmane.compw.window-managers.windowmaker.user,7,350,en,100.0,100.0,2003,2005,1
gmane.linux.drivers.openchrome.devel,7,350,en,100.0,100.0,2009,2016,1
gmane.linux.lib.dietlibc,7,350,en,100.0,100.0,2002,2012,1
gmane.org.w3c.whatwg.help,7,350,en,100.0,100.0,2007,2014,1
gmane.os.freebsd.test,7,350,en,85.7,85.7,2002,2008,2
gmane.comp.boot-loaders.fastboot.general,7,350,en,71.4,71.4,2006,2007,3
gmane.comp.db.mysql.perl,7,350,en,100.0,100.0,2002,2007,1
gmane.comp.gnome.hackers,7,350,en,85.7,85.7,2002,2016,2
gmane.comp.gnome.internationalization.czech,7,350,cs,100.0,0.0,2010,2018,1
gmane.comp.gnu.dotgnu.devel,7,350,en,71.4,71.4,2006,2006,3
gmane.comp.graphics.cel.general,7,350,en,100.0,100.0,2003,2009,1
gmane.comp.java.tacos.devel,7,350,en,100.0,100.0,2005,2006,1
gmane.comp.python.boto,7,350,en,100.0,100.0,2008,2013,1
gmane.education.brazil.dcc.ufmg.grad041,7,350,pt,85.7,0.0,2010,2013,2
gmane.linux.foresight.devel,7,350,en,100.0,100.0,2009,2014,1
gmane.lisp.mcl.general,7,350,en,100.0,100.0,2003,2008,1
gmane.comp.apache.archiva.user,7,350,en,100.0,100.0,2008,2013,1
gmane.comp.version-control.subversion.subclipse.devel,7,350,en,100.0,100.0,2005,2008,1
gmane.comp.gnu.tuxpaint.devel,7,350,en,100.0,100.0,2007,2017,1
gmane.comp.graphics.panotools.devel,7,350,en,100.0,100.0,2006,2011,1
gmane.comp.web.html-tidy.user,7,350,en,85.7,85.7,2002,2009,2
gmane.linux.ataraid,7,350,en,100.0,100.0,2002,2008,1
gmane.text.xml.xerces-c.user,7,350,en,100.0,100.0,2006,2011,1
gmane.comp.security.metasploit,7,350,en,100.0,100.0,2009,2012,1
gmane.ietf.mext,7,350,en,100.0,100.0,2014,2019,1
gmane.comp.python.visualpython.user,7,350,en,100.0,100.0,2007,2010,1
gmane.comp.web.fastcgi.devel,7,350,en,100.0,100.0,2004,2010,1
gmane.ietf.hybi,7,350,en,100.0,100.0,2011,2014,1
gmane.network.instant-messaging.sim.scm,7,350,en,100.0,100.0,2008,2011,1
gmane.os.cosmos.devel,7,350,en,100.0,100.0,2009,2013,1
gmane.text.xml.sedna,7,350,en,100.0,100.0,2005,2009,1
gmane.comp.gis.geonode,7,350,en,100.0,100.0,2010,2012,1
gmane.comp.desktop.etoile.general,7,350,en,100.0,100.0,2007,2012,1
gmane.comp.lang.batchworld,7,350,en,100.0,100.0,2004,2013,1
gmane.linux.lfs.clfs.support,7,350,en,100.0,100.0,2006,2013,1
gmane.comp.encryption.gpg.libgcrypt.devel,7,350,en,100.0,100.0,2003,2017,1
gmane.network.dns.maradns.general,7,350,en,100.0,100.0,2002,2012,1
gmane.lisp.scheme.kawa,7,350,en,100.0,100.0,2005,2016,1
gmane.comp.apache.labs.devel,6,300,en,66.7,66.7,2007,2016,3
gmane.comp.db.drizzle.general,6,300,en,100.0,100.0,2009,2011,1
gmane.comp.file-systems.pvfs2.devel,6,300,en,100.0,100.0,2006,2015,1
gmane.comp.fonts.dejavu.scm,6,300,ca,66.7,16.7,2006,2008,3
gmane.comp.freedesktop.avahi,6,300,en,100.0,100.0,2006,2012,1
gmane.comp.gis.grass.cz,6,300,cs,83.3,0.0,2004,2015,2
gmane.comp.gnu.rcs,6,300,en,83.3,83.3,2004,2006,2
gmane.comp.gnu.www.scm,6,300,de,100.0,0.0,2010,2011,1
gmane.comp.graphics.crystalspace.crystalcore,6,300,en,100.0,100.0,2004,2007,1
gmane.comp.handhelds.meego.community,6,300,en,100.0,100.0,2010,2011,1
gmane.comp.hardware.sdr.hackrf.devel,6,300,en,100.0,100.0,2014,2018,1
gmane.comp.high-availability.veritas.vx,6,300,en,100.0,100.0,2006,2010,1
gmane.comp.java.aspectwerkz.user,6,300,en,100.0,100.0,2003,2010,1
gmane.comp.java.jbehave.user,6,300,en,100.0,100.0,2009,2014,1
gmane.comp.kde.krusader.devel,6,300,en,100.0,100.0,2005,2018,1
gmane.comp.lang.perl.modules.html-formfu.general,6,300,en,100.0,100.0,2007,2009,1
gmane.comp.lang.perl.qotw.discuss,6,300,en,100.0,100.0,2002,2004,1
gmane.comp.lang.ur,6,300,en,100.0,100.0,2011,2017,1
gmane.comp.lib.iup.user,6,300,en,100.0,100.0,2012,2017,1
gmane.comp.lib.vovida.vocal,6,300,en,100.0,100.0,2003,2004,1
gmane.comp.misc.nslu2.devel,6,300,en,100.0,100.0,2006,2009,1
gmane.comp.otrs.devel,6,300,en,100.0,100.0,2004,2014,1
gmane.comp.php.propel.user,6,300,en,100.0,100.0,2005,2006,1
gmane.comp.python.zope.erp5.devel,6,300,en,83.3,83.3,2005,2009,2
gmane.comp.security.ids.snort.bleedingsnort,6,300,en,100.0,100.0,2005,2007,1
gmane.comp.security.otr.devel,6,300,en,100.0,100.0,2005,2014,1
gmane.comp.tex.bibtex.bibdesk.devel,6,300,en,100.0,100.0,2007,2016,1
gmane.comp.tools.swftools.general,6,300,en,100.0,100.0,2010,2011,1
gmane.comp.version-control.quilt.devel,6,300,en,100.0,100.0,2007,2014,1
gmane.comp.voip.sflphone,6,300,en,100.0,100.0,2011,2019,1
gmane.comp.voip.sipxtapi.devel,6,300,en,100.0,100.0,2007,2007,1
gmane.comp.web.zope.database,6,300,en,100.0,100.0,2002,2007,1
gmane.comp.web.zope.zdp,6,300,en,100.0,100.0,2002,2004,1
gmane.culture.tv.twin-peaks,6,300,en,100.0,100.0,2003,2004,1
gmane.education.english.belajar-english,6,300,en,100.0,100.0,2005,2009,1
gmane.games.diplomacy.cat23.results.eleven-hundred,6,300,en,100.0,100.0,2004,2004,1
gmane.ietf.rtgwg,6,300,en,100.0,100.0,2014,2019,1
gmane.ietf.xmpp,6,300,en,100.0,100.0,2002,2009,1
gmane.linux.arch.projects,6,300,en,100.0,100.0,2011,2013,1
gmane.linux.centos.documentation,6,300,en,100.0,100.0,2011,2015,1
gmane.linux.debian.devel.gnustep,6,300,en,83.3,83.3,2009,2013,2
gmane.linux.drivers.dxr3.devel,6,300,en,100.0,100.0,2004,2008,1
gmane.linux.drivers.em28xx,6,300,en,83.3,83.3,2007,2008,2
gmane.lisp.cffi.devel,6,300,en,100.0,100.0,2007,2014,1
gmane.mail.spam.spambayes.devel,6,300,en,100.0,100.0,2003,2005,1
gmane.org.arin.announce,6,300,en,100.0,100.0,2011,2019,1
gmane.org.students.paistan,6,300,en,100.0,100.0,2003,2005,1
gmane.org.user-groups.linux.mlug,6,300,en,83.3,83.3,2008,2012,2
gmane.org.user-groups.linux.turkey.deneme,6,300,en,83.3,83.3,2009,2013,2
gmane.org.wikimedia.africa,6,300,en,66.7,66.7,2015,2018,2
gmane.os.apple.fink.gnome,6,300,en,100.0,100.0,2004,2010,1
gmane.os.freebsd.devel.firewire,6,300,en,100.0,100.0,2004,2008,1
gmane.os.freebsd.devel.toolchain,6,300,en,83.3,83.3,2013,2019,2
gmane.os.freebsd.performance,6,300,en,100.0,100.0,2005,2011,1
gmane.os.opendarwin.webkit.gtk,6,300,en,100.0,100.0,2009,2015,1
gmane.science.linguistics.wikipedia.hungarian,6,300,hu,100.0,0.0,2006,2011,1
gmane.user-groups.foss.brasil.curitiba,6,300,pt,83.3,16.7,2013,2013,2
gmane.user-groups.linux.lugmen.org,6,300,es,83.3,0.0,2008,2011,2
gmane.comp.apache.ode.scm,6,300,en,83.3,83.3,2008,2016,2
gmane.comp.cms.infoglue.devel,6,300,en,83.3,83.3,2003,2010,2
gmane.comp.db.rekall.general,6,300,id,50.0,50.0,2003,2008,2
gmane.comp.distributed.etcd,6,300,en,100.0,100.0,2014,2017,1
gmane.comp.encryption.gpg.gpgweb.cvs,6,300,en,83.3,83.3,2002,2012,2
gmane.comp.file-systems.s3ql,6,300,en,100.0,100.0,2014,2019,1
gmane.comp.gis.openstreetmap.transit,6,300,en,100.0,100.0,2010,2019,1
gmane.comp.gnu.chess.bugs,6,300,en,50.0,50.0,2002,2005,3
gmane.comp.gnu.health.devel,6,300,en,100.0,100.0,2014,2017,1
gmane.comp.java.scarab.user,6,300,en,100.0,100.0,2005,2009,1
gmane.comp.kde.devel.quality,6,300,en,100.0,100.0,2005,2009,1
gmane.comp.kde.solaris,6,300,en,100.0,100.0,2002,2005,1
gmane.comp.lang.perl.poe,6,300,en,100.0,100.0,2004,2009,1
gmane.comp.lang.pike.devel,6,300,en,100.0,100.0,2007,2015,1
gmane.comp.lib.cppcms.user,6,300,en,100.0,100.0,2011,2016,1
gmane.comp.mozilla.devel.java,6,300,en,100.0,100.0,2002,2009,1
gmane.comp.multimedia.mvpmc.user,6,300,en,100.0,100.0,2008,2014,1
gmane.comp.security.openvas.devel,6,300,en,100.0,100.0,2008,2015,1
gmane.comp.sysutils.chef.user,6,300,en,100.0,100.0,2011,2014,1
gmane.comp.version-control.subversion.javasvn.user,6,300,en,100.0,100.0,2005,2011,1
gmane.comp.version-control.tailor,6,300,en,100.0,100.0,2006,2008,1
gmane.comp.video.fresco.cvs,6,300,en,100.0,100.0,2001,2004,1
gmane.comp.video.mcf.devel,6,300,en,100.0,100.0,2002,2009,1
gmane.comp.web.dataparksearch.general,6,300,en,50.0,50.0,2005,2006,3
gmane.ietf.emu,6,300,en,100.0,100.0,2006,2019,1
gmane.linux.debian.ports.s390,6,300,en,83.3,83.3,2004,2017,2
gmane.linux.drivers.sdhci.devel,6,300,en,83.3,83.3,2006,2010,2
gmane.linux.linaro.announce.boot,6,300,en,100.0,100.0,2011,2018,1
gmane.linux.oracle.el-errata,6,300,en,100.0,100.0,2012,2016,1
gmane.linux.redhat.fedora.music,6,300,en,100.0,100.0,2009,2013,1
gmane.linux.redhat.rpm.atrpms.devel,6,300,en,100.0,100.0,2004,2011,1
gmane.linux.ubuntu.translators.de,6,300,de,100.0,0.0,2006,2010,1
gmane.network.ekg.devel,6,300,pl,100.0,0.0,2002,2005,1
gmane.network.irc.blitzed.web,6,300,en,83.3,83.3,2001,2004,2
gmane.network.vnc.ultravnc.general,6,300,en,100.0,100.0,2003,2004,1
gmane.org.environment.freecycle.thessaloniki,6,300,en,66.7,66.7,2012,2016,3
gmane.org.operators.apops,6,300,en,83.3,83.3,2008,2017,2
gmane.os.openbsd.newbies,6,300,en,83.3,83.3,2005,2008,2
gmane.comp.apache.infrastructure.devel,6,300,en,100.0,100.0,2008,2013,1
gmane.comp.apache.modules.devel,6,300,en,100.0,100.0,2008,2015,1
gmane.comp.cms.sakai.oae.devel,6,300,en,100.0,100.0,2012,2016,1
gmane.comp.db.arangodb.general,6,300,en,83.3,83.3,2014,2017,2
gmane.comp.desktop.cde.devel,6,300,en,100.0,100.0,2012,2018,1
gmane.comp.encryption.cipe,6,300,en,100.0,100.0,2002,2005,1
gmane.comp.games.hackit.devel,6,300,en,100.0,100.0,2010,2011,1
gmane.comp.gnome.apps.geeqie.devel,6,300,en,100.0,100.0,2009,2016,1
gmane.comp.gnu.bayonne.bugs,6,300,en,66.7,66.7,2004,2006,3
gmane.comp.gnu.radius.general,6,300,en,100.0,100.0,2002,2007,1
gmane.comp.graphics.lesstif,6,300,en,50.0,50.0,2005,2007,4
gmane.comp.handhelds.android.security.discuss,6,300,en,100.0,100.0,2010,2014,1
gmane.comp.handhelds.nokia.770,6,300,ru,100.0,0.0,2009,2009,1
gmane.comp.ide.eclipse.mylar.devel,6,300,en,100.0,100.0,2007,2016,1
gmane.comp.internationalization.po4a.devel,6,300,en,100.0,100.0,2005,2018,1
gmane.comp.java.jna.user,6,300,en,100.0,100.0,2009,2010,1
gmane.comp.java.wso2.commons.devel,6,300,en,100.0,100.0,2008,2009,1
gmane.comp.lang.c++.cint,6,300,en,100.0,100.0,2004,2009,1
gmane.comp.lang.lua.kepler-project,6,300,en,100.0,100.0,2007,2010,1
gmane.comp.lib.unwind.devel,6,300,en,100.0,100.0,2007,2016,1
gmane.comp.mozilla.devel.rdf,6,300,en,83.3,83.3,2002,2005,2
gmane.comp.python.pyzo,6,300,en,100.0,100.0,2014,2017,1
gmane.comp.systems.as400.jbausers,6,300,en,100.0,100.0,2002,2009,1
gmane.comp.version-control.kallithea,6,300,en,100.0,100.0,2015,2018,1
gmane.comp.video.ogle.user,6,300,en,100.0,100.0,2003,2004,1
gmane.comp.web.xforms,6,300,en,100.0,100.0,2003,2010,1
gmane.comp.window-managers.ctwm,6,300,en,100.0,100.0,2005,2018,1
gmane.emacs.vim-emulation,6,300,en,100.0,100.0,2010,2015,1
gmane.games.netrek.devel,6,300,en,100.0,100.0,2006,2009,1
gmane.ietf.spring,6,300,en,100.0,100.0,2015,2018,1
gmane.ietf.zeroconf,6,300,en,100.0,100.0,2002,2004,1
gmane.linux.debian.alioth.selinux,6,300,en,100.0,100.0,2013,2018,1
gmane.linux.drivers.pvrusb2,6,300,en,100.0,100.0,2007,2010,1
gmane.linux.sound,6,300,en,83.3,83.3,2004,2015,2
gmane.lisp.cl-lispbuilder.general,6,300,en,100.0,100.0,2006,2008,1
gmane.mail.squirrelmail.internationalization,6,300,en,100.0,100.0,2003,2009,1
gmane.network.beanstalk.general,6,300,en,100.0,100.0,2009,2012,1
gmane.network.openchange.devel,6,300,en,100.0,100.0,2009,2015,1
gmane.network.serveez.general,6,300,en,50.0,50.0,2002,2018,3
gmane.org.netlabs.uniaud.general,6,300,en,100.0,100.0,2005,2010,1
gmane.text.xml.xalan.c++.user,6,300,en,100.0,100.0,2002,2008,1
gmane.comp.gnome.apps.evince.general,6,300,en,83.3,83.3,2009,2014,2
gmane.comp.gnu.awacs.general,6,300,en,83.3,83.3,2004,2006,2
gmane.comp.handhelds.tizen.general,6,300,en,100.0,100.0,2012,2015,1
gmane.comp.horde.sync,6,300,en,100.0,100.0,2003,2014,1
gmane.comp.java.anthill,6,300,en,100.0,100.0,2002,2013,1
gmane.comp.lang.r.datatable,6,300,en,100.0,100.0,2011,2015,1
gmane.comp.lib.wvware.user,6,300,en,66.7,66.7,2003,2007,3
gmane.comp.programming.tools.omake.cvs,6,300,en,83.3,83.3,2005,2008,2
gmane.comp.security.ids.tomahawk.devel,6,300,en,66.7,66.7,2008,2015,3
gmane.comp.sysutils.supervision.general,6,300,en,100.0,100.0,2006,2019,1
gmane.comp.tex.dutch,6,300,nl,100.0,0.0,2002,2011,1
gmane.comp.video.opengl.virtualgl.user,6,300,en,100.0,100.0,2011,2016,1
gmane.comp.windows.dotnet.itextsharp.general,6,300,en,100.0,100.0,2007,2009,1
gmane.comp.xfree86.announce,6,300,en,83.3,83.3,2007,2013,2
gmane.ietf.ieprep,6,300,en,100.0,100.0,2002,2004,1
gmane.ietf.krb-wg,6,300,en,100.0,100.0,2002,2005,1
gmane.linux.arklinux.general,6,300,en,66.7,66.7,2003,2006,2
gmane.linux.drivers.quickcam.devel,6,300,en,83.3,83.3,2002,2010,2
gmane.linux.process-aggregates,6,300,en,83.3,83.3,2004,2007,2
gmane.linux.redhat.fedora.buildsystem,6,300,en,100.0,100.0,2007,2014,1
gmane.linux.suse.isdn,6,300,de,100.0,0.0,2004,2006,1
gmane.network.routing.codel,6,300,en,100.0,100.0,2012,2016,1
gmane.network.zebra.bugs,6,300,UNKNOWN,50.0,33.3,2002,2006,3
gmane.org.user-groups.zope.trizpug,6,300,en,83.3,83.3,2005,2019,2
gmane.comp.apache.tika.user,6,300,en,100.0,100.0,2011,2018,1
gmane.comp.cms.jahia.template,6,300,en,83.3,83.3,2004,2010,2
gmane.comp.java.xom.interest,6,300,en,100.0,100.0,2005,2007,1
gmane.comp.kde.devel.kget,6,300,en,100.0,100.0,2005,2013,1
gmane.comp.kde.scm-interest,6,300,en,100.0,100.0,2007,2010,1
gmane.comp.krysalis.metamorphosis.cvs,6,300,en,100.0,100.0,2003,2004,1
gmane.comp.lang.haskell.web,6,300,en,100.0,100.0,2010,2011,1
gmane.comp.mobile.openbsc.general,6,300,en,83.3,83.3,2010,2014,2
gmane.comp.mozilla.devel.media,6,300,en,100.0,100.0,2013,2018,1
gmane.comp.python.dotnet,6,300,en,100.0,100.0,2004,2018,1
gmane.comp.sysutils.loganalysis,6,300,en,100.0,100.0,2003,2007,1
gmane.comp.video.videodb.devel,6,300,en,100.0,100.0,2004,2013,1
gmane.comp.web.zope.plone.evangelism,6,300,en,83.3,83.3,2008,2010,2
gmane.comp.windows.dotnet.ccnet.devel,6,300,en,66.7,66.7,2007,2012,3
gmane.culture.literature.classics,6,300,en,83.3,83.3,2010,2015,2
gmane.games.piecepack,6,300,en,100.0,100.0,2004,2009,1
gmane.ietf.midcom,6,300,en,100.0,100.0,2002,2003,1
gmane.linux.debian.devel.debbugs,6,300,en,100.0,100.0,2004,2015,1
gmane.linux.kernel.malware,6,300,zh-cn,66.7,33.3,2008,2013,2
gmane.linux.rpm.elrepo.user,6,300,en,100.0,100.0,2013,2019,1
gmane.linux.ubuntu.loco.us.california,6,300,en,100.0,100.0,2008,2014,1
gmane.lisp.cl-gardeners,6,300,en,100.0,100.0,2005,2009,1
gmane.mail.spam.tmda.cvs,6,300,en,100.0,100.0,2001,2004,1
gmane.network.nox.devel,6,300,en,83.3,83.3,2010,2012,2
gmane.org.freifunk.potsdam,6,300,de,100.0,0.0,2014,2016,1
gmane.org.operators.voice,6,300,en,100.0,100.0,2015,2019,1
gmane.org.wikimedia.wiktionary,6,300,en,100.0,100.0,2004,2014,1
gmane.os.openbsd.sparc,6,300,en,100.0,100.0,2004,2008,1
gmane.comp.bug-tracking.eventum.user,6,300,en,100.0,100.0,2006,2008,1
gmane.comp.file-systems.ifolder.devel,6,300,en,100.0,100.0,2006,2010,1
gmane.comp.gis.mapproxy.user,6,300,en,83.3,83.3,2011,2017,2
gmane.comp.handhelds.meego.packaging,6,300,en,100.0,100.0,2010,2011,1
gmane.comp.ide.lazarus.brazil,6,300,pt,83.3,0.0,2010,2010,2
gmane.comp.java.grizzly.user,6,300,en,100.0,100.0,2009,2011,1
gmane.comp.java.ulc.devel,6,300,en,100.0,100.0,2006,2009,1
gmane.comp.lang.ruby.datamapper,6,300,en,100.0,100.0,2009,2011,1
gmane.comp.peer-to-peer.mute.general,6,300,en,83.3,83.3,2004,2008,2
gmane.comp.security.firewalls.pfsense.user,6,300,en,100.0,100.0,2006,2009,1
gmane.comp.security.ids.oisf.devel,6,300,en,100.0,100.0,2011,2018,1
gmane.comp.security.virus.clamav.sanesecurity,6,300,en,83.3,83.3,2009,2014,2
gmane.comp.shells.bash.help,6,300,en,100.0,100.0,2012,2017,1
gmane.comp.sysutils.cfengine.bugs,6,300,en,100.0,100.0,2002,2009,1
gmane.comp.sysutils.docker.devel,6,300,en,100.0,100.0,2014,2015,1
gmane.comp.sysutils.pim.taskcoach.devel,6,300,en,100.0,100.0,2008,2012,1
gmane.comp.web.spip.english,6,300,en,100.0,100.0,2004,2012,1
gmane.games.wesnoth-fr,6,300,fr,83.3,16.7,2004,2006,2
gmane.linux.c-programming,6,300,en,100.0,100.0,2005,2011,1
gmane.mail.qpopper,6,300,en,100.0,100.0,2002,2006,1
gmane.org.creativecommons.devel,6,300,en,100.0,100.0,2007,2013,1
gmane.org.freifunk.hannover,6,300,de,83.3,0.0,2015,2018,2
gmane.org.user-groups.slug.festivities,6,300,en,100.0,100.0,2004,2011,1
gmane.science.robotics.playerstage,6,300,en,83.3,83.3,2005,2019,2
gmane.comp.games.ultima.iris2.scm,6,300,en,83.3,83.3,2007,2010,2
gmane.comp.hardware.arm.at91sam,6,300,en,100.0,100.0,2006,2010,1
gmane.comp.kde.knetworkmanager,6,300,en,100.0,100.0,2010,2015,1
gmane.comp.lang.erlang.russian,6,300,ru,100.0,0.0,2015,2017,1
gmane.comp.macosx.calendarserver.user,6,300,en,100.0,100.0,2007,2017,1
gmane.comp.web.zope.plone.blogging.quills,6,300,en,100.0,100.0,2006,2008,1
gmane.ietf.mobike,6,300,en,100.0,100.0,2004,2006,1
gmane.linux.gentoo.kernel,6,300,en,100.0,100.0,2009,2019,1
gmane.linux.kernel.kbuild,6,300,en,83.3,83.3,2013,2018,2
gmane.linux.kernel.submount.devel,6,300,ja,50.0,33.3,2005,2010,3
gmane.lisp.cl-debian,6,300,en,100.0,100.0,2005,2007,1
gmane.mail.sendmail.milter.greylist,6,300,en,100.0,100.0,2007,2016,1
gmane.network.licq.devel,6,300,en,100.0,100.0,2002,2006,1
gmane.org.google.api.apps,6,300,en,83.3,83.3,2008,2009,2
gmane.comp.audio.irate.devel,6,300,en,100.0,100.0,2004,2009,1
gmane.comp.desktop.trinity.devel,6,300,en,100.0,100.0,2011,2012,1
gmane.comp.encryption.trousers.devel,6,300,en,83.3,83.3,2006,2016,2
gmane.comp.gnu.pdf.devel,6,300,en,100.0,100.0,2008,2013,1
gmane.comp.lang.javascript.mochikit,6,300,en,100.0,100.0,2006,2011,1
gmane.comp.lang.jruby.extras.devel,6,300,UNKNOWN,83.3,16.7,2007,2008,2
gmane.comp.lang.ruby.ruote,6,300,en,83.3,83.3,2010,2012,2
gmane.comp.lib.qt.releasing,6,300,en,100.0,100.0,2012,2019,1
gmane.comp.micro-kernel.l4.l4ka.general,6,300,en,100.0,100.0,2005,2006,1
gmane.comp.python.django.french,6,300,fr,66.7,16.7,2012,2013,3
gmane.comp.sysutils.upstart.devel,6,300,en,100.0,100.0,2008,2014,1
gmane.comp.telephony.pbx.openpbx.users,6,300,en,83.3,83.3,2007,2009,2
gmane.comp.video.image-magick.bugs,6,300,en,100.0,100.0,2002,2009,1
gmane.comp.video.libquicktime.devel,6,300,en,100.0,100.0,2007,2011,1
gmane.comp.video.mjpeg.devel,6,300,en,100.0,100.0,2004,2010,1
gmane.linux.lsb.specification,6,300,en,100.0,100.0,2002,2005,1
gmane.linux.redhat.fedora.fonts,6,300,en,100.0,100.0,2008,2018,1
gmane.lisp.armedbear.devel,6,300,en,100.0,100.0,2009,2014,1
gmane.network.jabber.google-talk.user,6,300,en,100.0,100.0,2007,2009,1
gmane.network.nfsen.general,6,300,en,100.0,100.0,2007,2012,1
gmane.network.socketcan.user,6,300,en,100.0,100.0,2009,2011,1
gmane.org.wikimedia.community.announce,6,300,en,100.0,100.0,2011,2016,1
gmane.os.apple.fink.core,6,300,en,100.0,100.0,2004,2014,1
gmane.os.freebsd.freesbie,6,300,en,83.3,83.3,2003,2005,2
gmane.politics.activism.vie-privee.actu,6,300,fr,100.0,0.0,2010,2011,1
gmane.science.biology.adun.scm,6,300,en,83.3,83.3,2009,2011,2
gmane.comp.file-systems.jfs.general,6,300,en,100.0,100.0,2004,2019,1
gmane.comp.gnu.sweater,6,300,en,83.3,83.3,2006,2007,2
gmane.comp.misc.suckless.wiki,6,300,en,100.0,100.0,2014,2019,1
gmane.comp.mobile.mbuni.user,6,300,en,100.0,100.0,2006,2010,1
gmane.comp.mozilla.devel.netlib,6,300,en,83.3,83.3,2002,2016,2
gmane.comp.programming.tools.ast.devel,6,300,en,100.0,100.0,2012,2014,1
gmane.comp.security.sguil.general,6,300,en,100.0,100.0,2005,2013,1
gmane.culture.tv.jackass,6,300,en,83.3,83.3,2008,2017,2
gmane.ietf.dane,6,300,en,100.0,100.0,2013,2015,1
gmane.ietf.therightkey,6,300,en,100.0,100.0,2014,2017,1
gmane.linux.lfs.clfs.devel,6,300,en,100.0,100.0,2006,2012,1
gmane.linux.ports.arm.cirrus,6,300,en,100.0,100.0,2006,2011,1
gmane.network.ripe.policy.address,6,300,en,100.0,100.0,2014,2019,1
gmane.org.housing.cohousing.general,6,300,en,100.0,100.0,2015,2017,1
gmane.org.user-groups.linux.kplug.lpsg,6,300,en,100.0,100.0,2008,2010,1
gmane.text.xml.x-query.general,6,300,en,100.0,100.0,2012,2016,1
gmane.comp.gis.freegis,6,300,en,100.0,100.0,2004,2006,1
gmane.comp.java.wso2.registry.devel,6,300,en,83.3,83.3,2008,2009,2
gmane.comp.lang.ceylon.devel,6,300,en,100.0,100.0,2012,2015,1
gmane.comp.lib.qt.qbs,6,300,en,100.0,100.0,2014,2018,1
gmane.comp.openoffice.general.spanish,6,300,es,100.0,0.0,2005,2010,1
gmane.comp.python.pyjamas.devel,6,300,en,100.0,100.0,2012,2012,1
gmane.comp.sysutils.dejagnu.general,6,300,en,100.0,100.0,2003,2018,1
gmane.comp.web.mason.devel,6,300,en,83.3,83.3,2002,2004,2
gmane.comp.web.zope.plone.archetypes.general,6,300,en,100.0,100.0,2005,2015,1
gmane.ietf.forces,6,300,en,100.0,100.0,2003,2006,1
gmane.linux.altlinux.gnome,6,300,ru,66.7,0.0,2009,2014,2
gmane.network.jabber.ekg2.cvs,6,300,en,100.0,100.0,2006,2008,1
gmane.org.netlabs.genmac.user,6,300,en,100.0,100.0,2006,2010,1
gmane.org.open-source-now,6,300,en,100.0,100.0,2002,2003,1
gmane.org.wikimedia.wikivideo,6,300,en,83.3,83.3,2010,2017,2
gmane.comp.audio.osc.devel,6,300,en,83.3,83.3,2005,2011,2
gmane.comp.finance.eekboek.user,6,300,nl,100.0,0.0,2011,2018,1
gmane.comp.graphics.nebuladevice.general,6,300,en,100.0,100.0,2001,2004,1
gmane.comp.graphics.png.general,6,300,en,100.0,100.0,2004,2017,1
gmane.comp.graphics.scribus.devel,6,300,en,100.0,100.0,2009,2016,1
gmane.comp.hardware.lasersaur.user,6,300,en,100.0,100.0,2016,2018,1
gmane.comp.java.robocode,6,300,en,100.0,100.0,2002,2008,1
gmane.comp.lib.glibc.user,6,300,en,100.0,100.0,2009,2015,1
gmane.comp.programming.fluxus,6,300,en,100.0,100.0,2009,2012,1
gmane.comp.version-control.subversion.cvs2svn.user,6,300,en,100.0,100.0,2007,2010,1
gmane.linux.suse.opensuse.wiki,6,300,en,100.0,100.0,2009,2012,1
gmane.mail.trojita.general,6,300,en,100.0,100.0,2013,2017,1
gmane.network.irc.blitzed.general,6,300,en,100.0,100.0,2002,2005,1
gmane.network.samba.general.italian,6,300,it,100.0,0.0,2007,2009,1
gmane.science.linguistics.wikipedia.italian,6,300,it,100.0,0.0,2004,2014,1
gmane.comp.apache.logging.log4cxx.devel,6,300,en,100.0,100.0,2004,2016,1
gmane.comp.audio.audacity.translation,6,300,en,83.3,83.3,2012,2018,2
gmane.comp.java.openwebbeans.user,6,300,en,100.0,100.0,2013,2017,1
gmane.comp.licenses.spdx.legal,6,300,en,100.0,100.0,2011,2018,1
gmane.comp.python.weewx.devel,6,300,en,100.0,100.0,2015,2019,1
gmane.comp.version-control.subversion.vss2svn.user,6,300,en,100.0,100.0,2005,2008,1
gmane.comp.windows.powertools,6,300,en,100.0,100.0,2005,2008,1
gmane.emacs.auctex.cvs,6,300,en,50.0,50.0,2005,2013,3
gmane.games.scrabble.quackle,6,300,en,100.0,100.0,2006,2009,1
gmane.os.reactos.general,6,300,en,83.3,83.3,2004,2012,2
gmane.comp.krysalis.sandbox,6,300,af,50.0,50.0,2003,2003,2
gmane.comp.lang.haskell.platform,6,300,en,83.3,83.3,2009,2013,2
gmane.comp.php.xdebug.devel,6,300,en,100.0,100.0,2004,2017,1
gmane.linux.printing.fsg,6,300,en,100.0,100.0,2008,2018,1
gmane.network.peer-to-peer.p2p-hackers,6,300,en,83.3,83.3,2006,2016,2
gmane.org.user-groups.linux.troisdorf,6,300,de,100.0,0.0,2010,2017,1
gmane.org.w3c.validator.css,6,300,en,83.3,83.3,2003,2010,2
gmane.comp.cms.meshcms.general,6,300,en,100.0,100.0,2005,2008,1
gmane.comp.voip.twinkle,6,300,en,66.7,66.7,2007,2010,3
gmane.ietf.mipshop,6,300,en,100.0,100.0,2005,2008,1
gmane.linux.smp,6,300,en,100.0,100.0,2002,2007,1
gmane.org.netlabs.xworkplace.general,6,300,en,100.0,100.0,2004,2010,1
gmane.os.solaris.blastwave.user,6,300,en,83.3,83.3,2005,2007,2
gmane.comp.gnu.inetutils.bugs,6,300,en,83.3,83.3,2002,2009,2
gmane.comp.lang.realbasic.plugins,6,300,en,100.0,100.0,2006,2011,1
gmane.comp.windows.devel.dotnet.cx,6,300,en,100.0,100.0,2004,2006,1
gmane.games.torcs.general,6,300,en,100.0,100.0,2004,2013,1
gmane.linux.gentoo.documentation,6,300,en,100.0,100.0,2003,2012,1
gmane.os.netbsd.ports.mips.devel,6,300,en,83.3,83.3,2004,2016,2
gmane.comp.lang.r.sequencing,6,300,en,100.0,100.0,2009,2010,1
gmane.linux.kernel.year-2038,6,300,en,100.0,100.0,2015,2018,1
gmane.linux.redhat.fedora.ruby-sig,6,300,en,100.0,100.0,2010,2016,1
gmane.os.freebsd.xen,6,300,en,100.0,100.0,2010,2018,1
gmane.comp.bug-tracking.mantis.general,6,300,en,100.0,100.0,2005,2010,1
gmane.comp.handhelds.android.building,6,300,en,100.0,100.0,2015,2017,1
gmane.comp.php.cvs.smarty,6,300,en,83.3,83.3,2002,2005,2
gmane.comp.python.egenix.user,6,300,en,100.0,100.0,2002,2012,1
gmane.mail.postfix.postgrey,6,300,en,100.0,100.0,2005,2007,1
gmane.comp.lib.s11n.devel,6,300,ja,33.3,33.3,2007,2014,4
gmane.comp.statistics.s-news,6,300,en,83.3,83.3,2006,2010,2
gmane.comp.editors.editplus.general,6,300,en,100.0,100.0,2004,2011,1
gmane.comp.internationalization.nynorsk,6,300,en,100.0,100.0,2002,2018,1
gmane.comp.python.pyro,6,300,en,100.0,100.0,2004,2013,1
gmane.comp.python.sphinx.user,6,300,en,100.0,100.0,2012,2019,1
gmane.comp.audio.musicpd.devel,6,300,en,83.3,83.3,2008,2009,2
gmane.comp.video.mesa3d.user,6,300,en,100.0,100.0,2004,2015,1
gmane.comp.archivers.archives-space,6,300,en,100.0,100.0,2013,2017,1
gmane.comp.audio.netmd.devel,5,250,en,100.0,100.0,2002,2002,1
gmane.comp.distributed-net.rc5,5,250,en,100.0,100.0,2003,2014,1
gmane.comp.emulators.xen.pv.win,5,250,en,100.0,100.0,2014,2018,1
gmane.comp.file-systems.arla.general,5,250,en,100.0,100.0,2004,2010,1
gmane.comp.file-systems.fuse.macfuse.devel,5,250,en,100.0,100.0,2007,2008,1
gmane.comp.freedesktop.xorg.announce,5,250,en,80.0,80.0,2009,2017,2
gmane.comp.gnome.apps.multisync.user,5,250,en,100.0,100.0,2003,2004,1
gmane.comp.gnome.mono.gendarme,5,250,en,100.0,100.0,2008,2015,1
gmane.comp.gnu.m4.bugs,5,250,UNKNOWN,60.0,20.0,2003,2004,3
gmane.comp.ide.eclipse.pdt.devel,5,250,en,100.0,100.0,2008,2016,1
gmane.comp.jakarta.turbine.jcs.devel,5,250,en,100.0,100.0,2004,2008,1
gmane.comp.java.grinder.devel,5,250,en,100.0,100.0,2005,2010,1
gmane.comp.java.jxta.user,5,250,en,100.0,100.0,2005,2006,1
gmane.comp.lang.eiffel.gobo.general,5,250,en,100.0,100.0,2000,2013,1
gmane.comp.lang.lightweight,5,250,en,100.0,100.0,2002,2005,1
gmane.comp.lang.ruby.ramaze.general,5,250,en,100.0,100.0,2009,2011,1
gmane.comp.lang.smalltalk.squeak.french,5,250,fr,80.0,0.0,2005,2006,2
gmane.comp.lib.itk.devel,5,250,en,100.0,100.0,2012,2016,1
gmane.comp.nlp.apertium.packaging,5,250,en,40.0,40.0,2016,2019,4
gmane.comp.openoffice.cdrom.german,5,250,de,100.0,0.0,2009,2010,1
gmane.comp.printing.ghostscript.patches,5,250,en,100.0,100.0,2002,2003,1
gmane.comp.programming.tools.specflow,5,250,en,100.0,100.0,2014,2018,1
gmane.comp.python.french,5,250,fr,80.0,20.0,2005,2017,2
gmane.comp.python.pyx.users,5,250,en,100.0,100.0,2006,2006,1
gmane.comp.python.windows-ce,5,250,en,100.0,100.0,2003,2009,1
gmane.comp.science.opengate.user,5,250,en,100.0,100.0,2009,2011,1
gmane.comp.version-control.viewvc.cvs,5,250,en,100.0,100.0,2006,2016,1
gmane.comp.video.cinepaint.devel,5,250,en,100.0,100.0,2004,2008,1
gmane.comp.web.pylons.devel,5,250,en,100.0,100.0,2008,2013,1
gmane.comp.web.server.shttpd.general,5,250,en,100.0,100.0,2007,2016,1
gmane.comp.web.zope.plone.bibliography,5,250,en,100.0,100.0,2007,2012,1
gmane.comp.window-managers.fluxbox.user,5,250,en,100.0,100.0,2003,2007,1
gmane.culture.law.network-lawyers,5,250,en,100.0,100.0,2003,2005,1
gmane.culture.people.tayama-takanawa,5,250,ru,80.0,20.0,2004,2012,2
gmane.education.libraries.open-ils.documentation,5,250,en,100.0,100.0,2009,2015,1
gmane.emacs.dvc.devel,5,250,en,100.0,100.0,2006,2009,1
gmane.linux.backports,5,250,en,100.0,100.0,2013,2017,1
gmane.linux.debian.alioth.vdr.scm,5,250,en,100.0,100.0,2014,2018,1
gmane.linux.debian.devel.collab-qa.scm,5,250,en,100.0,100.0,2008,2012,1
gmane.linux.debian.internationalization.finnish,5,250,en,100.0,100.0,2008,2012,1
gmane.linux.kernel.profiling,5,250,en,60.0,60.0,2007,2008,3
gmane.linux.linaro.validation,5,250,en,100.0,100.0,2012,2015,1
gmane.linux.ports.hexagon,5,250,en,100.0,100.0,2013,2019,1
gmane.linux.power-management.powertop,5,250,en,100.0,100.0,2007,2012,1
gmane.linux.pxes.devel,5,250,en,100.0,100.0,2003,2005,1
gmane.linux.redhat.rhl.devel,5,250,en,100.0,100.0,2003,2003,1
gmane.linux.ubuntu.devel.edubuntu,5,250,en,100.0,100.0,2005,2011,1
gmane.mail.exchange.discuss,5,250,en,60.0,60.0,2008,2010,2
gmane.mail.smartlist.devel,5,250,en,80.0,80.0,2007,2010,2
gmane.network.gnutella.limewire.translate,5,250,en,100.0,100.0,2005,2007,1
gmane.network.instant-messaging.ayttm.user,5,250,en,100.0,100.0,2004,2007,1
gmane.network.nocat,5,250,en,100.0,100.0,2004,2007,1
gmane.network.wireless.zd1211.devel,5,250,en,100.0,100.0,2006,2008,1
gmane.org.openstandaarden.general,5,250,nl,100.0,0.0,2003,2004,1
gmane.org.user-groups.linux.brazil.linuxdicas,5,250,pt,100.0,0.0,2006,2016,1
gmane.politics.activism.permaculture.finger-lakes,5,250,en,100.0,100.0,2008,2018,1
gmane.comp.apache.arrow.scm,5,250,en,60.0,60.0,2018,2019,2
gmane.comp.apache.opennlp.user,5,250,en,100.0,100.0,2013,2016,1
gmane.comp.bug-tracking.tracks.general,5,250,en,100.0,100.0,2008,2012,1
gmane.comp.db.postgresql.cygwin,5,250,en,80.0,80.0,2002,2003,2
gmane.comp.desktop.xfce.goodies.devel.version4,5,250,en,80.0,80.0,2012,2019,2
gmane.comp.editors.bbedit.general,5,250,en,100.0,100.0,2006,2007,1
gmane.comp.emulators.xen.french,5,250,fr,80.0,20.0,2005,2008,2
gmane.comp.gnome.vfs.general,5,250,en,100.0,100.0,2003,2006,1
gmane.comp.gnu.bayonne.devel,5,250,en,100.0,100.0,2005,2006,1
gmane.comp.graphics.directfb.devel,5,250,en,100.0,100.0,2007,2014,1
gmane.comp.hardware.pciids.devel,5,250,en,40.0,40.0,2006,2008,3
gmane.comp.internationalization.belarusian,5,250,uk,60.0,40.0,2004,2015,2
gmane.comp.java.ejb.middlegen.user,5,250,en,100.0,100.0,2002,2004,1
gmane.comp.java.openjdk.quality,5,250,en,100.0,100.0,2014,2017,1
gmane.comp.java.sun.ejb.general,5,250,en,80.0,80.0,2003,2010,2
gmane.comp.java.vm.jato.devel,5,250,en,100.0,100.0,2009,2009,1
gmane.comp.kde.devel.konq-e,5,250,en,100.0,100.0,2002,2005,1
gmane.comp.kde.kwintv,5,250,en,100.0,100.0,2003,2004,1
gmane.comp.lang.as400.mi,5,250,en,100.0,100.0,2004,2011,1
gmane.comp.lang.sather.announce,5,250,en,80.0,80.0,2004,2012,2
gmane.comp.lang.stratego.user,5,250,en,100.0,100.0,2006,2013,1
gmane.comp.lib.fann.general,5,250,en,100.0,100.0,2005,2007,1
gmane.comp.lib.pocl,5,250,en,100.0,100.0,2013,2014,1
gmane.comp.mathematics.sage.education,5,250,en,100.0,100.0,2009,2013,1
gmane.comp.misc.bilumi.devel,5,250,en,80.0,80.0,2007,2007,2
gmane.comp.misc.persiancomputing,5,250,en,100.0,100.0,2000,2013,1
gmane.comp.parsers.marpa,5,250,en,100.0,100.0,2013,2016,1
gmane.comp.python.django.oscar,5,250,en,100.0,100.0,2015,2018,1
gmane.comp.python.peak,5,250,en,100.0,100.0,2003,2009,1
gmane.comp.systems.ibmi.opensource,5,250,en,100.0,100.0,2016,2018,1
gmane.comp.sysutils.backup.clonezilla.live,5,250,en,100.0,100.0,2009,2010,1
gmane.comp.sysutils.pim.taskcoach,5,250,en,100.0,100.0,2010,2014,1
gmane.comp.tex.latex.powerdot,5,250,en,100.0,100.0,2006,2013,1
gmane.comp.version-control.cgit,5,250,en,100.0,100.0,2011,2018,1
gmane.comp.video.gstreamer.daily,5,250,en,100.0,100.0,2002,2011,1
gmane.comp.video.uci.devel,5,250,ru,60.0,20.0,2003,2010,3
gmane.comp.web.fonts,5,250,en,100.0,100.0,2009,2011,1
gmane.comp.web.zope.announce,5,250,en,100.0,100.0,2003,2010,1
gmane.comp.web.zope.opencore.devel,5,250,en,100.0,100.0,2007,2009,1
gmane.comp.web.zope.plone.documentation,5,250,en,100.0,100.0,2003,2012,1
gmane.comp.web.zope.plone.user.spanish,5,250,es,100.0,0.0,2009,2010,1
gmane.culture.language.esperanto.tradukado,5,250,es,60.0,0.0,2008,2012,2
gmane.ietf.calsify,5,250,en,80.0,80.0,2005,2017,2
gmane.ietf.grow,5,250,en,100.0,100.0,2016,2017,1
gmane.linux.acpi.ibm-acpi.devel,5,250,en,80.0,80.0,2007,2011,2
gmane.linux.assembly,5,250,en,100.0,100.0,2002,2012,1
gmane.linux.distributions.dynebolic.user,5,250,en,100.0,100.0,2006,2007,1
gmane.linux.kernel.mptcp,5,250,en,100.0,100.0,2016,2018,1
gmane.linux.mandrake.newbie.german,5,250,de,80.0,0.0,2004,2005,2
gmane.lisp.scheme.scheme48,5,250,en,100.0,100.0,1994,2012,1
gmane.mail.mailman.user,5,250,en,100.0,100.0,1998,1999,1
gmane.mail.sylpheed.general.japanese,5,250,ja,100.0,0.0,2005,2011,1
gmane.music.equipment.slimdevices.diy,5,250,en,100.0,100.0,2012,2019,1
gmane.network.syndication.podcast.gpodder.devel,5,250,en,100.0,100.0,2007,2011,1
gmane.org.user-groups.linux.quebec.general,5,250,fr,80.0,20.0,2001,2007,2
gmane.org.user-groups.nuug.kart,5,250,no,100.0,0.0,2013,2015,1
gmane.org.user-groups.python.ireland,5,250,en,100.0,100.0,2008,2011,1
gmane.os.haiku.ports.devel,5,250,en,60.0,60.0,2009,2014,3
gmane.os.pcbsd.pbi-dev,5,250,en,100.0,100.0,2007,2012,1
gmane.text.xml.xmlbeans.devel,5,250,en,80.0,80.0,2007,2012,2
gmane.comp.db.postgresql.devel.win32,5,250,en,100.0,100.0,2004,2005,1
gmane.comp.graphics.ocropus,5,250,en,100.0,100.0,2008,2016,1
gmane.comp.handhelds.ipaq.synce.devel,5,250,en,80.0,80.0,2006,2010,2
gmane.comp.handhelds.tungsten-t,5,250,en,100.0,100.0,2004,2005,1
gmane.comp.hardware.microcontrollers.gnupic,5,250,en,100.0,100.0,2005,2009,1
gmane.comp.java.abbot.user,5,250,en,100.0,100.0,2005,2008,1
gmane.comp.java.french.general,5,250,fr,80.0,0.0,2009,2011,2
gmane.comp.java.helma.general,5,250,en,100.0,100.0,2003,2006,1
gmane.comp.java.netbeans.reviewers,5,250,en,100.0,100.0,2002,2006,1
gmane.comp.java.portlets,5,250,en,100.0,100.0,2006,2009,1
gmane.comp.lang.slate.general,5,250,en,100.0,100.0,2005,2005,1
gmane.comp.mathematics.ginac.general,5,250,en,100.0,100.0,2006,2017,1
gmane.comp.programming.tools.omake.general,5,250,en,100.0,100.0,2006,2009,1
gmane.comp.python.org.seattle,5,250,en,100.0,100.0,2011,2013,1
gmane.comp.security.ids.prelude.devel,5,250,en,100.0,100.0,2003,2008,1
gmane.comp.web.ebox.user,5,250,en,100.0,100.0,2007,2009,1
gmane.comp.web.kupu.commits,5,250,en,100.0,100.0,2004,2007,1
gmane.comp.web.webobjects.general,5,250,en,100.0,100.0,2002,2008,1
gmane.comp.web.zope.z3base.five,5,250,en,100.0,100.0,2006,2007,1
gmane.ietf.anima,5,250,en,100.0,100.0,2017,2019,1
gmane.ietf.bmwg,5,250,en,100.0,100.0,2003,2015,1
gmane.linux.acpi.support,5,250,en,100.0,100.0,2003,2003,1
gmane.linux.distributions.gnu-linux-libre,5,250,en,100.0,100.0,2011,2019,1
gmane.linux.gentoo.macosx,5,250,en,100.0,100.0,2006,2006,1
gmane.linux.laptop,5,250,en,80.0,80.0,2004,2006,2
gmane.linux.laptop.olpc.france,5,250,fr,80.0,0.0,2008,2012,2
gmane.linux.redhat.ccm.general,5,250,en,100.0,100.0,2003,2005,1
gmane.mail.libetpan.user,5,250,en,100.0,100.0,2004,2009,1
gmane.mail.mailman.i18n,5,250,en,100.0,100.0,2002,2005,1
gmane.network.mldonkey.cvs,5,250,en,100.0,100.0,2005,2006,1
gmane.org.creativecommons.poland,5,250,pl,100.0,0.0,2005,2012,1
gmane.org.user-groups.asterisk.toronto.taug.business,5,250,en,100.0,100.0,2006,2010,1
gmane.org.user-groups.linux.owl,5,250,de,100.0,0.0,2008,2013,1
gmane.org.wikimedia.multimedia-alerts,5,250,en,60.0,60.0,2015,2016,2
gmane.os.openbsd.changes.weekly,5,250,en,100.0,100.0,2002,2016,1
gmane.science.biology.informatics.clusters,5,250,en,100.0,100.0,2002,2007,1
gmane.science.cryptography.a51,5,250,en,100.0,100.0,2010,2017,1
gmane.text.xml.expat.general,5,250,en,100.0,100.0,2004,2010,1
gmane.user-groups.linux.euglug,5,250,en,100.0,100.0,2008,2011,1
gmane.comp.apache.serf.devel,5,250,en,100.0,100.0,2015,2019,1
gmane.comp.db.unixodbc.devel,5,250,en,100.0,100.0,2003,2005,1
gmane.comp.gnome.apps.planner.devel,5,250,en,100.0,100.0,2004,2015,1
gmane.comp.gnome.internationalization.dutch,5,250,nl,60.0,40.0,2006,2019,2
gmane.comp.gnu.gawk.bugs,5,250,en,100.0,100.0,2012,2016,1
gmane.comp.graphics.spm.marsbar,5,250,en,100.0,100.0,2005,2011,1
gmane.comp.hardware.libftdi.general,5,250,en,100.0,100.0,2011,2019,1
gmane.comp.lang.javascript.commonjs,5,250,en,100.0,100.0,2010,2010,1
gmane.comp.lang.r.rosuda.devel,5,250,en,100.0,100.0,2007,2011,1
gmane.comp.lang.tcl.tcllib.bugs,5,250,en,100.0,100.0,2016,2018,1
gmane.comp.mozilla.devel.directory,5,250,en,80.0,80.0,2002,2006,2
gmane.comp.python.formencode,5,250,en,100.0,100.0,2005,2014,1
gmane.comp.security.w3af.devel,5,250,en,80.0,80.0,2008,2012,2
gmane.comp.web.oscommerce.suggestions,5,250,en,80.0,80.0,2002,2003,2
gmane.comp.web.zope.websites,5,250,en,100.0,100.0,2003,2006,1
gmane.comp.window-managers.openbox,5,250,en,100.0,100.0,2009,2016,1
gmane.culture.discuss.boundary-point-point,5,250,en,80.0,80.0,2008,2015,2
gmane.games.freeciv.ai,5,250,en,100.0,100.0,2002,2004,1
gmane.games.wormux.devel,5,250,fr,80.0,20.0,2004,2008,2
gmane.ietf.sacm,5,250,en,100.0,100.0,2016,2018,1
gmane.linux.altlinux.backports,5,250,ru,80.0,0.0,2004,2007,2
gmane.linux.bbc.bugs,5,250,en,100.0,100.0,2002,2005,1
gmane.linux.distributions.lunar.bugs,5,250,en,80.0,80.0,2006,2009,2
gmane.linux.drivers.rt2x00.user,5,250,en,100.0,100.0,2011,2013,1
gmane.linux.hardware.gpib.general,5,250,en,100.0,100.0,2007,2013,1
gmane.linux.kernel.drbd.devel,5,250,en,100.0,100.0,2011,2017,1
gmane.linux.redhat.openshift.user,5,250,en,100.0,100.0,2016,2016,1
gmane.lisp.scheme.chibi,5,250,en,100.0,100.0,2011,2014,1
gmane.mail.majordomo.general,5,250,en,80.0,80.0,2002,2004,2
gmane.mail.spam.spf.devel,5,250,en,100.0,100.0,2004,2007,1
gmane.network.licq.general,5,250,en,100.0,100.0,2003,2012,1
gmane.org.user-groups.flug.tech,5,250,da,80.0,20.0,2003,2008,2
gmane.org.user-groups.linux.madurai.general,5,250,en,100.0,100.0,2006,2012,1
gmane.org.wikimedia.austria,5,250,de,60.0,0.0,2012,2014,2
gmane.org.wikimedia.france,5,250,fr,100.0,0.0,2006,2008,1
gmane.os.netbsd.ports.hpcmips,5,250,en,100.0,100.0,2002,2007,1
gmane.science.linguistics.edict-jmdict,5,250,en,100.0,100.0,2012,2018,1
gmane.text.rlib.user,5,250,en,100.0,100.0,2004,2006,1
gmane.comp.apache.spark.devel,5,250,en,100.0,100.0,2018,2019,1
gmane.comp.cloud.crowbar,5,250,en,80.0,80.0,2013,2014,2
gmane.comp.db.dbxml.general,5,250,en,100.0,100.0,2003,2005,1
gmane.comp.embedded.openwrt.user,5,250,en,100.0,100.0,2010,2014,1
gmane.comp.gnome.powermanager.devel,5,250,en,100.0,100.0,2005,2008,1
gmane.comp.graphics.sodipodi,5,250,en,100.0,100.0,2003,2005,1
gmane.comp.hardware.ipmitool.devel,5,250,en,100.0,100.0,2007,2011,1
gmane.comp.java.luntbuild.user,5,250,en,80.0,80.0,2005,2008,2
gmane.comp.java.scarab.cvs,5,250,en,80.0,80.0,2005,2012,2
gmane.comp.lang.mozart.user,5,250,en,100.0,100.0,2008,2012,1
gmane.comp.php.zend.framework.contributors,5,250,en,100.0,100.0,2009,2011,1
gmane.comp.programming.scrum.agilo,5,250,en,100.0,100.0,2011,2014,1
gmane.comp.programming.software-qa,5,250,en,100.0,100.0,2004,2012,1
gmane.comp.security.linux,5,250,en,100.0,100.0,2002,2005,1
gmane.comp.tools.cgen.devel,5,250,en,100.0,100.0,2004,2009,1
gmane.comp.video.xine.user.german,5,250,en,80.0,80.0,2006,2017,2
gmane.ietf.alto,5,250,en,100.0,100.0,2009,2015,1
gmane.linux.arch.releng,5,250,en,100.0,100.0,2011,2015,1
gmane.linux.debian.devel.eeepc,5,250,en,100.0,100.0,2008,2011,1
gmane.linux.fam,5,250,UNKNOWN,40.0,40.0,2004,2008,3
gmane.linux.kernel.streams,5,250,en,100.0,100.0,2003,2005,1
gmane.linux.kernel.virtualization.lguest,5,250,en,100.0,100.0,2008,2016,1
gmane.linux.parport,5,250,en,100.0,100.0,2002,2006,1
gmane.linux.toybox,5,250,en,100.0,100.0,2012,2015,1
gmane.mail.mlmmj.general,5,250,en,100.0,100.0,2006,2012,1
gmane.network.netflow.nfdump.general,5,250,en,100.0,100.0,2009,2013,1
gmane.network.protocols.obex.openobex.user,5,250,en,100.0,100.0,2007,2011,1
gmane.network.vnc.tigervnc.devel,5,250,en,100.0,100.0,2009,2012,1
gmane.org.user-groups.linux.kplug.newbie,5,250,en,100.0,100.0,2006,2010,1
gmane.os.netbsd.devel.security,5,250,en,100.0,100.0,2005,2007,1
gmane.comp.ai.conceptual-graphs,5,250,en,100.0,100.0,2005,2011,1
gmane.comp.compilers.mtasc,5,250,en,100.0,100.0,2005,2007,1
gmane.comp.db.sequoia.cvs,5,250,en,100.0,100.0,2005,2008,1
gmane.comp.finance.beancount,5,250,en,80.0,80.0,2015,2018,2
gmane.comp.finance.ledger.hledger,5,250,en,100.0,100.0,2012,2018,1
gmane.comp.gnome.apps.gkrellm,5,250,en,100.0,100.0,2004,2019,1
gmane.comp.gnome.gaim.bugs,5,250,en,100.0,100.0,2007,2007,1
gmane.comp.gnu.gettext.bugs,5,250,en,100.0,100.0,2013,2019,1
gmane.comp.graphics.gnuplot.bugs,5,250,en,60.0,60.0,2005,2010,3
gmane.comp.hardware.altkeyboards,5,250,en,100.0,100.0,2003,2009,1
gmane.comp.java.blojsom.user,5,250,en,100.0,100.0,2005,2006,1
gmane.comp.lang.javascript.prototype-scriptaculous,5,250,en,100.0,100.0,2010,2013,1
gmane.comp.lang.lua.bind.user,5,250,en,100.0,100.0,2004,2012,1
gmane.comp.lang.ocaml.lib.gtk,5,250,en,80.0,80.0,2004,2017,2
gmane.comp.ldap.gosa,5,250,en,100.0,100.0,2009,2011,1
gmane.comp.python.cx-freeze.user,5,250,en,100.0,100.0,2010,2016,1
gmane.comp.science.photonic-bands,5,250,en,100.0,100.0,2001,2007,1
gmane.comp.security.news.securitytracker,5,250,en,100.0,100.0,2004,2015,1
gmane.comp.sysutils.backup.dar.support,5,250,en,100.0,100.0,2005,2015,1
gmane.comp.version-control.mercurial.bitbucket.general,5,250,en,100.0,100.0,2009,2013,1
gmane.comp.video.info-inventor.general,5,250,en,60.0,60.0,2005,2007,3
gmane.comp.video.panorama,5,250,tl,60.0,40.0,2006,2006,2
gmane.comp.web.curl.www.cvs,5,250,en,100.0,100.0,2003,2006,1
gmane.culture.literature.thomas-pynchon,5,250,en,100.0,100.0,2002,2002,1
gmane.culture.religion.muslim.progressive,5,250,en,100.0,100.0,2003,2004,1
gmane.ietf.perpass,5,250,en,100.0,100.0,2013,2015,1
gmane.linux.aurora.devel,5,250,en,100.0,100.0,2002,2003,1
gmane.linux.debian.devel.desktop,5,250,en,100.0,100.0,2004,2017,1
gmane.linux.hardware.blackfin.u-boot.scm,5,250,UNKNOWN,100.0,0.0,2007,2012,1
gmane.linux.kernel.carrier-grade,5,250,en,100.0,100.0,2003,2003,1
gmane.linux.real-time.rtlinux.general,5,250,en,100.0,100.0,2002,2004,1
gmane.network.ipsec.tools.user,5,250,en,100.0,100.0,2009,2014,1
gmane.network.nagios.plugins.cvs,5,250,en,100.0,100.0,2004,2009,1
gmane.network.tor.mirrors,5,250,en,80.0,80.0,2014,2018,2
gmane.org.google.api.contacts,5,250,en,100.0,100.0,2009,2012,1
gmane.org.user-groups.bsd.romanian.rofug.general,5,250,ro,60.0,20.0,2005,2006,3
gmane.org.user-groups.linux.albacete,5,250,es,100.0,0.0,2008,2012,1
gmane.science.linguistics.wikipedia.maps,5,250,en,80.0,80.0,2009,2018,2
gmane.comp.apache.apreq,5,250,en,100.0,100.0,2002,2005,1
gmane.comp.apache.bloodhound.devel,5,250,en,100.0,100.0,2013,2014,1
gmane.comp.db.postgresql.dbdpg.cvs,5,250,en,80.0,80.0,2005,2015,2
gmane.comp.lang.forth.gforth,5,250,en,100.0,100.0,2005,2016,1
gmane.comp.lang.ocaml.games,5,250,UNKNOWN,80.0,20.0,2010,2015,2
gmane.comp.lang.smalltalk.squeak.german,5,250,de,100.0,0.0,2006,2013,1
gmane.comp.lib.ncurses.general,5,250,en,60.0,60.0,2004,2006,3
gmane.comp.mathematics.elemental.devel,5,250,en,100.0,100.0,2013,2014,1
gmane.comp.printing.a2ps.bugs,5,250,ja,40.0,40.0,2004,2005,3
gmane.comp.security.pgp-n-gpg,5,250,ru,100.0,0.0,2003,2003,1
gmane.comp.sysutils.backup.faubackup.general,5,250,en,80.0,80.0,2004,2016,2
gmane.comp.tools.dyninst-api,5,250,en,100.0,100.0,2014,2015,1
gmane.comp.video.gatos.devel,5,250,en,100.0,100.0,2005,2006,1
gmane.comp.windows.ce.devel,5,250,en,80.0,80.0,2005,2010,2
gmane.comp.windows.devel.jawin,5,250,en,100.0,100.0,2003,2005,1
gmane.culture.language.word-of-the-day,5,250,en,100.0,100.0,2003,2008,1
gmane.culture.people.programmers.jecode,5,250,fr,100.0,0.0,2014,2016,1
gmane.ietf.ipr.announce,5,250,en,100.0,100.0,2009,2018,1
gmane.ietf.xmldsig,5,250,en,80.0,80.0,2002,2002,2
gmane.linux.drivers.hdaps.devel,5,250,en,100.0,100.0,2006,2009,1
gmane.linux.kernel.libre,5,250,en,60.0,60.0,2008,2015,2
gmane.linux.redhat.fedora.freeworld,5,250,en,100.0,100.0,2006,2007,1
gmane.mail.mew.general,5,250,en,100.0,100.0,2004,2010,1
gmane.mail.pine.general,5,250,en,100.0,100.0,2003,2008,1
gmane.network.routing.openflow.general,5,250,en,100.0,100.0,2011,2013,1
gmane.org.fsf.announce,5,250,en,100.0,100.0,2006,2019,1
gmane.org.google.api.data,5,250,en,100.0,100.0,2007,2009,1
gmane.org.olkk.dutch,5,250,nl,100.0,0.0,2003,2004,1
gmane.org.user-groups.linux.hungarian.hardware,5,250,hu,100.0,0.0,2005,2009,1
gmane.org.wikimedia.ghana,5,250,en,100.0,100.0,2014,2015,1
gmane.recreation.radio.hardware.yaesu.vr-5000,5,250,en,100.0,100.0,2005,2016,1
gmane.comp.embedded.ethersex,5,250,de,100.0,0.0,2010,2011,1
gmane.comp.games.tp.devel,5,250,en,100.0,100.0,2007,2009,1
gmane.comp.gnu.dotgnu.developer,5,250,en,100.0,100.0,2003,2004,1
gmane.comp.mozilla.devel.unix.cvs,5,250,en,80.0,80.0,2003,2005,2
gmane.comp.openoffice.org.devel.french,5,250,fr,100.0,0.0,2009,2010,1
gmane.comp.python.cheetah,5,250,en,100.0,100.0,2003,2009,1
gmane.comp.python.db,5,250,en,80.0,80.0,2003,2006,2
gmane.culture.arts.artsdelarue,5,250,fr,80.0,0.0,2010,2011,2
gmane.linux.debian.alioth.build-common,5,250,en,80.0,80.0,2010,2016,2
gmane.linux.debian.packages.mono,5,250,en,80.0,80.0,2004,2017,2
gmane.linux.debian.ports.superh,5,250,en,100.0,100.0,2008,2016,1
gmane.linux.freshmeat.announce,5,250,en,100.0,100.0,2003,2007,1
gmane.linux.ports.mactel.user,5,250,en,100.0,100.0,2007,2008,1
gmane.linux.redhat.fedora.ocaml,5,250,en,100.0,100.0,2009,2012,1
gmane.linux.redhat.fedora.virtualization,5,250,en,100.0,100.0,2010,2013,1
gmane.network.ipv6.g6asso.forum,5,250,fr,60.0,20.0,2011,2013,3
gmane.org.user-groups.asterisk.winnipeg,5,250,en,100.0,100.0,2006,2009,1
gmane.org.user-groups.slug.announce,5,250,en,100.0,100.0,2002,2009,1
gmane.org.user-groups.termisoc,5,250,en,100.0,100.0,2007,2009,1
gmane.os.bsd.certification,5,250,en,100.0,100.0,2005,2009,1
gmane.os.freebsd.mono,5,250,en,100.0,100.0,2015,2018,1
gmane.os.netbsd.devel.x11,5,250,en,100.0,100.0,2002,2019,1
gmane.os.solaris.opensolaris.cifs-server,5,250,en,100.0,100.0,2008,2010,1
gmane.science.general.global-change,5,250,en,100.0,100.0,2007,2010,1
gmane.user-groups.linux.bariloche.gulbar,5,250,es,100.0,0.0,2013,2014,1
gmane.comp.corba.jacorb.bugs,5,250,en,80.0,80.0,2003,2010,2
gmane.comp.db.mdb-tools.devel,5,250,en,100.0,100.0,2002,2008,1
gmane.comp.emulators.winex.cvs,5,250,en,100.0,100.0,2004,2007,1
gmane.comp.gis.openstreetmap.region.hr,5,250,hr,100.0,0.0,2011,2018,1
gmane.comp.graphics.directfb.user,5,250,en,100.0,100.0,2008,2010,1
gmane.comp.lang.haskell.cvs.hugs,5,250,en,80.0,80.0,2002,2006,2
gmane.comp.lib.qt.jambi,5,250,en,100.0,100.0,2009,2012,1
gmane.comp.mozilla.performance,5,250,en,80.0,80.0,2002,2007,2
gmane.comp.networking.cpp-netlib.devel,5,250,en,100.0,100.0,2010,2013,1
gmane.comp.package-management.easybuild,5,250,en,100.0,100.0,2016,2019,1
gmane.comp.security.seandroid,5,250,en,100.0,100.0,2012,2015,1
gmane.comp.storage.fio,5,250,en,100.0,100.0,2014,2017,1
gmane.comp.web.dancer.user,5,250,en,100.0,100.0,2013,2017,1
gmane.comp.web.kupu.devel,5,250,en,100.0,100.0,2004,2008,1
gmane.culture.region.turkish,5,250,UNKNOWN,60.0,40.0,2006,2018,2
gmane.emacs.auctex.diffs,5,250,en,100.0,100.0,2005,2017,1
gmane.ietf.http-auth,5,250,en,100.0,100.0,2013,2015,1
gmane.linux.ports.x86-64.general,5,250,en,100.0,100.0,2005,2007,1
gmane.mail.spam.razor.user,5,250,en,100.0,100.0,2002,2003,1
gmane.network.flow-tools.user,5,250,en,100.0,100.0,2005,2011,1
gmane.org.operators.tuna.general,5,250,en,80.0,80.0,2015,2017,2
gmane.comp.apache.jcp-open,5,250,en,80.0,80.0,2007,2010,2
gmane.comp.apache.shale.issues,5,250,en,80.0,80.0,2006,2008,2
gmane.comp.audio.jamin.devel,5,250,en,80.0,80.0,2004,2008,2
gmane.comp.jakarta.lucene.hadoop.general,5,250,en,100.0,100.0,2011,2018,1
gmane.comp.lang.haskell.gtk2hs,5,250,en,100.0,100.0,2009,2019,1
gmane.comp.lang.uml.astade.devel,5,250,en,80.0,80.0,2008,2015,2
gmane.comp.security.firewalls.firehol.user,5,250,en,100.0,100.0,2004,2016,1
gmane.comp.security.monkeysphere,5,250,en,100.0,100.0,2010,2012,1
gmane.comp.security.ssl.certificate-transparency.general,5,250,en,100.0,100.0,2015,2015,1
gmane.comp.version-control.cvs.viewcvs.devel,5,250,en,100.0,100.0,2004,2013,1
gmane.comp.video.mplayer.nut.devel,5,250,en,100.0,100.0,2006,2010,1
gmane.ietf.ediint,5,250,en,100.0,100.0,1996,2003,1
gmane.linux.debian.devel.changes.lts,5,250,en,60.0,60.0,2014,2017,3
gmane.linux.debian.packages.ada,5,250,en,100.0,100.0,2012,2014,1
gmane.linux.openvz.devel,5,250,en,100.0,100.0,2012,2013,1
gmane.network.freerdp.devel,5,250,en,100.0,100.0,2011,2019,1
gmane.network.opendaylight.controller.devel,5,250,en,80.0,80.0,2017,2019,2
gmane.os.cygwin.devel,5,250,en,100.0,100.0,2011,2018,1
gmane.science.biology.emboss,5,250,en,100.0,100.0,2005,2009,1
gmane.comp.apache.incubator.odf.devel,5,250,en,100.0,100.0,2011,2017,1
gmane.comp.embedded.freewrt.devel,5,250,en,100.0,100.0,2006,2010,1
gmane.comp.hardware.smartphones.userland,5,250,en,100.0,100.0,2009,2013,1
gmane.comp.java.izpack.devel,5,250,en,100.0,100.0,2004,2007,1
gmane.comp.lib.libusb.devel.windows,5,250,en,100.0,100.0,2008,2013,1
gmane.comp.multimedia.beepmp.devel,5,250,en,100.0,100.0,2004,2017,1
gmane.comp.python.py.devel,5,250,en,100.0,100.0,2005,2012,1
gmane.comp.web.links,5,250,en,100.0,100.0,2002,2013,1
gmane.comp.web.twill,5,250,en,100.0,100.0,2007,2010,1
gmane.linux.debian.user.mirrors,5,250,en,100.0,100.0,2007,2017,1
gmane.linux.enbd.general,5,250,en,100.0,100.0,2002,2003,1
gmane.mail.sendmail.dkim-milter.general,5,250,en,100.0,100.0,2007,2010,1
gmane.network.genieacs.user,5,250,en,100.0,100.0,2017,2017,1
gmane.network.tcpreplay.user,5,250,en,100.0,100.0,2007,2012,1
gmane.org.user-groups.ruby.phoenix,5,250,en,100.0,100.0,2008,2013,1
gmane.comp.gnome.apps.gedit,5,250,en,100.0,100.0,2009,2014,1
gmane.comp.lang.perl.modules.lwp,5,250,en,100.0,100.0,2004,2012,1
gmane.comp.printing.a2ps.devel,5,250,en,60.0,60.0,2003,2005,2
gmane.editors.jed.user,5,250,en,100.0,100.0,2006,2010,1
gmane.games.wesnoth.devel,5,250,en,100.0,100.0,2007,2015,1
gmane.mail.perdition.user,5,250,en,100.0,100.0,2003,2014,1
gmane.comp.lang.haskell.happs,5,250,en,100.0,100.0,2009,2015,1
gmane.comp.lib.capnproto.general,5,250,en,100.0,100.0,2014,2016,1
gmane.comp.shells.bash.completion.scm,5,250,en,100.0,100.0,2009,2015,1
gmane.comp.video.dvdnav.general,5,250,en,100.0,100.0,2008,2015,1
gmane.comp.web.css.compass.user,5,250,en,100.0,100.0,2010,2013,1
gmane.org.fsf.proofreaders,5,250,ja,100.0,0.0,2005,2005,1
gmane.org.w3c.uri,5,250,en,100.0,100.0,2005,2014,1
gmane.os.mirage.devel,5,250,en,100.0,100.0,2015,2018,1
gmane.comp.gnu.mingw.msys,5,250,en,100.0,100.0,2002,2008,1
gmane.comp.java.vm.sablevm.devel,5,250,en,100.0,100.0,2003,2004,1
gmane.comp.java.webwork.user,5,250,en,100.0,100.0,2009,2016,1
gmane.comp.lang.x10.user,5,250,en,100.0,100.0,2010,2016,1
gmane.comp.mathematics.ginac.devel,5,250,en,100.0,100.0,2004,2009,1
gmane.comp.mozilla.devel.editor,5,250,en,60.0,60.0,2002,2010,2
gmane.ietf.uta,5,250,en,100.0,100.0,2016,2019,1
gmane.lisp.guile.guile-lib.devel,5,250,en,40.0,40.0,2008,2009,3
gmane.recreation.radio.hardware.yaesu.vr-500,5,250,en,100.0,100.0,2003,2016,1
gmane.comp.apache.opennlp.devel,5,250,en,80.0,80.0,2016,2017,2
gmane.comp.java.sisc.user,5,250,en,100.0,100.0,2002,2006,1
gmane.comp.php.tcphp,5,250,en,100.0,100.0,2005,2009,1
gmane.comp.python.gevent,5,250,en,100.0,100.0,2012,2014,1
gmane.comp.security.fail2ban.user,5,250,en,80.0,80.0,2015,2018,2
gmane.comp.version-control.cvs.bugs,5,250,en,80.0,80.0,2002,2005,2
gmane.ietf.ldup,5,250,en,80.0,80.0,1999,2005,2
gmane.linux.isdn.visdn.devel,5,250,en,100.0,100.0,2006,2006,1
gmane.linux.usability.annoyances,5,250,en,100.0,100.0,2003,2003,1
gmane.mail.sup.general,5,250,en,100.0,100.0,2008,2013,1
gmane.network.rdesktop.xrdp.devel,5,250,en,100.0,100.0,2010,2014,1
gmane.os.ecos.cvs,5,250,en,100.0,100.0,2003,2012,1
gmane.comp.php.propel.devel,5,250,en,100.0,100.0,2005,2009,1
gmane.linux.gentoo.summer-of-code,5,250,en,100.0,100.0,2010,2013,1
gmane.comp.cms.hula.cvs,5,250,en,100.0,100.0,2005,2005,1
gmane.comp.containers.kubernetes.user,5,250,en,100.0,100.0,2017,2018,1
gmane.comp.gnu.dev-cpp.user,5,250,en,80.0,80.0,2005,2008,2
gmane.comp.handhelds.blackberry.barry.devel,5,250,en,100.0,100.0,2008,2010,1
gmane.comp.networking.opencontrail.devel,5,250,en,100.0,100.0,2015,2017,1
gmane.linux.agnula.devel,5,250,en,60.0,60.0,2004,2006,3
gmane.comp.jakarta.alexandria.devel,5,250,en,80.0,80.0,2002,2002,2
gmane.comp.lang.d.dmd.beta,5,250,en,60.0,60.0,2010,2013,3
gmane.comp.mathematics.viennacl.devel,5,250,en,100.0,100.0,2013,2016,1
gmane.comp.python.cherrypy.devel,5,250,en,100.0,100.0,2007,2010,1
gmane.linux.embedded.yocto.meta-xilinx,5,250,en,100.0,100.0,2017,2018,1
gmane.linux.redhat.fedora.func,5,250,en,100.0,100.0,2008,2011,1
gmane.network.jabber.user.russian,5,250,ru,100.0,0.0,2003,2004,1
gmane.org.user-groups.linux.parana,5,250,pt,80.0,20.0,2004,2005,2
gmane.user-groups.foss.gulch.help,5,250,it,100.0,0.0,2011,2018,1
gmane.comp.bitcoin.bitcoinj,5,250,en,100.0,100.0,2015,2018,1
gmane.comp.debugging.insight,5,250,en,100.0,100.0,2004,2015,1
gmane.comp.horde.sork,5,250,en,100.0,100.0,2002,2007,1
gmane.comp.java.xdoclet-plugins,5,250,en,60.0,60.0,2005,2008,3
gmane.comp.tex.xdvi.devel,5,250,en,100.0,100.0,2002,2006,1
gmane.comp.web.zope.plone.ngo.brazil,5,250,pt,100.0,0.0,2014,2017,1
gmane.education.policy.acupa,5,250,en,100.0,100.0,2014,2016,1
gmane.linux.debian.devel.openstreetmap.scm,5,250,en,100.0,100.0,2011,2013,1
gmane.linux.debian.user.chinese.big5,5,250,zh-cn,40.0,20.0,2002,2003,4
gmane.lisp.china,5,250,no,40.0,20.0,2011,2013,3
gmane.comp.misc.openmodelica,5,250,en,80.0,80.0,2003,2012,2
gmane.comp.terminal-emulators.tmux.scm,5,250,en,80.0,80.0,2010,2015,2
gmane.linux.suse.opensuse.french,5,250,fr,100.0,0.0,2008,2016,1
gmane.comp.gnu.savannah.user,5,250,en,100.0,100.0,2009,2019,1
gmane.os.bitrig.scm,5,250,en,100.0,100.0,2014,2016,1
gmane.comp.security.openxpki.user,5,250,en,100.0,100.0,2011,2019,1
gmane.org.google.wave.protocol,5,250,en,100.0,100.0,2010,2010,1
gmane.comp.java.xwt.core,5,250,en,100.0,100.0,2003,2004,1
gmane.comp.apache.sling.user,5,250,en,100.0,100.0,2012,2014,1
gmane.comp.cms.bitflux.general.german,4,200,de,100.0,0.0,2002,2002,1
gmane.comp.db.postgresql.pgpool.scm,4,200,da,50.0,25.0,2010,2011,3
gmane.comp.embedded.ezx.general,4,200,en,100.0,100.0,2007,2009,1
gmane.comp.freedesktop.xserver,4,200,en,100.0,100.0,2004,2004,1
gmane.comp.gnome.geoclue,4,200,en,75.0,75.0,2007,2011,2
gmane.comp.gnu.awacs.devel,4,200,en,50.0,50.0,2004,2006,3
gmane.comp.gnu.diffutils.bugs,4,200,en,100.0,100.0,2010,2018,1
gmane.comp.handhelds.openmoko.android-freerunner,4,200,en,100.0,100.0,2009,2009,1
gmane.comp.java.cdi.seam.devel,4,200,en,100.0,100.0,2010,2013,1
gmane.comp.java.cdi.weld.devel,4,200,en,100.0,100.0,2011,2015,1
gmane.comp.kde.devel.kompare,4,200,en,100.0,100.0,2009,2018,1
gmane.comp.lang.erlang.erlware.devel,4,200,en,100.0,100.0,2008,2011,1
gmane.comp.lang.haskell.arch-linux,4,200,en,100.0,100.0,2011,2015,1
gmane.comp.lib.qt.qml,4,200,en,100.0,100.0,2010,2011,1
gmane.comp.mozilla.devel.testpilot,4,200,en,100.0,100.0,2011,2011,1
gmane.comp.mozilla.license,4,200,en,100.0,100.0,2003,2018,1
gmane.comp.python.org.netherlands,4,200,nl,100.0,0.0,2010,2015,1
gmane.comp.tex.texinfo.general,4,200,en,100.0,100.0,2002,2019,1
gmane.comp.version-control.bazaar-ng.gtk,4,200,en,100.0,100.0,2008,2009,1
gmane.comp.video.videolan.libdvdcss.devel,4,200,en,75.0,75.0,2003,2018,2
gmane.comp.web.spip.education,4,200,fr,100.0,0.0,2009,2011,1
gmane.comp.web.uzbl.devel,4,200,en,100.0,100.0,2009,2012,1
gmane.culture.sf.delany,4,200,en,100.0,100.0,2005,2010,1
gmane.ietf.dns-privacy,4,200,en,100.0,100.0,2015,2019,1
gmane.ietf.iepg,4,200,en,100.0,100.0,2017,2019,1
gmane.ietf.medfree,4,200,en,100.0,100.0,1998,2000,1
gmane.linux.admin.managers,4,200,en,100.0,100.0,2003,2003,1
gmane.linux.debian.internationalization.hellas,4,200,el,75.0,25.0,2004,2017,2
gmane.linux.distributions.theslinux.phantom,4,200,en,100.0,100.0,2013,2013,1
gmane.linux.kernel.autotest.virt-test,4,200,en,100.0,100.0,2013,2013,1
gmane.linux.openwall.user,4,200,en,100.0,100.0,2005,2012,1
gmane.linux.redhat.fedora.relnotes.content,4,200,en,100.0,100.0,2009,2010,1
gmane.linux.scientific.errata,4,200,en,100.0,100.0,2015,2018,1
gmane.linux.ubuntu.devel.announce,4,200,en,100.0,100.0,2011,2019,1
gmane.linux.ubuntu.translators.gl,4,200,es,100.0,0.0,2009,2010,1
gmane.linux.uclinux.nios2.devel,4,200,en,100.0,100.0,2011,2012,1
gmane.lisp.corman,4,200,en,100.0,100.0,2002,2002,1
gmane.network.federated.mediagoblin,4,200,en,100.0,100.0,2013,2017,1
gmane.network.jabber.lib.net,4,200,en,75.0,75.0,2005,2009,2
gmane.network.wireless.cu-wireless.devel,4,200,en,100.0,100.0,2005,2007,1
gmane.org.user-groups.linux.tcwug,4,200,en,100.0,100.0,2005,2005,1
gmane.org.wikimedia.india.bangalore,4,200,en,100.0,100.0,2012,2016,1
gmane.os.freebsd.devel.xfce,4,200,en,100.0,100.0,2015,2017,1
gmane.os.hurd.web.translators.spanish,4,200,es,75.0,25.0,2003,2012,2
gmane.os.openindiana.devel,4,200,en,100.0,100.0,2011,2017,1
gmane.politics.zapatista.chiapas95,4,200,es,75.0,25.0,2007,2007,2
gmane.science.linguistics.lojban.jboske,4,200,en,100.0,100.0,2002,2003,1
gmane.comp.apache.deltacloud.devel,4,200,en,100.0,100.0,2017,2017,1
gmane.comp.apache.webservices.wsif.user,4,200,en,100.0,100.0,2003,2005,1
gmane.comp.cms.hippocms.devel,4,200,en,100.0,100.0,2007,2009,1
gmane.comp.corba.orbacus,4,200,en,75.0,75.0,2003,2007,2
gmane.comp.crm.citrusdb.devel,4,200,en,100.0,100.0,2006,2009,1
gmane.comp.finance.jbilling.user,4,200,en,100.0,100.0,2009,2009,1
gmane.comp.finance.quickfix.user,4,200,en,100.0,100.0,2005,2011,1
gmane.comp.gcc.g++.bugs,4,200,en,75.0,75.0,2004,2006,2
gmane.comp.gis.openstreetmap.merkaartor,4,200,en,100.0,100.0,2008,2009,1
gmane.comp.gis.openstreetmap.region.de.luebeck,4,200,de,100.0,0.0,2011,2016,1
gmane.comp.gnome.apps.geary,4,200,en,100.0,100.0,2013,2018,1
gmane.comp.gnome.apps.tinymail.devel,4,200,en,100.0,100.0,2007,2010,1
gmane.comp.gnu.enterprise.general,4,200,en,100.0,100.0,2003,2008,1
gmane.comp.handhelds.openmoko.hardware,4,200,en,100.0,100.0,2008,2009,1
gmane.comp.ide.eclipse.tptp.tracing-profiling.devel,4,200,en,100.0,100.0,2006,2007,1
gmane.comp.internationalization.input-methods.chewing.devel,4,200,vi,50.0,25.0,2013,2013,3
gmane.comp.java.findbugs.general,4,200,en,100.0,100.0,2005,2011,1
gmane.comp.java.vm.sablevm.cvs,4,200,en,100.0,100.0,2003,2006,1
gmane.comp.java.wso2.wsas.devel,4,200,en,75.0,75.0,2007,2009,2
gmane.comp.lang.4gl.fourjs.user,4,200,en,100.0,100.0,2004,2006,1
gmane.comp.lang.as400.c,4,200,en,100.0,100.0,2003,2014,1
gmane.comp.lang.forth.spf,4,200,ru,100.0,0.0,2004,2008,1
gmane.comp.lang.ruby.rake,4,200,en,100.0,100.0,2007,2011,1
gmane.comp.linux.openlmi.devel,4,200,en,100.0,100.0,2013,2013,1
gmane.comp.mozilla.firefox.https-everywhere,4,200,en,100.0,100.0,2010,2018,1
gmane.comp.multimedia.ddj.user,4,200,en,100.0,100.0,2009,2012,1
gmane.comp.openoffice.devel.website,4,200,en,100.0,100.0,2006,2010,1
gmane.comp.security.libnet,4,200,en,100.0,100.0,2002,2003,1
gmane.comp.version-control.arch.bugs,4,200,en,75.0,75.0,2006,2006,2
gmane.comp.version-control.cvs.viewcvs.user,4,200,en,100.0,100.0,2003,2007,1
gmane.comp.video.mplayer.documentation,4,200,en,100.0,100.0,2009,2014,1
gmane.comp.web.edbrowse.devel,4,200,en,100.0,100.0,2014,2018,1
gmane.comp.web.httpunit.devel,4,200,en,100.0,100.0,2004,2007,1
gmane.comp.web.mako,4,200,en,100.0,100.0,2007,2010,1
gmane.comp.web.zope.cps.general,4,200,en,100.0,100.0,2005,2009,1
gmane.comp.web.zope.formulator.general,4,200,en,100.0,100.0,2003,2010,1
gmane.comp.windows.devel.soap.general,4,200,en,75.0,75.0,2002,2004,2
gmane.culture.templar.history,4,200,en,100.0,100.0,2008,2015,1
gmane.culture.tv.buffy-the-vampire-slayer,4,200,en,100.0,100.0,2002,2006,1
gmane.editors.pdfedit.user,4,200,en,100.0,100.0,2007,2011,1
gmane.education.region.romania.operating-systems,4,200,ro,100.0,0.0,2007,2009,1
gmane.emacs.macintosh.carbon-emacs,4,200,en,75.0,75.0,2008,2009,2
gmane.ietf.ace,4,200,en,100.0,100.0,2016,2019,1
gmane.ietf.ippm,4,200,en,100.0,100.0,2016,2019,1
gmane.ietf.ldapbis,4,200,en,100.0,100.0,2003,2005,1
gmane.ietf.rpsec,4,200,en,100.0,100.0,2005,2006,1
gmane.linux.cluster.openmosix.devel,4,200,en,100.0,100.0,2004,2006,1
gmane.linux.debian.kde.talk,4,200,en,100.0,100.0,2008,2019,1
gmane.linux.distributions.trisquel.devel,4,200,en,75.0,75.0,2010,2014,2
gmane.linux.drivers.prism54.user,4,200,en,100.0,100.0,2003,2005,1
gmane.linux.gentoo.science,4,200,en,100.0,100.0,2005,2011,1
gmane.linux.lockmeter,4,200,en,100.0,100.0,2005,2008,1
gmane.mail.postfix.sqlgrey,4,200,en,100.0,100.0,2005,2014,1
gmane.network.bit-torrent.devel,4,200,en,100.0,100.0,2005,2011,1
gmane.network.jabber.user,4,200,en,100.0,100.0,2003,2006,1
gmane.network.ripe.ipv6,4,200,en,100.0,100.0,2015,2018,1
gmane.network.wireless.open1x.xsupplicant.general,4,200,en,100.0,100.0,2005,2009,1
gmane.org.comp.autonomous.discuss,4,200,en,100.0,100.0,2009,2009,1
gmane.org.netlabs.ecups.devel,4,200,en,100.0,100.0,2007,2014,1
gmane.comp.audio.fractal,4,200,en,100.0,100.0,2006,2013,1
gmane.comp.documentfoundation.libreoffice.discuss.brazilian,4,200,pt,100.0,0.0,2012,2013,1
gmane.comp.education.tux4kids.general,4,200,en,75.0,75.0,2009,2018,2
gmane.comp.encryption.nettle.bugs,4,200,en,100.0,100.0,2012,2015,1
gmane.comp.encryption.openssl.project,4,200,en,100.0,100.0,2018,2018,1
gmane.comp.games.pokersource.user,4,200,en,100.0,100.0,2008,2009,1
gmane.comp.games.shogi.bugs,4,200,en,75.0,75.0,2005,2006,2
gmane.comp.gis.mapbuilder.user,4,200,en,100.0,100.0,2006,2007,1
gmane.comp.gis.openstreetmap.geocoding,4,200,en,75.0,75.0,2012,2014,2
gmane.comp.gnome.gossip.devel,4,200,en,100.0,100.0,2003,2006,1
gmane.comp.gnome.office.general,4,200,en,100.0,100.0,2002,2004,1
gmane.comp.gnu.enterprise.devel,4,200,en,75.0,75.0,2002,2008,2
gmane.comp.hardware.riscv.debug,4,200,en,100.0,100.0,2017,2018,1
gmane.comp.java.netbeans.modules.apisupport.devel,4,200,en,100.0,100.0,2005,2005,1
gmane.comp.java.openjdk.i18n.devel,4,200,en,75.0,75.0,2009,2018,2
gmane.comp.java.tynamo.user,4,200,en,100.0,100.0,2011,2012,1
gmane.comp.kde.devel.knode,4,200,en,50.0,50.0,2003,2010,3
gmane.comp.lang.delphi.jedi,4,200,en,75.0,75.0,2002,2004,2
gmane.comp.lang.haskell.wxhaskell.devel,4,200,en,100.0,100.0,2008,2009,1
gmane.comp.lang.r.knitr,4,200,en,100.0,100.0,2013,2015,1
gmane.comp.lang.r.packages.devel,4,200,en,100.0,100.0,2015,2018,1
gmane.comp.misc.workrave.user,4,200,en,100.0,100.0,2006,2014,1
gmane.comp.monitoring.opsview.devel,4,200,UNKNOWN,100.0,0.0,2010,2013,1
gmane.comp.mozilla.devel.webapps,4,200,en,100.0,100.0,2013,2013,1
gmane.comp.multimedia.matroska.general,4,200,en,100.0,100.0,2003,2005,1
gmane.comp.php.phing.devel,4,200,en,100.0,100.0,2006,2010,1
gmane.comp.sysutils.bakefile.devel,4,200,en,100.0,100.0,2005,2009,1
gmane.comp.web.crosswalk.help,4,200,en,100.0,100.0,2015,2016,1
gmane.comp.web.oscommerce.cvs,4,200,en,75.0,75.0,2003,2004,2
gmane.comp.web.zope.epoz,4,200,en,100.0,100.0,2003,2009,1
gmane.comp.web.zope.plone.plip-advisories,4,200,en,100.0,100.0,2009,2010,1
gmane.comp.windows.power-pro.beginners,4,200,en,100.0,100.0,2004,2009,1
gmane.culture.hackers.israel,4,200,en,100.0,100.0,2003,2008,1
gmane.emacs.semantic,4,200,en,100.0,100.0,2008,2011,1
gmane.ietf.ldapext,4,200,en,100.0,100.0,2005,2013,1
gmane.linux.debian.alioth.reportbug.scm,4,200,en,100.0,100.0,2010,2017,1
gmane.linux.debian.devel.beowulf,4,200,en,75.0,75.0,2002,2006,2
gmane.linux.irda.general,4,200,en,100.0,100.0,2005,2007,1
gmane.linux.kernel.openipmi,4,200,en,100.0,100.0,2006,2017,1
gmane.linux.x25,4,200,en,75.0,75.0,2005,2012,2
gmane.mail.eyebrowse.user,4,200,en,100.0,100.0,2003,2004,1
gmane.mail.mime.gmime.devel,4,200,en,100.0,100.0,2010,2018,1
gmane.mail.postfix.policyd,4,200,en,100.0,100.0,2007,2014,1
gmane.music.equipment.slimp3.user,4,200,en,100.0,100.0,2002,2003,1
gmane.network.netdot.devel,4,200,en,100.0,100.0,2011,2014,1
gmane.network.openldap.bugs,4,200,en,100.0,100.0,2015,2019,1
gmane.org.user-groups.linux.balug,4,200,en,100.0,100.0,2004,2010,1
gmane.org.user-groups.linux.gloucs,4,200,en,100.0,100.0,2006,2009,1
gmane.org.w3c.accessibility.agents,4,200,en,75.0,75.0,2002,2004,2
gmane.politics.organizations.demexp.devel,4,200,en,100.0,100.0,2003,2006,1
gmane.science.aerospace.psas.payload,4,200,en,100.0,100.0,2016,2018,1
gmane.user-groups.linux.birmingham,4,200,en,100.0,100.0,2010,2010,1
gmane.comp.audio.libsndfile.devel,4,200,en,100.0,100.0,2011,2013,1
gmane.comp.bug-tracking.bugs-everywhere.devel,4,200,en,100.0,100.0,2008,2012,1
gmane.comp.cad.electric.discuss,4,200,en,100.0,100.0,2010,2014,1
gmane.comp.db.liquibase.user,4,200,en,100.0,100.0,2009,2009,1
gmane.comp.emulators.rpcemu.general,4,200,en,100.0,100.0,2008,2014,1
gmane.comp.encryption.gpg.user.german,4,200,de,75.0,25.0,2014,2016,2
gmane.comp.gnu.health.general,4,200,en,100.0,100.0,2016,2018,1
gmane.comp.handhelds.general,4,200,en,100.0,100.0,2002,2006,1
gmane.comp.ide.eclipse.p2.devel,4,200,en,100.0,100.0,2010,2017,1
gmane.comp.java.javalobby.communityplatform,4,200,en,100.0,100.0,2003,2003,1
gmane.comp.java.openjdk.jtreg.user,4,200,en,100.0,100.0,2013,2019,1
gmane.comp.java.scarab.issues,4,200,en,100.0,100.0,2006,2008,1
gmane.comp.medical.hl7,4,200,en,100.0,100.0,2009,2015,1
gmane.comp.misc.opensync.user,4,200,en,100.0,100.0,2006,2013,1
gmane.comp.multimedia.matroska.cvs,4,200,en,50.0,50.0,2003,2003,3
gmane.comp.php.zend.framework.i18n,4,200,en,75.0,75.0,2008,2009,2
gmane.comp.python.django.mayan-edms,4,200,en,100.0,100.0,2012,2017,1
gmane.comp.python.opengl.devel,4,200,en,100.0,100.0,2002,2004,1
gmane.comp.telephony.pbx.asterisk.gui,4,200,en,100.0,100.0,2007,2010,1
gmane.comp.tex.tugindia,4,200,en,100.0,100.0,2004,2012,1
gmane.comp.version-control.rcs.bugs,4,200,UNKNOWN,50.0,25.0,2002,2005,3
gmane.comp.version-control.subversion.ankhsvn.general,4,200,en,100.0,100.0,2005,2007,1
gmane.comp.video.kaffeine.devel,4,200,en,100.0,100.0,2005,2013,1
gmane.comp.web.alternc.user,4,200,fr,100.0,0.0,2004,2013,1
gmane.comp.web.annotator,4,200,en,100.0,100.0,2014,2014,1
gmane.culture.it.newsscan,4,200,en,100.0,100.0,2003,2005,1
gmane.emacs.planner.general,4,200,en,100.0,100.0,2006,2008,1
gmane.emacs.xemacs.build-reports,4,200,en,100.0,100.0,2003,2012,1
gmane.linux.debian.user.indonesian,4,200,id,75.0,25.0,2012,2016,2
gmane.linux.laptop.olpc.open,4,200,en,100.0,100.0,2008,2010,1
gmane.linux.pld.bugs,4,200,en,100.0,100.0,2004,2008,1
gmane.mail.zoe.devel,4,200,en,100.0,100.0,2003,2009,1
gmane.network.retroshare.devel,4,200,en,100.0,100.0,2014,2015,1
gmane.network.syndication.rss.superfeedr,4,200,en,75.0,75.0,2011,2013,2
gmane.org.user-groups.linux.pdxlug,4,200,en,100.0,100.0,2005,2005,1
gmane.org.user-groups.tlug.english,4,200,UNKNOWN,75.0,25.0,2002,2004,2
gmane.org.wikimedia.portugal,4,200,pt,100.0,0.0,2009,2011,1
gmane.comp.apache.shale.scm,4,200,en,100.0,100.0,2006,2006,1
gmane.comp.audio.beets.user,4,200,en,100.0,100.0,2015,2016,1
gmane.comp.bug-tracking.request-tracker.rtir,4,200,en,100.0,100.0,2009,2013,1
gmane.comp.db.postgresql.debian,4,200,en,100.0,100.0,2015,2018,1
gmane.comp.encryption.gpg.gpa.devel,4,200,en,100.0,100.0,2002,2006,1
gmane.comp.gnu.mingw.msys2,4,200,en,100.0,100.0,2014,2019,1
gmane.comp.gnu.readline,4,200,en,100.0,100.0,2011,2019,1
gmane.comp.horde.ingo,4,200,en,100.0,100.0,2002,2006,1
gmane.comp.jakarta.hivemind.user,4,200,en,100.0,100.0,2004,2006,1
gmane.comp.java.enhydra.barracuda.general,4,200,en,100.0,100.0,2002,2003,1
gmane.comp.lang.perl.moose,4,200,en,100.0,100.0,2008,2013,1
gmane.comp.lang.scala.sips,4,200,en,100.0,100.0,2012,2012,1
gmane.comp.php.phpesp,4,200,en,100.0,100.0,2004,2007,1
gmane.comp.python.kid.general,4,200,en,100.0,100.0,2005,2008,1
gmane.comp.python.pyusb.user,4,200,en,100.0,100.0,2011,2013,1
gmane.comp.sysutils.autoconf.archive-maintainers,4,200,en,100.0,100.0,2004,2012,1
gmane.comp.web.zope.repoze.devel,4,200,en,100.0,100.0,2009,2009,1
gmane.editors.oxygen.user,4,200,en,100.0,100.0,2007,2009,1
gmane.games.rubiks.zbmethod,4,200,en,75.0,75.0,2005,2015,2
gmane.linux.debian.devel.portuguese,4,200,pt,50.0,25.0,2003,2006,3
gmane.linux.redhat.rhn.satellite.user,4,200,en,100.0,100.0,2008,2011,1
gmane.lisp.clocc.devel,4,200,en,100.0,100.0,2002,2004,1
gmane.mail.brutus,4,200,en,75.0,75.0,2008,2009,2
gmane.mail.mh-e.user,4,200,en,100.0,100.0,2003,2010,1
gmane.network.dns.bind9.dlz,4,200,en,100.0,100.0,2003,2011,1
gmane.org.clubs.nwbiodiesel.general,4,200,en,100.0,100.0,2005,2009,1
gmane.org.fsa-bg.general,4,200,bg,100.0,0.0,2004,2005,1
gmane.org.user-groups.linux.kiev.games,4,200,ru,50.0,0.0,2002,2004,3
gmane.org.user-groups.taiwan.tossug.hojia,4,200,ko,50.0,25.0,2005,2014,3
gmane.os.freenas.devel,4,200,en,100.0,100.0,2013,2015,1
gmane.os.unununium.devel,4,200,en,100.0,100.0,2005,2006,1
gmane.politics.progressive.views,4,200,en,100.0,100.0,2006,2006,1
gmane.text.xml.swfmill,4,200,en,100.0,100.0,2008,2009,1
gmane.user-groups.linux.france.grenoble,4,200,fr,75.0,0.0,2005,2005,2
gmane.comp.db.couchbase.user,4,200,en,100.0,100.0,2013,2015,1
gmane.comp.gis.openstreetmap.region.de.essen,4,200,de,100.0,0.0,2009,2014,1
gmane.comp.gnome.gaim.features,4,200,en,100.0,100.0,2007,2007,1
gmane.comp.gnu.indent.bugs,4,200,en,75.0,75.0,2002,2003,2
gmane.comp.handhelds.ipaq.ipaqworld,4,200,en,100.0,100.0,2007,2008,1
gmane.comp.jakarta.bcel.user,4,200,en,100.0,100.0,2003,2008,1
gmane.comp.java.cglib.devel,4,200,en,100.0,100.0,2003,2013,1
gmane.comp.java.freemind.devel,4,200,en,100.0,100.0,2007,2009,1
gmane.comp.java.open-symphony.devel,4,200,en,100.0,100.0,2003,2004,1
gmane.comp.lang.haskell.gui,4,200,en,100.0,100.0,2003,2012,1
gmane.comp.lang.mercury.devel,4,200,en,100.0,100.0,2005,2006,1
gmane.comp.lib.libseccomp.general,4,200,en,100.0,100.0,2012,2015,1
gmane.comp.programming.sicp.exercises,4,200,en,75.0,75.0,2006,2015,2
gmane.comp.pythin.pyds.devel,4,200,en,100.0,100.0,2004,2004,1
gmane.comp.python.django.czech,4,200,cs,75.0,0.0,2013,2018,2
gmane.comp.web.agavi.cvs,4,200,en,100.0,100.0,2006,2006,1
gmane.comp.web.webobjects.newbies,4,200,en,100.0,100.0,2003,2008,1
gmane.comp.web.zope.cps.devel,4,200,en,75.0,75.0,2004,2007,2
gmane.comp.web.zope.plone.ui,4,200,en,100.0,100.0,2009,2011,1
gmane.emacs.xemacs.design,4,200,en,100.0,100.0,2002,2003,1
gmane.ietf.rsvp,4,200,UNKNOWN,75.0,0.0,2002,2002,2
gmane.linux.distributions.rock.devel,4,200,en,100.0,100.0,2004,2004,1
gmane.linux.gentoo.documentation.french,4,200,fr,100.0,0.0,2003,2006,1
gmane.linux.gentoo.ppc,4,200,en,100.0,100.0,2004,2009,1
gmane.lisp.clsql.cvs,4,200,en,100.0,100.0,2002,2003,1
gmane.mail.davmail.user,4,200,en,100.0,100.0,2010,2014,1
gmane.mail.imap.isync.devel,4,200,en,100.0,100.0,2006,2014,1
gmane.network.dns.nsd.general,4,200,en,100.0,100.0,2004,2018,1
gmane.network.zabbix.user,4,200,en,100.0,100.0,2006,2019,1
gmane.org.hackerspaces.potteries,4,200,en,100.0,100.0,2015,2017,1
gmane.org.user-groups.blug.slugbug,4,200,en,100.0,100.0,2005,2006,1
gmane.os.freedos.devel,4,200,en,100.0,100.0,2002,2002,1
gmane.comp.emulators.freedos.kernel,4,200,en,100.0,100.0,2004,2016,1
gmane.comp.gis.viking.devel,4,200,en,100.0,100.0,2009,2016,1
gmane.comp.gnome.bindings.java.devel,4,200,en,100.0,100.0,2005,2009,1
gmane.comp.gnu.prolog.general,4,200,en,75.0,75.0,2003,2012,2
gmane.comp.graphics.libmv.devel,4,200,en,100.0,100.0,2008,2011,1
gmane.comp.graphics.rawstudio.scm,4,200,en,50.0,50.0,2009,2010,3
gmane.comp.graphics.voreen.general,4,200,en,100.0,100.0,2009,2011,1
gmane.comp.handhelds.linux.h5400,4,200,en,100.0,100.0,2003,2008,1
gmane.comp.java.beanshell.user,4,200,en,75.0,75.0,2003,2008,2
gmane.comp.java.jcontainer.cvs,4,200,en,75.0,75.0,2003,2003,2
gmane.comp.java.openamf.user,4,200,en,100.0,100.0,2005,2010,1
gmane.comp.java.xplanner.devel,4,200,en,100.0,100.0,2003,2006,1
gmane.comp.lang.clean,4,200,en,100.0,100.0,2003,2010,1
gmane.comp.lang.maude.general,4,200,en,100.0,100.0,2009,2015,1
gmane.comp.lib.common-c++.bugs,4,200,en,100.0,100.0,2003,2004,1
gmane.comp.lib.ffi.general,4,200,en,100.0,100.0,2009,2014,1
gmane.comp.openoffice.devel.user-experience,4,200,en,100.0,100.0,2007,2007,1
gmane.comp.video.videolan.libdvdcss,4,200,en,100.0,100.0,2014,2015,1
gmane.linux.coreos.devel,4,200,en,100.0,100.0,2014,2017,1
gmane.linux.debian.devel.initscripts-ng.scm,4,200,en,100.0,100.0,2007,2008,1
gmane.linux.drivers.acx100,4,200,en,100.0,100.0,2005,2012,1
gmane.linux.kernel.iovisor,4,200,en,100.0,100.0,2016,2018,1
gmane.linux.mer.general,4,200,en,75.0,75.0,2012,2014,2
gmane.linux.suse.programming-e,4,200,en,100.0,100.0,2005,2012,1
gmane.linux.ubuntu.devel.technical-board,4,200,en,100.0,100.0,2010,2013,1
gmane.linux.ubuntu.rosetta,4,200,en,100.0,100.0,2005,2006,1
gmane.network.dns.french,4,200,fr,100.0,0.0,2009,2011,1
gmane.org.clubs.dba.waterways.gb,4,200,en,100.0,100.0,2013,2015,1
gmane.org.netlabs.community,4,200,en,100.0,100.0,2007,2014,1
gmane.os.apple.homebrew.devel,4,200,en,75.0,75.0,2012,2014,2
gmane.comp.ai.prolog.yap.general,4,200,en,100.0,100.0,2007,2013,1
gmane.comp.emulators.xen.ppc,4,200,en,100.0,100.0,2006,2008,1
gmane.comp.gis.openstreetmap.region.de.bonn-rhein-sieg,4,200,de,100.0,0.0,2010,2016,1
gmane.comp.gnome.mono.aspnet,4,200,en,100.0,100.0,2009,2014,1
gmane.comp.gnome.wm-spec,4,200,en,100.0,100.0,2005,2007,1
gmane.comp.gnu.mailutils.bugs,4,200,en,100.0,100.0,2004,2009,1
gmane.comp.ipod.ephpod,4,200,en,100.0,100.0,2003,2003,1
gmane.comp.isp.ispman.devel,4,200,en,100.0,100.0,2003,2006,1
gmane.comp.jakarta.pluto.user,4,200,en,100.0,100.0,2004,2008,1
gmane.comp.java.tn5250j.general,4,200,en,100.0,100.0,2004,2008,1
gmane.comp.lang.ada.macosx,4,200,en,100.0,100.0,2008,2018,1
gmane.comp.lang.haskell.snapframework,4,200,en,75.0,75.0,2010,2015,2
gmane.comp.lang.perl.cgi.beginners,4,200,en,100.0,100.0,2006,2008,1
gmane.comp.lang.perl.modules.extutils-makemaker.devel,4,200,en,100.0,100.0,2005,2017,1
gmane.comp.log.sec.user,4,200,en,100.0,100.0,2008,2014,1
gmane.comp.mathematics.mizar,4,200,en,100.0,100.0,2006,2010,1
gmane.comp.php.symfony.devel,4,200,en,100.0,100.0,2012,2013,1
gmane.comp.printing.ghostscript.bugs,4,200,en,50.0,50.0,2002,2002,2
gmane.comp.python.cocos2d.user,4,200,en,100.0,100.0,2009,2018,1
gmane.comp.python.org.portland,4,200,en,100.0,100.0,2009,2013,1
gmane.comp.security.aide.general,4,200,en,100.0,100.0,2006,2018,1
gmane.comp.tex.tex4ht,4,200,en,100.0,100.0,2013,2018,1
gmane.comp.video.xvid.user,4,200,en,75.0,75.0,2003,2009,2
gmane.comp.web.chromium.html5,4,200,en,100.0,100.0,2012,2017,1
gmane.culture.media.idc,4,200,en,100.0,100.0,2008,2014,1
gmane.emacs.code-browser,4,200,en,100.0,100.0,2005,2017,1
gmane.ietf.opsec,4,200,en,100.0,100.0,2014,2019,1
gmane.linux.altlinux.ports,4,200,ru,100.0,0.0,2008,2018,1
gmane.linux.network.bridge.ebtables.user,4,200,en,100.0,100.0,2003,2008,1
gmane.linux.redhat.fedora.games,4,200,en,100.0,100.0,2008,2017,1
gmane.linux.redhat.release.rhel6,4,200,en,100.0,100.0,2010,2012,1
gmane.linux.ubuntu.doc.cvs,4,200,en,100.0,100.0,2006,2008,1
gmane.network.etherboot.gpxe,4,200,en,100.0,100.0,2010,2010,1
gmane.network.wwwoffle.user,4,200,en,75.0,75.0,2002,2006,2
gmane.org.user-groups.linux.nolug,4,200,en,100.0,100.0,2010,2011,1
gmane.org.wikimedia.kenya,4,200,en,100.0,100.0,2010,2011,1
gmane.os.freebsd.devel.small,4,200,en,100.0,100.0,2003,2009,1
gmane.os.solaris.gnusolaris.devel,4,200,en,100.0,100.0,2006,2009,1
gmane.science.physics.yade.devel,4,200,en,100.0,100.0,2009,2009,1
gmane.text.xml.cellml.general,4,200,en,75.0,75.0,2007,2008,2
gmane.comp.apache.shale.user,4,200,en,100.0,100.0,2006,2008,1
gmane.comp.cms.open-xchange.devel,4,200,en,100.0,100.0,2005,2006,1
gmane.comp.embedded.carlsbad-cubes,4,200,en,75.0,75.0,2003,2005,2
gmane.comp.encryption.cryptlib,4,200,en,100.0,100.0,2004,2008,1
gmane.comp.fonts.gfontview,4,200,ru,50.0,25.0,2008,2012,3
gmane.comp.freedesktop.xserver.cvs,4,200,en,100.0,100.0,2004,2005,1
gmane.comp.gnome.apps.jbrout,4,200,en,75.0,75.0,2006,2011,2
gmane.comp.gnu.inetutils.cvs,4,200,de,50.0,50.0,2003,2013,2
gmane.comp.handhelds.matchbox,4,200,en,100.0,100.0,2002,2004,1
gmane.comp.ipod.gtkpod.user,4,200,en,100.0,100.0,2006,2011,1
gmane.comp.java.enhydra.general,4,200,en,100.0,100.0,2002,2005,1
gmane.comp.lang.haskell.wxhaskell.general,4,200,en,100.0,100.0,2007,2011,1
gmane.comp.lib.urwid,4,200,en,100.0,100.0,2009,2011,1
gmane.comp.mozilla.companion,4,200,en,100.0,100.0,2004,2005,1
gmane.comp.mozilla.delicious,4,200,en,100.0,100.0,2005,2009,1
gmane.comp.mozilla.devel.servo,4,200,en,100.0,100.0,2012,2015,1
gmane.comp.python.floatcanvas,4,200,en,100.0,100.0,2007,2008,1
gmane.comp.sysutils.riemann.user,4,200,en,100.0,100.0,2015,2017,1
gmane.comp.web.spip.italian,4,200,it,100.0,0.0,2005,2009,1
gmane.comp.web.zope.plone.cmfmember,4,200,en,100.0,100.0,2004,2005,1
gmane.comp.windows.dotnet.dnanalytics.devel,4,200,en,100.0,100.0,2004,2005,1
gmane.comp.windows.dotnet.spring.devel,4,200,en,100.0,100.0,2005,2008,1
gmane.culture.language.esperanto.denmark,4,200,en,25.0,25.0,2008,2009,4
gmane.education.english.english-practice-istanbul,4,200,en,100.0,100.0,2007,2014,1
gmane.ietf.idn,4,200,en,100.0,100.0,2002,2005,1
gmane.linux.debian.devel.exim4.user,4,200,en,100.0,100.0,2005,2016,1
gmane.linux.distributions.freeduc-sup.devel,4,200,fr,100.0,0.0,2005,2006,1
gmane.network.jabber.jingle,4,200,en,100.0,100.0,2009,2011,1
gmane.org.clubs.gobiodiesel,4,200,en,100.0,100.0,2003,2005,1
gmane.technology.electronics.simulation.ltspice,4,200,en,100.0,100.0,2005,2006,1
gmane.text.xml.commons.devel,4,200,en,100.0,100.0,2005,2009,1
gmane.comp.apache.mod-auth-kerb.general,4,200,en,100.0,100.0,2004,2008,1
gmane.comp.cms.infoglue.user,4,200,en,100.0,100.0,2007,2014,1
gmane.comp.gis.osgeo.foss-gps,4,200,en,75.0,75.0,2013,2016,2
gmane.comp.gnome.gtk+.documentation,4,200,en,100.0,100.0,2002,2007,1
gmane.comp.horde.chora,4,200,en,100.0,100.0,2002,2004,1
gmane.comp.java.jasperreports.general,4,200,en,100.0,100.0,2005,2008,1
gmane.comp.lang.forth.amforth,4,200,en,100.0,100.0,2010,2018,1
gmane.comp.lib.libevent.user,4,200,en,100.0,100.0,2008,2016,1
gmane.comp.mozilla.devel.macosx,4,200,en,100.0,100.0,2003,2005,1
gmane.comp.python.rope,4,200,en,100.0,100.0,2012,2013,1
gmane.comp.telephony.pbx.asterisk.user.taiwan,4,200,ko,50.0,0.0,2013,2017,3
gmane.comp.terminal-emulators.rxvt-unicode.general,4,200,en,100.0,100.0,2007,2013,1
gmane.comp.web.oscommerce.tips,4,200,en,100.0,100.0,2003,2003,1
gmane.comp.web.webmin.devel,4,200,en,100.0,100.0,2002,2005,1
gmane.games.devel.general,4,200,en,100.0,100.0,2003,2004,1
gmane.games.freeciv.internationalization,4,200,en,100.0,100.0,2006,2014,1
gmane.linux.gentoo.user.russian,4,200,ru,100.0,0.0,2009,2012,1
gmane.linux.kernel.tracing,4,200,en,100.0,100.0,2004,2006,1
gmane.linux.ubuntu.loco.ec,4,200,es,100.0,0.0,2008,2010,1
gmane.mail.exim.spamassassin,4,200,en,100.0,100.0,2003,2004,1
gmane.network.jabber.jabberd2,4,200,en,75.0,75.0,2009,2013,2
gmane.org.user-groups.linux.rglug,4,200,no,100.0,0.0,2009,2011,1
gmane.recreation.cars.human-powered.vph,4,200,fr,100.0,0.0,2005,2007,1
gmane.text.xml.xfc.general,4,200,en,100.0,100.0,2003,2015,1
gmane.user-groups.foss.india.fosscomm,4,200,en,100.0,100.0,2010,2016,1
gmane.comp.apache.mod-peruser,4,200,en,100.0,100.0,2006,2012,1
gmane.comp.db.postgresql.announce,4,200,en,100.0,100.0,2007,2018,1
gmane.comp.editors.biew.general,4,200,en,75.0,75.0,2007,2009,2
gmane.comp.emulators.xen.announce,4,200,en,100.0,100.0,2013,2017,1
gmane.comp.file-systems.sfs.general,4,200,en,100.0,100.0,2002,2004,1
gmane.comp.games.clanlib.cvs,4,200,en,100.0,100.0,2006,2006,1
gmane.comp.gnu.global.bugs,4,200,en,100.0,100.0,2003,2017,1
gmane.comp.ide.eclipse.plugins.pydev.user,4,200,en,100.0,100.0,2007,2009,1
gmane.comp.java.clojure.leiningen,4,200,en,100.0,100.0,2012,2014,1
gmane.comp.java.javacc.user,4,200,en,100.0,100.0,2010,2011,1
gmane.comp.java.slf4j.user,4,200,en,75.0,75.0,2008,2013,2
gmane.comp.lang.chapel.devel,4,200,en,100.0,100.0,2014,2017,1
gmane.comp.lib.qt.embedded,4,200,en,100.0,100.0,2009,2011,1
gmane.comp.python.numba.user,4,200,en,100.0,100.0,2016,2018,1
gmane.comp.sysutils.cfengine.devel,4,200,en,100.0,100.0,2014,2015,1
gmane.comp.web.elinks.user,4,200,en,100.0,100.0,2003,2008,1
gmane.culture.publications.news,4,200,en,100.0,100.0,2002,2008,1
gmane.linux.distributions.tails.user,4,200,en,100.0,100.0,2015,2017,1
gmane.network.ipsec.tools.devel,4,200,en,100.0,100.0,2008,2011,1
gmane.network.protocols.6lowpan,4,200,en,100.0,100.0,2010,2012,1
gmane.network.routing.babel.user,4,200,en,100.0,100.0,2008,2018,1
gmane.org.user-groups.linux.turkey.guvenlik,4,200,tr,100.0,0.0,2010,2013,1
gmane.org.user-groups.linux.tyumen,4,200,ru,100.0,0.0,2004,2005,1
gmane.science.mathematics.algtop,4,200,en,100.0,100.0,2012,2016,1
gmane.comp.compilers.ccache,4,200,en,100.0,100.0,2005,2010,1
gmane.comp.file-systems.ntfs-3g.devel,4,200,en,100.0,100.0,2007,2019,1
gmane.comp.gis.openstreetmap.region.de.dresden,4,200,de,100.0,0.0,2009,2009,1
gmane.comp.gnu.screen.devel,4,200,en,100.0,100.0,2008,2018,1
gmane.comp.java.sablecc.general,4,200,en,100.0,100.0,2005,2010,1
gmane.comp.lang.r.hpc,4,200,en,100.0,100.0,2010,2014,1
gmane.comp.lang.ruby.rails.locomotive.user,4,200,en,100.0,100.0,2006,2007,1
gmane.comp.multimedia.ogg.devel,4,200,en,100.0,100.0,2007,2008,1
gmane.comp.version-control.fossil-scm.devel,4,200,en,100.0,100.0,2015,2016,1
gmane.comp.web.myghty.user,4,200,en,100.0,100.0,2005,2006,1
gmane.comp.web.wiki.wikia.general,4,200,en,100.0,100.0,2007,2008,1
gmane.culture.internet.rekombinant,4,200,it,75.0,25.0,2005,2008,2
gmane.ietf.p2psip,4,200,en,100.0,100.0,2008,2012,1
gmane.linux.audio.announce,4,200,en,100.0,100.0,2005,2013,1
gmane.linux.debian.devel.buildd-tools,4,200,en,100.0,100.0,2015,2016,1
gmane.mail.mutt.mutt-ng.devel,4,200,en,100.0,100.0,2005,2005,1
gmane.network.winpcap.user,4,200,en,100.0,100.0,2010,2012,1
gmane.org.wikimedia.search,4,200,en,100.0,100.0,2016,2018,1
gmane.os.netbsd.devel.performance,4,200,en,100.0,100.0,2004,2011,1
gmane.text.xml.soap.gsoap,4,200,en,100.0,100.0,2011,2013,1
gmane.comp.audio.faust.user,4,200,en,100.0,100.0,2016,2017,1
gmane.comp.freedesktop.release-wranglers,4,200,en,75.0,75.0,2004,2004,2
gmane.comp.freedesktop.xorg.xkb,4,200,en,100.0,100.0,2015,2017,1
gmane.comp.java.maven-plugins.cvs,4,200,en,75.0,75.0,2005,2006,2
gmane.comp.monitoring.ganglia.general,4,200,en,100.0,100.0,2011,2015,1
gmane.comp.python.internationalization,4,200,en,100.0,100.0,2000,2004,1
gmane.comp.python.tulip,4,200,en,100.0,100.0,2013,2014,1
gmane.comp.sysutils.backup.bareos.devel,4,200,en,100.0,100.0,2015,2017,1
gmane.comp.window-managers.parti.general,4,200,en,100.0,100.0,2008,2009,1
gmane.culture.arts.seattle.harvard.roy,4,200,en,75.0,75.0,2009,2013,2
gmane.linux.laptop.olpc.brasil,4,200,pt,100.0,0.0,2008,2009,1
gmane.linux.tools.diag.devel,4,200,en,75.0,75.0,2009,2014,2
gmane.org.freifunk.hamburg,4,200,de,75.0,25.0,2015,2016,2
gmane.org.wikimedia.advocacy-advisors,4,200,en,100.0,100.0,2014,2018,1
gmane.comp.db.firebird.general,4,200,en,100.0,100.0,2015,2018,1
gmane.comp.debugging.archer,4,200,en,100.0,100.0,2008,2009,1
gmane.comp.embedded.embtoolkit.scm,4,200,en,100.0,100.0,2012,2013,1
gmane.comp.handhelds.linux.axim50,4,200,en,75.0,75.0,2006,2007,2
gmane.comp.high-availability.veritas.ha,4,200,en,100.0,100.0,2006,2009,1
gmane.comp.java.keel.devel,4,200,en,100.0,100.0,2003,2005,1
gmane.comp.lang.ml.general,4,200,en,75.0,75.0,2007,2009,2
gmane.comp.lang.ocaml.opam.devel,4,200,en,100.0,100.0,2015,2016,1
gmane.ietf.aaa,4,200,en,75.0,75.0,2002,2005,2
gmane.linux.rpm.metadata,4,200,en,100.0,100.0,2003,2007,1
gmane.mail.mahogany.user,4,200,en,100.0,100.0,2002,2005,1
gmane.mail.msmtp.user,4,200,en,100.0,100.0,2012,2016,1
gmane.mail.qmail.simscan,4,200,en,100.0,100.0,2005,2010,1
gmane.music.mutopia.discuss,4,200,en,100.0,100.0,2004,2014,1
gmane.network.jabber.prosody.user,4,200,en,100.0,100.0,2014,2015,1
gmane.org.region.san-francisco.noisebridge.announce,4,200,en,100.0,100.0,2014,2018,1
gmane.comp.handhelds.palm.progect,4,200,en,100.0,100.0,2003,2006,1
gmane.comp.java.fornax.devel,4,200,en,100.0,100.0,2007,2009,1
gmane.comp.java.imagej.devel,4,200,en,50.0,50.0,2011,2015,3
gmane.comp.java.sun.servlet,4,200,en,100.0,100.0,2003,2004,1
gmane.ietf.rai.speermint,4,200,en,75.0,75.0,2006,2009,2
gmane.linux.drivers.vortex.devel,4,200,en,100.0,100.0,2002,2002,1
gmane.linux.kernel.console,4,200,en,100.0,100.0,2004,2006,1
gmane.linux.ubuntu.devel.mobile,4,200,en,100.0,100.0,2007,2009,1
gmane.network.openswan.devel,4,200,en,100.0,100.0,2004,2012,1
gmane.org.conferences.lvee,4,200,ru,100.0,0.0,2009,2009,1
gmane.text.xml.cocoon.french,4,200,fr,100.0,0.0,2005,2006,1
gmane.text.xml.expat.bugs,4,200,en,100.0,100.0,2003,2004,1
gmane.comp.bug-tracking.scmbug.user,4,200,en,75.0,75.0,2008,2010,2
gmane.comp.configuration-management.users,4,200,en,100.0,100.0,2005,2007,1
gmane.comp.games.ioquake3,4,200,en,100.0,100.0,2010,2015,1
gmane.comp.internationalization.fribidi,4,200,en,100.0,100.0,2004,2014,1
gmane.comp.java.wso2.esb.user,4,200,en,100.0,100.0,2007,2008,1
gmane.comp.linux.perfmon.general,4,200,en,100.0,100.0,2007,2007,1
gmane.comp.misc.ascii.ibcaca,4,200,en,75.0,75.0,2006,2006,2
gmane.comp.monitoring.opsview.user,4,200,en,100.0,100.0,2010,2010,1
gmane.comp.python.db.pygresql,4,200,en,100.0,100.0,2009,2015,1
gmane.linux.lfs.cross-lfs,4,200,en,100.0,100.0,2005,2006,1
gmane.linux.redhat.fedora.internationalization,4,200,en,100.0,100.0,2004,2019,1
gmane.network.aoe.aoetools.general,4,200,en,100.0,100.0,2006,2015,1
gmane.org.wikimedia.textbook,4,200,en,100.0,100.0,2003,2010,1
gmane.comp.apache.incubator.apex.user,4,200,en,100.0,100.0,2016,2017,1
gmane.comp.gis.openstreetmap.region.de.dortmund,4,200,de,100.0,0.0,2010,2011,1
gmane.comp.gnome.meld.general,4,200,en,100.0,100.0,2010,2017,1
gmane.comp.java.objectweb.asm,4,200,en,100.0,100.0,2005,2011,1
gmane.comp.lib.gsl.bugs,4,200,en,75.0,75.0,2009,2016,2
gmane.comp.video.opengl.compiz.general,4,200,en,100.0,100.0,2006,2008,1
gmane.linux.fprint,4,200,en,100.0,100.0,2008,2015,1
gmane.linux.ports.ppc.nubus-pmac.users,4,200,en,100.0,100.0,2005,2006,1
gmane.linux.ubuntu.laptop.testing,4,200,en,75.0,75.0,2005,2012,2
gmane.network.unison.devel,4,200,en,100.0,100.0,2004,2015,1
gmane.org.comp.auto-hebergement.help,4,200,fr,100.0,0.0,2011,2015,1
gmane.comp.misc.freeware,4,200,en,100.0,100.0,2010,2011,1
gmane.comp.tex.lualatex.devel,4,200,en,100.0,100.0,2010,2013,1
gmane.comp.video.synfig.user,4,200,en,75.0,75.0,2008,2016,2
gmane.comp.web.pinboard.devel,4,200,en,100.0,100.0,2010,2012,1
gmane.culture.libraries.aki,4,200,de,100.0,0.0,2005,2007,1
gmane.ietf.rmt,4,200,en,100.0,100.0,2006,2009,1
gmane.linux.cluster.kerrighed.user,4,200,en,100.0,100.0,2009,2011,1
gmane.linux.installation.system-imager.general,4,200,en,100.0,100.0,2007,2009,1
gmane.network.libgadu.devel,4,200,pl,100.0,0.0,2007,2012,1
gmane.org.fsf.gfsd,4,200,en,75.0,75.0,2002,2006,2
gmane.user-groups.linux.india.programmers,4,200,en,100.0,100.0,2003,2004,1
gmane.comp.freedesktop.devicekit.devel,4,200,en,100.0,100.0,2009,2012,1
gmane.comp.lang.prothon.user,4,200,en,100.0,100.0,2004,2004,1
gmane.comp.hardware.microcontrollers.avr.general,4,200,fr,75.0,25.0,2007,2010,2
gmane.comp.linux.ptp.user,4,200,en,100.0,100.0,2012,2018,1
gmane.comp.openoffice.users.dutch,4,200,nl,100.0,0.0,2005,2009,1
gmane.comp.video.videolan.libbluray.devel,4,200,ca,50.0,50.0,2012,2017,2
gmane.network.dhcp.isc.kea.user,4,200,en,100.0,100.0,2016,2017,1
gmane.science.medicine.emergency.flightmed,4,200,en,75.0,75.0,2005,2013,2
gmane.comp.lib.gnustep.general,4,200,en,100.0,100.0,2000,2001,1
gmane.comp.python.gis,4,200,en,100.0,100.0,2009,2012,1
gmane.comp.security.firewalls.fw1-gurus,4,200,en,100.0,100.0,2005,2008,1
gmane.comp.audio.midi.jsynthlib.devel,4,200,en,100.0,100.0,2006,2013,1
gmane.comp.lang.perl.golf,4,200,en,100.0,100.0,2003,2009,1
gmane.comp.lang.smalltalk.opencobalt,4,200,en,100.0,100.0,2010,2015,1
gmane.comp.video.info-inventor.devel,4,200,en,100.0,100.0,2007,2007,1
gmane.os.hurd.web.translators.polish,4,200,pl,50.0,50.0,2002,2004,2
gmane.comp.finance.quotesplus,4,200,en,100.0,100.0,2006,2008,1
gmane.comp.misc.translate.pootle,4,200,en,100.0,100.0,2010,2011,1
gmane.comp.video.videolan.libdvbpsi.devel,4,200,en,100.0,100.0,2012,2016,1
gmane.linux.redhat.release.seawolf,4,200,en,100.0,100.0,2002,2003,1
gmane.music.equipment.slimdevices.jive.scm,4,200,en,100.0,100.0,2008,2010,1
gmane.org.user-groups.linux.alug.technical,4,200,en,100.0,100.0,2007,2014,1
gmane.os.solaris.opencsw.user,4,200,en,100.0,100.0,2009,2016,1
gmane.comp.gis.openstreetmap.region.de.wuerzburg,4,200,de,100.0,0.0,2009,2013,1
gmane.comp.gnu.aspell.user,4,200,en,100.0,100.0,2002,2010,1
gmane.comp.lang.smalltalk.french,4,200,fr,75.0,25.0,2010,2012,2
gmane.linux.lfs.security,4,200,en,100.0,100.0,2003,2004,1
gmane.os.freebsd.jail,4,200,en,100.0,100.0,2009,2016,1
gmane.comp.distributed.condor.devel,4,200,en,100.0,100.0,2006,2016,1
gmane.org.osaf.general,4,200,en,100.0,100.0,2007,2007,1
gmane.comp.emulators.virtio.committee,4,200,en,100.0,100.0,2014,2019,1
gmane.comp.lang.scala.specs2.user,4,200,en,100.0,100.0,2012,2015,1
gmane.linux.suse.m17n,4,200,en,100.0,100.0,2002,2005,1
gmane.os.netbsd.ports.evbmips,4,200,en,100.0,100.0,2004,2015,1
gmane.comp.gnome.apps.taxbird.user,4,200,de,100.0,0.0,2005,2013,1
gmane.comp.lang.perl.perl-mongers.madrid,4,200,es,100.0,0.0,2010,2017,1
gmane.comp.php.internationalization,4,200,en,100.0,100.0,2004,2008,1
gmane.comp.python.pythoncard,4,200,en,100.0,100.0,2004,2011,1
gmane.comp.audio.mp3.encoders,3,150,en,100.0,100.0,2003,2014,1
gmane.comp.cms.xaraya.user.german,3,150,de,66.7,33.3,2003,2004,2
gmane.comp.compression.lzip.bugs,3,150,en,66.7,66.7,2012,2014,2
gmane.comp.debugging.ltrace.devel,3,150,en,100.0,100.0,2010,2015,1
gmane.comp.emulators.xen.xenserver,3,150,en,100.0,100.0,2015,2017,1
gmane.comp.games.gnocatan.devel,3,150,en,66.7,66.7,2005,2007,2
gmane.comp.gnome.apps.rygel,3,150,en,66.7,66.7,2012,2012,2
gmane.comp.gnu.solfege.devel,3,150,en,100.0,100.0,2010,2011,1
gmane.comp.hardware.avr.avra,3,150,en,100.0,100.0,2014,2015,1
gmane.comp.ide.eclipse.mylyn.integrators,3,150,en,100.0,100.0,2008,2008,1
gmane.comp.java.clojure.cascalog,3,150,en,66.7,66.7,2011,2017,2
gmane.comp.java.openjdk.website,3,150,en,100.0,100.0,2009,2011,1
gmane.comp.java.tapestry.cvs,3,150,en,100.0,100.0,2002,2003,1
gmane.comp.java.terracotta.devel,3,150,en,100.0,100.0,2007,2009,1
gmane.comp.lang.julia.stats,3,150,en,100.0,100.0,2013,2016,1
gmane.comp.lang.r.roxygen,3,150,en,100.0,100.0,2011,2012,1
gmane.comp.lang.swift.corelibs,3,150,en,100.0,100.0,2016,2017,1
gmane.comp.lib.phil,3,150,en,100.0,100.0,2002,2004,1
gmane.comp.mathematics.sage.gitworkflow,3,150,en,100.0,100.0,2013,2014,1
gmane.comp.monitoring.ganglia.devel,3,150,en,100.0,100.0,2009,2014,1
gmane.comp.mozilla.devel.mac,3,150,en,100.0,100.0,2002,2003,1
gmane.comp.mozilla.sync.devel,3,150,en,100.0,100.0,2013,2015,1
gmane.comp.openoffice.devel.localization,3,150,en,100.0,100.0,2005,2010,1
gmane.comp.python.django.pinax.user,3,150,en,100.0,100.0,2010,2011,1
gmane.comp.python.imdbpy,3,150,en,100.0,100.0,2007,2009,1
gmane.comp.python.pyogp,3,150,en,100.0,100.0,2008,2008,1
gmane.comp.python.whoosh,3,150,en,100.0,100.0,2012,2013,1
gmane.comp.security.ids.snort.inline,3,150,en,100.0,100.0,2005,2006,1
gmane.comp.sysutils.g4u.user,3,150,en,100.0,100.0,2006,2009,1
gmane.comp.video.lives.user,3,150,en,66.7,66.7,2007,2013,2
gmane.comp.web.laconica.devel,3,150,en,100.0,100.0,2008,2009,1
gmane.comp.window-managers.gwm.general,3,150,en,100.0,100.0,2006,2007,1
gmane.comp.window-managers.larswm.devel,3,150,en,33.3,33.3,2011,2016,3
gmane.comp.windows.gnu.user,3,150,en,66.7,66.7,2006,2007,2
gmane.editors.lyx.spanish,3,150,es,33.3,33.3,2014,2017,3
gmane.education.open-source,3,150,en,100.0,100.0,2013,2016,1
gmane.education.small-land,3,150,es,100.0,0.0,2004,2004,1
gmane.ietf.websec,3,150,en,100.0,100.0,2011,2017,1
gmane.linux.debian.alioth.maemo.maint,3,150,en,100.0,100.0,2009,2012,1
gmane.linux.distributions.openfiler.user,3,150,en,100.0,100.0,2006,2008,1
gmane.linux.gentoo.python,3,150,en,100.0,100.0,2012,2013,1
gmane.linux.mandrake.livecd.user,3,150,en,100.0,100.0,2004,2005,1
gmane.network.dns.powerdns.devel,3,150,en,100.0,100.0,2011,2016,1
gmane.network.netdisco.user,3,150,en,100.0,100.0,2014,2017,1
gmane.org.clubs.lasc,3,150,en,100.0,100.0,2004,2006,1
gmane.org.user-groups.linux.gnhlug.announce,3,150,en,100.0,100.0,2004,2012,1
gmane.os.midnightbsd.user,3,150,UNKNOWN,100.0,0.0,2011,2011,1
gmane.os.netbsd.ports.prep,3,150,en,100.0,100.0,2005,2018,1
gmane.science.mathematics.frogs,3,150,en,100.0,100.0,2005,2007,1
gmane.comp.apache.mime4j.devel,3,150,en,100.0,100.0,2012,2014,1
gmane.comp.apache.openoffice.doc,3,150,en,100.0,100.0,2015,2015,1
gmane.comp.bios.libreboot,3,150,en,100.0,100.0,2015,2016,1
gmane.comp.documentation.synopsis,3,150,en,100.0,100.0,2007,2008,1
gmane.comp.emulators.vmware.tools.devel,3,150,en,100.0,100.0,2008,2014,1
gmane.comp.gis.grass.gui,3,150,en,100.0,100.0,2002,2007,1
gmane.comp.groupware.mira.devel,3,150,en,100.0,100.0,2007,2010,1
gmane.comp.java.kuali.rice.general,3,150,en,100.0,100.0,2008,2008,1
gmane.comp.java.openjdk.javadoc.devel,3,150,en,100.0,100.0,2017,2019,1
gmane.comp.lang.r.linguistics,3,150,en,100.0,100.0,2008,2013,1
gmane.comp.lib.qt.qt5-feedback,3,150,en,100.0,100.0,2011,2011,1
gmane.comp.monitoring.frysk.general,3,150,en,100.0,100.0,2007,2008,1
gmane.comp.mozilla.devel.nspr,3,150,en,100.0,100.0,2003,2006,1
gmane.comp.mozilla.devel.privacy,3,150,en,66.7,66.7,2015,2019,2
gmane.comp.php.documentation.windows,3,150,en,66.7,66.7,2002,2005,2
gmane.comp.php.zend.framework.documentation,3,150,en,100.0,100.0,2007,2008,1
gmane.comp.python.imdbpy.user,3,150,en,100.0,100.0,2017,2017,1
gmane.comp.python.tracker.user,3,150,en,100.0,100.0,2011,2018,1
gmane.comp.science.graph.graph-tool.bugs,3,150,en,100.0,100.0,2009,2012,1
gmane.comp.search.snowball,3,150,en,100.0,100.0,2001,2012,1
gmane.comp.sysutils.backup.backuppc.devel,3,150,en,100.0,100.0,2007,2010,1
gmane.comp.tex.fonts,3,150,en,100.0,100.0,2005,2011,1
gmane.comp.tex.latex.beamer.general,3,150,en,100.0,100.0,2005,2009,1
gmane.comp.text.citeulike.general,3,150,en,100.0,100.0,2005,2007,1
gmane.comp.version-control.cvs.test-results,3,150,en,100.0,100.0,2005,2005,1
gmane.comp.web.nikola,3,150,en,100.0,100.0,2014,2018,1
gmane.comp.web.wiki.instiki.user,3,150,en,100.0,100.0,2006,2008,1
gmane.comp.window-managers.qtile,3,150,en,66.7,66.7,2012,2013,2
gmane.emacs.aquamacs.devel,3,150,en,100.0,100.0,2013,2015,1
gmane.emacs.xemacs.windows,3,150,en,33.3,33.3,2003,2004,3
gmane.linux.debian.user.offtopic,3,150,en,66.7,66.7,2011,2015,2
gmane.lisp.web,3,150,en,100.0,100.0,2003,2008,1
gmane.music.list-for-whoever,3,150,en,100.0,100.0,2004,2005,1
gmane.network.etherlab.user,3,150,en,100.0,100.0,2011,2013,1
gmane.network.guarddog,3,150,en,66.7,66.7,2003,2010,2
gmane.org.freeculture.uk,3,150,en,100.0,100.0,2006,2008,1
gmane.org.fsf.italy,3,150,it,100.0,0.0,2011,2013,1
gmane.org.netlabs.xworkplace.devel,3,150,en,100.0,100.0,2005,2006,1
gmane.org.region.usa.cdp.puna.participants,3,150,en,100.0,100.0,2008,2013,1
gmane.os.freebsd.devel.isdn,3,150,en,100.0,100.0,2002,2007,1
gmane.recreation.humor.anekdot.ru,3,150,ru,100.0,0.0,2011,2018,1
gmane.recreation.radio.hardware.uniden.bc245xlt,3,150,en,100.0,100.0,2004,2004,1
gmane.science.biology.xplor-nih.general,3,150,en,100.0,100.0,2003,2013,1
gmane.comp.apache.avro.user,3,150,en,100.0,100.0,2013,2016,1
gmane.comp.apache.incubator.ranger.scm,3,150,en,33.3,33.3,2016,2018,3
gmane.comp.audio.madman.general,3,150,en,100.0,100.0,2003,2008,1
gmane.comp.audio.oss.devel,3,150,en,100.0,100.0,2008,2009,1
gmane.comp.db.mysql.announce,3,150,en,100.0,100.0,2009,2015,1
gmane.comp.db.oracle.devel,3,150,en,100.0,100.0,2003,2003,1
gmane.comp.db.postgresql.pgcluster,3,150,en,100.0,100.0,2007,2007,1
gmane.comp.devicetree.compiler,3,150,en,100.0,100.0,2017,2018,1
gmane.comp.emulators.wine.wineconf,3,150,en,100.0,100.0,2006,2015,1
gmane.comp.gnu.gpaint.devel,3,150,en,100.0,100.0,2005,2006,1
gmane.comp.handhelds.meego.qa,3,150,en,100.0,100.0,2011,2011,1
gmane.comp.hardware.texas-instruments.msp430.gcc.cvs,3,150,en,100.0,100.0,2003,2005,1
gmane.comp.java.dropwizard.devel,3,150,en,100.0,100.0,2014,2015,1
gmane.comp.java.xfire.cvs,3,150,UNKNOWN,100.0,0.0,2006,2007,1
gmane.comp.lang.mozart.oz.hackers,3,150,en,66.7,66.7,2006,2011,2
gmane.comp.lang.netlogo.devel,3,150,en,100.0,100.0,2014,2017,1
gmane.comp.lang.ruby.documentation,3,150,en,100.0,100.0,2006,2008,1
gmane.comp.ldap.lam.general,3,150,en,100.0,100.0,2018,2019,1
gmane.comp.lib.gnulib.cvs,3,150,en,100.0,100.0,2004,2006,1
gmane.comp.lib.gnustep.webmasters,3,150,en,66.7,66.7,2001,2005,2
gmane.comp.lib.hpx.user,3,150,en,100.0,100.0,2014,2017,1
gmane.comp.python.db.pypgsql.user,3,150,en,100.0,100.0,2002,2004,1
gmane.comp.python.tryton.catalan,3,150,ca,66.7,33.3,2013,2015,2
gmane.comp.security.firewalls.psad.general,3,150,en,100.0,100.0,2009,2014,1
gmane.comp.telephony.pbx.asterisk.video,3,150,en,66.7,66.7,2009,2018,2
gmane.comp.tex.texinfo.pretest,3,150,en,100.0,100.0,1999,2001,1
gmane.comp.version-control.subversion.websvn.devel,3,150,en,100.0,100.0,2008,2010,1
gmane.comp.web.paste.user,3,150,en,100.0,100.0,2008,2011,1
gmane.comp.web.zope.internationalization,3,150,en,100.0,100.0,2005,2005,1
gmane.comp.windows.dotnet.nhibernate.fluentnhibernate,3,150,en,100.0,100.0,2011,2014,1
gmane.comp.windows.dotnet.nunit.cvs,3,150,en,100.0,100.0,2008,2009,1
gmane.culture.bicycle.shift.mdb.idf,3,150,fr,100.0,0.0,2015,2016,1
gmane.culture.internet.goldstein-news,3,150,en,100.0,100.0,2003,2005,1
gmane.emacs.jabber.general,3,150,en,100.0,100.0,2005,2014,1
gmane.games.speed-dreams.user,3,150,en,100.0,100.0,2011,2015,1
gmane.ietf.rmonmib,3,150,en,100.0,100.0,2004,2006,1
gmane.linux.debian.alioth.pkg-crosswire,3,150,en,100.0,100.0,2011,2014,1
gmane.linux.redhat.fedora.security,3,150,en,100.0,100.0,2007,2015,1
gmane.linux.redhat.security.lspp,3,150,en,100.0,100.0,2006,2006,1
gmane.linux.terminal-server.devel,3,150,en,100.0,100.0,2004,2008,1
gmane.mail.gotmail,3,150,en,100.0,100.0,2003,2005,1
gmane.network.jabber.delta-affinix,3,150,en,100.0,100.0,2012,2016,1
gmane.network.jabber.exodus.user,3,150,en,100.0,100.0,2004,2004,1
gmane.org.user-groups.linux.alslug.misc,3,150,da,66.7,0.0,2007,2008,2
gmane.org.user-groups.linux.koeln,3,150,de,100.0,0.0,2007,2008,1
gmane.org.w3c.html.public,3,150,en,66.7,66.7,2010,2012,2
gmane.org.w3c.webperf,3,150,en,100.0,100.0,2014,2015,1
gmane.os.dragonfly-bsd.submit,3,150,en,100.0,100.0,2014,2016,1
gmane.politics.comp.cryptome,3,150,en,100.0,100.0,2014,2015,1
gmane.user-groups.linux.ustclug,3,150,zh-cn,66.7,0.0,2016,2018,2
gmane.comp.corba.mico.devel,3,150,en,100.0,100.0,2006,2009,1
gmane.comp.file-systems.camlistore,3,150,en,100.0,100.0,2014,2015,1
gmane.comp.gnome.apps.pan.devel,3,150,en,100.0,100.0,2006,2010,1
gmane.comp.gnome.gal.hackers,3,150,en,33.3,33.3,2004,2004,3
gmane.comp.gnome.mono.cecil,3,150,en,100.0,100.0,2007,2012,1
gmane.comp.gnu.libtasn1.scm,3,150,en,100.0,100.0,2012,2014,1
gmane.comp.handhelds.palm.jmileage.user,3,150,en,66.7,66.7,2009,2010,2
gmane.comp.ide.eclipse.eclipseme.user,3,150,en,66.7,66.7,2006,2007,2
gmane.comp.java.cargo.user,3,150,en,100.0,100.0,2006,2010,1
gmane.comp.java.keel.user,3,150,en,100.0,100.0,2003,2004,1
gmane.comp.java.testng.devel,3,150,en,100.0,100.0,2010,2019,1
gmane.comp.lang.alloy.general,3,150,en,100.0,100.0,2005,2007,1
gmane.comp.lang.haskell.diagrams,3,150,en,100.0,100.0,2014,2015,1
gmane.comp.lang.perl.modules.lucy.devel,3,150,en,100.0,100.0,2013,2015,1
gmane.comp.lang.smalltalk.squeak.seaside.devel,3,150,en,66.7,66.7,2015,2017,2
gmane.comp.lang.uml.argouml.user,3,150,en,100.0,100.0,2005,2008,1
gmane.comp.lib.agar.scm,3,150,en,100.0,100.0,2009,2019,1
gmane.comp.misc.free-software-business,3,150,en,100.0,100.0,2002,2003,1
gmane.comp.mozilla.devel.prefs,3,150,da,33.3,33.3,2002,2005,3
gmane.comp.python.zope.coreblog.english,3,150,en,100.0,100.0,2006,2006,1
gmane.comp.security.langsec,3,150,en,100.0,100.0,2014,2015,1
gmane.comp.sysutils.bitbake.devel,3,150,en,100.0,100.0,2007,2019,1
gmane.comp.video.gegl.devel,3,150,en,100.0,100.0,2010,2014,1
gmane.comp.video.pitivi.general,3,150,en,100.0,100.0,2008,2010,1
gmane.comp.web.links.list,3,150,en,100.0,100.0,2004,2008,1
gmane.comp.web.pixory,3,150,en,100.0,100.0,2003,2003,1
gmane.culture.language.tokipona,3,150,en,66.7,66.7,2008,2008,2
gmane.emacs.matlab-mode.user,3,150,en,100.0,100.0,2017,2019,1
gmane.games.quake2.icculus,3,150,en,66.7,66.7,2002,2005,2
gmane.ietf.rddp,3,150,en,100.0,100.0,2003,2005,1
gmane.linux.comprehensive-system-accounting,3,150,en,100.0,100.0,2005,2006,1
gmane.linux.debian.devel.phototools,3,150,en,100.0,100.0,2008,2009,1
gmane.linux.drivers.freebob.devel,3,150,en,100.0,100.0,2007,2008,1
gmane.linux.linuxfr.announce,3,150,fr,100.0,0.0,2010,2017,1
gmane.linux.slackware.slapt-get.user,3,150,en,100.0,100.0,2004,2012,1
gmane.linux.utilities.smartmontools.database,3,150,en,100.0,100.0,2008,2017,1
gmane.lisp.cl-pro,3,150,en,100.0,100.0,2011,2017,1
gmane.mail.cvs-syncmail.general,3,150,en,100.0,100.0,2007,2018,1
gmane.org.netlabs.odin.user,3,150,en,100.0,100.0,2005,2007,1
gmane.org.openrightsgroup.general,3,150,en,100.0,100.0,2014,2016,1
gmane.org.user-groups.linux.bengaluru,3,150,en,100.0,100.0,2009,2012,1
gmane.os.netbsd.ports.amiga,3,150,en,100.0,100.0,2002,2004,1
gmane.science.biology.methods-reagents,3,150,en,100.0,100.0,2010,2011,1
gmane.science.linguistics.wikipedia.nederlands,3,150,nl,66.7,0.0,2003,2007,2
gmane.technology.rocketry.altusmetrum,3,150,en,100.0,100.0,2016,2018,1
gmane.text.xml.xsl.general,3,150,en,100.0,100.0,2002,2003,1
gmane.comp.apache.commons.general,3,150,en,66.7,66.7,2005,2009,2
gmane.comp.apache.mod-proxy,3,150,en,66.7,66.7,2002,2004,2
gmane.comp.embedded.canopen.canfestival,3,150,en,100.0,100.0,2008,2012,1
gmane.comp.games.clanlib.general,3,150,en,100.0,100.0,2005,2006,1
gmane.comp.gis.qlandkartegt.user,3,150,en,100.0,100.0,2015,2016,1
gmane.comp.gnome.apps.planner.user,3,150,en,100.0,100.0,2004,2010,1
gmane.comp.gnu.gift.snakecharmer.bugs,3,150,en,100.0,100.0,2005,2006,1
gmane.comp.gnu.libmicrohttpd,3,150,en,100.0,100.0,2014,2018,1
gmane.comp.handhelds.palm.lifedrive,3,150,en,100.0,100.0,2006,2007,1
gmane.comp.hci.experiencedesign,3,150,en,100.0,100.0,2004,2006,1
gmane.comp.ide.eclipse.cdt.core.devel,3,150,en,100.0,100.0,2006,2010,1
gmane.comp.java.beanshell.devel,3,150,en,100.0,100.0,2004,2006,1
gmane.comp.java.jdbm.devel,3,150,en,66.7,66.7,2011,2014,2
gmane.comp.java.springframework.acegisecurity.devel,3,150,en,100.0,100.0,2004,2005,1
gmane.comp.lang.javascript.vega,3,150,en,100.0,100.0,2017,2018,1
gmane.comp.lang.nice.cvs,3,150,en,100.0,100.0,2003,2004,1
gmane.comp.lang.r.zelig,3,150,en,100.0,100.0,2009,2014,1
gmane.comp.lib.libchipcard.devel,3,150,de,66.7,33.3,2003,2011,2
gmane.comp.mozilla.devel.jseng.internals,3,150,en,100.0,100.0,2013,2017,1
gmane.comp.mozilla.fxa.devel,3,150,en,100.0,100.0,2014,2015,1
gmane.comp.openoffice.announce.cws,3,150,en,100.0,100.0,2009,2011,1
gmane.comp.php.phptal.general,3,150,en,100.0,100.0,2008,2011,1
gmane.comp.programming.creduce.devel,3,150,en,100.0,100.0,2012,2013,1
gmane.comp.python.pyjs.user,3,150,en,100.0,100.0,2012,2013,1
gmane.comp.security.intrusions,3,150,en,100.0,100.0,2004,2005,1
gmane.comp.sysutils.backup.obnam,3,150,en,66.7,66.7,2011,2014,2
gmane.comp.tex.linguistics,3,150,en,100.0,100.0,2006,2011,1
gmane.comp.version-control.arch.devel,3,150,en,66.7,66.7,2005,2005,2
gmane.comp.video.linux.movies,3,150,en,100.0,100.0,2004,2007,1
gmane.comp.video.schroedinger.devel,3,150,en,100.0,100.0,2009,2012,1
gmane.comp.web.oscommerce.devel,3,150,en,100.0,100.0,2002,2003,1
gmane.comp.web.zope.zodb.dirstorage,3,150,en,100.0,100.0,2004,2008,1
gmane.games.devel.pipmak.devel,3,150,en,100.0,100.0,2007,2008,1
gmane.ietf.ops,3,150,en,100.0,100.0,2008,2014,1
gmane.ietf.pana,3,150,en,100.0,100.0,2006,2006,1
gmane.linux.altlinux.community.talk-room,3,150,ru,100.0,0.0,2005,2005,1
gmane.linux.debian.user.danish,3,150,da,66.7,0.0,2003,2013,2
gmane.linux.kernel.adeos.general,3,150,en,100.0,100.0,2007,2010,1
gmane.linux.stp,3,150,en,100.0,100.0,2007,2007,1
gmane.linux.suse.opensuse.contrib,3,150,en,100.0,100.0,2011,2012,1
gmane.mail.the-bat.french,3,150,fr,100.0,0.0,2005,2008,1
gmane.science.linguistics.wikipedia.japanese,3,150,ja,100.0,0.0,2012,2018,1
gmane.comp.db.postgresql.pgpool.devel,3,150,en,66.7,66.7,2010,2011,2
gmane.comp.desktop.xfce.goodies.devel,3,150,en,100.0,100.0,2004,2006,1
gmane.comp.encryption.kerberos.windows.devel,3,150,en,100.0,100.0,2007,2012,1
gmane.comp.gis.roadmap.general,3,150,en,100.0,100.0,2008,2009,1
gmane.comp.ide.eclipse.tycho.devel,3,150,en,100.0,100.0,2015,2019,1
gmane.comp.jakarta.ftpserver.cvs,3,150,en,100.0,100.0,2006,2007,1
gmane.comp.java.joda-time.user,3,150,en,100.0,100.0,2006,2009,1
gmane.comp.java.tapestry.devel,3,150,en,100.0,100.0,2002,2002,1
gmane.comp.lang.dart.angular,3,150,en,100.0,100.0,2014,2014,1
gmane.comp.lang.haskell.pipes,3,150,en,100.0,100.0,2013,2013,1
gmane.comp.lib.vmtk.user,3,150,en,100.0,100.0,2009,2013,1
gmane.comp.multimedia.dmsdk,3,150,en,100.0,100.0,2007,2007,1
gmane.comp.php.phpunit.user,3,150,en,100.0,100.0,2009,2012,1
gmane.comp.python.django.internationalization.portuguese,3,150,en,66.7,66.7,2008,2010,2
gmane.comp.security.denyhosts.user,3,150,en,100.0,100.0,2007,2010,1
gmane.comp.tex.live.debian,3,150,en,100.0,100.0,2006,2006,1
gmane.comp.tex.music,3,150,en,100.0,100.0,2011,2016,1
gmane.comp.tools.mdocml.user,3,150,en,100.0,100.0,2010,2015,1
gmane.comp.tv.freeguide-tv.user,3,150,en,100.0,100.0,2005,2008,1
gmane.comp.video.gephex.user,3,150,en,100.0,100.0,2004,2008,1
gmane.comp.web.chromium.security.devel,3,150,en,100.0,100.0,2014,2018,1
gmane.comp.web.smil,3,150,en,66.7,66.7,2002,2007,2
gmane.editors.nano.general,3,150,en,100.0,100.0,2003,2005,1
gmane.games.devel.scumm.scummc.general,3,150,UNKNOWN,33.3,33.3,2007,2011,3
gmane.games.igaming,3,150,en,100.0,100.0,2007,2008,1
gmane.ietf.tewg,3,150,en,100.0,100.0,2002,2005,1
gmane.linux.arklinux.bugs,3,150,en,100.0,100.0,2003,2004,1
gmane.linux.drivers.at76c503a.user,3,150,en,100.0,100.0,2003,2004,1
gmane.linux.kernel.dkms.devel,3,150,en,100.0,100.0,2006,2009,1
gmane.linux.lfs.cross,3,150,en,100.0,100.0,2006,2006,1
gmane.linux.mepis.devel,3,150,en,100.0,100.0,2005,2005,1
gmane.linux.ports.x8086,3,150,en,100.0,100.0,2002,2017,1
gmane.linux.redhat.xfree86,3,150,en,100.0,100.0,2003,2003,1
gmane.lisp.common-lisp-net.devel,3,150,en,100.0,100.0,2007,2011,1
gmane.network.netsaint.user,3,150,en,66.7,66.7,2002,2003,2
gmane.network.ripe.dns,3,150,en,100.0,100.0,2015,2015,1
gmane.org.netlabs.libc.user,3,150,en,100.0,100.0,2006,2010,1
gmane.org.user-groups.dfri,3,150,sv,100.0,0.0,2013,2014,1
gmane.os.netbsd.ports.ofppc,3,150,en,100.0,100.0,2006,2014,1
gmane.user-groups.foss.mes-fsug,3,150,en,66.7,66.7,2011,2012,2
gmane.comp.audio.easytag.general,3,150,en,100.0,100.0,2007,2015,1
gmane.comp.encryption.guardian.devel,3,150,en,100.0,100.0,2014,2016,1
gmane.comp.gnome.performance,3,150,en,100.0,100.0,2005,2006,1
gmane.comp.ide.eclipse.jetty.devel,3,150,en,100.0,100.0,2014,2016,1
gmane.comp.ide.eclipse.spindle.user,3,150,en,100.0,100.0,2005,2011,1
gmane.comp.java.classpath.extensions.crypto,3,150,en,66.7,66.7,2002,2006,2
gmane.comp.java.openjdk.jmx.devel,3,150,en,100.0,100.0,2013,2017,1
gmane.comp.java.zebra.devel,3,150,af,33.3,0.0,2005,2005,3
gmane.comp.kde.extra-gear,3,150,en,66.7,66.7,2003,2010,2
gmane.comp.kde.internationalization.hebrew,3,150,en,66.7,66.7,2004,2006,2
gmane.comp.kde.kiosk,3,150,en,100.0,100.0,2003,2005,1
gmane.comp.lang.javascript.prototype.window,3,150,en,100.0,100.0,2007,2007,1
gmane.comp.lang.r.db,3,150,en,100.0,100.0,2010,2012,1
gmane.comp.lib.mpfr.general,3,150,en,100.0,100.0,2009,2017,1
gmane.comp.openoffice.hebrew,3,150,en,100.0,100.0,2004,2008,1
gmane.comp.python.security,3,150,en,100.0,100.0,2016,2016,1
gmane.comp.security.nessus.devel,3,150,en,100.0,100.0,2003,2005,1
gmane.comp.video.xine.codec.devel,3,150,en,100.0,100.0,2004,2005,1
gmane.comp.web.rdf.redland.scm,3,150,en,100.0,100.0,2009,2010,1
gmane.linux.file-systems.ntfs.user,3,150,en,100.0,100.0,2004,2010,1
gmane.linux.gentoo.documentation.spanish,3,150,es,66.7,33.3,2005,2006,2
gmane.lisp.ltk.user,3,150,en,100.0,100.0,2006,2011,1
gmane.mail.nail.devel,3,150,en,100.0,100.0,2005,2007,1
gmane.mail.spam.crm114.devel,3,150,en,100.0,100.0,2006,2013,1
gmane.network.protocols.alljoyn.core,3,150,en,100.0,100.0,2016,2016,1
gmane.org.region.romania.tic-lobby,3,150,ro,66.7,33.3,2007,2007,2
gmane.recreation.radio.hardware.uniden.bc785d,3,150,en,100.0,100.0,2003,2005,1
gmane.text.xml.soap.devel,3,150,en,100.0,100.0,2002,2002,1
gmane.comp.apache.logging,3,150,en,100.0,100.0,2005,2012,1
gmane.comp.distributed-net.hardware,3,150,en,100.0,100.0,2004,2007,1
gmane.comp.education.sugar.live,3,150,en,66.7,66.7,2010,2014,2
gmane.comp.graphics.y.devel,3,150,en,66.7,66.7,2004,2004,2
gmane.comp.java.jcontainer.interest,3,150,en,100.0,100.0,2003,2004,1
gmane.comp.lang.ml.polyml.general,3,150,en,100.0,100.0,2014,2016,1
gmane.comp.misc.crysol,3,150,es,100.0,0.0,2005,2011,1
gmane.comp.programming.extreme-programming.databases.agile,3,150,en,100.0,100.0,2007,2010,1
gmane.comp.security.rfid.llrp.toolkit.devel,3,150,en,100.0,100.0,2007,2011,1
gmane.comp.standards.open311,3,150,en,100.0,100.0,2011,2012,1
gmane.comp.tools.radare,3,150,en,100.0,100.0,2007,2013,1
gmane.comp.video.motion.user,3,150,en,100.0,100.0,2016,2019,1
gmane.games.rpg.alar.rpg,3,150,it,100.0,0.0,2006,2006,1
gmane.linux.drivers.pwc,3,150,en,100.0,100.0,2005,2009,1
gmane.linux.embedded.celinux.devel,3,150,en,100.0,100.0,2012,2013,1
gmane.linux.lvm.cvs,3,150,en,100.0,100.0,2002,2003,1
gmane.linux.ubuntu.announce,3,150,en,100.0,100.0,2005,2017,1
gmane.linux.ubuntu.translators.ta,3,150,ta,66.7,33.3,2009,2012,2
gmane.lisp.scheme.larceny.user,3,150,en,100.0,100.0,2007,2009,1
gmane.network.grenouille.scm,3,150,en,100.0,100.0,2013,2014,1
gmane.network.irc.ngircd,3,150,en,66.7,66.7,2002,2004,2
gmane.network.wireless.cu-wireless,3,150,en,100.0,100.0,2004,2008,1
gmane.network.wireless.radiotap,3,150,en,100.0,100.0,2007,2013,1
gmane.org.dmca-activists,3,150,en,100.0,100.0,2002,2004,1
gmane.org.freifunk.wlantalk,3,150,de,66.7,0.0,2014,2017,2
gmane.org.operators.tuna.mirrors,3,150,it,33.3,0.0,2012,2013,3
gmane.org.snowdrift.design,3,150,en,100.0,100.0,2015,2016,1
gmane.org.user-groups.linux.ehu.itsas,3,150,es,100.0,0.0,2009,2012,1
gmane.os.miros.mksh,3,150,en,100.0,100.0,2015,2018,1
gmane.comp.cms.wyona.devel,3,150,en,100.0,100.0,2003,2003,1
gmane.comp.db.couchdb.couchapp.general,3,150,en,100.0,100.0,2010,2011,1
gmane.comp.gnu.gnash.devel,3,150,en,100.0,100.0,2006,2014,1
gmane.comp.hardware.openrisc,3,150,en,100.0,100.0,2012,2012,1
gmane.comp.lang.c++.odb.user,3,150,en,100.0,100.0,2014,2015,1
gmane.comp.lang.elm.devel,3,150,en,100.0,100.0,2016,2017,1
gmane.comp.lang.perl.fun,3,150,en,100.0,100.0,2003,2006,1
gmane.comp.lang.smalltalk.squeak.webteam,3,150,en,100.0,100.0,2007,2008,1
gmane.comp.lib.libopencm3,3,150,en,100.0,100.0,2012,2016,1
gmane.comp.php.phpdocumentor.general,3,150,en,100.0,100.0,2007,2015,1
gmane.comp.security.vulnerabilities.watch.announce,3,150,en,100.0,100.0,2004,2004,1
gmane.comp.sysutils.likewise.general,3,150,en,100.0,100.0,2008,2008,1
gmane.editors.lyx.japanese,3,150,UNKNOWN,66.7,0.0,2010,2016,2
gmane.education.misc.noragging,3,150,en,100.0,100.0,2005,2011,1
gmane.games.diplomacy.worldmasters.results.wm2002,3,150,en,100.0,100.0,2004,2004,1
gmane.linux.c1,3,150,en,100.0,100.0,2006,2007,1
gmane.linux.debian.devel.dictionary,3,150,ro,33.3,0.0,2005,2005,3
gmane.linux.highavailability.ultramonkey,3,150,en,100.0,100.0,2005,2007,1
gmane.linux.ipv6.usagi.users,3,150,en,100.0,100.0,2003,2004,1
gmane.linux.redhat.fedora.configuration,3,150,en,100.0,100.0,2004,2005,1
gmane.lisp.scheme.bigloo,3,150,en,100.0,100.0,2010,2019,1
gmane.mail.imap.courier.sqwebmail,3,150,en,100.0,100.0,2006,2008,1
gmane.network.thin-clients.openthinclient.user,3,150,en,100.0,100.0,2010,2013,1
gmane.org.user-groups.linux.bxlug.devel,3,150,fr,66.7,0.0,2004,2005,2
gmane.org.user-groups.linux.fortwaynelug,3,150,en,100.0,100.0,2006,2010,1
gmane.org.user-groups.openmoko.spain,3,150,es,100.0,0.0,2009,2009,1
gmane.os.netbsd.devel.pkgsrc.wip.review,3,150,en,100.0,100.0,2006,2009,1
gmane.science.analysis.notiamca,3,150,es,66.7,33.3,2008,2012,2
gmane.sports.autoracing.f1-racing,3,150,en,100.0,100.0,2007,2007,1
gmane.comp.cms.oscom,3,150,en,66.7,66.7,2002,2006,2
gmane.comp.erp.openbravo.devel,3,150,en,100.0,100.0,2009,2010,1
gmane.comp.file-systems.mogilefs,3,150,en,100.0,100.0,2007,2008,1
gmane.comp.handhelds.replicant.devel,3,150,en,100.0,100.0,2016,2019,1
gmane.comp.kde.devel.kommander.general,3,150,en,100.0,100.0,2004,2008,1
gmane.comp.parsers.antlr.devel,3,150,en,100.0,100.0,2010,2011,1
gmane.comp.python.idle,3,150,en,100.0,100.0,2002,2013,1
gmane.comp.web.sql-ledger.user,3,150,en,100.0,100.0,2002,2006,1
gmane.emacs.python-mode,3,150,en,66.7,66.7,2009,2013,2
gmane.games.devel.opengl,3,150,en,100.0,100.0,2002,2003,1
gmane.ietf.hip,3,150,en,100.0,100.0,2014,2016,1
gmane.linux.distributions.64studio,3,150,en,100.0,100.0,2007,2008,1
gmane.linux.ports.ppc.mol.general,3,150,en,100.0,100.0,2003,2006,1
gmane.linux.redhat.general.german,3,150,de,100.0,0.0,2004,2004,1
gmane.linux.suse.ppc,3,150,en,66.7,66.7,2003,2006,2
gmane.linux.ubuntu.devel.distributed,3,150,en,100.0,100.0,2009,2010,1
gmane.linux.ubuntu.devel.x,3,150,en,100.0,100.0,2009,2012,1
gmane.mail.djigzo.user,3,150,en,100.0,100.0,2010,2015,1
gmane.network.ibrdtn,3,150,en,100.0,100.0,2014,2014,1
gmane.org.osaf.chandler.user,3,150,en,100.0,100.0,2008,2009,1
gmane.os.haiku.web,3,150,en,100.0,100.0,2011,2018,1
gmane.os.pcbsd.translations,3,150,en,100.0,100.0,2009,2012,1
gmane.os.sharpos.devel,3,150,en,100.0,100.0,2007,2008,1
gmane.science.biology.informatics.base.users,3,150,en,100.0,100.0,2007,2009,1
gmane.user-groups.linux.linuxfestnorthwest,3,150,en,100.0,100.0,2012,2017,1
gmane.comp.apache.directory.api,3,150,en,100.0,100.0,2015,2016,1
gmane.comp.audio.mad.devel,3,150,en,100.0,100.0,2002,2006,1
gmane.comp.gis.openstreetmap.region.de.niederbayern,3,150,de,100.0,0.0,2011,2016,1
gmane.comp.gnome.beast,3,150,en,100.0,100.0,2006,2018,1
gmane.comp.gnu.config.patches,3,150,en,100.0,100.0,2015,2018,1
gmane.comp.handhelds.android.acra,3,150,en,100.0,100.0,2012,2016,1
gmane.comp.java.wadi.cvs,3,150,en,66.7,66.7,2005,2006,2
gmane.comp.lang.perl.perl-mongers.kiev,3,150,ru,100.0,0.0,2012,2017,1
gmane.comp.lang.smalltalk.croquet.devel,3,150,en,100.0,100.0,2005,2007,1
gmane.comp.lib.mongoose,3,150,en,100.0,100.0,2013,2014,1
gmane.comp.linux.papi,3,150,en,100.0,100.0,2014,2015,1
gmane.comp.micro-kernel.adeos.general,3,150,en,66.7,66.7,2006,2006,2
gmane.comp.multimedia.matroska.user,3,150,en,100.0,100.0,2004,2007,1
gmane.comp.multimedia.ogg.theora.devel,3,150,en,100.0,100.0,2003,2008,1
gmane.comp.programming.splint.general,3,150,en,100.0,100.0,2008,2010,1
gmane.comp.python.simpy.user,3,150,en,100.0,100.0,2008,2014,1
gmane.comp.sysutils.staf.user,3,150,en,100.0,100.0,2009,2014,1
gmane.comp.telephony.ooh323.c,3,150,en,100.0,100.0,2005,2006,1
gmane.comp.video.videolan.libaacs.devel,3,150,en,100.0,100.0,2010,2015,1
gmane.comp.web.proxomitron.russian,3,150,ru,100.0,0.0,2001,2003,1
gmane.comp.web.wiki.vqwiki,3,150,en,100.0,100.0,2004,2007,1
gmane.comp.web.zope.opencore.nightlies,3,150,en,100.0,100.0,2007,2007,1
gmane.ietf.tictoc,3,150,en,100.0,100.0,2011,2017,1
gmane.ietf.tsv-area,3,150,en,100.0,100.0,2010,2018,1
gmane.linux.debian.internationalization.turkish,3,150,en,66.7,66.7,2014,2019,2
gmane.linux.distributions.exherbo.devel,3,150,en,100.0,100.0,2008,2013,1
gmane.mail.the-bat.bayesit,3,150,ru,100.0,0.0,2004,2005,1
gmane.network.opendaylight.sfc.devel,3,150,en,100.0,100.0,2016,2018,1
gmane.network.socks.dante.general,3,150,en,100.0,100.0,2012,2015,1
gmane.os.netbsd.ports.m68k,3,150,en,100.0,100.0,2003,2012,1
gmane.os.solaris.opensolaris.userland,3,150,en,100.0,100.0,2011,2013,1
gmane.science.biology.gmod.schema,3,150,en,100.0,100.0,2008,2011,1
gmane.science.robotics.cob.user,3,150,en,100.0,100.0,2011,2011,1
gmane.text.xml.hessian.interest,3,150,en,100.0,100.0,2007,2010,1
gmane.user-groups.linux.glugcen.general,3,150,es,66.7,0.0,2010,2012,2
gmane.comp.compilers.free-pascal.social,3,150,en,100.0,100.0,2002,2016,1
gmane.comp.db.postgresql.pgbouncer.general,3,150,en,100.0,100.0,2010,2012,1
gmane.comp.gnome.apps.eog,3,150,en,100.0,100.0,2003,2012,1
gmane.comp.gnu.xboard.devel,3,150,en,100.0,100.0,2010,2014,1
gmane.comp.hardware.keyboards.layout.nordtast,3,150,de,100.0,0.0,2012,2017,1
gmane.comp.hardware.opencores.cores,3,150,en,100.0,100.0,2004,2007,1
gmane.comp.java.orm.simpleorm,3,150,en,100.0,100.0,2003,2009,1
gmane.comp.kde.devel.kommander.devel,3,150,en,100.0,100.0,2004,2008,1
gmane.comp.lang.smalltalk.squeak.magma,3,150,en,100.0,100.0,2009,2011,1
gmane.comp.lib.qt.ada.user,3,150,en,100.0,100.0,2009,2012,1
gmane.comp.openoffice.dba.user,3,150,en,100.0,100.0,2005,2010,1
gmane.comp.python.opencl,3,150,en,100.0,100.0,2011,2013,1
gmane.comp.sysutils.conserver.general,3,150,en,100.0,100.0,2005,2008,1
gmane.comp.window-managers.windowmaker.user,3,150,en,100.0,100.0,2012,2017,1
gmane.ietf.hubmib,3,150,en,100.0,100.0,2003,2007,1
gmane.linux.debian.devel.astronomy,3,150,en,100.0,100.0,2014,2019,1
gmane.mail.exmh.devel,3,150,en,100.0,100.0,2002,2002,1
gmane.music.jane-siberry,3,150,en,100.0,100.0,2002,2006,1
gmane.network.owncloud.devel,3,150,en,66.7,66.7,2016,2018,2
gmane.network.syndication.discuss,3,150,en,100.0,100.0,2003,2005,1
gmane.org.wikimedia.mediawiki.i18n,3,150,en,100.0,100.0,2009,2012,1
gmane.org.wikimedia.wikinews,3,150,en,100.0,100.0,2004,2015,1
gmane.os.freebsd.italian.traduzioni,3,150,it,100.0,0.0,2004,2005,1
gmane.os.openbeos.kernel.devel,3,150,en,100.0,100.0,2002,2007,1
gmane.science.nmr.relax.user,3,150,en,100.0,100.0,2012,2015,1
gmane.comp.cybernetics.webot.contest,3,150,en,66.7,66.7,2003,2008,2
gmane.comp.games.mud.devel,3,150,en,100.0,100.0,2004,2005,1
gmane.comp.isp.french.ovh.api,3,150,fr,66.7,33.3,2016,2018,2
gmane.comp.java.vm.sablevm.bugs,3,150,en,66.7,66.7,2004,2005,2
gmane.comp.lib.qt.qt4,3,150,en,100.0,100.0,2008,2009,1
gmane.comp.mozilla.devel.jseng.rhino,3,150,en,100.0,100.0,2008,2011,1
gmane.comp.statistics.dap.user,3,150,en,33.3,33.3,2004,2006,3
gmane.comp.xfree86.internationalization,3,150,en,100.0,100.0,2002,2004,1
gmane.culture.language.portuguese.translators,3,150,pt,100.0,0.0,2008,2008,1
gmane.emacs.xemacs.general,3,150,en,66.7,66.7,2002,2005,2
gmane.games.crokinole,3,150,en,100.0,100.0,2005,2009,1
gmane.linux.drivers.vlan,3,150,en,100.0,100.0,2004,2008,1
gmane.linux.redhat.kickstart,3,150,en,66.7,66.7,2005,2007,2
gmane.linux.slackware.armedslack,3,150,en,100.0,100.0,2010,2013,1
gmane.linux.tao.general,3,150,en,66.7,66.7,2004,2004,2
gmane.mail.im2000,3,150,en,100.0,100.0,2002,2005,1
gmane.mail.spam.greylist.user,3,150,en,100.0,100.0,2004,2006,1
gmane.network.ipv6.join,3,150,de,100.0,0.0,2007,2014,1
gmane.network.jabber.lib.xmpppy,3,150,en,100.0,100.0,2005,2013,1
gmane.org.user-groups.linux.linuxjournal,3,150,en,100.0,100.0,2009,2012,1
gmane.org.wikimedia.usa.dc,3,150,en,100.0,100.0,2011,2012,1
gmane.os.micrium,3,150,en,100.0,100.0,2005,2011,1
gmane.comp.bitcoin.btcd.scm,3,150,en,66.7,66.7,2014,2015,2
gmane.comp.cms.xaraya.scm,3,150,lt,100.0,0.0,2009,2010,1
gmane.comp.db.postgresql.ports,3,150,en,100.0,100.0,2006,2007,1
gmane.comp.emulators.sid.devel,3,150,en,100.0,100.0,2004,2016,1
gmane.comp.gis.openstreetmap.routing,3,150,en,100.0,100.0,2008,2015,1
gmane.comp.java.objectweb.jonas,3,150,en,66.7,66.7,2010,2011,2
gmane.comp.misc.nslu2.german,3,150,de,100.0,0.0,2005,2005,1
gmane.comp.multimedia.ogg.advocacy,3,150,en,100.0,100.0,2004,2007,1
gmane.comp.multimedia.webm.devel,3,150,en,100.0,100.0,2010,2015,1
gmane.comp.python.cryptography,3,150,en,100.0,100.0,2003,2008,1
gmane.comp.python.django.italian,3,150,it,66.7,33.3,2015,2016,2
gmane.comp.python.fab.user,3,150,en,100.0,100.0,2010,2015,1
gmane.comp.python.israel,3,150,en,100.0,100.0,2008,2010,1
gmane.comp.python.pyode.user,3,150,en,66.7,66.7,2007,2009,2
gmane.comp.time.chrony.user,3,150,en,100.0,100.0,2016,2018,1
gmane.comp.version-control.mercurial.mercurialeclipse,3,150,en,100.0,100.0,2008,2008,1
gmane.comp.version-control.subversion.rapidsvn.issues,3,150,en,100.0,100.0,2005,2007,1
gmane.comp.web.flash.swfdec,3,150,en,100.0,100.0,2008,2009,1
gmane.comp.web.mailmanager.devel,3,150,en,66.7,66.7,2009,2015,2
gmane.comp.web.maverick.general,3,150,en,100.0,100.0,2002,2005,1
gmane.education.libraries.anarchist,3,150,en,100.0,100.0,2008,2013,1
gmane.games.diplomacy.judge.dp.discussion,3,150,en,100.0,100.0,2004,2007,1
gmane.ietf.tcpinc,3,150,en,100.0,100.0,2015,2016,1
gmane.linux.debian.devel.toolchain,3,150,en,66.7,66.7,2005,2015,2
gmane.linux.ports.geode,3,150,en,100.0,100.0,2010,2012,1
gmane.lisp.scheme.ikarus.user,3,150,en,100.0,100.0,2009,2009,1
gmane.network.syndication.podcast.hacker-public-radio,3,150,en,100.0,100.0,2014,2015,1
gmane.org.user-groups.python.yorksandhumber,3,150,en,100.0,100.0,2008,2012,1
gmane.org.wikimedia.education,3,150,en,66.7,66.7,2013,2017,2
gmane.org.wikimedia.langcom,3,150,en,100.0,100.0,2017,2018,1
gmane.os.netbsd.documentation,3,150,en,100.0,100.0,2005,2019,1
gmane.comp.ai.mallet.devel,3,150,en,100.0,100.0,2007,2014,1
gmane.comp.gis.openstreetmap.region.gb.west-midlands,3,150,en,100.0,100.0,2014,2018,1
gmane.comp.jakarta.avalon.apps.devel,3,150,en,100.0,100.0,2002,2003,1
gmane.comp.java.cashew-s.editor.auto,3,150,en,100.0,100.0,2005,2005,1
gmane.comp.java.jenkins.jacoco,3,150,en,100.0,100.0,2013,2016,1
gmane.comp.multimedia.helix.general,3,150,en,100.0,100.0,2004,2008,1
gmane.comp.tex.metapost,3,150,en,100.0,100.0,2006,2016,1
gmane.culture.internet.quintessenz-depesche,3,150,de,66.7,33.3,2004,2006,2
gmane.editors.yzis.devel,3,150,en,66.7,66.7,2005,2005,2
gmane.emacs.emms.user,3,150,en,100.0,100.0,2005,2007,1
gmane.ietf.ppvpn,3,150,en,100.0,100.0,2002,2003,1
gmane.mail.apple-mail.gpgmail.devel,3,150,en,100.0,100.0,2011,2012,1
gmane.network.lftp.user,3,150,en,100.0,100.0,2008,2014,1
gmane.network.nav.user,3,150,en,100.0,100.0,2007,2011,1
gmane.network.up2date.current.devel,3,150,en,100.0,100.0,2002,2002,1
gmane.os.9front.general,3,150,en,100.0,100.0,2016,2018,1
gmane.recreation.cars.sevens,3,150,en,100.0,100.0,2003,2003,1
gmane.comp.documentfoundation.libreoffice.documentation.brazilian,3,150,pt,100.0,0.0,2013,2018,1
gmane.comp.finance.turquaz.monitor,3,150,tr,66.7,33.3,2004,2005,2
gmane.comp.freedesktop.lightdm,3,150,en,100.0,100.0,2012,2015,1
gmane.comp.java.io.netty,3,150,en,100.0,100.0,2014,2017,1
gmane.comp.lang.lisaac.devel,3,150,en,100.0,100.0,2009,2010,1
gmane.comp.lang.perl.modules.log4perl.devel,3,150,en,100.0,100.0,2006,2007,1
gmane.comp.openoffice.users.french,3,150,fr,100.0,0.0,2005,2010,1
gmane.comp.telephony.fax.halifax.bugs,3,150,tl,33.3,33.3,2005,2006,3
gmane.comp.video.gimp.windows.devel,3,150,en,100.0,100.0,2002,2003,1
gmane.comp.web.maypole.user,3,150,en,100.0,100.0,2005,2007,1
gmane.ietf.curdle,3,150,en,100.0,100.0,2017,2017,1
gmane.linux.file-systems.acl.devel,3,150,en,100.0,100.0,2004,2008,1
gmane.network.dns.dotau,3,150,en,100.0,100.0,2008,2016,1
gmane.org.ballistichelmet.heads,3,150,en,100.0,100.0,2003,2004,1
gmane.comp.audio.libvisual.devel,3,150,en,100.0,100.0,2004,2005,1
gmane.comp.graphics.ipe.general,3,150,en,100.0,100.0,2009,2013,1
gmane.comp.java.jackson.user,3,150,en,100.0,100.0,2016,2018,1
gmane.comp.lang.d.dwt,3,150,en,100.0,100.0,2008,2012,1
gmane.comp.lang.haskell.stack,3,150,en,100.0,100.0,2015,2019,1
gmane.comp.sysutils.automake.ng,3,150,en,100.0,100.0,2012,2013,1
gmane.comp.web.htdig.devel,3,150,en,100.0,100.0,2003,2003,1
gmane.comp.web.zope.bluebream,3,150,en,100.0,100.0,2010,2010,1
gmane.games.roguelike.tome.general,3,150,en,100.0,100.0,2007,2008,1
gmane.network.vpn.strongswan.devel,3,150,en,100.0,100.0,2010,2014,1
gmane.org.user-groups.unix.msu,3,150,ru,100.0,0.0,2005,2009,1
gmane.os.netbsd.ports.hpcarm,3,150,en,66.7,66.7,2002,2009,2
gmane.science.chemistry.blue-obelisk,3,150,en,100.0,100.0,2013,2017,1
gmane.comp.audio.hydrogen.devel,3,150,en,100.0,100.0,2009,2011,1
gmane.comp.gnu.gift.snakecharmer.general,3,150,en,66.7,66.7,2006,2006,2
gmane.comp.ide.eclipse.cdo.scm,3,150,en,100.0,100.0,2011,2013,1
gmane.comp.java.openjdk.jdk6.devel,3,150,en,100.0,100.0,2013,2014,1
gmane.comp.programming.extreme-programming.xp-explained2,3,150,en,100.0,100.0,2004,2007,1
gmane.comp.python.pyqtgraph,3,150,en,100.0,100.0,2017,2017,1
gmane.comp.python.sqlalchemy.alembic,3,150,en,100.0,100.0,2014,2018,1
gmane.comp.search.yubnub,3,150,en,100.0,100.0,2012,2016,1
gmane.comp.systems.as400.code,3,150,en,100.0,100.0,2002,2004,1
gmane.linux.debian.devel.dkms,3,150,UNKNOWN,66.7,33.3,2009,2012,2
gmane.linux.morphix.devel,3,150,en,100.0,100.0,2004,2006,1
gmane.org.netlabs.uniaud.devel,3,150,en,66.7,66.7,2007,2008,2
gmane.science.simulation.sumo.devel,3,150,en,66.7,66.7,2006,2016,2
gmane.text.refdb.devel,3,150,en,100.0,100.0,2005,2006,1
gmane.comp.debugging.ups.user,3,150,en,66.7,66.7,2001,2003,2
gmane.comp.finance.frontaccounting.cvs,3,150,en,100.0,100.0,2011,2015,1
gmane.comp.gis.openstreetmap.openrailwaymap,3,150,en,66.7,66.7,2015,2019,2
gmane.comp.graphics.ploticus,3,150,en,100.0,100.0,2004,2008,1
gmane.comp.ide.eclipse.orion.devel,3,150,en,100.0,100.0,2012,2012,1
gmane.comp.java.jabsorb.scm,3,150,en,100.0,100.0,2008,2008,1
gmane.comp.java.placelab.devel,3,150,en,100.0,100.0,2004,2005,1
gmane.comp.misc.emelfm2,3,150,en,100.0,100.0,2010,2012,1
gmane.comp.web.planet.devel,3,150,en,100.0,100.0,2006,2007,1
gmane.editors.neovim,3,150,en,100.0,100.0,2014,2015,1
gmane.linux.hardware.thinkpad.x31,3,150,en,100.0,100.0,2005,2005,1
gmane.linux.russian.linuxtalk,3,150,ru,100.0,0.0,2004,2006,1
gmane.comp.handhelds.general.brazil,3,150,pt,100.0,0.0,2005,2005,1
gmane.comp.ide.eclipse.modeling.pmc,3,150,en,100.0,100.0,2016,2019,1
gmane.comp.lang.nasm.bugs,3,150,en,100.0,100.0,2007,2008,1
gmane.comp.lang.smalltalk.squeak.foundation,3,150,en,66.7,66.7,2002,2004,2
gmane.comp.tex.tex-k,3,150,en,100.0,100.0,2011,2017,1
gmane.comp.version-control.svk.devel,3,150,en,100.0,100.0,2005,2009,1
gmane.culture.cars.suzuki.gs500e,3,150,fr,100.0,0.0,2005,2007,1
gmane.linux.debian.derivatives,3,150,en,100.0,100.0,2012,2015,1
gmane.linux.suse.sparc,3,150,en,100.0,100.0,2002,2003,1
gmane.mail.spam.dmarc,3,150,en,33.3,33.3,2012,2014,3
gmane.org.wikimedia.qa,3,150,en,100.0,100.0,2013,2014,1
gmane.os.freebsd.devel.database,3,150,en,100.0,100.0,2002,2007,1
gmane.science.linguistics.citizendium.general,3,150,en,100.0,100.0,2006,2009,1
gmane.comp.gnome.apps.multi-gnome-terminal.devel,3,150,en,66.7,66.7,2010,2017,2
gmane.comp.lang.ruby.region.croatia,3,150,it,33.3,33.3,2008,2015,3
gmane.comp.mathematics.elemental.user,3,150,en,100.0,100.0,2014,2015,1
gmane.comp.sysutils.elftoolchain.scm,3,150,en,100.0,100.0,2014,2017,1
gmane.comp.web.webobjects.woproject.devel,3,150,en,100.0,100.0,2005,2011,1
gmane.comp.web.zope.plone.region.conosur,3,150,es,100.0,0.0,2009,2009,1
gmane.comp.windows.dotnet.castleproject.user,3,150,en,100.0,100.0,2006,2006,1
gmane.music.equipment.kawai.k5,3,150,en,100.0,100.0,2004,2011,1
gmane.comp.audio.dtas.general,3,150,en,100.0,100.0,2013,2015,1
gmane.comp.db.postgresql.openfts.general,3,150,en,100.0,100.0,2004,2009,1
gmane.comp.kde.debian,3,150,en,100.0,100.0,2004,2004,1
gmane.comp.lang.metal.devel,3,150,en,100.0,100.0,2004,2005,1
gmane.comp.lib.boost.langbinding,3,150,en,66.7,66.7,2009,2010,2
gmane.comp.programming.tools.buildr.devel,3,150,en,100.0,100.0,2016,2016,1
gmane.comp.web.phpopentracker.cvs,3,150,en,100.0,100.0,2003,2003,1
gmane.mail.imap.uw.c-client,3,150,en,100.0,100.0,2006,2018,1
gmane.org.wikimedia.wikidata.technical,3,150,en,100.0,100.0,2014,2014,1
gmane.comp.db.carob.general,3,150,UNKNOWN,66.7,33.3,2006,2007,2
gmane.comp.gis.openstreetmap.region.ht,3,150,en,66.7,66.7,2010,2012,2
gmane.comp.web.html-tidy.devel,3,150,en,100.0,100.0,2002,2003,1
gmane.ietf.nat66,3,150,en,100.0,100.0,2009,2009,1
gmane.linux.altlinux.devel.newbies,3,150,ru,66.7,0.0,2010,2012,2
gmane.linux.debian.devel.announce,3,150,en,100.0,100.0,2006,2010,1
gmane.music.bluegrass.cz,3,150,en,66.7,66.7,2006,2010,2
gmane.comp.emulators.libvirt.cim,3,150,en,100.0,100.0,2012,2014,1
gmane.comp.gnu.libidn.general,3,150,en,100.0,100.0,2008,2013,1
gmane.comp.gnu.screen,3,150,en,100.0,100.0,2002,2003,1
gmane.comp.graphics.inkscape.translator,3,150,en,100.0,100.0,2007,2018,1
gmane.comp.security.oath-toolkit.general,3,150,en,100.0,100.0,2012,2013,1
gmane.comp.version-control.gitx,3,150,en,66.7,66.7,2010,2011,2
gmane.comp.web.quixote.cvs,3,150,en,100.0,100.0,2002,2003,1
gmane.culture.libraries.bak,3,150,de,100.0,0.0,2006,2015,1
gmane.editors.poedit.user,3,150,en,100.0,100.0,2002,2008,1
gmane.linux.drivers.atmel-wlan,3,150,en,66.7,66.7,2003,2003,2
gmane.network.lftp.devel,3,150,en,100.0,100.0,2003,2009,1
gmane.comp.gis.openstreetmap.osmosis.devel,3,150,en,100.0,100.0,2011,2015,1
gmane.comp.java.openjms.devel,3,150,en,100.0,100.0,2003,2005,1
gmane.linux.distributions.crux.devel,3,150,en,100.0,100.0,2006,2008,1
gmane.linux.redhat.fedora.join,3,150,en,100.0,100.0,2012,2014,1
gmane.science.linguistics.wikipedia.technical.ambassadors,3,150,en,100.0,100.0,2014,2016,1
gmane.comp.calendars.gcalsync,3,150,en,100.0,100.0,2007,2007,1
gmane.comp.db.mckoi,3,150,en,100.0,100.0,2004,2005,1
gmane.comp.embedded.jtag.urjtag.devel,3,150,en,100.0,100.0,2010,2017,1
gmane.comp.gis.gvsig.tsc,3,150,es,100.0,0.0,2011,2011,1
gmane.comp.kde.devel.graphics,3,150,en,100.0,100.0,2011,2016,1
gmane.comp.lang.perl.tk,3,150,en,100.0,100.0,2003,2004,1
gmane.editors.bitflux.cvs,3,150,en,100.0,100.0,2002,2006,1
gmane.emacs.erc.general,3,150,en,100.0,100.0,2004,2005,1
gmane.linux.kernel.edac,3,150,en,100.0,100.0,2009,2011,1
gmane.os.freebsd.devel.rc,3,150,en,100.0,100.0,2012,2019,1
gmane.comp.compilers.gpc,3,150,en,100.0,100.0,2003,2004,1
gmane.comp.java.ojts.cvs,3,150,en,100.0,100.0,2004,2004,1
gmane.comp.parsers.peg.general,3,150,en,100.0,100.0,2010,2012,1
gmane.linux.region.israel.ivrix.discuss,3,150,en,100.0,100.0,2002,2006,1
gmane.org.operators.memog,3,150,en,100.0,100.0,2011,2016,1
gmane.text.clearsilver.general,3,150,en,100.0,100.0,2006,2007,1
gmane.comp.db.leveldb,3,150,en,100.0,100.0,2012,2014,1
gmane.comp.kde.devel.kile,3,150,en,100.0,100.0,2007,2009,1
gmane.comp.mathematics.axiom.user,3,150,en,100.0,100.0,2004,2009,1
gmane.comp.monitoring.assimilation,3,150,en,100.0,100.0,2013,2016,1
gmane.linux.umbrello.user,3,150,en,100.0,100.0,2005,2017,1
gmane.org.misc.hcoop.help,3,150,en,100.0,100.0,2009,2019,1
gmane.comp.lang.r.deal,3,150,en,100.0,100.0,2007,2011,1
gmane.comp.lang.ruby.camping.general,3,150,en,100.0,100.0,2007,2011,1
gmane.comp.type-setting.lout,3,150,en,100.0,100.0,2003,2017,1
gmane.comp.version-control.subversion.rapidsvn.user,3,150,en,66.7,66.7,2005,2015,2
gmane.comp.web.zope.silva.devel,3,150,en,100.0,100.0,2005,2011,1
gmane.comp.embedded.eldk,3,150,en,100.0,100.0,2008,2012,1
gmane.comp.gnu.mingw.patches,3,150,en,66.7,66.7,2003,2004,2
gmane.comp.lang.perl.modules.html-template,3,150,en,100.0,100.0,2003,2004,1
gmane.comp.apache.excalibur.devel,3,150,en,100.0,100.0,2004,2005,1
gmane.comp.java.jmagick,3,150,en,100.0,100.0,2005,2008,1
gmane.comp.programming.msvc,3,150,en,100.0,100.0,2005,2005,1
gmane.comp.video.graphicsmagick.apis,3,150,en,100.0,100.0,2003,2003,1
gmane.science.simulation.h5md.user,3,150,en,100.0,100.0,2013,2013,1
gmane.comp.cms.croogo,3,150,en,100.0,100.0,2014,2015,1
gmane.comp.speech.espeak,3,150,en,100.0,100.0,2013,2016,1
gmane.comp.db.libdbi.drivers,2,100,en,100.0,100.0,2006,2008,1
gmane.comp.emulators.xen.bugs,2,100,UNKNOWN,50.0,50.0,2009,2011,2
gmane.comp.file-systems.openafs.freebsd,2,100,en,100.0,100.0,2004,2010,1
gmane.comp.fonts.fontlinge.devel,2,100,de,100.0,0.0,2004,2005,1
gmane.comp.gis.openstreetmap.region.de.franken,2,100,de,100.0,0.0,2010,2011,1
gmane.comp.jakarta.oro.devel,2,100,en,100.0,100.0,2003,2006,1
gmane.comp.java.enhydra.ksoap,2,100,en,100.0,100.0,2002,2003,1
gmane.comp.java.luxor-xul.user,2,100,en,100.0,100.0,2003,2004,1
gmane.comp.java.xsite.cvs,2,100,en,50.0,50.0,2008,2013,2
gmane.comp.krysalis.cvs,2,100,en,50.0,50.0,2004,2004,2
gmane.comp.lang.ada.german,2,100,en,50.0,50.0,2012,2017,2
gmane.comp.lang.fortress.general,2,100,en,100.0,100.0,2008,2009,1
gmane.comp.lang.haskell.llvm,2,100,en,100.0,100.0,2010,2013,1
gmane.comp.lang.neko.general,2,100,en,100.0,100.0,2006,2011,1
gmane.comp.lang.ocaml.godi,2,100,en,100.0,100.0,2008,2012,1
gmane.comp.lib.boost.announce,2,100,en,100.0,100.0,2010,2017,1
gmane.comp.micro-kernel.l4.sel4.devel,2,100,en,100.0,100.0,2016,2017,1
gmane.comp.misc.foicica,2,100,en,100.0,100.0,2016,2016,1
gmane.comp.multimedia.puredata.offtopic,2,100,en,100.0,100.0,2011,2011,1
gmane.comp.php.json,2,100,en,100.0,100.0,2008,2009,1
gmane.comp.php.sabredav,2,100,en,100.0,100.0,2013,2016,1
gmane.comp.python.nltk.devel,2,100,en,100.0,100.0,2005,2008,1
gmane.comp.python.soap,2,100,en,100.0,100.0,2010,2012,1
gmane.comp.security.bastille.general,2,100,en,100.0,100.0,2004,2004,1
gmane.comp.sysutils.isconf.devel,2,100,en,100.0,100.0,2009,2009,1
gmane.comp.tex.bibtex.jurabib.devel,2,100,en,100.0,100.0,2004,2006,1
gmane.comp.version-control.git.magit,2,100,en,100.0,100.0,2010,2012,1
gmane.comp.video.mplayer.user.dvb,2,100,en,100.0,100.0,2002,2006,1
gmane.comp.web.egroupware.portuguese,2,100,en,50.0,50.0,2007,2007,2
gmane.comp.web.wiki.wackowiki.devel.russian,2,100,en,50.0,50.0,2005,2006,2
gmane.games.roguelike.angband.z.cvs,2,100,af,50.0,50.0,2004,2005,2
gmane.ietf.types,2,100,en,100.0,100.0,2004,2006,1
gmane.linux.debian.user.japanese,2,100,en,100.0,100.0,2006,2014,1
gmane.linux.gentoo.documentation.russian,2,100,ru,50.0,0.0,2005,2006,2
gmane.linux.lfs.hardened,2,100,en,100.0,100.0,2007,2008,1
gmane.linux.redhat.fedora.legal,2,100,en,100.0,100.0,2011,2013,1
gmane.lisp.lib.postmodern.devel,2,100,en,100.0,100.0,2008,2011,1
gmane.lisp.mcclim.cvs,2,100,en,100.0,100.0,2007,2008,1
gmane.network.dhcp.isc.kea.devel,2,100,en,100.0,100.0,2015,2017,1
gmane.network.libgadu.scm,2,100,en,100.0,100.0,2009,2009,1
gmane.network.ripe.services,2,100,en,100.0,100.0,2018,2019,1
gmane.network.tux,2,100,en,100.0,100.0,2002,2002,1
gmane.org.misc.hcoop.cvs,2,100,en,50.0,50.0,2007,2009,2
gmane.org.netlabs.fm2.devel,2,100,en,100.0,100.0,2010,2014,1
gmane.org.region.austria.funkfeuer.wels,2,100,de,50.0,0.0,2010,2012,2
gmane.org.user-groups.slug.coders,2,100,en,100.0,100.0,2009,2010,1
gmane.org.wikimedia.eliso,2,100,sl,100.0,0.0,2015,2018,1
gmane.org.wikimedia.wikinews.german,2,100,de,100.0,0.0,2004,2004,1
gmane.os.cygwin.perl,2,100,pl,50.0,50.0,2004,2004,2
gmane.os.freebsd.devel.quality-assurance,2,100,UNKNOWN,50.0,0.0,2002,2003,2
gmane.text.doxygen.devel,2,100,en,100.0,100.0,2004,2011,1
gmane.comp.ai.powerloom,2,100,en,100.0,100.0,2007,2007,1
gmane.comp.apache.incubator.whirr.user,2,100,en,100.0,100.0,2011,2013,1
gmane.comp.apache.wave.devel,2,100,en,100.0,100.0,2015,2016,1
gmane.comp.bug-tracking.eventum.devel,2,100,en,100.0,100.0,2009,2009,1
gmane.comp.db.postgresql.skytools.user,2,100,en,100.0,100.0,2009,2009,1
gmane.comp.desktop.winswitch.user,2,100,en,100.0,100.0,2015,2018,1
gmane.comp.encryption.kerberos.snapshots,2,100,da,50.0,50.0,2009,2015,2
gmane.comp.file-systems.fedfs.devel,2,100,en,100.0,100.0,2014,2014,1
gmane.comp.finance.mifos.functional,2,100,en,100.0,100.0,2007,2007,1
gmane.comp.gis.gvsig.devel,2,100,en,100.0,100.0,2011,2012,1
gmane.comp.gnome.gaim.gtk-bugs,2,100,en,100.0,100.0,2007,2007,1
gmane.comp.hardware.lowrisc.devel,2,100,en,100.0,100.0,2015,2017,1
gmane.comp.ide.eclipse.cbi.devel,2,100,en,100.0,100.0,2013,2015,1
gmane.comp.ide.eclipse.higgins.devel,2,100,en,100.0,100.0,2009,2010,1
gmane.comp.kde.nepomuk,2,100,en,100.0,100.0,2010,2013,1
gmane.comp.lang.ats.user,2,100,en,100.0,100.0,2011,2012,1
gmane.comp.lang.cryptol.user,2,100,en,100.0,100.0,2010,2015,1
gmane.comp.lang.haskell.bio,2,100,en,100.0,100.0,2011,2017,1
gmane.comp.lang.haskell.gtkhs,2,100,UNKNOWN,100.0,0.0,2004,2005,1
gmane.comp.lang.nice.devel,2,100,en,100.0,100.0,2004,2007,1
gmane.comp.lang.perl.modules.html-widget.general,2,100,en,100.0,100.0,2007,2007,1
gmane.comp.lang.pure.devel,2,100,UNKNOWN,50.0,50.0,2012,2013,2
gmane.comp.lang.ruby.ffi,2,100,en,100.0,100.0,2011,2013,1
gmane.comp.lang.scala.xml,2,100,en,100.0,100.0,2009,2009,1
gmane.comp.linux.ktap,2,100,en,100.0,100.0,2013,2013,1
gmane.comp.lx-office.erp.user,2,100,de,100.0,0.0,2006,2007,1
gmane.comp.mathematics.nemo.devel,2,100,en,100.0,100.0,2016,2018,1
gmane.comp.mathematics.proofpower,2,100,en,100.0,100.0,2013,2016,1
gmane.comp.mozilla.internationalization,2,100,en,50.0,50.0,2002,2005,2
gmane.comp.programming.meta-environment.user,2,100,en,100.0,100.0,2009,2009,1
gmane.comp.python.tryton.contrib,2,100,en,100.0,100.0,2014,2018,1
gmane.comp.security.ids,2,100,en,100.0,100.0,2002,2002,1
gmane.comp.security.risks,2,100,en,100.0,100.0,2015,2016,1
gmane.comp.web.galeon.devel,2,100,en,100.0,100.0,2002,2003,1
gmane.comp.web.jwebunit.user,2,100,en,100.0,100.0,2006,2007,1
gmane.comp.window-managers.wmi.devel,2,100,en,100.0,100.0,2004,2005,1
gmane.culture.colombia.vexillology,2,100,es,100.0,0.0,2009,2016,1
gmane.linux.debian.alioth.utnubu.general,2,100,en,100.0,100.0,2008,2010,1
gmane.linux.redhat.amd64,2,100,en,100.0,100.0,2004,2005,1
gmane.linux.ubuntu.loco.us,2,100,fr,50.0,50.0,2007,2009,2
gmane.lisp.cl-opengl.devel,2,100,en,100.0,100.0,2011,2012,1
gmane.mail.postfix.user.indonesian,2,100,en,50.0,50.0,2004,2004,2
gmane.network.lsh.bugs,2,100,en,100.0,100.0,2014,2014,1
gmane.network.snmp4j.general,2,100,en,100.0,100.0,2009,2010,1
gmane.network.syndication.rss.support,2,100,en,100.0,100.0,2003,2006,1
gmane.org.region.boston.apt,2,100,UNKNOWN,100.0,0.0,2013,2015,1
gmane.org.user-groups.linux.ehu.itsas.core,2,100,sl,50.0,0.0,2007,2008,2
gmane.org.user-groups.linux.turkey.duyuru,2,100,tr,100.0,0.0,2010,2012,1
gmane.org.user-groups.linux.venezuela.desarrollo,2,100,es,100.0,0.0,2009,2011,1
gmane.org.user-groups.php.nyphp.mysql,2,100,en,100.0,100.0,2007,2011,1
gmane.org.user-groups.rlug.humor,2,100,UNKNOWN,50.0,0.0,2003,2003,2
gmane.os.freebsd.devel.cluster,2,100,en,100.0,100.0,2002,2004,1
gmane.os.minix.general,2,100,en,100.0,100.0,2006,2016,1
gmane.comp.apache.ctakes.user,2,100,en,100.0,100.0,2016,2017,1
gmane.comp.apache.shale.devel,2,100,en,100.0,100.0,2006,2007,1
gmane.comp.cms.hula.devel,2,100,en,100.0,100.0,2005,2006,1
gmane.comp.compilers.llvm.llvmdc,2,100,en,100.0,100.0,2009,2013,1
gmane.comp.freedesktop.dri-egl,2,100,en,100.0,100.0,2005,2005,1
gmane.comp.games.blacknova.devel,2,100,en,100.0,100.0,2006,2008,1
gmane.comp.gis.openstreetmap.region.de.frankfurt-oder,2,100,de,50.0,50.0,2008,2009,2
gmane.comp.gnome.apps.multi-gnome-terminal.announce,2,100,en,100.0,100.0,2007,2008,1
gmane.comp.gnome.ximian.red-carpet,2,100,en,100.0,100.0,2003,2004,1
gmane.comp.gnu.m4.general,2,100,en,100.0,100.0,2007,2008,1
gmane.comp.isp.french.ovh,2,100,fr,100.0,0.0,2018,2018,1
gmane.comp.jakarta.ftpserver.devel,2,100,en,100.0,100.0,2006,2007,1
gmane.comp.java.audit.checkstyle.user,2,100,en,100.0,100.0,2005,2007,1
gmane.comp.java.glazedlists.user,2,100,en,100.0,100.0,2005,2006,1
gmane.comp.java.smartfrog.devel,2,100,en,100.0,100.0,2006,2007,1
gmane.comp.lang.fsharp.general,2,100,en,100.0,100.0,2008,2008,1
gmane.comp.lang.groovy.gradle.geb.user,2,100,en,100.0,100.0,2016,2017,1
gmane.comp.lang.haskell.hopengl,2,100,en,100.0,100.0,2003,2008,1
gmane.comp.lang.javascript.mylibrary,2,100,en,100.0,100.0,2011,2012,1
gmane.comp.lang.perl.anyevent,2,100,en,100.0,100.0,2012,2013,1
gmane.comp.lang.why3.user,2,100,en,100.0,100.0,2015,2019,1
gmane.comp.mathematics.tochnog.user,2,100,en,100.0,100.0,2004,2007,1
gmane.comp.misc.pape.general,2,100,en,50.0,50.0,2003,2010,2
gmane.comp.monitoring.bigsister.general,2,100,en,100.0,100.0,2005,2008,1
gmane.comp.monitoring.monitorix,2,100,en,100.0,100.0,2011,2014,1
gmane.comp.openoffice.ooocon.general,2,100,en,100.0,100.0,2010,2010,1
gmane.comp.programming.tools.ast.user,2,100,en,100.0,100.0,2013,2013,1
gmane.comp.python.storm,2,100,en,100.0,100.0,2007,2011,1
gmane.comp.scigraphica.devel,2,100,en,100.0,100.0,2005,2005,1
gmane.comp.security.firewalls.m0n0wall.devel,2,100,en,100.0,100.0,2014,2014,1
gmane.comp.systems.as400.security,2,100,en,100.0,100.0,2005,2005,1
gmane.comp.sysutils.autogen.user,2,100,en,100.0,100.0,2007,2012,1
gmane.comp.sysutils.puppet.razor,2,100,en,100.0,100.0,2013,2016,1
gmane.comp.tex.tetex.beta,2,100,en,100.0,100.0,2003,2004,1
gmane.comp.tv.elisa.general,2,100,en,100.0,100.0,2008,2008,1
gmane.comp.video.cinepaint.user,2,100,en,100.0,100.0,2004,2007,1
gmane.comp.video.vdr.softdevice,2,100,en,100.0,100.0,2006,2008,1
gmane.comp.web.zope.plone.design,2,100,en,100.0,100.0,2004,2006,1
gmane.editors.qemacs.devel,2,100,en,100.0,100.0,2005,2006,1
gmane.editors.xngr.devel,2,100,en,100.0,100.0,2002,2002,1
gmane.linux.drivers.realtek.devel,2,100,en,100.0,100.0,2002,2004,1
gmane.linux.gentoo.sparc,2,100,en,100.0,100.0,2006,2007,1
gmane.linux.morphix.general,2,100,en,100.0,100.0,2006,2007,1
gmane.linux.ports.amstrad.emailer,2,100,en,100.0,100.0,2010,2010,1
gmane.linux.redhat.katello.devel,2,100,en,100.0,100.0,2012,2013,1
gmane.linux.redhat.piranha,2,100,en,100.0,100.0,2002,2002,1
gmane.lisp.librep,2,100,en,100.0,100.0,2003,2003,1
gmane.lisp.mcclim.devel,2,100,en,100.0,100.0,2005,2006,1
gmane.mail.bmf.user,2,100,fr,50.0,50.0,2007,2010,2
gmane.mail.exchange4linux.user,2,100,en,50.0,50.0,2004,2005,2
gmane.mail.qmail.toaster.mirrors,2,100,en,100.0,100.0,2012,2017,1
gmane.network.fidolook.chinese,2,100,en,100.0,100.0,2004,2010,1
gmane.network.opendaylight.devel,2,100,en,100.0,100.0,2017,2017,1
gmane.network.tor.censorship-events,2,100,en,100.0,100.0,2014,2014,1
gmane.org.user-groups.linux.venezuela.linux,2,100,es,100.0,0.0,2010,2011,1
gmane.os.netbsd.ports.cobalt,2,100,en,100.0,100.0,2006,2007,1
gmane.os.openbsd.advocacy,2,100,en,100.0,100.0,2005,2018,1
gmane.os.openbsd.vax,2,100,fr,50.0,50.0,2003,2008,2
gmane.os.smartos.general,2,100,en,100.0,100.0,2014,2016,1
gmane.comp.apache.incubator.odf.user,2,100,en,100.0,100.0,2012,2013,1
gmane.comp.apache.mod-dav.general,2,100,en,100.0,100.0,2005,2005,1
gmane.comp.audio.faust.devel,2,100,en,100.0,100.0,2013,2014,1
gmane.comp.belts.user,2,100,de,50.0,50.0,2010,2017,2
gmane.comp.db.bancosdedados,2,100,pt,100.0,0.0,2009,2009,1
gmane.comp.db.postgresql.jobs,2,100,en,100.0,100.0,2007,2008,1
gmane.comp.documentfoundation.libreoffice.devel.brazilian,2,100,pt,100.0,0.0,2012,2014,1
gmane.comp.games.enigma.devel,2,100,en,100.0,100.0,2008,2015,1
gmane.comp.graphics.chromium.user,2,100,en,100.0,100.0,2005,2005,1
gmane.comp.graphics.inkscape.docs,2,100,en,100.0,100.0,2009,2009,1
gmane.comp.hardware.tuxdroid.user,2,100,en,100.0,100.0,2007,2007,1
gmane.comp.java.netbeans.modules.javacvs.devel,2,100,en,100.0,100.0,2001,2004,1
gmane.comp.java.surefire.scm,2,100,en,100.0,100.0,2010,2010,1
gmane.comp.kde.kbibtex.general,2,100,en,100.0,100.0,2008,2009,1
gmane.comp.lang.d.concurrency,2,100,en,100.0,100.0,2010,2010,1
gmane.comp.lang.frege.general,2,100,en,100.0,100.0,2016,2018,1
gmane.comp.lang.perl.perl-mongers.houston,2,100,en,100.0,100.0,2009,2013,1
gmane.comp.lib.wxwidgets.wxart2d,2,100,en,50.0,50.0,2008,2008,2
gmane.comp.monitoring.fusion-inventory.user,2,100,en,100.0,100.0,2012,2012,1
gmane.comp.mozilla.devel.static-analysis,2,100,en,100.0,100.0,2012,2015,1
gmane.comp.multimedia.libavg.user,2,100,en,100.0,100.0,2010,2010,1
gmane.comp.openoffice.marketing.branding,2,100,en,100.0,100.0,2010,2010,1
gmane.comp.php.solarphp.general,2,100,en,100.0,100.0,2010,2010,1
gmane.comp.python.buildbot.user,2,100,en,100.0,100.0,2016,2017,1
gmane.comp.python.psf.community,2,100,en,100.0,100.0,2016,2016,1
gmane.comp.security.programming,2,100,en,100.0,100.0,2003,2004,1
gmane.comp.tex.pgfplots,2,100,en,100.0,100.0,2009,2011,1
gmane.comp.version-control.camp,2,100,en,50.0,50.0,2015,2017,2
gmane.comp.video.lscube.scm,2,100,en,100.0,100.0,2008,2009,1
gmane.comp.web.weblate,2,100,en,100.0,100.0,2016,2018,1
gmane.games.mazesandminotaurs,2,100,en,100.0,100.0,2009,2010,1
gmane.games.roguelike.angband.vanilla.cvs,2,100,en,100.0,100.0,2009,2009,1
gmane.linux.debian.devel.audit,2,100,en,100.0,100.0,2004,2006,1
gmane.linux.debian.internationalization.danish,2,100,en,100.0,100.0,2012,2012,1
gmane.linux.hardware.zaurus.devel,2,100,en,100.0,100.0,2010,2010,1
gmane.linux.redhat.fedora.xfce,2,100,en,100.0,100.0,2012,2018,1
gmane.linux.redhat.s390,2,100,en,100.0,100.0,2002,2007,1
gmane.linux.suse.opensuse.support,2,100,en,100.0,100.0,2018,2019,1
gmane.mail.postfix.policyd-weight,2,100,en,100.0,100.0,2006,2007,1
gmane.network.mldonkey.tasks,2,100,en,100.0,100.0,2006,2006,1
gmane.network.tor.reports,2,100,en,100.0,100.0,2014,2017,1
gmane.network.trn.general,2,100,en,100.0,100.0,2008,2008,1
gmane.org.comp.owasp.malaysia,2,100,en,100.0,100.0,2010,2011,1
gmane.org.user-groups.debian.austria,2,100,de,100.0,0.0,2011,2013,1
gmane.org.user-groups.linux.rav,2,100,de,100.0,0.0,2009,2011,1
gmane.os.openbsd.arm,2,100,en,100.0,100.0,2014,2018,1
gmane.os.openbsd.misc.ua,2,100,ru,100.0,0.0,2007,2009,1
gmane.comp.apache.discussion.russian,2,100,ru,100.0,0.0,2004,2004,1
gmane.comp.cryptography.viff.scm,2,100,UNKNOWN,50.0,50.0,2009,2009,2
gmane.comp.db.mysql.packagers,2,100,en,100.0,100.0,2015,2018,1
gmane.comp.embedded.ptxdist.oselas.community,2,100,en,100.0,100.0,2012,2014,1
gmane.comp.emulators.crossover.general,2,100,en,100.0,100.0,2005,2008,1
gmane.comp.finance.sql-ledger123.user,2,100,en,100.0,100.0,2011,2011,1
gmane.comp.gis.openstreetmap.region.de.bayern,2,100,de,100.0,0.0,2011,2018,1
gmane.comp.gnu.fileutils.bugs,2,100,en,100.0,100.0,2002,2003,1
gmane.comp.gnu.gzip.bugs,2,100,en,100.0,100.0,2007,2016,1
gmane.comp.handhelds.openmoko.documentation,2,100,en,100.0,100.0,2008,2009,1
gmane.comp.internationalization.input-methods,2,100,en,100.0,100.0,2005,2005,1
gmane.comp.java.clojure.typed,2,100,en,100.0,100.0,2013,2017,1
gmane.comp.java.junit.devel,2,100,en,100.0,100.0,2006,2007,1
gmane.comp.java.picocontainer.user,2,100,en,100.0,100.0,2004,2005,1
gmane.comp.java.swtbot.scm,2,100,en,100.0,100.0,2008,2008,1
gmane.comp.java.wso2.identity.devel,2,100,en,100.0,100.0,2008,2008,1
gmane.comp.kde.look,2,100,en,100.0,100.0,2002,2002,1
gmane.comp.lang.cobol.ibmi,2,100,en,100.0,100.0,2017,2018,1
gmane.comp.lang.ruby.bio,2,100,en,100.0,100.0,2012,2013,1
gmane.comp.lib.ev,2,100,en,100.0,100.0,2010,2011,1
gmane.comp.python.org.au.melbourne,2,100,en,100.0,100.0,2012,2014,1
gmane.comp.statistics.dap.bugs,2,100,en,50.0,50.0,2005,2006,2
gmane.comp.sysutils.backup.arkeia.users,2,100,en,100.0,100.0,2006,2006,1
gmane.comp.video.gimp.gui,2,100,de,50.0,50.0,2015,2015,2
gmane.comp.windows.dotnet.alchemi.devel,2,100,en,100.0,100.0,2006,2008,1
gmane.education.libraries.zweigbibliothek,2,100,de,100.0,0.0,2016,2017,1
gmane.games.diplomacy.judge.dp.games,2,100,en,100.0,100.0,2004,2006,1
gmane.linux.audio.yoshimi.user,2,100,en,100.0,100.0,2015,2015,1
gmane.linux.drivers.openchrome.user,2,100,en,100.0,100.0,2008,2009,1
gmane.linux.fbdev.user,2,100,en,100.0,100.0,2003,2004,1
gmane.linux.mandrake.security.firewall,2,100,en,100.0,100.0,2004,2004,1
gmane.linux.redhat.openshift.devel,2,100,en,100.0,100.0,2016,2016,1
gmane.linux.redhat.release.tikanga.beta,2,100,en,100.0,100.0,2006,2011,1
gmane.lisp.lush.devel,2,100,en,100.0,100.0,2003,2008,1
gmane.mail.automx.user,2,100,en,100.0,100.0,2013,2013,1
gmane.mail.ifile.general,2,100,en,100.0,100.0,2002,2003,1
gmane.network.gnutella.limewire.gui.devel,2,100,en,100.0,100.0,2004,2005,1
gmane.network.i2p,2,100,en,100.0,100.0,2004,2005,1
gmane.network.peer-to-peer.netsukuku,2,100,en,100.0,100.0,2006,2013,1
gmane.network.wireless.manchester,2,100,en,100.0,100.0,2005,2005,1
gmane.org.netlabs.seti-warp.general,2,100,da,50.0,50.0,2006,2007,2
gmane.org.region.india.fsug-kochi,2,100,en,100.0,100.0,2005,2006,1
gmane.org.user-groups.php.dcphp,2,100,en,50.0,50.0,2013,2015,2
gmane.org.wikimedia.india.ahmedabad,2,100,en,100.0,100.0,2012,2017,1
gmane.science.chemistry.avogadro.devel,2,100,en,100.0,100.0,2011,2014,1
gmane.science.mathematics.logic.acl2.general,2,100,en,100.0,100.0,2011,2012,1
gmane.text.xml.relaxng.general,2,100,en,100.0,100.0,2003,2004,1
gmane.user-groups.foss.india.fsug-calicut,2,100,en,100.0,100.0,2009,2010,1
gmane.comp.apache.openoffice.marketing,2,100,en,100.0,100.0,2013,2013,1
gmane.comp.audio.nova.devel,2,100,en,100.0,100.0,2007,2007,1
gmane.comp.audio.speak-freely.general,2,100,en,100.0,100.0,2003,2003,1
gmane.comp.calendars.meeting-maker,2,100,en,100.0,100.0,2005,2006,1
gmane.comp.cms.xaraya.curiosa,2,100,en,100.0,100.0,2003,2003,1
gmane.comp.file-systems.robinhood.user,2,100,en,100.0,100.0,2017,2018,1
gmane.comp.gnome.apps.valencia,2,100,en,100.0,100.0,2010,2013,1
gmane.comp.gnome.mono.moonlight,2,100,en,100.0,100.0,2009,2011,1
gmane.comp.gnome.os.redhat,2,100,en,100.0,100.0,2002,2004,1
gmane.comp.gnu.fiasco.bugs,2,100,en,50.0,50.0,2002,2006,2
gmane.comp.graphics.inkscape.user.italian,2,100,it,100.0,0.0,2008,2008,1
gmane.comp.ide.eclipse.rap.devel,2,100,en,100.0,100.0,2010,2013,1
gmane.comp.kde.devel.basket,2,100,en,100.0,100.0,2010,2017,1
gmane.comp.lang.haskell.art,2,100,en,100.0,100.0,2011,2013,1
gmane.comp.lang.haskell.emacs,2,100,en,100.0,100.0,2010,2010,1
gmane.comp.lang.r.gui,2,100,en,100.0,100.0,2007,2008,1
gmane.comp.lang.rexx.oorexx.user,2,100,en,100.0,100.0,2009,2013,1
gmane.comp.lib.daixtrose.bugs,2,100,en,100.0,100.0,2006,2007,1
gmane.comp.lib.iwhd.devel,2,100,en,100.0,100.0,2010,2011,1
gmane.comp.networking.omf.user,2,100,en,100.0,100.0,2010,2012,1
gmane.comp.python.pywinauto.user,2,100,en,100.0,100.0,2006,2006,1
gmane.comp.search.namazu.devel.japanese,2,100,ja,100.0,0.0,2008,2008,1
gmane.comp.security.cryptography.ach,2,100,en,100.0,100.0,2015,2016,1
gmane.comp.sysutils.mtools.devel,2,100,en,100.0,100.0,2018,2018,1
gmane.comp.tex.bibtex.jurabib.user,2,100,en,100.0,100.0,2003,2005,1
gmane.comp.video.mplayer.g2.devel,2,100,en,100.0,100.0,2003,2004,1
gmane.comp.web.semantic.spanish,2,100,es,100.0,0.0,2007,2007,1
gmane.comp.web.zope.zetadb,2,100,en,100.0,100.0,2005,2009,1
gmane.comp.windows.dotnet.mbunit.devel,2,100,en,100.0,100.0,2006,2006,1
gmane.comp.windows.total-commander.russian,2,100,ru,100.0,0.0,2005,2006,1
gmane.linux.power-management.lesswatts.general,2,100,en,100.0,100.0,2009,2009,1
gmane.lisp.org.boston,2,100,en,100.0,100.0,2008,2015,1
gmane.org.it-ru.germany.general,2,100,ru,50.0,50.0,2004,2004,2
gmane.org.user-groups.linux.quebec.annonces,2,100,fr,100.0,0.0,1999,2007,1
gmane.org.wikimedia.glamtools,2,100,en,100.0,100.0,2014,2015,1
gmane.science.simulation.halmd.devel,2,100,en,100.0,100.0,2014,2014,1
gmane.user-groups.linux.tclug.announce,2,100,en,100.0,100.0,2004,2007,1
gmane.comp.audio.timidity++.general,2,100,en,100.0,100.0,2005,2006,1
gmane.comp.db.mysql.mycc,2,100,en,100.0,100.0,2003,2008,1
gmane.comp.ide.eclipse.vtp.devel,2,100,en,100.0,100.0,2010,2016,1
gmane.comp.java.clojure.enclojure,2,100,en,100.0,100.0,2009,2010,1
gmane.comp.java.exteca.devel,2,100,UNKNOWN,50.0,0.0,2010,2010,2
gmane.comp.java.openjdk.bsd.devel,2,100,ca,50.0,50.0,2011,2016,2
gmane.comp.java.restlet.devel,2,100,en,50.0,50.0,2008,2011,2
gmane.comp.lang.perl.perl-mongers.dresden,2,100,hr,50.0,0.0,2008,2014,2
gmane.comp.lang.r.packages,2,100,en,100.0,100.0,2006,2008,1
gmane.comp.lang.red,2,100,en,100.0,100.0,2016,2019,1
gmane.comp.lib.boost.planning,2,100,en,100.0,100.0,2017,2018,1
gmane.comp.macosx.macam.devel,2,100,en,100.0,100.0,2006,2006,1
gmane.comp.mathematics.graph,2,100,en,100.0,100.0,2008,2009,1
gmane.comp.mobile.synthesis,2,100,en,100.0,100.0,2010,2010,1
gmane.comp.php.cowiki.devel,2,100,en,100.0,100.0,2004,2005,1
gmane.comp.sysutils.puppet.geppetto,2,100,en,100.0,100.0,2011,2013,1
gmane.comp.web.chromium.ozone,2,100,en,100.0,100.0,2016,2018,1
gmane.comp.web.services.general,2,100,en,100.0,100.0,2003,2007,1
gmane.comp.web.vkit,2,100,en,100.0,100.0,2002,2002,1
gmane.games.flightgear.flightmodel,2,100,en,100.0,100.0,2002,2003,1
gmane.ietf.csi,2,100,en,100.0,100.0,2009,2009,1
gmane.linux.openvz.unxsvz.general,2,100,en,50.0,50.0,2012,2014,2
gmane.network.everybuddy.user,2,100,en,100.0,100.0,2003,2004,1
gmane.network.freenet.wot.cvs,2,100,en,100.0,100.0,2009,2010,1
gmane.network.ipv6.nautilus6.general,2,100,en,100.0,100.0,2009,2012,1
gmane.org.w3c.annotation,2,100,en,100.0,100.0,2009,2010,1
gmane.org.wikimedia.newprojects,2,100,en,100.0,100.0,2010,2013,1
gmane.os.freebsd.devel.mozilla,2,100,en,100.0,100.0,2006,2007,1
gmane.recreation.cars.toyota.mods,2,100,en,100.0,100.0,2005,2005,1
gmane.science.aerospace.psas.propulsion,2,100,en,100.0,100.0,2010,2010,1
gmane.user-groups.linux.france.graoulug,2,100,fr,100.0,0.0,2019,2019,1
gmane.user-groups.linux.ottawa.board,2,100,en,100.0,100.0,2006,2007,1
gmane.comp.audio.ecasound.cvs,2,100,en,100.0,100.0,2002,2003,1
gmane.comp.djb.checkpassword,2,100,en,100.0,100.0,2003,2006,1
gmane.comp.gnu.gift.general,2,100,en,100.0,100.0,2004,2006,1
gmane.comp.graphics.mng.general,2,100,en,100.0,100.0,2004,2004,1
gmane.comp.handhelds.android.internals,2,100,en,100.0,100.0,2008,2009,1
gmane.comp.handhelds.palm.iconmgr,2,100,en,100.0,100.0,2004,2006,1
gmane.comp.java.xwt.users,2,100,en,100.0,100.0,2003,2003,1
gmane.comp.lang.javascript.spanish,2,100,es,100.0,0.0,2006,2008,1
gmane.comp.lib.qt.opengov,2,100,en,100.0,100.0,2010,2011,1
gmane.comp.macosx.camino.general,2,100,en,100.0,100.0,2006,2008,1
gmane.comp.python.pyparsing.user,2,100,en,100.0,100.0,2005,2008,1
gmane.comp.scigraphica.gtkextra,2,100,en,100.0,100.0,2004,2008,1
gmane.comp.sysutils.autoconf.cvs,2,100,en,100.0,100.0,2002,2008,1
gmane.comp.web.dreamwidth.discuss,2,100,en,100.0,100.0,2009,2009,1
gmane.comp.web.phpopentracker.devel,2,100,en,100.0,100.0,2003,2003,1
gmane.culture.tv.south-park,2,100,en,100.0,100.0,2002,2004,1
gmane.linux.arch.security,2,100,en,100.0,100.0,2017,2017,1
gmane.linux.isdn.capisuite.user,2,100,et,50.0,50.0,2004,2013,2
gmane.linux.leaf.wisp-dist,2,100,en,100.0,100.0,2004,2005,1
gmane.linux.rpm.rpmforge.suggest,2,100,en,100.0,100.0,2010,2011,1
gmane.org.user-groups.linux.blu.hardware,2,100,en,100.0,100.0,2011,2013,1
gmane.org.user-groups.linux.traunstein,2,100,de,100.0,0.0,2003,2004,1
gmane.os.netbsd.ports.hpcsh,2,100,en,100.0,100.0,2006,2007,1
gmane.os.os2.xfree86,2,100,en,100.0,100.0,2005,2005,1
gmane.science.linguistics.wikipedia.gujarati,2,100,en,50.0,50.0,2015,2018,2
gmane.text.txt2tags,2,100,en,100.0,100.0,2010,2010,1
gmane.user-groups.foss.melbourne,2,100,en,100.0,100.0,2012,2013,1
gmane.comp.apache.mod-layout,2,100,en,100.0,100.0,2005,2008,1
gmane.comp.compilers.scratchbox.user,2,100,en,100.0,100.0,2006,2007,1
gmane.comp.editors.zathura,2,100,en,100.0,100.0,2012,2014,1
gmane.comp.games.pioneers.devel,2,100,en,100.0,100.0,2013,2014,1
gmane.comp.gnu.gnucap.devel,2,100,en,100.0,100.0,2006,2013,1
gmane.comp.gnu.gsrc.bugs,2,100,en,100.0,100.0,2010,2012,1
gmane.comp.hardware.fpga.hdl-fpga,2,100,en,50.0,50.0,2010,2011,2
gmane.comp.horde.gollem,2,100,en,100.0,100.0,2004,2013,1
gmane.comp.ide.eclipse.nebula.devel,2,100,en,100.0,100.0,2008,2012,1
gmane.comp.ide.eclipse.platform.core.devel,2,100,en,100.0,100.0,2008,2010,1
gmane.comp.internationalization.cldr,2,100,en,100.0,100.0,2007,2007,1
gmane.comp.java.jicarilla.cvs,2,100,en,50.0,50.0,2004,2004,2
gmane.comp.java.sisc.devel,2,100,en,100.0,100.0,2002,2005,1
gmane.comp.java.sun.xml.general,2,100,en,100.0,100.0,2003,2003,1
gmane.comp.kde.devel.optimize,2,100,en,100.0,100.0,2004,2006,1
gmane.comp.lang.perl.modules.mail-box,2,100,en,100.0,100.0,2003,2003,1
gmane.comp.lang.smalltalk.croquet.user,2,100,en,100.0,100.0,2004,2004,1
gmane.comp.linux.progeny.cl,2,100,en,100.0,100.0,2005,2005,1
gmane.comp.mathematics.sage.flame,2,100,en,100.0,100.0,2014,2015,1
gmane.comp.mathematics.scilab.devel,2,100,en,100.0,100.0,2010,2017,1
gmane.comp.multimedia.helix.debian,2,100,en,100.0,100.0,2009,2013,1
gmane.comp.php.phpmyadmin.user,2,100,en,100.0,100.0,2012,2012,1
gmane.comp.python.spe.user,2,100,en,100.0,100.0,2005,2010,1
gmane.comp.security.passwordsafe.user,2,100,en,100.0,100.0,2003,2018,1
gmane.comp.sysutils.bgware,2,100,en,100.0,100.0,2005,2010,1
gmane.comp.version-control.arx.user,2,100,en,100.0,100.0,2005,2006,1
gmane.comp.video.vdubmod.devel,2,100,en,100.0,100.0,2008,2008,1
gmane.comp.web.ming.general,2,100,en,100.0,100.0,2003,2003,1
gmane.comp.web.server.perlbal.general,2,100,en,100.0,100.0,2007,2008,1
gmane.comp.web.w3m.devel,2,100,ja,50.0,50.0,2004,2006,2
gmane.emacs.gnus.buildbot,2,100,en,100.0,100.0,2011,2014,1
gmane.ietf.keyprov,2,100,en,100.0,100.0,2007,2009,1
gmane.ietf.pesci,2,100,en,100.0,100.0,2005,2006,1
gmane.linux.drivers.eepro100.devel,2,100,en,100.0,100.0,2002,2002,1
gmane.linux.drivers.unichrome.devel,2,100,en,100.0,100.0,2005,2005,1
gmane.linux.kernel.grsecurity,2,100,en,100.0,100.0,2007,2007,1
gmane.linux.redhat.fedora.test.announce,2,100,en,100.0,100.0,2011,2019,1
gmane.linux.tomoyo.user.japanese,2,100,ja,100.0,0.0,2009,2015,1
gmane.linux.ubuntu.user.tamil,2,100,ta,100.0,0.0,2008,2009,1
gmane.network.ipv6.miredo.devel,2,100,en,100.0,100.0,2008,2009,1
gmane.network.irc.irssi.user,2,100,en,100.0,100.0,2002,2003,1
gmane.org.user-groups.linux.livlug,2,100,en,100.0,100.0,2015,2018,1
gmane.org.wikimedia.iberocoop,2,100,es,100.0,0.0,2017,2017,1
gmane.os.aeriebsd.scm,2,100,en,100.0,100.0,2011,2011,1
gmane.os.netbsd.regional.de,2,100,de,100.0,0.0,2009,2011,1
gmane.science.mathematics.logic.lean.user,2,100,en,100.0,100.0,2016,2017,1
gmane.user-groups.linux.france.val-libre,2,100,fr,50.0,0.0,2007,2009,2
gmane.comp.db.libdbi.user,2,100,en,100.0,100.0,2008,2011,1
gmane.comp.devicetree.spec,2,100,en,100.0,100.0,2014,2019,1
gmane.comp.education.tux4kids.tuxtype.devel,2,100,en,100.0,100.0,2009,2009,1
gmane.comp.gnome.apps.geeqie.scm,2,100,en,100.0,100.0,2008,2009,1
gmane.comp.gnome.lib.librsvg.devel,2,100,en,100.0,100.0,2007,2009,1
gmane.comp.horde.announce,2,100,en,100.0,100.0,2013,2014,1
gmane.comp.horde.hermes,2,100,en,100.0,100.0,2004,2005,1
gmane.comp.ide.gps.user,2,100,en,100.0,100.0,2004,2005,1
gmane.comp.jakarta.log4j.cvs,2,100,no,50.0,50.0,2002,2002,2
gmane.comp.java.openprojectservices,2,100,zh-cn,50.0,50.0,2018,2018,2
gmane.comp.kde.devel.kpovmodeler,2,100,en,100.0,100.0,2002,2003,1
gmane.comp.lang.perl.modules.formbuilder,2,100,UNKNOWN,50.0,50.0,2005,2005,2
gmane.comp.lang.pnuts.user,2,100,en,100.0,100.0,2005,2006,1
gmane.comp.lang.smalltalk.squeak.v3dot10,2,100,en,100.0,100.0,2007,2007,1
gmane.comp.lang.tcl.tcllib.devel,2,100,en,100.0,100.0,2018,2019,1
gmane.comp.licenses.opendatacommons.general,2,100,en,100.0,100.0,2011,2011,1
gmane.comp.macosx.calendarserver.devel,2,100,en,100.0,100.0,2011,2012,1
gmane.comp.php.zend.framework.core,2,100,en,100.0,100.0,2007,2008,1
gmane.comp.security.botnet.general,2,100,en,100.0,100.0,2007,2007,1
gmane.comp.web.limesurvey.devel,2,100,en,100.0,100.0,2013,2015,1
gmane.comp.web.statusnet.devel,2,100,en,100.0,100.0,2010,2011,1
gmane.emacs.emms.patches,2,100,en,100.0,100.0,2008,2008,1
gmane.emacs.yasnippet.devel,2,100,en,100.0,100.0,2009,2010,1
gmane.ietf.bliss,2,100,en,100.0,100.0,2009,2010,1
gmane.linux.conectiva.apt-rpm,2,100,en,100.0,100.0,2004,2006,1
gmane.linux.redhat.fedora.revisor.devel,2,100,en,100.0,100.0,2008,2009,1
gmane.linux.region.austria.events,2,100,de,100.0,0.0,2008,2011,1
gmane.linux.tomsrtbt,2,100,en,100.0,100.0,2002,2003,1
gmane.mail.public-inbox.general,2,100,en,100.0,100.0,2016,2018,1
gmane.network.dns.dnssec-trigger,2,100,en,100.0,100.0,2014,2015,1
gmane.network.etherlab.devel,2,100,en,100.0,100.0,2010,2016,1
gmane.network.jabber.prosody.devel,2,100,en,100.0,100.0,2014,2015,1
gmane.network.openfabrics.ofi,2,100,en,100.0,100.0,2017,2019,1
gmane.org.user-groups.psl.abcd,2,100,pt,100.0,0.0,2007,2011,1
gmane.org.wikimedia.belgium,2,100,en,50.0,50.0,2014,2014,2
gmane.org.wikimedia.movementroles,2,100,en,100.0,100.0,2011,2011,1
gmane.os.freebsd.devel.libh,2,100,en,100.0,100.0,2002,2011,1
gmane.comp.cms.farcry.user,2,100,en,100.0,100.0,2006,2006,1
gmane.comp.cms.jaws.devel,2,100,en,100.0,100.0,2007,2007,1
gmane.comp.db.firebird.documentation,2,100,en,100.0,100.0,2017,2017,1
gmane.comp.db.postgresql.oledb.devel,2,100,en,100.0,100.0,2006,2007,1
gmane.comp.desktop.etoile.devel,2,100,en,100.0,100.0,2006,2009,1
gmane.comp.emulators.tn5250,2,100,en,100.0,100.0,2005,2006,1
gmane.comp.freedesktop.xorg.drivers.geode,2,100,en,100.0,100.0,2012,2012,1
gmane.comp.gis.openstreetmap.region.it.lazio,2,100,it,100.0,0.0,2015,2016,1
gmane.comp.gnome.packaging,2,100,en,100.0,100.0,2003,2005,1
gmane.comp.gnu.debbugs,2,100,en,100.0,100.0,2012,2016,1
gmane.comp.gnu.regexp,2,100,en,100.0,100.0,2006,2006,1
gmane.comp.handhelds.android.commonsware,2,100,en,100.0,100.0,2011,2011,1
gmane.comp.ide.eclipse.platform.devel,2,100,en,50.0,50.0,2018,2019,2
gmane.comp.init.initng.tickets,2,100,en,100.0,100.0,2009,2009,1
gmane.comp.java.graphhopper.devel,2,100,en,100.0,100.0,2015,2015,1
gmane.comp.java.metaclass.devel,2,100,it,50.0,50.0,2004,2007,2
gmane.comp.java.netbeans.webteam,2,100,en,100.0,100.0,2006,2007,1
gmane.comp.java.openjdk.graphics-rasterizer.devel,2,100,en,100.0,100.0,2015,2015,1
gmane.comp.java.xstream.devel,2,100,en,100.0,100.0,2007,2008,1
gmane.comp.kde.gwenview,2,100,en,100.0,100.0,2004,2005,1
gmane.comp.lang.erlang.erlangweb.general,2,100,en,100.0,100.0,2009,2010,1
gmane.comp.package-management.openpkg.bugdb,2,100,en,100.0,100.0,2003,2004,1
gmane.comp.python.bottle.general,2,100,en,100.0,100.0,2010,2011,1
gmane.comp.python.rdflib.devel,2,100,en,100.0,100.0,2006,2015,1
gmane.comp.python.schevo.devel,2,100,en,100.0,100.0,2005,2006,1
gmane.comp.shells.scripting,2,100,en,100.0,100.0,2007,2009,1
gmane.comp.sysutils.backup.fsvs.devel,2,100,en,100.0,100.0,2007,2008,1
gmane.comp.video.vigra,2,100,en,100.0,100.0,2012,2014,1
gmane.comp.web.maypole.devel,2,100,en,100.0,100.0,2005,2006,1
gmane.ietf.vrrp,2,100,ro,50.0,50.0,2003,2005,2
gmane.linux.drivers.uwb,2,100,en,100.0,100.0,2008,2008,1
gmane.lisp.cclan.general,2,100,en,100.0,100.0,2006,2009,1
gmane.network.flent.user,2,100,en,100.0,100.0,2017,2018,1
gmane.org.misc.open-knowledge-foundation.canada,2,100,fr,100.0,0.0,2013,2014,1
gmane.org.user-groups.linux.brazil.linux-board,2,100,pt,50.0,0.0,2008,2011,2
gmane.org.user-groups.linux.gulcr.newbies,2,100,es,100.0,0.0,2005,2007,1
gmane.org.user-groups.trijug.juglist,2,100,en,100.0,100.0,2003,2012,1
gmane.os.cygwin.ports.general,2,100,en,100.0,100.0,2009,2009,1
gmane.comp.cms.ezpublish.devel,2,100,en,100.0,100.0,2009,2010,1
gmane.comp.gis.openstreetmap.region.ie,2,100,en,100.0,100.0,2018,2018,1
gmane.comp.gnome.gdm.general,2,100,en,100.0,100.0,2010,2013,1
gmane.comp.gnu.ccrtp.devel,2,100,en,100.0,100.0,2006,2008,1
gmane.comp.handhelds.linux.intimate,2,100,en,100.0,100.0,2002,2004,1
gmane.comp.ide.eclipse.oomph.devel,2,100,UNKNOWN,50.0,50.0,2015,2016,2
gmane.comp.lang.ml.devel,2,100,ru,50.0,50.0,2008,2009,2
gmane.comp.lib.wxwidgets.wxcode.user,2,100,en,100.0,100.0,2006,2007,1
gmane.comp.mobile.sms.tsms,2,100,en,100.0,100.0,2004,2005,1
gmane.comp.mozilla.heka,2,100,en,100.0,100.0,2015,2015,1
gmane.comp.openoffice.devel.tools,2,100,en,100.0,100.0,2009,2010,1
gmane.comp.python.networkx,2,100,en,100.0,100.0,2006,2007,1
gmane.comp.security.securiteam,2,100,en,100.0,100.0,2005,2005,1
gmane.comp.security.vulnerabilities.assessment,2,100,en,100.0,100.0,2009,2010,1
gmane.comp.sysutils.mcollective.user,2,100,en,100.0,100.0,2015,2015,1
gmane.comp.video.graphicsmagick.help,2,100,en,100.0,100.0,2006,2010,1
gmane.comp.web.roxen.user,2,100,en,100.0,100.0,2008,2009,1
gmane.culture.publications.edupage,2,100,en,100.0,100.0,2003,2005,1
gmane.emacs.muse.cvs,2,100,en,100.0,100.0,2006,2006,1
gmane.games.devel.windows,2,100,en,100.0,100.0,2002,2003,1
gmane.ietf.nfvrg,2,100,en,100.0,100.0,2017,2017,1
gmane.ietf.tcpm,2,100,en,100.0,100.0,2016,2018,1
gmane.linux.debian.alioth.pkg-bareos-devel,2,100,en,100.0,100.0,2017,2018,1
gmane.linux.debian.devel.letsencrypt,2,100,en,100.0,100.0,2016,2018,1
gmane.linux.kernel.wimax,2,100,en,50.0,50.0,2011,2011,2
gmane.mail.imap.feed2imap.devel,2,100,en,100.0,100.0,2009,2009,1
gmane.network.dijjer.devel,2,100,en,100.0,100.0,2005,2010,1
gmane.org.user-groups.universidad-libre,2,100,es,100.0,0.0,2008,2011,1
gmane.os.netbsd.regional.nyc,2,100,en,100.0,100.0,2009,2010,1
gmane.science.linguistics.wikipedia.oriya,2,100,en,50.0,50.0,2011,2014,2
gmane.technology.sustainable.urban,2,100,en,100.0,100.0,2008,2008,1
gmane.user-groups.linux.delhi.devel,2,100,en,100.0,100.0,2006,2006,1
gmane.comp.audio.cmus.devel,2,100,en,100.0,100.0,2012,2012,1
gmane.comp.bug-tracking.gnats.general,2,100,en,100.0,100.0,2002,2006,1
gmane.comp.distributed.hail.devel,2,100,en,100.0,100.0,2009,2009,1
gmane.comp.documentfoundation.mirrors,2,100,en,100.0,100.0,2011,2012,1
gmane.comp.encryption.gpg.gpa.cvs,2,100,en,100.0,100.0,2002,2003,1
gmane.comp.gnu.3dkit.general,2,100,hr,50.0,50.0,2005,2005,2
gmane.comp.handhelds.meego.ivi,2,100,en,100.0,100.0,2011,2011,1
gmane.comp.java.fiji.user,2,100,en,100.0,100.0,2012,2012,1
gmane.comp.java.placelab.general,2,100,en,100.0,100.0,2004,2005,1
gmane.comp.java.vexi.core,2,100,en,100.0,100.0,2005,2009,1
gmane.comp.kde.akademy,2,100,en,100.0,100.0,2015,2019,1
gmane.comp.lib.boost.proto,2,100,en,100.0,100.0,2010,2010,1
gmane.comp.misc.ontology.general,2,100,en,100.0,100.0,2003,2005,1
gmane.comp.security.firewalls.firestarter.user,2,100,en,100.0,100.0,2005,2007,1
gmane.comp.security.virus.vtools,2,100,en,100.0,100.0,2004,2004,1
gmane.comp.telephony.pbx.openpbx.devel,2,100,en,100.0,100.0,2007,2008,1
gmane.comp.version-control.sourcegear-vault.user,2,100,en,100.0,100.0,2004,2004,1
gmane.comp.web.amaya.devel,2,100,en,100.0,100.0,2004,2007,1
gmane.comp.web.genshi,2,100,en,100.0,100.0,2010,2013,1
gmane.comp.web.wiki.pmwiki.announce,2,100,en,100.0,100.0,2004,2006,1
gmane.comp.web.wiki.wikispot.general,2,100,en,100.0,100.0,2009,2009,1
gmane.comp.web.zope.pas,2,100,en,100.0,100.0,2004,2005,1
gmane.comp.web.zope.plone.net,2,100,en,100.0,100.0,2006,2009,1
gmane.games.netrek.forever,2,100,en,100.0,100.0,2010,2013,1
gmane.lisp.scheme.reports,2,100,en,100.0,100.0,2011,2012,1
gmane.lisp.uffi.cvs,2,100,ro,50.0,50.0,2002,2003,2
gmane.mail.sup.devel,2,100,en,100.0,100.0,2010,2011,1
gmane.network.crossroads.devel,2,100,en,100.0,100.0,2012,2012,1
gmane.network.gnunet.general,2,100,en,100.0,100.0,2004,2015,1
gmane.network.jabber.xmpp4r.devel,2,100,en,100.0,100.0,2008,2011,1
gmane.network.samba.documentation,2,100,UNKNOWN,50.0,50.0,2002,2003,2
gmane.network.tin.devel,2,100,en,100.0,100.0,2003,2004,1
gmane.org.user-groups.linux.norway.lilug,2,100,no,100.0,0.0,2001,2001,1
gmane.os.netbsd.devel.crypto,2,100,en,100.0,100.0,2003,2006,1
gmane.politics.activism.turkey-against-internet-censor,2,100,tr,50.0,50.0,2010,2013,2
gmane.science.mathematics.prooftheory,2,100,en,100.0,100.0,2008,2011,1
gmane.science.robotics.pyro.user,2,100,en,100.0,100.0,2006,2007,1
gmane.technology.ltsp.ru,2,100,ru,100.0,0.0,2004,2005,1
gmane.comp.archivers.star.user,2,100,en,100.0,100.0,2005,2013,1
gmane.comp.bios.tianocore.buildtools.devel,2,100,en,100.0,100.0,2012,2013,1
gmane.comp.gis.openstreetmap.region.de.berlin,2,100,de,100.0,0.0,2014,2015,1
gmane.comp.gnome.apps.seahorse.devel,2,100,ja,100.0,0.0,2007,2007,1
gmane.comp.gnome.orbit.general,2,100,en,100.0,100.0,2003,2005,1
gmane.comp.gnu.aspell.devel,2,100,en,100.0,100.0,2005,2010,1
gmane.comp.ide.eclipse.mtteam.devel,2,100,en,100.0,100.0,2007,2008,1
gmane.comp.java.clojure.pedestal.user,2,100,en,100.0,100.0,2013,2015,1
gmane.comp.java.openjdk.gb,2,100,en,100.0,100.0,2008,2014,1
gmane.comp.kde.announce,2,100,en,100.0,100.0,2003,2010,1
gmane.comp.lang.r.ggplot2.devel,2,100,en,100.0,100.0,2012,2012,1
gmane.comp.lib.qt.marketing,2,100,en,100.0,100.0,2011,2012,1
gmane.comp.lib.rtk.user,2,100,en,100.0,100.0,2013,2015,1
gmane.comp.mozilla.devel.jsdebugger,2,100,en,100.0,100.0,2003,2004,1
gmane.comp.python.pygui,2,100,en,100.0,100.0,2009,2011,1
gmane.comp.security.w3af.user,2,100,en,100.0,100.0,2012,2014,1
gmane.comp.tex.german.aachen,2,100,de,100.0,0.0,2003,2017,1
gmane.comp.type-setting.skribilo.user,2,100,en,100.0,100.0,2010,2017,1
gmane.comp.voip.minisip.user,2,100,en,100.0,100.0,2005,2006,1
gmane.comp.web.kss.scm,2,100,en,50.0,50.0,2007,2008,2
gmane.editors.nedit.devel,2,100,en,100.0,100.0,2008,2009,1
gmane.linux.distributions.blag.user,2,100,en,100.0,100.0,2008,2008,1
gmane.linux.redhat.release.guinness,2,100,en,100.0,100.0,2002,2003,1
gmane.linux.suse.opensuse.ruby,2,100,en,100.0,100.0,2014,2014,1
gmane.music.4ad,2,100,en,100.0,100.0,2002,2003,1
gmane.network.directoryadmin,2,100,en,100.0,100.0,2005,2005,1
gmane.network.jabber.gajim.devel,2,100,en,100.0,100.0,2006,2008,1
gmane.org.clubs.nwbiodiesel.announce,2,100,en,100.0,100.0,2010,2010,1
gmane.org.misc.hcoop.general,2,100,en,100.0,100.0,2008,2010,1
gmane.org.user-groups.debian.saopaulo,2,100,es,50.0,0.0,2002,2003,2
gmane.org.wikimedia.canada,2,100,en,100.0,100.0,2008,2009,1
gmane.os.solaris.opensolaris.shell,2,100,en,100.0,100.0,2007,2010,1
gmane.politics.pulp.general,2,100,en,100.0,100.0,2006,2006,1
gmane.recreation.radio.hardware.icomr2,2,100,en,100.0,100.0,2003,2016,1
gmane.user-groups.linux.minsk.general,2,100,ru,100.0,0.0,2004,2004,1
gmane.comp.apache.apr.serf.devel,2,100,en,100.0,100.0,2015,2015,1
gmane.comp.audio.acoustid,2,100,en,100.0,100.0,2014,2016,1
gmane.comp.crm.lcm.cvs,2,100,en,100.0,100.0,2009,2009,1
gmane.comp.editors.editorconfig,2,100,en,100.0,100.0,2012,2012,1
gmane.comp.games.freecol.devel,2,100,en,100.0,100.0,2016,2017,1
gmane.comp.gnu.myserver.bugs,2,100,en,100.0,100.0,2008,2009,1
gmane.comp.graphics.libjpeg-turbo.user,2,100,en,100.0,100.0,2014,2015,1
gmane.comp.kde.devel.perl,2,100,en,100.0,100.0,2003,2004,1
gmane.comp.lib.colorer,2,100,ru,50.0,50.0,2005,2005,2
gmane.comp.lib.gnustep.user,2,100,en,100.0,100.0,2004,2007,1
gmane.comp.mozilla.thunderbird.region.indonesia,2,100,id,50.0,50.0,2007,2011,2
gmane.comp.openoffice.devel.porting.mac,2,100,en,100.0,100.0,2006,2009,1
gmane.comp.package-management.opkg.devel,2,100,en,100.0,100.0,2013,2014,1
gmane.comp.security.firewalls.fwknop.general,2,100,en,100.0,100.0,2011,2015,1
gmane.comp.video.blender.python,2,100,en,100.0,100.0,2013,2015,1
gmane.comp.video.marvel,2,100,en,100.0,100.0,2002,2009,1
gmane.comp.video.tovid.user,2,100,en,100.0,100.0,2011,2016,1
gmane.comp.web.oscommerce.laws,2,100,en,100.0,100.0,2003,2003,1
gmane.comp.web.perlfect-search,2,100,en,100.0,100.0,2003,2004,1
gmane.comp.web.zope.plone.getpaid.devel,2,100,en,100.0,100.0,2008,2009,1
gmane.emacs.blogging,2,100,en,100.0,100.0,2010,2010,1
gmane.emacs.psgml.devel,2,100,en,50.0,50.0,2009,2010,2
gmane.games.devel.pipmak.user,2,100,en,100.0,100.0,2006,2008,1
gmane.ietf.openpgp,2,100,en,100.0,100.0,1997,1997,1
gmane.linux.distributions.ascendos.devel,2,100,fr,50.0,50.0,2011,2011,2
gmane.linux.suse.multimedia,2,100,en,100.0,100.0,2010,2011,1
gmane.linux.suse.security.announce,2,100,en,100.0,100.0,2006,2006,1
gmane.lisp.guile.gtk,2,100,en,100.0,100.0,2008,2011,1
gmane.org.user-groups.cisco.areanetworking,2,100,it,100.0,0.0,2010,2010,1
gmane.os.freebsd.devel.smp,2,100,en,100.0,100.0,2002,2003,1
gmane.os.netbsd.ports.hp700,2,100,en,100.0,100.0,2003,2003,1
gmane.text.xml.xslt.xsltforms,2,100,en,100.0,100.0,2014,2015,1
gmane.comp.calendars.schooltool,2,100,en,100.0,100.0,2006,2008,1
gmane.comp.gis.openstreetmap.region.de.hh,2,100,de,100.0,0.0,2008,2012,1
gmane.comp.gis.openstreetmap.region.za,2,100,en,100.0,100.0,2012,2013,1
gmane.comp.handhelds.palm.french.devel,2,100,fr,100.0,0.0,2017,2017,1
gmane.comp.ide.eclipse.stem.devel,2,100,en,100.0,100.0,2012,2017,1
gmane.comp.infodesign.facetedclassification,2,100,en,100.0,100.0,2003,2003,1
gmane.comp.java.netbeans.modules.mdr.devel,2,100,en,100.0,100.0,2002,2002,1
gmane.comp.java.quartz.devel,2,100,en,100.0,100.0,2008,2009,1
gmane.comp.lang.smalltalk.squeak.setools,2,100,en,100.0,100.0,2006,2006,1
gmane.comp.lang.smalltalk.strongtalk,2,100,en,100.0,100.0,2008,2008,1
gmane.comp.mozilla.devel.mathml,2,100,en,100.0,100.0,2007,2008,1
gmane.comp.sysutils.dejagnu.bugs,2,100,ca,50.0,50.0,2002,2009,2
gmane.comp.telephony.pbx.asterisk.bristuff.user,2,100,en,100.0,100.0,2007,2008,1
gmane.comp.version-control.cvs.gui.devel,2,100,en,100.0,100.0,2002,2003,1
gmane.culture.backpacking.backpackingstoves,2,100,en,100.0,100.0,2006,2007,1
gmane.editors.jedit.announce,2,100,en,100.0,100.0,2005,2005,1
gmane.linux.debian.devel.john,2,100,en,100.0,100.0,2008,2010,1
gmane.linux.suse.schools.usa,2,100,en,100.0,100.0,2007,2007,1
gmane.lisp.matlisp.devel,2,100,en,100.0,100.0,2002,2012,1
gmane.lisp.scheme.reports.wg2,2,100,en,100.0,100.0,2010,2013,1
gmane.mail.jamm.user,2,100,en,100.0,100.0,2005,2005,1
gmane.network.direct-connect.valknut.general,2,100,en,100.0,100.0,2005,2006,1
gmane.org.netlabs.lucide.devel,2,100,en,100.0,100.0,2006,2019,1
gmane.org.wikimedia.winedale,2,100,en,100.0,100.0,2015,2018,1
gmane.text.xml.xmlroff.general,2,100,en,100.0,100.0,2003,2004,1
gmane.comp.apache.mod-security.owasp-crs,2,100,en,100.0,100.0,2016,2017,1
gmane.comp.apache.mod-survey.general,2,100,en,100.0,100.0,2006,2007,1
gmane.comp.boot-loaders.tboot.devel,2,100,en,100.0,100.0,2010,2012,1
gmane.comp.db.soci.devel,2,100,en,100.0,100.0,2013,2013,1
gmane.comp.games.pioneers.announce,2,100,en,100.0,100.0,2011,2016,1
gmane.comp.gnu.shishi.general,2,100,en,100.0,100.0,2012,2018,1
gmane.comp.java.fiji.devel,2,100,en,100.0,100.0,2012,2012,1
gmane.comp.lang.delphi.topaz,2,100,en,100.0,100.0,2003,2003,1
gmane.comp.lang.nice.general,2,100,en,100.0,100.0,2004,2004,1
gmane.comp.lang.perl.modules.apache-asp.general,2,100,en,100.0,100.0,2009,2018,1
gmane.comp.lang.ruby.modules.libxml.devel,2,100,en,100.0,100.0,2008,2010,1
gmane.comp.lang.ruby.usp,2,100,en,100.0,100.0,2011,2012,1
gmane.comp.lib.fann.cvs,2,100,en,100.0,100.0,2006,2007,1
gmane.comp.multimedia.libdc1394.devel,2,100,en,100.0,100.0,2011,2012,1
gmane.comp.python.epd.user,2,100,en,100.0,100.0,2010,2014,1
gmane.comp.python.mime.devel,2,100,en,50.0,50.0,2002,2010,2
gmane.comp.python.scikit-image,2,100,en,100.0,100.0,2016,2016,1
gmane.comp.python.snake-farm.reports,2,100,en,100.0,100.0,2002,2003,1
gmane.comp.security.ids.snort.barnyard.devel,2,100,en,100.0,100.0,2004,2009,1
gmane.comp.sysutils.ddrescue,2,100,en,100.0,100.0,2011,2011,1
gmane.comp.window-managers.xwem.devel,2,100,en,100.0,100.0,2004,2006,1
gmane.culture.language.punjabi,2,100,pa,50.0,50.0,2008,2014,2
gmane.ietf.dccp,2,100,en,100.0,100.0,2007,2007,1
gmane.linux.gentoo.releng,2,100,en,100.0,100.0,2006,2008,1
gmane.linux.installation.cobbler.devel,2,100,en,100.0,100.0,2014,2017,1
gmane.linux.kernel.remote-debugging,2,100,en,100.0,100.0,2007,2007,1
gmane.linux.lsb.implementation,2,100,en,100.0,100.0,2002,2004,1
gmane.linux.network.bridge.ebtables.devel,2,100,en,100.0,100.0,2003,2004,1
gmane.linux.pld.shadow.cvs,2,100,en,100.0,100.0,2004,2005,1
gmane.linux.redhat.fedora.core.announce,2,100,en,100.0,100.0,2005,2005,1
gmane.linux.ubuntu.devel.sugar,2,100,fr,50.0,50.0,2010,2018,2
gmane.lisp.scheme.mit-scheme.devel,2,100,en,100.0,100.0,2009,2015,1
gmane.music.otr.lostees,2,100,en,100.0,100.0,2006,2008,1
gmane.network.proftpd.devel,2,100,en,100.0,100.0,2013,2016,1
gmane.network.ripe.enog.discuss,2,100,ru,100.0,0.0,2016,2016,1
gmane.science.linguistics.wikipedia.chinese,2,100,ko,50.0,0.0,2011,2013,2
gmane.science.linguistics.wikipedia.wikitext,2,100,en,100.0,100.0,2010,2014,1
gmane.user-groups.foss.opensourcetreffen.discuss,2,100,de,100.0,0.0,2014,2014,1
gmane.comp.archivers.backup-manager.user,2,100,en,100.0,100.0,2007,2008,1
gmane.comp.cloud.hadoop.scalding.devel,2,100,et,50.0,50.0,2014,2018,2
gmane.comp.file-systems.tux3,2,100,en,100.0,100.0,2014,2018,1
gmane.comp.gnome.devtools,2,100,en,100.0,100.0,2007,2017,1
gmane.comp.gnu.cons.general,2,100,en,100.0,100.0,2002,2004,1
gmane.comp.ide.eclipse.plugins.radrails,2,100,en,100.0,100.0,2006,2007,1
gmane.comp.jakarta.bcel.devel,2,100,en,100.0,100.0,2005,2005,1
gmane.comp.kde.devel.atlantik,2,100,da,50.0,50.0,2003,2003,2
gmane.comp.lang.xl,2,100,en,100.0,100.0,2008,2014,1
gmane.comp.python.xy.devel,2,100,en,100.0,100.0,2013,2014,1
gmane.comp.security.virus.clamav.win32,2,100,fr,100.0,0.0,2006,2008,1
gmane.culture.war.guerrelec,2,100,fr,100.0,0.0,2005,2006,1
gmane.ietf.beep,2,100,en,100.0,100.0,2006,2006,1
gmane.linux.debian.devel.tcltk,2,100,UNKNOWN,50.0,50.0,2015,2017,2
gmane.linux.redhat.atomic.devel,2,100,en,100.0,100.0,2015,2015,1
gmane.linux.redhat.ppp,2,100,en,100.0,100.0,2003,2003,1
gmane.linux.terminal-server.x2go.tags,2,100,en,100.0,100.0,2011,2014,1
gmane.network.rdesktop.cvs,2,100,en,100.0,100.0,2003,2006,1
gmane.network.ripe.policy.announce,2,100,en,100.0,100.0,2015,2017,1
gmane.network.samba.announce,2,100,en,100.0,100.0,2008,2011,1
gmane.org.user-groups.python.chennai,2,100,en,100.0,100.0,2015,2018,1
gmane.org.user-groups.wifi.huwico,2,100,id,50.0,0.0,2005,2005,2
gmane.os.cygwin.cygnome2.devel,2,100,no,50.0,50.0,2004,2008,2
gmane.os.midnightbsd.mports,2,100,en,100.0,100.0,2011,2011,1
gmane.os.netbsd.ports.sgimips,2,100,af,50.0,50.0,2003,2008,2
gmane.politics.activism.wsfii.general,2,100,en,100.0,100.0,2006,2007,1
gmane.technology.fuel-cell.general,2,100,UNKNOWN,100.0,0.0,2015,2015,1
gmane.comp.cad.pythonocc.user,2,100,en,100.0,100.0,2010,2012,1
gmane.comp.db.sqlanywhere.devel,2,100,en,100.0,100.0,2009,2009,1
gmane.comp.encryption.opencryptoki.tech,2,100,en,100.0,100.0,2009,2010,1
gmane.comp.gnome.apps.gnucash.brasil,2,100,pt,100.0,0.0,2011,2014,1
gmane.comp.gnome.gnome-os,2,100,en,100.0,100.0,2013,2016,1
gmane.comp.java.enhydra.xmlc,2,100,en,100.0,100.0,2003,2003,1
gmane.comp.lang.realbasic.pgsql4rb,2,100,UNKNOWN,50.0,50.0,2007,2010,2
gmane.comp.ldap.padl.nss,2,100,ru,50.0,50.0,2008,2012,2
gmane.comp.multimedia.puredata.announce,2,100,en,100.0,100.0,2013,2013,1
gmane.comp.multimedia.quodlibet,2,100,en,100.0,100.0,2008,2010,1
gmane.comp.parsers.htmlparser.user,2,100,hu,50.0,50.0,2007,2009,2
gmane.comp.python.durus,2,100,en,100.0,100.0,2006,2009,1
gmane.comp.python.tryton.french,2,100,fr,100.0,0.0,2013,2014,1
gmane.comp.sourceid.sso.user,2,100,en,100.0,100.0,2004,2006,1
gmane.comp.web.rdf.redland.devel,2,100,en,100.0,100.0,2009,2009,1
gmane.comp.web.sputnik,2,100,en,100.0,100.0,2008,2010,1
gmane.ietf.iporpr,2,100,en,100.0,100.0,2002,2005,1
gmane.linux.pld.shadow.general,2,100,en,100.0,100.0,2005,2006,1
gmane.network.iperf.user,2,100,en,100.0,100.0,2017,2017,1
gmane.network.ripe.anti-abuse,2,100,en,100.0,100.0,2016,2019,1
gmane.os.books.producingoss-translators,2,100,en,50.0,50.0,2007,2008,2
gmane.user-groups.linux.ilug.south-east,2,100,en,100.0,100.0,2004,2005,1
gmane.comp.clustering.xcpu,2,100,en,100.0,100.0,2008,2008,1
gmane.comp.db.postgresql.russian,2,100,ru,100.0,0.0,2007,2011,1
gmane.comp.desktop.scim.user,2,100,en,100.0,100.0,2008,2009,1
gmane.comp.freedesktop.distributions,2,100,en,100.0,100.0,2011,2011,1
gmane.comp.gnome.language-bindings,2,100,en,100.0,100.0,2003,2011,1
gmane.comp.gnome.mono.documentation,2,100,en,100.0,100.0,2003,2005,1
gmane.comp.handhelds.meego.localization,2,100,en,100.0,100.0,2011,2011,1
gmane.comp.lex.flex.general,2,100,en,50.0,50.0,2005,2006,2
gmane.comp.lib.hk-classes.general,2,100,en,100.0,100.0,2008,2009,1
gmane.comp.python.db.pysqlite.user,2,100,en,100.0,100.0,2005,2006,1
gmane.comp.python.peak.cvs,2,100,en,100.0,100.0,2008,2011,1
gmane.comp.telephony.freeswitch.business,2,100,en,100.0,100.0,2010,2015,1
gmane.comp.video.gimp.web,2,100,en,100.0,100.0,2004,2007,1
gmane.comp.voip.sems.user,2,100,en,100.0,100.0,2009,2011,1
gmane.comp.web.xreporter.general,2,100,en,100.0,100.0,2006,2007,1
gmane.comp.xfree86.fonts,2,100,tr,50.0,50.0,2003,2004,2
gmane.culture.publications.bytesforall.readers,2,100,en,100.0,100.0,2002,2004,1
gmane.editors.vim.cream.general,2,100,en,100.0,100.0,2007,2007,1
gmane.linux.bbc.devel,2,100,en,100.0,100.0,2004,2004,1
gmane.linux.kernel.metag,2,100,en,100.0,100.0,2014,2015,1
gmane.mail.spam.hashcash,2,100,en,100.0,100.0,2005,2007,1
gmane.network.dns.c-ares,2,100,en,100.0,100.0,2016,2016,1
gmane.org.region.san-francisco.noisebridge.rack,2,100,en,100.0,100.0,2014,2016,1
gmane.os.freebsd.bugbusters,2,100,en,100.0,100.0,2006,2007,1
gmane.comp.cad.geda.bugs,2,100,en,100.0,100.0,2008,2011,1
gmane.comp.cad.leocad.user,2,100,en,100.0,100.0,2008,2009,1
gmane.comp.gnome.bindings.java,2,100,en,100.0,100.0,2004,2005,1
gmane.comp.gnu.chess.announce,2,100,ru,50.0,50.0,2002,2005,2
gmane.comp.graphics.opensg.devel,2,100,en,100.0,100.0,2010,2011,1
gmane.comp.kde.darwin,2,100,en,100.0,100.0,2003,2004,1
gmane.comp.lang.perl.modules.tk.beginners,2,100,en,50.0,50.0,2015,2015,2
gmane.comp.lib.qt.pyside.devel,2,100,UNKNOWN,100.0,0.0,2016,2016,1
gmane.comp.misc.infrastructures,2,100,en,100.0,100.0,2005,2007,1
gmane.comp.monitoring.icinga.devel,2,100,en,100.0,100.0,2011,2015,1
gmane.comp.neostats.devel,2,100,en,100.0,100.0,2005,2005,1
gmane.comp.nlp.acopost,2,100,en,50.0,50.0,2014,2019,2
gmane.comp.python.comtypes.user,2,100,en,100.0,100.0,2008,2012,1
gmane.comp.security.vpn,2,100,en,100.0,100.0,2003,2004,1
gmane.comp.web.cthumb.general,2,100,en,100.0,100.0,2002,2003,1
gmane.comp.web.lively.general,2,100,en,100.0,100.0,2009,2012,1
gmane.comp.windows.dotnet.nunit.devel,2,100,en,100.0,100.0,2008,2008,1
gmane.ietf.ipoib,2,100,en,100.0,100.0,2004,2005,1
gmane.linux.debian.hardened.devel,2,100,en,100.0,100.0,2008,2009,1
gmane.linux.ports.ultrapenguin,2,100,en,100.0,100.0,2005,2018,1
gmane.mail.spam.spamprobe.general,2,100,en,100.0,100.0,2004,2004,1
gmane.science.cryptography.bletchley-park,2,100,en,100.0,100.0,2005,2007,1
gmane.science.linguistics.wikipedia.swedish,2,100,sv,100.0,0.0,2004,2006,1
gmane.text.xml.sax.devel,2,100,en,50.0,50.0,2003,2004,2
gmane.user-groups.foss.italy.sputnix,2,100,it,100.0,0.0,2009,2014,1
gmane.user-groups.foss.solid-ec,2,100,es,100.0,0.0,2008,2008,1
gmane.comp.cryptography.moderncrypto.messaging,2,100,en,100.0,100.0,2014,2017,1
gmane.comp.finance.turquaz.devel,2,100,en,50.0,50.0,2005,2005,2
gmane.comp.freedesktop.xorg.modular,2,100,en,100.0,100.0,2005,2006,1
gmane.comp.hardware.qi.general,2,100,en,100.0,100.0,2013,2015,1
gmane.comp.ide.eclipse.eclipselink.devel,2,100,en,100.0,100.0,2014,2017,1
gmane.comp.java.chiki.devel,2,100,en,50.0,50.0,2008,2016,2
gmane.comp.monitoring.collectl,2,100,en,100.0,100.0,2015,2017,1
gmane.comp.mozilla.devel.firefox,2,100,he,50.0,50.0,2013,2013,2
gmane.comp.mozilla.devel.xml,2,100,en,100.0,100.0,2004,2005,1
gmane.comp.openoffice.users.portuguese-br,2,100,pt,100.0,0.0,2006,2010,1
gmane.comp.web.albatross.general,2,100,en,100.0,100.0,2003,2013,1
gmane.ietf.yam,2,100,en,100.0,100.0,2010,2010,1
gmane.linux.ankur.india.project.ideas,2,100,en,100.0,100.0,2013,2013,1
gmane.linux.debian.alioth.pkg-python-debian-maint,2,100,en,100.0,100.0,2013,2014,1
gmane.linux.distributions.blag.devel,2,100,en,100.0,100.0,2008,2008,1
gmane.linux.drivers.wbsd.devel,2,100,en,100.0,100.0,2005,2005,1
gmane.lisp.flexi-streams.devel,2,100,en,100.0,100.0,2007,2008,1
gmane.network.fire.devel,2,100,en,100.0,100.0,2004,2004,1
gmane.network.shinken.devel,2,100,en,100.0,100.0,2010,2010,1
gmane.network.vnc.tigervnc.user,2,100,en,100.0,100.0,2011,2011,1
gmane.org.fsf.education.europe,2,100,en,50.0,50.0,2002,2011,2
gmane.org.user-groups.linux.brazil.suse-linux,2,100,en,50.0,50.0,2007,2008,2
gmane.org.w3c.translators.general,2,100,en,100.0,100.0,2003,2008,1
gmane.comp.db.adodb.general,2,100,es,50.0,50.0,2006,2010,2
gmane.comp.db.mysql.brasil,2,100,pt,50.0,0.0,2007,2008,2
gmane.comp.db.opendbx.devel,2,100,en,100.0,100.0,2009,2009,1
gmane.comp.games.mud.client.lyntin,2,100,en,100.0,100.0,2003,2004,1
gmane.comp.java.enhydra.shark,2,100,en,100.0,100.0,2005,2009,1
gmane.comp.java.netbeans.announce,2,100,UNKNOWN,50.0,50.0,2001,2003,2
gmane.comp.java.netbeans.general.russian,2,100,ru,100.0,0.0,2003,2005,1
gmane.comp.lang.perl.modules.petal,2,100,en,100.0,100.0,2004,2004,1
gmane.comp.mozilla.jobs,2,100,en,100.0,100.0,2003,2009,1
gmane.comp.web.wiki.pmwiki.devel,2,100,en,100.0,100.0,2006,2007,1
gmane.comp.web.zope.plone.versioning,2,100,en,100.0,100.0,2005,2006,1
gmane.comp.window-managers.i3.general,2,100,en,100.0,100.0,2015,2015,1
gmane.editors.joe,2,100,zh-cn,50.0,50.0,2007,2016,2
gmane.ietf.captive-portals,2,100,en,100.0,100.0,2016,2018,1
gmane.linux.kernel.modules,2,100,en,100.0,100.0,2012,2014,1
gmane.linux.tomoyo.user.english,2,100,en,100.0,100.0,2009,2010,1
gmane.org.user-groups.linux.alslug.novice,2,100,UNKNOWN,50.0,50.0,2017,2018,2
gmane.org.wikimedia.comproj,2,100,en,100.0,100.0,2007,2007,1
gmane.org.wikimedia.wikilovesearth,2,100,en,100.0,100.0,2014,2016,1
gmane.os.freebsd.devel.internationalization,2,100,en,100.0,100.0,2002,2008,1
gmane.os.freebsd.eclipse,2,100,en,100.0,100.0,2006,2011,1
gmane.os.freebsd.jobs,2,100,en,100.0,100.0,2002,2002,1
gmane.comp.audio.hydrogen.user,2,100,en,100.0,100.0,2008,2010,1
gmane.comp.cloud.openstack.announce,2,100,en,100.0,100.0,2015,2015,1
gmane.comp.file-systems.fuse.sshfs,2,100,en,100.0,100.0,2006,2006,1
gmane.comp.gnome.documentation.devel,2,100,en,100.0,100.0,2005,2013,1
gmane.comp.gnome.liferea.devel,2,100,en,100.0,100.0,2006,2009,1
gmane.comp.graphics.chromium.cvs,2,100,en,100.0,100.0,2004,2006,1
gmane.comp.ide.eclipse.jdt.devel,2,100,en,100.0,100.0,2007,2015,1
gmane.comp.java.cocoblog.devel,2,100,UNKNOWN,50.0,50.0,2004,2010,2
gmane.comp.lang.go.brasil,2,100,pt,100.0,0.0,2015,2016,1
gmane.comp.lang.tcl.starkit,2,100,en,100.0,100.0,2002,2004,1
gmane.comp.lib.wxwidgets.internationalization,2,100,en,100.0,100.0,2007,2007,1
gmane.comp.sysutils.lcd4linux.user,2,100,en,100.0,100.0,2007,2008,1
gmane.comp.sysutils.supervisor.general,2,100,en,100.0,100.0,2010,2011,1
gmane.comp.video.videolan.vls.devel,2,100,en,100.0,100.0,2003,2003,1
gmane.comp.voip.blink.general,2,100,en,100.0,100.0,2015,2017,1
gmane.comp.web.webobjects.admin,2,100,en,100.0,100.0,2002,2003,1
gmane.comp.windows.devel.dotnet.rotor,2,100,en,100.0,100.0,2002,2004,1
gmane.culture.religion.church-of-the-anti-christ,2,100,en,100.0,100.0,2002,2002,1
gmane.emacs.xemacs.beta.japanese,2,100,en,50.0,50.0,2003,2004,2
gmane.ietf.rtg-bfd,2,100,en,100.0,100.0,2015,2018,1
gmane.mail.mew.windows,2,100,ja,100.0,0.0,2005,2012,1
gmane.music.raves.mid-west,2,100,en,100.0,100.0,1996,1996,1
gmane.network.fire.general,2,100,en,100.0,100.0,2005,2006,1
gmane.org.aful.interlug,2,100,fr,100.0,0.0,2010,2011,1
gmane.org.operators.trnog,2,100,tr,100.0,0.0,2014,2014,1
gmane.politics.sejmometr.api,2,100,pl,100.0,0.0,2012,2012,1
gmane.science.simulation.opm,2,100,en,100.0,100.0,2013,2018,1
gmane.comp.apache.falcon.scm,2,100,en,100.0,100.0,2016,2016,1
gmane.comp.apache.incubator.depot.devel,2,100,nl,50.0,50.0,2004,2004,2
gmane.comp.audio.libcdio.devel,2,100,en,100.0,100.0,2011,2016,1
gmane.comp.gis.gvsig.announce.english,2,100,en,100.0,100.0,2011,2013,1
gmane.comp.gnome.glade.devel,2,100,en,100.0,100.0,2005,2006,1
gmane.comp.graphics.panotools.ng,2,100,en,100.0,100.0,2006,2006,1
gmane.comp.java.aop.composestar,2,100,zh-cn,50.0,50.0,2007,2008,2
gmane.comp.lang.harbour.user,2,100,en,100.0,100.0,2010,2010,1
gmane.comp.lang.perl.modules.dbd-sqlite,2,100,en,100.0,100.0,2010,2010,1
gmane.comp.printing.hplip.devel,2,100,en,100.0,100.0,2007,2007,1
gmane.comp.web.pyblosxom.user,2,100,en,100.0,100.0,2003,2005,1
gmane.culture.talk.social-networks.portability,2,100,UNKNOWN,50.0,50.0,2008,2008,2
gmane.games.diplomacy.stabbers,2,100,sv,100.0,0.0,2012,2016,1
gmane.ietf.imap5,2,100,en,100.0,100.0,2012,2012,1
gmane.ietf.magma,2,100,en,100.0,100.0,2004,2010,1
gmane.linux.ubuntu.loco.us.oregon,2,100,en,100.0,100.0,2012,2013,1
gmane.mail.neomail.general,2,100,en,100.0,100.0,2002,2003,1
gmane.network.protocols.mpls,2,100,en,100.0,100.0,2004,2007,1
gmane.org.fsf.holland,2,100,sv,50.0,50.0,2005,2006,2
gmane.org.user-groups.python.pysv.general,2,100,de,100.0,0.0,2012,2017,1
gmane.os.cygwin.xfree.announce,2,100,en,100.0,100.0,2009,2013,1
gmane.os.freebsd.devel.new-bus,2,100,UNKNOWN,50.0,50.0,2004,2017,2
gmane.science.gmat.scm,2,100,en,100.0,100.0,2011,2012,1
gmane.comp.gnu.sh-utils.bugs,2,100,en,100.0,100.0,2002,2003,1
gmane.comp.gnu.xlogmaster.beta,2,100,en,50.0,50.0,2003,2005,2
gmane.comp.java.gui-testing,2,100,en,100.0,100.0,2005,2006,1
gmane.comp.java.loom.devel,2,100,en,100.0,100.0,2004,2005,1
gmane.comp.mathematics.openmath.om3,2,100,en,100.0,100.0,2008,2008,1
gmane.comp.programming.aspect.announce,2,100,en,100.0,100.0,2010,2015,1
gmane.comp.python.pocoo.libraries,2,100,en,100.0,100.0,2009,2012,1
gmane.comp.storage.quadstor.virt,2,100,en,100.0,100.0,2013,2017,1
gmane.comp.sysutils.noflushd.devel,2,100,ru,50.0,50.0,2008,2008,2
gmane.comp.web.turbogears.docs,2,100,en,100.0,100.0,2008,2008,1
gmane.education.libraries.vufind.devel,2,100,en,100.0,100.0,2019,2019,1
gmane.law.eucd.ukcdr,2,100,en,100.0,100.0,2004,2005,1
gmane.linux.dazuko.devel,2,100,en,100.0,100.0,2005,2010,1
gmane.mail.qmail.toaster.devel,2,100,en,100.0,100.0,2009,2013,1
gmane.org.user-groups.linux.italian.brigx,2,100,it,100.0,0.0,2016,2019,1
gmane.comp.clustering.csync2.general,2,100,en,100.0,100.0,2014,2015,1
gmane.comp.encryption.openssl.announce,2,100,en,100.0,100.0,2010,2019,1
gmane.comp.file-systems.jfs.cvs,2,100,en,100.0,100.0,2004,2005,1
gmane.comp.gnu.tuxpaint.devel.i18n,2,100,en,100.0,100.0,2013,2014,1
gmane.comp.graphics.ufraw.scm,2,100,en,100.0,100.0,2009,2011,1
gmane.comp.hci.open,2,100,en,100.0,100.0,2003,2003,1
gmane.comp.lang.sml.smlnj.commits,2,100,en,100.0,100.0,2004,2006,1
gmane.comp.mathematics.aldor-combinat.devel,2,100,en,100.0,100.0,2007,2008,1
gmane.comp.python.logilab,2,100,en,100.0,100.0,2010,2012,1
gmane.comp.security.sguil.cvs,2,100,en,100.0,100.0,2005,2005,1
gmane.comp.web.json-template,2,100,en,100.0,100.0,2009,2010,1
gmane.emacs.nxml.general,2,100,en,100.0,100.0,2004,2007,1
gmane.linux.gentoo.pms,2,100,en,100.0,100.0,2011,2015,1
gmane.linux.terminal-server.x2go.project,2,100,en,100.0,100.0,2015,2018,1
gmane.lisp.clump,2,100,en,100.0,100.0,2003,2003,1
gmane.lisp.scheme.plt.schematics,2,100,en,100.0,100.0,2004,2004,1
gmane.network.opendaylight.l2switch.devel,2,100,en,100.0,100.0,2016,2016,1
gmane.comp.audio.cd-paranoia.general,2,100,en,100.0,100.0,2004,2007,1
gmane.comp.gis.openstreetmap.overpass,2,100,en,100.0,100.0,2015,2017,1
gmane.comp.graphics.veusz.general,2,100,en,100.0,100.0,2012,2012,1
gmane.comp.isp.ispman.user,2,100,en,100.0,100.0,2004,2006,1
gmane.comp.java.advanced-servlets,2,100,en,100.0,100.0,2003,2004,1
gmane.comp.lib.jemalloc,2,100,en,100.0,100.0,2014,2015,1
gmane.comp.mozilla.devel.mobile,2,100,en,100.0,100.0,2014,2015,1
gmane.comp.serendipity.trackers,2,100,en,100.0,100.0,2005,2009,1
gmane.comp.web.webdav.neon.general,2,100,en,100.0,100.0,2005,2011,1
gmane.ietf.trans,2,100,en,100.0,100.0,2016,2017,1
gmane.linux.debian.devel.lsb,2,100,en,100.0,100.0,2012,2015,1
gmane.linux.linaro.announce,2,100,en,100.0,100.0,2012,2015,1
gmane.linux.printing.japanese,2,100,ja,50.0,50.0,2008,2008,2
gmane.linux.ubuntu.translators.en,2,100,en,100.0,100.0,2006,2008,1
gmane.lisp.bordeaux-threads.devel,2,100,en,100.0,100.0,2010,2013,1
gmane.network.conferencing.pentabarf.user,2,100,en,100.0,100.0,2007,2010,1
gmane.science.linguistics.wikipedia.telugu,2,100,en,100.0,100.0,2013,2016,1
gmane.science.simulation.dumux,2,100,en,100.0,100.0,2014,2019,1
gmane.user-groups.linux.lugfi.bar,2,100,es,100.0,0.0,2008,2008,1
gmane.comp.hardware.opencores.pci,2,100,en,100.0,100.0,2005,2007,1
gmane.comp.kde.devel.guidelines,2,100,en,100.0,100.0,2013,2014,1
gmane.comp.lang.perl.modules.plucene,2,100,ja,50.0,50.0,2005,2006,2
gmane.comp.lang.ruby.modules.mechanize.user,2,100,en,100.0,100.0,2010,2012,1
gmane.comp.lib.gnustep.announce,2,100,en,100.0,100.0,2007,2012,1
gmane.comp.mathematics.openmath.general,2,100,en,100.0,100.0,2012,2018,1
gmane.comp.printing.ghostscript.windows,2,100,UNKNOWN,50.0,50.0,2003,2003,2
gmane.comp.python.f2py.user,2,100,en,100.0,100.0,2009,2011,1
gmane.comp.python.wwwsearch.general,2,100,en,100.0,100.0,2005,2011,1
gmane.comp.version-control.subversion.book.brazilian,2,100,en,100.0,100.0,2008,2009,1
gmane.comp.web.server.caudium.devel,2,100,en,100.0,100.0,2015,2015,1
gmane.emacs.xemacs.user.russian,2,100,ru,100.0,0.0,2003,2004,1
gmane.lisp.readable-lisp,2,100,en,100.0,100.0,2012,2012,1
gmane.mail.mahogany.devel,2,100,en,100.0,100.0,2004,2005,1
gmane.org.user-groups.zope.zpugdc,2,100,en,100.0,100.0,2009,2009,1
gmane.recreation.radio.scanning.centexcomm,2,100,en,100.0,100.0,2013,2016,1
gmane.science.biology.informatics.devel,2,100,en,100.0,100.0,2005,2007,1
gmane.comp.crm.civicrm.devel,2,100,en,100.0,100.0,2006,2016,1
gmane.comp.freedesktop.pm-utils,2,100,en,100.0,100.0,2007,2017,1
gmane.comp.kde.akregator.user,2,100,en,100.0,100.0,2007,2009,1
gmane.comp.lang.scala.announce,2,100,en,100.0,100.0,2009,2010,1
gmane.comp.lib.qt.qtce,2,100,en,100.0,100.0,2009,2009,1
gmane.comp.python.documentation,2,100,en,100.0,100.0,2005,2007,1
gmane.comp.web.semantic.sioc.devel,2,100,en,100.0,100.0,2010,2015,1
gmane.ietf.opes,2,100,en,100.0,100.0,2003,2003,1
gmane.linux.bbc.general,2,100,en,100.0,100.0,2003,2012,1
gmane.linux.gentoo.security,2,100,en,100.0,100.0,2004,2004,1
gmane.lisp.cells.devel,2,100,en,100.0,100.0,2007,2007,1
gmane.mail.spam.spf.council,2,100,en,100.0,100.0,2005,2006,1
gmane.network.silc.user,2,100,en,100.0,100.0,2007,2008,1
gmane.comp.bug-tracking.gnats.bugs,2,100,fr,50.0,0.0,2003,2004,2
gmane.comp.desktop.lxde.pcmanfm,2,100,en,100.0,100.0,2011,2012,1
gmane.comp.mozilla.devel.xpfe.cvs,2,100,en,100.0,100.0,2003,2004,1
gmane.comp.sysutils.dejagnu.cvs,2,100,en,100.0,100.0,2002,2016,1
gmane.comp.web.html.specification,2,100,en,50.0,50.0,2006,2014,2
gmane.culture.internet.netporn,2,100,en,100.0,100.0,2005,2009,1
gmane.education.argentina.uba.fi.sistemas-inteligentes,2,100,pt,50.0,0.0,2007,2012,2
gmane.ietf.vnfpool,2,100,en,100.0,100.0,2014,2014,1
gmane.linux.kernel.aio.posix,2,100,en,50.0,50.0,2007,2007,2
gmane.network.jabber.bosh,2,100,en,100.0,100.0,2008,2009,1
gmane.network.jabber.jabberd,2,100,en,100.0,100.0,2004,2005,1
gmane.org.w3c.audio,2,100,en,100.0,100.0,2015,2016,1
gmane.org.wikimedia.usa.general,2,100,en,100.0,100.0,2015,2015,1
gmane.user-groups.linux.el-salvador.opensuse,2,100,es,100.0,0.0,2011,2014,1
gmane.user-groups.linux.india.general,2,100,en,100.0,100.0,2004,2006,1
gmane.comp.cms.opengroupware.devel,2,100,en,100.0,100.0,2007,2008,1
gmane.comp.lang.delphi.kylix,2,100,en,100.0,100.0,2002,2002,1
gmane.comp.web.cashew-s.auto,2,100,en,100.0,100.0,2005,2005,1
gmane.comp.web.dosage,2,100,en,50.0,50.0,2007,2009,2
gmane.ietf.l2tpext,2,100,en,100.0,100.0,2002,2002,1
gmane.lisp.clsql.devel,2,100,en,100.0,100.0,2004,2005,1
gmane.mail.ilohamail.translators,2,100,en,100.0,100.0,2006,2007,1
gmane.os.cygwin.cvs.apps,2,100,en,100.0,100.0,2015,2018,1
gmane.comp.cad.ktechlab.devel,2,100,en,100.0,100.0,2008,2009,1
gmane.comp.emulators.hercules390.advocacy,2,100,en,100.0,100.0,2003,2012,1
gmane.comp.gnome.lib.gconf,2,100,en,100.0,100.0,2003,2006,1
gmane.comp.gnu.vcdimager.general,2,100,sl,50.0,0.0,2004,2005,2
gmane.comp.graphics.rawstudio.user,2,100,en,100.0,100.0,2008,2011,1
gmane.comp.ide.eclipse.plugins.vim.devel,2,100,en,100.0,100.0,2007,2010,1
gmane.comp.php.zend.framework.gdata,2,100,en,100.0,100.0,2007,2009,1
gmane.comp.printing.ghostscript.display.devel,2,100,en,50.0,50.0,2003,2003,2
gmane.emacs.w3.announce,2,100,ja,50.0,50.0,2004,2007,2
gmane.mail.spam.anti-spam.turkish,2,100,en,50.0,50.0,2003,2009,2
gmane.org.user-groups.flug.general,2,100,ru,50.0,0.0,2009,2009,2
gmane.comp.gnome.gcm.devel,2,100,en,100.0,100.0,2003,2009,1
gmane.comp.gnome.utopia,2,100,en,100.0,100.0,2004,2004,1
gmane.comp.handhelds.openmoko.neo1973,2,100,en,100.0,100.0,2007,2009,1
gmane.comp.python.org.europe.improve,2,100,en,100.0,100.0,2012,2015,1
gmane.comp.web.envolution.devel,2,100,en,100.0,100.0,2002,2002,1
gmane.os.netbsd.ports.pmax,2,100,en,100.0,100.0,2005,2008,1
gmane.comp.gis.okgis,2,100,en,100.0,100.0,2018,2019,1
gmane.comp.lang.haskell.ffi,2,100,en,50.0,50.0,2002,2004,2
gmane.comp.lang.perl.modules.lucy.bugs,2,100,en,100.0,100.0,2015,2015,1
gmane.comp.ldap.phpldapadmin.user,2,100,en,100.0,100.0,2008,2008,1
gmane.comp.php.creole.devel,2,100,en,100.0,100.0,2005,2005,1
gmane.comp.xfce.announce,2,100,en,100.0,100.0,2016,2019,1
gmane.comp.lang.ursala.user,2,100,en,100.0,100.0,2010,2010,1
gmane.comp.python.xarray,2,100,en,100.0,100.0,2016,2018,1
gmane.comp.video.aravis,2,100,en,100.0,100.0,2014,2014,1
gmane.linux.wolk.devel,2,100,en,100.0,100.0,2003,2004,1
gmane.comp.games.vgaplanets,2,100,es,100.0,0.0,2010,2010,1
gmane.ietf.bridge,2,100,en,100.0,100.0,2003,2003,1
gmane.comp.python.sqlalchemy.devel,2,100,en,100.0,100.0,2016,2018,1
gmane.mail.mutt.mutt-ng.user,2,100,en,100.0,100.0,2006,2006,1
gmane.comp.lang.ruby.region.portland,2,100,en,100.0,100.0,2006,2007,1
gmane.comp.apache.incubator.projects,1,50,en,100.0,100.0,2005,2005,1
gmane.comp.audio.soundtracker.general,1,50,en,100.0,100.0,2005,2005,1
gmane.comp.bug-tracking.mantis.devel.soap,1,50,en,100.0,100.0,2015,2015,1
gmane.comp.compilers.polyglot.user,1,50,en,100.0,100.0,2013,2013,1
gmane.comp.gnome.multimedia,1,50,en,100.0,100.0,2017,2017,1
gmane.comp.gnu.gama.bugs,1,50,en,100.0,100.0,2008,2008,1
gmane.comp.handhelds.0xffff,1,50,en,100.0,100.0,2007,2007,1
gmane.comp.handhelds.openzaurus.software,1,50,en,100.0,100.0,2004,2004,1
gmane.comp.java.jsr311.user,1,50,en,100.0,100.0,2010,2010,1
gmane.comp.java.netbeans.general.french,1,50,fr,100.0,0.0,2011,2011,1
gmane.comp.java.netbeans.nbentpack.general,1,50,en,100.0,100.0,2010,2010,1
gmane.comp.java.openjdk.porters.devel,1,50,en,100.0,100.0,2018,2018,1
gmane.comp.kde.mexico,1,50,es,100.0,0.0,2010,2010,1
gmane.comp.kde.redhat.announce,1,50,en,100.0,100.0,2004,2004,1
gmane.comp.lang.haskell.hakyll,1,50,en,100.0,100.0,2010,2010,1
gmane.comp.lang.perl.modules.cgi-session.user,1,50,en,100.0,100.0,2008,2008,1
gmane.comp.lang.smalltalk.squeak.vm.beginners,1,50,en,100.0,100.0,2012,2012,1
gmane.comp.lib.libftdi.scm,1,50,en,100.0,100.0,2009,2009,1
gmane.comp.linux.drbd.mc,1,50,en,100.0,100.0,2010,2010,1
gmane.comp.multimedia.perplex.devel,1,50,en,100.0,100.0,2005,2005,1
gmane.comp.php.zend.framework.webservices,1,50,en,100.0,100.0,2007,2007,1
gmane.comp.python.corepy.devel,1,50,en,100.0,100.0,2009,2009,1
gmane.comp.search.namazu.user.japanese,1,50,ja,100.0,0.0,2006,2006,1
gmane.comp.security.webauth.info,1,50,en,100.0,100.0,2011,2011,1
gmane.comp.telephony.pbx.asterisk.fop,1,50,en,100.0,100.0,2006,2006,1
gmane.comp.version-control.subversion.cvs2svn.devel,1,50,en,100.0,100.0,2006,2006,1
gmane.comp.video.info-inventor.cvs,1,50,ja,100.0,0.0,2005,2005,1
gmane.comp.video.vidprofile.cvs,1,50,UNKNOWN,100.0,0.0,2006,2006,1
gmane.comp.web.mvc.devel,1,50,en,100.0,100.0,2002,2002,1
gmane.ietf.pilc,1,50,UNKNOWN,100.0,0.0,2002,2002,1
gmane.linux.drivers.modem.hcf,1,50,en,100.0,100.0,2002,2002,1
gmane.linux.gentoo.installer,1,50,en,100.0,100.0,2005,2005,1
gmane.linux.gentoo.user.indonesia,1,50,es,100.0,0.0,2008,2008,1
gmane.linux.oracle.oss.ovm.x86.errata,1,50,en,100.0,100.0,2016,2016,1
gmane.mail.mpop.user,1,50,en,100.0,100.0,2010,2010,1
gmane.mail.zimbra.hied.admin,1,50,en,100.0,100.0,2015,2015,1
gmane.music.dionysos,1,50,fr,100.0,0.0,2015,2015,1
gmane.network.dns.bind.announce,1,50,en,100.0,100.0,2014,2014,1
gmane.network.dns.knotdns.user,1,50,en,100.0,100.0,2018,2018,1
gmane.network.freeswan.devel,1,50,en,100.0,100.0,2003,2003,1
gmane.network.jabber.ws-xmpp,1,50,en,100.0,100.0,2009,2009,1
gmane.network.syndication.rss.feedonfeeds,1,50,en,100.0,100.0,2007,2007,1
gmane.network.vnc.turbovnc.devel,1,50,en,100.0,100.0,2014,2014,1
gmane.org.region.india.gnu-malayalam,1,50,ml,100.0,0.0,2007,2007,1
gmane.org.user-groups.linux.luau,1,50,en,100.0,100.0,2008,2008,1
gmane.org.wikimedia.chapters-reports,1,50,en,100.0,100.0,2010,2010,1
gmane.user-groups.foss.portugal,1,50,pt,100.0,0.0,2009,2009,1
gmane.comp.audio.darkice,1,50,en,100.0,100.0,2012,2012,1
gmane.comp.cms.bongo.user,1,50,en,100.0,100.0,2012,2012,1
gmane.comp.gnu.mdk.bugs,1,50,UNKNOWN,100.0,0.0,2004,2004,1
gmane.comp.graphics.plplot.user,1,50,en,100.0,100.0,2013,2013,1
gmane.comp.handhelds.meego.security.general,1,50,en,100.0,100.0,2011,2011,1
gmane.comp.ide.eclipse.dash.devel,1,50,en,100.0,100.0,2011,2011,1
gmane.comp.kde.cervisia,1,50,en,100.0,100.0,2005,2005,1
gmane.comp.kde.krusader.user,1,50,en,100.0,100.0,2013,2013,1
gmane.comp.lang.smalltalk.gnu.bugs,1,50,fr,100.0,0.0,2004,2004,1
gmane.comp.openoffice.devel.gsl,1,50,en,100.0,100.0,2006,2006,1
gmane.comp.php.pear.documentation,1,50,en,100.0,100.0,2009,2009,1
gmane.comp.programming.extreme-programming.adoption,1,50,en,100.0,100.0,2002,2002,1
gmane.comp.programming.tools.buildr.user,1,50,en,100.0,100.0,2011,2011,1
gmane.comp.python.soya3d.user,1,50,en,100.0,100.0,2011,2011,1
gmane.comp.sysutils.backup.fsvs.general,1,50,en,100.0,100.0,2008,2008,1
gmane.comp.version-control.subversion.svnmerge.devel,1,50,en,100.0,100.0,2007,2007,1
gmane.comp.video.piksel.cd,1,50,en,100.0,100.0,2005,2005,1
gmane.comp.web.zope.plone.installers,1,50,en,100.0,100.0,2017,2017,1
gmane.comp.web.zope.xml,1,50,en,100.0,100.0,2005,2005,1
gmane.culture.literature.bookworm,1,50,en,100.0,100.0,2002,2002,1
gmane.education.cis,1,50,en,100.0,100.0,2003,2003,1
gmane.emacs.xemacs.announce,1,50,en,100.0,100.0,2009,2009,1
gmane.games.freeciv.java,1,50,en,100.0,100.0,1998,1998,1
gmane.ietf.charsets,1,50,en,100.0,100.0,2010,2010,1
gmane.ietf.disman,1,50,en,100.0,100.0,2005,2005,1
gmane.linux.debian.user.costa-rican,1,50,es,100.0,0.0,2005,2005,1
gmane.linux.rpm.general,1,50,en,100.0,100.0,2011,2011,1
gmane.linux.suse.ham,1,50,en,100.0,100.0,2010,2010,1
gmane.linux.ubuntu.user.turkish,1,50,tr,100.0,0.0,2008,2008,1
gmane.lisp.scheme.pika.devel,1,50,en,100.0,100.0,2004,2004,1
gmane.network.ipv6.g6asso.tech,1,50,fr,100.0,0.0,2013,2013,1
gmane.network.serveez.bugs,1,50,hr,100.0,0.0,2005,2005,1
gmane.org.user-groups.austin.functional-programmers,1,50,en,100.0,100.0,2015,2015,1
gmane.org.w3c.accessibility.guidelines,1,50,en,100.0,100.0,2002,2002,1
gmane.org.wikimedia.netherlands.press,1,50,nl,100.0,0.0,2016,2016,1
gmane.org.wikimedia.wikimetrics,1,50,en,100.0,100.0,2014,2014,1
gmane.politics.activism.partecipattiva,1,50,it,100.0,0.0,2010,2010,1
gmane.science.biology.staden.devel,1,50,en,100.0,100.0,2009,2009,1
gmane.comp.apache.agila.user,1,50,en,100.0,100.0,2005,2005,1
gmane.comp.audio.jack.ladish,1,50,en,100.0,100.0,2011,2011,1
gmane.comp.bug-tracking.ditrack.devel,1,50,ja,100.0,0.0,2007,2007,1
gmane.comp.documentfoundation.test,1,50,en,100.0,100.0,2011,2011,1
gmane.comp.emulators.virtualbox.announce,1,50,en,100.0,100.0,2009,2009,1
gmane.comp.freedesktop.waffle,1,50,en,100.0,100.0,2014,2014,1
gmane.comp.gnome.apps.deskbar-applet,1,50,en,100.0,100.0,2006,2006,1
gmane.comp.gnome.apps.xournal.devel,1,50,en,100.0,100.0,2015,2015,1
gmane.comp.gnome.devel.announce,1,50,en,100.0,100.0,2009,2009,1
gmane.comp.gnu.prolog.bugs,1,50,en,100.0,100.0,2016,2016,1
gmane.comp.handhelds.palm.yanoff,1,50,en,100.0,100.0,2004,2004,1
gmane.comp.java.clojure.aleph,1,50,en,100.0,100.0,2018,2018,1
gmane.comp.java.enhydra.support,1,50,en,100.0,100.0,2002,2002,1
gmane.comp.java.strutscx.user,1,50,en,100.0,100.0,2003,2003,1
gmane.comp.lang.haskell.nhc.user,1,50,en,100.0,100.0,2004,2004,1
gmane.comp.lang.perl.modules.sql-translator,1,50,en,100.0,100.0,2009,2009,1
gmane.comp.lang.r.epi,1,50,en,100.0,100.0,2013,2013,1
gmane.comp.lang.r.rpostgresql,1,50,en,100.0,100.0,2013,2013,1
gmane.comp.macosx.letters.general,1,50,en,100.0,100.0,2010,2010,1
gmane.comp.networking.adito.devel,1,50,en,100.0,100.0,2009,2009,1
gmane.comp.openoffice.general.dutch,1,50,nl,100.0,0.0,2005,2005,1
gmane.comp.php.announce,1,50,en,100.0,100.0,2015,2015,1
gmane.comp.programming.software-in-process,1,50,ko,100.0,0.0,2005,2005,1
gmane.comp.proxies.tinyproxy,1,50,en,100.0,100.0,2008,2008,1
gmane.comp.python.anygui.devel,1,50,en,100.0,100.0,2003,2003,1
gmane.comp.security.news.general,1,50,en,100.0,100.0,2008,2008,1
gmane.comp.security.openxpki.scm,1,50,en,100.0,100.0,2007,2007,1
gmane.comp.tex.french,1,50,en,100.0,100.0,2009,2009,1
gmane.comp.tools.memaid.devel,1,50,en,100.0,100.0,2003,2003,1
gmane.comp.voip.xmeeting.user,1,50,en,100.0,100.0,2008,2008,1
gmane.comp.web.wiki.dokuwiki.internationalization,1,50,en,100.0,100.0,2008,2008,1
gmane.culture.colombia.heraldry,1,50,UNKNOWN,100.0,0.0,2007,2007,1
gmane.culture.language.klingon.swedish,1,50,en,100.0,100.0,2005,2005,1
gmane.games.board.chess.scid.devel,1,50,en,100.0,100.0,2005,2005,1
gmane.linux.debian.user.news,1,50,en,100.0,100.0,2014,2014,1
gmane.linux.kernel.debugging,1,50,UNKNOWN,100.0,0.0,2003,2003,1
gmane.linux.lkcd.general,1,50,en,100.0,100.0,2003,2003,1
gmane.mail.qmail.jms1-patch,1,50,en,100.0,100.0,2009,2009,1
gmane.mail.spam.active-spam-killer.general,1,50,en,100.0,100.0,2005,2005,1
gmane.network.ipv6.kame.racoon,1,50,en,100.0,100.0,2005,2005,1
gmane.network.nntp.cleaners,1,50,lv,100.0,0.0,2011,2011,1
gmane.network.routing.xorp.devel,1,50,en,100.0,100.0,2015,2015,1
gmane.org.apnic.global-v6,1,50,en,100.0,100.0,2008,2008,1
gmane.org.conferences.lvee.talks,1,50,ru,100.0,0.0,2009,2009,1
gmane.org.user-groups.luni.general,1,50,en,100.0,100.0,2002,2002,1
gmane.org.w3c.mw4d,1,50,en,100.0,100.0,2009,2009,1
gmane.org.wikimedia.usa.california,1,50,en,100.0,100.0,2010,2010,1
gmane.os.apple.fink.i18n,1,50,en,100.0,100.0,2004,2004,1
gmane.os.netbsd.devel.multimedia,1,50,en,100.0,100.0,2015,2015,1
gmane.science.biology.gmod.devel,1,50,en,100.0,100.0,2010,2010,1
gmane.user-groups.foss.flossfoundations.software,1,50,en,100.0,100.0,2008,2008,1
gmane.user-groups.foss.india.fsug-bangalore,1,50,en,100.0,100.0,2010,2010,1
gmane.comp.apache.mod-ruby,1,50,en,100.0,100.0,2004,2004,1
gmane.comp.cms.wyona.user,1,50,en,100.0,100.0,2002,2002,1
gmane.comp.cms.xaraya.knowledge-base,1,50,en,100.0,100.0,2003,2003,1
gmane.comp.db.metakit,1,50,en,100.0,100.0,2003,2003,1
gmane.comp.games.volity.javolin.devel,1,50,zh-cn,100.0,0.0,2014,2014,1
gmane.comp.gis.geotiff,1,50,en,100.0,100.0,2008,2008,1
gmane.comp.internationalization.czech,1,50,cs,100.0,0.0,2016,2016,1
gmane.comp.java.bms.user,1,50,en,100.0,100.0,2004,2004,1
gmane.comp.java.jasig.ssp.devel,1,50,en,100.0,100.0,2013,2013,1
gmane.comp.lang.haskell.region.french,1,50,fr,100.0,0.0,2014,2014,1
gmane.comp.lang.perl.modules.apache.gallery,1,50,en,100.0,100.0,2005,2005,1
gmane.comp.python.snake-farm.user,1,50,en,100.0,100.0,2004,2004,1
gmane.comp.security.papers,1,50,en,100.0,100.0,2003,2003,1
gmane.comp.web.curl.announce,1,50,en,100.0,100.0,2016,2016,1
gmane.comp.web.metalink.devel,1,50,en,100.0,100.0,2009,2009,1
gmane.comp.web.zope.plone.qa,1,50,UNKNOWN,100.0,0.0,2013,2013,1
gmane.comp.web.zope.plone.sprints,1,50,en,100.0,100.0,2006,2006,1
gmane.comp.windows.devel.dotnet.products,1,50,en,100.0,100.0,2003,2003,1
gmane.culture.travel.openguides.scm,1,50,en,100.0,100.0,2016,2016,1
gmane.emacs.el-get.devel,1,50,en,100.0,100.0,2011,2011,1
gmane.games.simulation.ivao.soooa,1,50,fr,100.0,0.0,2006,2006,1
gmane.ietf.fyiup,1,50,en,100.0,100.0,1999,1999,1
gmane.linux.ports.free60.devel,1,50,en,100.0,100.0,2005,2005,1
gmane.linux.suse.zypp.devel,1,50,en,100.0,100.0,2014,2014,1
gmane.linux.ubuntu.motu-mentors,1,50,en,100.0,100.0,2009,2009,1
gmane.lisp.ilisp.devel,1,50,en,100.0,100.0,2002,2002,1
gmane.lisp.mkcl.devel,1,50,en,100.0,100.0,2017,2017,1
gmane.network.samba.tng.devel,1,50,en,100.0,100.0,2006,2006,1
gmane.network.siproxd,1,50,en,100.0,100.0,2006,2006,1
gmane.org.wikimedia.latvia,1,50,lv,100.0,0.0,2016,2016,1
gmane.org.wikimedia.xmldatadumps,1,50,en,100.0,100.0,2015,2015,1
gmane.os.haiku.ports.user,1,50,en,100.0,100.0,2011,2011,1
gmane.os.netbsd.devel.smp,1,50,en,100.0,100.0,2005,2005,1
gmane.os.netbsd.ports.next68k,1,50,en,100.0,100.0,2002,2002,1
gmane.os.solaris.blastwave.newpkgs,1,50,en,100.0,100.0,2005,2005,1
gmane.comp.ai.edm.general,1,50,en,100.0,100.0,2014,2014,1
gmane.comp.emulators.ovirt.board,1,50,en,100.0,100.0,2012,2012,1
gmane.comp.gnome.gnomemm,1,50,en,100.0,100.0,2004,2004,1
gmane.comp.java.jxta.general,1,50,en,100.0,100.0,2005,2005,1
gmane.comp.java.open-symphony.os-cache,1,50,en,100.0,100.0,2003,2003,1
gmane.comp.jbpm.devel,1,50,en,100.0,100.0,2014,2014,1
gmane.comp.lang.c++.pthreads,1,50,en,100.0,100.0,2006,2006,1
gmane.comp.lang.perl.modules.inline,1,50,en,100.0,100.0,2012,2012,1
gmane.comp.lang.perl.perl-mongers.rostovondon,1,50,ru,100.0,0.0,2009,2009,1
gmane.comp.micro-kernel.l4.codezero.devel,1,50,en,100.0,100.0,2010,2010,1
gmane.comp.multimedia.avifile.general,1,50,en,100.0,100.0,2003,2003,1
gmane.comp.multimedia.id3v2,1,50,en,100.0,100.0,2010,2010,1
gmane.comp.radio.linrad,1,50,en,100.0,100.0,2007,2007,1
gmane.comp.sysutils.backup.sarab,1,50,en,100.0,100.0,2005,2005,1
gmane.comp.tools.winmerge.support,1,50,en,100.0,100.0,2009,2009,1
gmane.comp.video.libav.api,1,50,en,100.0,100.0,2014,2014,1
gmane.comp.video.mcf.general,1,50,en,100.0,100.0,2002,2002,1
gmane.comp.web.openwayback.devel,1,50,en,100.0,100.0,2014,2014,1
gmane.comp.web.phpopentracker.general,1,50,en,100.0,100.0,2005,2005,1
gmane.comp.web.semantic.dbpedia-spotlight,1,50,en,100.0,100.0,2012,2012,1
gmane.comp.windows.dotnet.mbunit.user,1,50,en,100.0,100.0,2005,2005,1
gmane.emacs.muse.scm,1,50,en,100.0,100.0,2007,2007,1
gmane.ietf.6lo,1,50,en,100.0,100.0,2017,2017,1
gmane.ietf.lurk,1,50,en,100.0,100.0,2016,2016,1
gmane.linux.altlinux.devel.configurator,1,50,ru,100.0,0.0,2007,2007,1
gmane.linux.altlinux.junior,1,50,ru,100.0,0.0,2008,2008,1
gmane.linux.debian.user.bootcd,1,50,en,100.0,100.0,2004,2004,1
gmane.linux.distributions.rimelse.devel,1,50,en,100.0,100.0,2007,2007,1
gmane.linux.drivers.m560x.devel,1,50,en,100.0,100.0,2008,2008,1
gmane.linux.drivers.tulip.general,1,50,en,100.0,100.0,2002,2002,1
gmane.linux.gentoo.hppa,1,50,en,100.0,100.0,2005,2005,1
gmane.linux.redhat.atomic.announce,1,50,en,100.0,100.0,2017,2017,1
gmane.linux.suse.oracle.announce,1,50,en,100.0,100.0,2010,2010,1
gmane.lisp.statistics,1,50,en,100.0,100.0,2002,2002,1
gmane.mail.s-mailx.general,1,50,en,100.0,100.0,2018,2018,1
gmane.network.ipv6.hackers,1,50,en,100.0,100.0,2014,2014,1
gmane.network.simulator.ssfnet,1,50,en,100.0,100.0,2010,2010,1
gmane.org.operators.itnog,1,50,it,100.0,0.0,2015,2015,1
gmane.org.w3c.accessibility.general,1,50,en,100.0,100.0,2002,2002,1
gmane.org.wikimedia.pakistan,1,50,en,100.0,100.0,2014,2014,1
gmane.os.drdos.general,1,50,en,100.0,100.0,2017,2017,1
gmane.os.os2.ux2bs,1,50,en,100.0,100.0,2004,2004,1
gmane.science.linguistics.wikipedia.wikimania.gdansk,1,50,pl,100.0,0.0,2010,2010,1
gmane.science.tts.festvox,1,50,en,100.0,100.0,2009,2009,1
gmane.user-groups.linux.tclug.devel,1,50,en,100.0,100.0,2009,2009,1
gmane.comp.cms.bluexml.user.french,1,50,fr,100.0,0.0,2007,2007,1
gmane.comp.cms.opengroupware.xmlrpc.devel,1,50,en,100.0,100.0,2005,2005,1
gmane.comp.graphics.shoebot.devel,1,50,en,100.0,100.0,2016,2016,1
gmane.comp.ide.eclipse.plugins.erlide.devel,1,50,en,100.0,100.0,2008,2008,1
gmane.comp.java.imagejyn,1,50,en,100.0,100.0,2007,2007,1
gmane.comp.java.netbeans.mobility.user,1,50,en,100.0,100.0,2010,2010,1
gmane.comp.java.simian.user,1,50,en,100.0,100.0,2005,2005,1
gmane.comp.lang.c--,1,50,UNKNOWN,100.0,0.0,2005,2005,1
gmane.comp.lang.haskell.cvs.other,1,50,en,100.0,100.0,2004,2004,1
gmane.comp.lang.perl.modules.lucy.user,1,50,en,100.0,100.0,2017,2017,1
gmane.comp.lang.ruby.ruby-vpi.user,1,50,en,100.0,100.0,2007,2007,1
gmane.comp.lang.ruby.yarv.devel,1,50,en,100.0,100.0,2006,2006,1
gmane.comp.lang.shootout.general,1,50,en,100.0,100.0,2005,2005,1
gmane.comp.lib.boost.threads.devel,1,50,en,100.0,100.0,2007,2007,1
gmane.comp.misc.faerion.devel,1,50,ru,100.0,0.0,2004,2004,1
gmane.comp.php.cowiki.user,1,50,en,100.0,100.0,2006,2006,1
gmane.comp.php.phpdocumentor.devel,1,50,en,100.0,100.0,2008,2008,1
gmane.comp.python.anygui.cvs,1,50,en,100.0,100.0,2002,2002,1
gmane.comp.python.cryptography.devel,1,50,en,100.0,100.0,2017,2017,1
gmane.comp.python.db.sqlite.user,1,50,en,100.0,100.0,2010,2010,1
gmane.comp.python.ilastik.user,1,50,en,100.0,100.0,2014,2014,1
gmane.comp.terminal-emulators.mrxvt.devel,1,50,en,100.0,100.0,2012,2012,1
gmane.comp.tex.latex.latex2rtf.devel,1,50,en,100.0,100.0,2007,2007,1
gmane.comp.time.chrony.devel,1,50,en,100.0,100.0,2014,2014,1
gmane.comp.version-control.viewvc.devel,1,50,en,100.0,100.0,2007,2007,1
gmane.comp.web.mongrel2,1,50,en,100.0,100.0,2012,2012,1
gmane.comp.window-managers.enlightenment.announce,1,50,en,100.0,100.0,2019,2019,1
gmane.games.rpg.fate,1,50,en,100.0,100.0,2013,2013,1
gmane.ietf.apps-tls,1,50,en,100.0,100.0,2000,2000,1
gmane.ietf.ptomaine,1,50,en,100.0,100.0,2002,2002,1
gmane.linux.fbdev.announce,1,50,en,100.0,100.0,2003,2003,1
gmane.linux.gentoo.laptop,1,50,en,100.0,100.0,2007,2007,1
gmane.linux.redhat.fedora.autoqa.devel,1,50,en,100.0,100.0,2010,2010,1
gmane.linux.redhat.release.nahant,1,50,en,100.0,100.0,2005,2005,1
gmane.linux.redhat.rhh,1,50,en,100.0,100.0,2007,2007,1
gmane.linux.tanglu.devel,1,50,en,100.0,100.0,2014,2014,1
gmane.lisp.clg.devel,1,50,en,100.0,100.0,2006,2006,1
gmane.lisp.region.brazil,1,50,pt,100.0,0.0,2008,2008,1
gmane.lisp.scheme.srfi.srfi-48,1,50,en,100.0,100.0,2003,2003,1
gmane.network.cspace.user,1,50,en,100.0,100.0,2007,2007,1
gmane.network.mosh.devel,1,50,en,100.0,100.0,2012,2012,1
gmane.org.user-groups.linux.glisc,1,50,UNKNOWN,100.0,0.0,2010,2010,1
gmane.politics.activism.newbrainframes,1,50,it,100.0,0.0,2006,2006,1
gmane.politics.organizations.demexp.fr,1,50,fr,100.0,0.0,2008,2008,1
gmane.science.linguistics.wikipedia.portugues,1,50,en,100.0,100.0,2011,2011,1
gmane.technology.building.openstudio.radiance,1,50,en,100.0,100.0,2012,2012,1
gmane.user-groups.foss.sfd.planning.ru,1,50,ru,100.0,0.0,2012,2012,1
gmane.comp.archivers.openzim.devel,1,50,en,100.0,100.0,2009,2009,1
gmane.comp.audio.compression.flac.user,1,50,en,100.0,100.0,2007,2007,1
gmane.comp.audio.fomus.devel,1,50,en,100.0,100.0,2008,2008,1
gmane.comp.audio.linuxsampler.devel,1,50,en,100.0,100.0,2014,2014,1
gmane.comp.calendars.calypso,1,50,en,100.0,100.0,2016,2016,1
gmane.comp.cms.pagoda.general,1,50,en,100.0,100.0,2008,2008,1
gmane.comp.db.rrdtool.announce,1,50,en,100.0,100.0,2008,2008,1
gmane.comp.emulators.virtio.user,1,50,en,100.0,100.0,2019,2019,1
gmane.comp.gnome.apps.muine.general,1,50,en,100.0,100.0,2006,2006,1
gmane.comp.gnome.mono.vb,1,50,en,100.0,100.0,2009,2009,1
gmane.comp.gnome.themes,1,50,en,100.0,100.0,2008,2008,1
gmane.comp.gnu.lightning.general,1,50,en,100.0,100.0,2015,2015,1
gmane.comp.graphics.dr-geo,1,50,fr,100.0,0.0,2004,2004,1
gmane.comp.handhelds.zaurus.devel,1,50,en,100.0,100.0,2002,2002,1
gmane.comp.horde.sam,1,50,en,100.0,100.0,2003,2003,1
gmane.comp.java.aspectwerkz.devel,1,50,it,100.0,0.0,2007,2007,1
gmane.comp.java.jasig.uportal.uportal3.devel,1,50,en,100.0,100.0,2006,2006,1
gmane.comp.java.jicarilla.devel,1,50,en,100.0,100.0,2004,2004,1
gmane.comp.java.maven-plugins.devel,1,50,en,100.0,100.0,2006,2006,1
gmane.comp.lang.aldor,1,50,en,100.0,100.0,2007,2007,1
gmane.comp.linux.progeny.anaconda.devel,1,50,en,100.0,100.0,2005,2005,1
gmane.comp.mathematics.sage.general,1,50,en,100.0,100.0,2006,2006,1
gmane.comp.monitoring.pmacct,1,50,en,100.0,100.0,2017,2017,1
gmane.comp.python.bpython.general,1,50,en,100.0,100.0,2014,2014,1
gmane.comp.security.code-crunchers,1,50,en,100.0,100.0,2008,2008,1
gmane.comp.sysutils.nut.packaging,1,50,en,100.0,100.0,2015,2015,1
gmane.comp.windows.dotnet.nprof.devel,1,50,en,100.0,100.0,2004,2004,1
gmane.emacs.jabber.bugs,1,50,en,100.0,100.0,2010,2010,1
gmane.ietf.anonsec,1,50,en,100.0,100.0,2004,2004,1
gmane.linux.debian.alioth.calendarserver.general,1,50,en,100.0,100.0,2016,2016,1
gmane.linux.debian.user.esperanto,1,50,es,100.0,0.0,2006,2006,1
gmane.linux.redhat.fedora.olpc,1,50,en,100.0,100.0,2010,2010,1
gmane.linux.ubuntu.user.cypriot,1,50,el,100.0,0.0,2009,2009,1
gmane.network.irc.unrealircd.user,1,50,en,100.0,100.0,2007,2007,1
gmane.network.mrtg.devel,1,50,en,100.0,100.0,2003,2003,1
gmane.network.tor.onions,1,50,en,100.0,100.0,2019,2019,1
gmane.org.region.china.cpyug.obp,1,50,zh-cn,100.0,0.0,2012,2012,1
gmane.org.user-groups.ale.tech-chat,1,50,en,100.0,100.0,2015,2015,1
gmane.org.user-groups.canada.cluecan.general,1,50,en,100.0,100.0,2006,2006,1
gmane.org.user-groups.linux.beijing.tech,1,50,en,100.0,100.0,2004,2004,1
gmane.org.wikimedia.colombia,1,50,es,100.0,0.0,2018,2018,1
gmane.org.wikimedia.ee,1,50,en,100.0,100.0,2014,2014,1
gmane.os.9front.sysinfo,1,50,en,100.0,100.0,2019,2019,1
gmane.os.freebsd.devel.atm,1,50,UNKNOWN,100.0,0.0,2019,2019,1
gmane.os.hurd.boston,1,50,en,100.0,100.0,2005,2005,1
gmane.text.xml.expat.cvs,1,50,af,100.0,0.0,2003,2003,1
gmane.text.xml.xslt.extensions,1,50,en,100.0,100.0,2003,2003,1
gmane.comp.apache.mod-log-spread.user,1,50,en,100.0,100.0,2002,2002,1
gmane.comp.audio.fomus.user,1,50,en,100.0,100.0,2011,2011,1
gmane.comp.audio.libcanberra.general,1,50,en,100.0,100.0,2008,2008,1
gmane.comp.audio.traverso.devel,1,50,en,100.0,100.0,2007,2007,1
gmane.comp.gnome.apps.ulc.cvs,1,50,en,100.0,100.0,2007,2007,1
gmane.comp.gnu.gnucap.bugs,1,50,en,100.0,100.0,2016,2016,1
gmane.comp.graphics.facegen.user,1,50,en,100.0,100.0,2011,2011,1
gmane.comp.handhelds.openembedded.stable,1,50,en,100.0,100.0,2008,2008,1
gmane.comp.hardware.mipsbook.devel,1,50,en,100.0,100.0,2015,2015,1
gmane.comp.hardware.smartphones.standards,1,50,en,100.0,100.0,2009,2009,1
gmane.comp.java.hedera.cvs,1,50,en,100.0,100.0,2006,2006,1
gmane.comp.java.jackson.devel,1,50,en,100.0,100.0,2015,2015,1
gmane.comp.java.mvc.devel,1,50,en,100.0,100.0,2002,2002,1
gmane.comp.java.webical.devel,1,50,en,100.0,100.0,2007,2007,1
gmane.comp.kde.distributions,1,50,en,100.0,100.0,2016,2016,1
gmane.comp.lang.haskell.cvs.hslibs,1,50,en,100.0,100.0,2002,2002,1
gmane.comp.lang.ruby.modules.fog,1,50,en,100.0,100.0,2014,2014,1
gmane.comp.lang.terra.general,1,50,en,100.0,100.0,2015,2015,1
gmane.comp.mathematics.sage.gsoc,1,50,en,100.0,100.0,2019,2019,1
gmane.comp.php.bulgarian,1,50,bg,100.0,0.0,2004,2004,1
gmane.comp.php.voom.general,1,50,en,100.0,100.0,2009,2009,1
gmane.comp.security.firewalls.netfilter.failover,1,50,en,100.0,100.0,2007,2007,1
gmane.comp.telephony.farsight.devel,1,50,en,100.0,100.0,2007,2007,1
gmane.comp.telephony.h323plus,1,50,en,100.0,100.0,2009,2009,1
gmane.comp.web.query-languages,1,50,en,100.0,100.0,2004,2004,1
gmane.comp.web.semantic.deepamehta.devel,1,50,en,100.0,100.0,2013,2013,1
gmane.comp.web.spip.lab,1,50,en,100.0,100.0,2005,2005,1
gmane.comp.web.tern.devel,1,50,en,100.0,100.0,2014,2014,1
gmane.comp.web.wiki.wikia.general.ru,1,50,ru,100.0,0.0,2007,2007,1
gmane.emacs.mmm-mode,1,50,en,100.0,100.0,2014,2014,1
gmane.ietf.vcarddav,1,50,en,100.0,100.0,2011,2011,1
gmane.linux.altlinux.devel.hpc,1,50,ru,100.0,0.0,2007,2007,1
gmane.linux.debian.packages.bugzilla.devel,1,50,en,100.0,100.0,2005,2005,1
gmane.linux.drivers.wireless.access-point,1,50,en,100.0,100.0,2004,2004,1
gmane.linux.highavailability.corosync,1,50,en,100.0,100.0,2014,2014,1
gmane.lisp.clsql.announce,1,50,en,100.0,100.0,2002,2002,1
gmane.lisp.openmcl.bugs,1,50,en,100.0,100.0,2005,2005,1
gmane.lisp.scheme.srfi.srfi-1,1,50,en,100.0,100.0,1999,1999,1
gmane.network.jabber.mu-conference,1,50,UNKNOWN,100.0,0.0,2004,2004,1
gmane.network.ripe.mat,1,50,en,100.0,100.0,2015,2015,1
gmane.os.9front.scm,1,50,ca,100.0,0.0,2017,2017,1
gmane.os.freebsd.cloud,1,50,en,100.0,100.0,2018,2018,1
gmane.comp.ai.fear.devel,1,50,en,100.0,100.0,2009,2009,1
gmane.comp.ai.prolog.ciao.general,1,50,en,100.0,100.0,2016,2016,1
gmane.comp.cms.cms-forum.general,1,50,en,100.0,100.0,2005,2005,1
gmane.comp.cms.orchard.localization,1,50,en,100.0,100.0,2011,2011,1
gmane.comp.compilers.gccxml,1,50,en,100.0,100.0,2008,2008,1
gmane.comp.hardware.beagleboard.sdr,1,50,en,100.0,100.0,2009,2009,1
gmane.comp.hci.acm-sigchi.educators,1,50,en,100.0,100.0,2005,2005,1
gmane.comp.ide.anthemion,1,50,en,100.0,100.0,2012,2012,1
gmane.comp.init.sysv.devel,1,50,en,100.0,100.0,2018,2018,1
gmane.comp.java.jsf.devel,1,50,en,100.0,100.0,2010,2010,1
gmane.comp.java.proxytoys.general,1,50,en,100.0,100.0,2005,2005,1
gmane.comp.java.sun.jtapi,1,50,en,100.0,100.0,2005,2005,1
gmane.comp.java.webwork.cvs,1,50,en,100.0,100.0,2009,2009,1
gmane.comp.lang.chapel.bugs,1,50,en,100.0,100.0,2015,2015,1
gmane.comp.lang.ruby.god,1,50,en,100.0,100.0,2009,2009,1
gmane.comp.misc.ontology.protege.beta,1,50,en,100.0,100.0,2004,2004,1
gmane.comp.peer-to-peer.waste.general,1,50,en,100.0,100.0,2005,2005,1
gmane.comp.programming.lock-free,1,50,en,100.0,100.0,2013,2013,1
gmane.comp.programming.openwfe.devel,1,50,en,100.0,100.0,2006,2006,1
gmane.comp.python.pywikipediabot.announce,1,50,en,100.0,100.0,2009,2009,1
gmane.comp.python.quotient.dev,1,50,en,100.0,100.0,2006,2006,1
gmane.comp.sysutils.backup.dirvish.general,1,50,en,100.0,100.0,2014,2014,1
gmane.comp.terminal-emulators.mlterm.devel,1,50,en,100.0,100.0,2014,2014,1
gmane.comp.web.microformats.new,1,50,en,100.0,100.0,2007,2007,1
gmane.comp.web.zope.perl,1,50,en,100.0,100.0,2005,2005,1
gmane.education.libraries.emilda.general,1,50,en,100.0,100.0,2004,2004,1
gmane.games.board-game-design,1,50,en,100.0,100.0,2007,2007,1
gmane.ietf.asrg.rmx,1,50,en,100.0,100.0,2003,2003,1
gmane.linux.configuration,1,50,en,100.0,100.0,2004,2004,1
gmane.linux.embedded.general,1,50,en,100.0,100.0,2007,2007,1
gmane.linux.file-systems.zfs.devel,1,50,en,100.0,100.0,2011,2011,1
gmane.linux.redhat.rpm.grab,1,50,en,100.0,100.0,2003,2003,1
gmane.linux.suse.axp,1,50,en,100.0,100.0,2003,2003,1
gmane.linux.suse.opensuse.web,1,50,en,100.0,100.0,2018,2018,1
gmane.mail.blackberry.logicmail.user,1,50,en,100.0,100.0,2013,2013,1
gmane.network.jabber.ekg2.devel,1,50,en,100.0,100.0,2008,2008,1
gmane.network.nagios.nagmin.user,1,50,en,100.0,100.0,2005,2005,1
gmane.network.nsp.force10,1,50,en,100.0,100.0,2010,2010,1
gmane.network.wireless.zaragoza,1,50,es,100.0,0.0,2006,2006,1
gmane.org.region.usa.cdp.puna.working-group,1,50,en,100.0,100.0,2007,2007,1
gmane.org.w3c.validator.mobileok,1,50,en,100.0,100.0,2008,2008,1
gmane.org.wikimedia.languages,1,50,en,100.0,100.0,2014,2014,1
gmane.org.wikimedia.newyork,1,50,en,100.0,100.0,2008,2008,1
gmane.os.netbsd.ports,1,50,en,100.0,100.0,2015,2015,1
gmane.os.netbsd.ports.cats,1,50,en,100.0,100.0,2004,2004,1
gmane.recreation.radio.hardware.yaesu.vr120,1,50,en,100.0,100.0,2004,2004,1
gmane.science.linguistics.turkic.mt,1,50,en,100.0,100.0,2011,2011,1
gmane.comp.bug-tracking.mantis.localization,1,50,en,100.0,100.0,2005,2005,1
gmane.comp.db.postgresql.lipqxx,1,50,en,100.0,100.0,2006,2006,1
gmane.comp.desktop.architects,1,50,en,100.0,100.0,2006,2006,1
gmane.comp.emulators.freedos.freedos-32.devel,1,50,en,100.0,100.0,2006,2006,1
gmane.comp.gnome.labyrinth.devel,1,50,en,100.0,100.0,2006,2006,1
gmane.comp.gnome.print,1,50,en,100.0,100.0,2005,2005,1
gmane.comp.gnome.ximian.cvs,1,50,en,100.0,100.0,2005,2005,1
gmane.comp.gnu.lilypond.announce,1,50,en,100.0,100.0,2013,2013,1
gmane.comp.handhelds.linux.familiar.devel,1,50,en,100.0,100.0,2006,2006,1
gmane.comp.horde.jonah,1,50,en,100.0,100.0,2002,2002,1
gmane.comp.java.wso2.commons.user,1,50,en,100.0,100.0,2008,2008,1
gmane.comp.java.xsite.user,1,50,en,100.0,100.0,2015,2015,1
gmane.comp.lang.epigram,1,50,en,100.0,100.0,2006,2006,1
gmane.comp.lang.ruby.yahns.general,1,50,en,100.0,100.0,2017,2017,1
gmane.comp.lib.nanomsg,1,50,en,100.0,100.0,2014,2014,1
gmane.comp.mozilla.devel.qt,1,50,de,100.0,0.0,2005,2005,1
gmane.comp.peer-to-peer.waste.discuss,1,50,en,100.0,100.0,2006,2006,1
gmane.comp.php.oxid.general,1,50,en,100.0,100.0,2013,2013,1
gmane.comp.php.sonata.user,1,50,en,100.0,100.0,2015,2015,1
gmane.comp.text.fmpp,1,50,en,100.0,100.0,2003,2003,1
gmane.comp.video.mplayer.user.matrox,1,50,en,100.0,100.0,2008,2008,1
gmane.comp.video.vdubmod.general,1,50,en,100.0,100.0,2009,2009,1
gmane.comp.web.fastcgi.fcgid.user,1,50,en,100.0,100.0,2007,2007,1
gmane.comp.web.kss.devel,1,50,en,100.0,100.0,2008,2008,1
gmane.comp.web.sitecopy,1,50,en,100.0,100.0,2005,2005,1
gmane.culture.burning-man.announce,1,50,en,100.0,100.0,2013,2013,1
gmane.culture.religion.christian.catholic.engadine-antioch,1,50,en,100.0,100.0,2004,2004,1
gmane.games.arcade.vector,1,50,en,100.0,100.0,2005,2005,1
gmane.ietf.rap,1,50,en,100.0,100.0,2002,2002,1
gmane.ietf.xml-mime,1,50,en,100.0,100.0,2001,2001,1
gmane.linux.kernel.device-mapper.flashcache.devel,1,50,en,100.0,100.0,2014,2014,1
gmane.linux.redhat.fedora.laptop,1,50,ca,100.0,0.0,2010,2010,1
gmane.lisp.cookbook,1,50,en,100.0,100.0,2004,2004,1
gmane.lisp.pwgl.user,1,50,en,100.0,100.0,2011,2011,1
gmane.mail.majordomo.documentation,1,50,en,100.0,100.0,2005,2005,1
gmane.network.dhcp.isc.announce,1,50,en,100.0,100.0,2006,2006,1
gmane.network.ftp.wuftpd.user,1,50,en,100.0,100.0,2005,2005,1
gmane.network.samba.vms,1,50,en,100.0,100.0,2003,2003,1
gmane.network.unison.announce,1,50,en,100.0,100.0,2008,2008,1
gmane.org.wikimedia.ireland,1,50,en,100.0,100.0,2014,2014,1
gmane.os.openbsd.hppa,1,50,en,100.0,100.0,2003,2003,1
gmane.os.openbsd.ports.security,1,50,en,100.0,100.0,2005,2005,1
gmane.science.linguistics.wikipedia.finnish,1,50,fi,100.0,0.0,2006,2006,1
gmane.text.docbook.db2latex.devel,1,50,en,100.0,100.0,2003,2003,1
gmane.text.xml.xframe.xsddoc.devel,1,50,en,100.0,100.0,2004,2004,1
gmane.comp.audio.gtab.devel,1,50,en,100.0,100.0,2015,2015,1
gmane.comp.graphics.fluidiom,1,50,en,100.0,100.0,2004,2004,1
gmane.comp.graphics.ufraw.devel,1,50,en,100.0,100.0,2013,2013,1
gmane.comp.handhelds.autobuild,1,50,en,100.0,100.0,2005,2005,1
gmane.comp.handhelds.openmoko.distro,1,50,en,100.0,100.0,2008,2008,1
gmane.comp.java.facelets.user,1,50,en,100.0,100.0,2010,2010,1
gmane.comp.java.swtbot.user,1,50,en,100.0,100.0,2008,2008,1
gmane.comp.kde.taskjuggler.devel,1,50,en,100.0,100.0,2004,2004,1
gmane.comp.lang.delphi.dunit,1,50,en,100.0,100.0,2006,2006,1
gmane.comp.lang.perl.modules.dbi.sybase,1,50,en,100.0,100.0,2005,2005,1
gmane.comp.lib.libg++.bugs,1,50,en,100.0,100.0,2003,2003,1
gmane.comp.lib.qt.csharp,1,50,es,100.0,0.0,2008,2008,1
gmane.comp.misc.mechanical-sympathy,1,50,en,100.0,100.0,2019,2019,1
gmane.comp.otrs.announce,1,50,en,100.0,100.0,2017,2017,1
gmane.comp.php.suphp.general,1,50,en,100.0,100.0,2011,2011,1
gmane.comp.python.matplotlib.buildbot,1,50,en,100.0,100.0,2010,2010,1
gmane.comp.security.cryptography.securityfocus,1,50,en,100.0,100.0,2011,2011,1
gmane.comp.tex.tug.summer-of-code,1,50,en,100.0,100.0,2019,2019,1
gmane.comp.web.pel.cvs,1,50,en,100.0,100.0,2006,2006,1
gmane.culture.cooking.opensource,1,50,de,100.0,0.0,2012,2012,1
gmane.culture.literature.humour.dr-fun.changes,1,50,en,100.0,100.0,2005,2005,1
gmane.culture.region.india.goa.research,1,50,en,100.0,100.0,2005,2005,1
gmane.editors.vile,1,50,en,100.0,100.0,2016,2016,1
gmane.education.region.romania.os.security,1,50,en,100.0,100.0,2018,2018,1
gmane.emacs.viewmail,1,50,en,100.0,100.0,2016,2016,1
gmane.ietf.sacred,1,50,en,100.0,100.0,2002,2002,1
gmane.linux.debian.alioth.debianbr.general,1,50,ru,100.0,0.0,2014,2014,1
gmane.linux.debian.devel.dkms.scm,1,50,en,100.0,100.0,2014,2014,1
gmane.linux.redhat.fedora.electroniclab,1,50,en,100.0,100.0,2010,2010,1
gmane.linux.scientific.devel,1,50,en,100.0,100.0,2012,2012,1
gmane.mail.qmail.user.turkish,1,50,tr,100.0,0.0,2006,2006,1
gmane.network.beep.beepcore.c.general,1,50,en,100.0,100.0,2002,2002,1
gmane.network.centerim.devel,1,50,en,100.0,100.0,2009,2009,1
gmane.network.gnutella.limewire.general,1,50,en,100.0,100.0,2005,2005,1
gmane.network.ubh,1,50,en,100.0,100.0,2002,2002,1
gmane.org.user-groups.linux.jedlug,1,50,en,100.0,100.0,2006,2006,1
gmane.org.user-groups.linux.phoenix.devel,1,50,en,100.0,100.0,2008,2008,1
gmane.org.w3c.xproc,1,50,en,100.0,100.0,2014,2014,1
gmane.os.netbsd.ports.mipsco,1,50,en,100.0,100.0,2008,2008,1
gmane.science.ecology.ordnews,1,50,en,100.0,100.0,2010,2010,1
gmane.science.linguistics.wikipedia.assamese,1,50,et,100.0,0.0,2014,2014,1
gmane.comp.cms.phpslash.devel,1,50,en,100.0,100.0,2003,2003,1
gmane.comp.cryptography.viff.devel,1,50,en,100.0,100.0,2008,2008,1
gmane.comp.db.cassandra.client.devel,1,50,en,100.0,100.0,2014,2014,1
gmane.comp.editors.vim.vim-ruby.devel,1,50,en,100.0,100.0,2007,2007,1
gmane.comp.gnome.apps.gqview.devel,1,50,en,100.0,100.0,2008,2008,1
gmane.comp.gnome.apps.mr-project.user,1,50,en,100.0,100.0,2003,2003,1
gmane.comp.gnome.gaim.i18n,1,50,en,100.0,100.0,2007,2007,1
gmane.comp.gnome.lib.xml.internationalization,1,50,en,100.0,100.0,2003,2003,1
gmane.comp.handhelds.symbian.putty.devel,1,50,en,100.0,100.0,2012,2012,1
gmane.comp.java.clojure.user.german,1,50,de,100.0,0.0,2014,2014,1
gmane.comp.java.sesat.kernel.issues,1,50,en,100.0,100.0,2008,2008,1
gmane.comp.java.vm.sablevm.general,1,50,en,100.0,100.0,2006,2006,1
gmane.comp.macosx.libdispatch.devel,1,50,en,100.0,100.0,2011,2011,1
gmane.comp.parsers.ragel.user,1,50,en,100.0,100.0,2010,2010,1
gmane.comp.python.joblib,1,50,en,100.0,100.0,2012,2012,1
gmane.comp.python.tryton.german,1,50,de,100.0,0.0,2014,2014,1
gmane.comp.sysutils.lcd4linux.devel,1,50,ja,100.0,0.0,2007,2007,1
gmane.comp.tools.aap.user,1,50,en,100.0,100.0,2006,2006,1
gmane.comp.voip.rtpproxy.user,1,50,en,100.0,100.0,2010,2010,1
gmane.comp.web.kazehakase.devel,1,50,en,100.0,100.0,2008,2008,1
gmane.comp.web.openid.security,1,50,sv,100.0,0.0,2007,2007,1
gmane.comp.windows.farmanager.scrhostplugin,1,50,ru,100.0,0.0,2002,2002,1
gmane.comp.xfree86.neomagic,1,50,en,100.0,100.0,2002,2002,1
gmane.culture.bicycle.shift.velorution.paris,1,50,fr,100.0,0.0,2016,2016,1
gmane.editors.abiword.announce,1,50,en,100.0,100.0,2004,2004,1
gmane.emacs.helm.user,1,50,en,100.0,100.0,2016,2016,1
gmane.emacs.jdee.devel,1,50,en,100.0,100.0,2015,2015,1
gmane.games.diplomacy.worldmasters.chat.wm2004,1,50,fr,100.0,0.0,2005,2005,1
gmane.games.fps.halflife.mappers,1,50,en,100.0,100.0,2009,2009,1
gmane.linux.debian.alioth.utnubu.devel,1,50,en,100.0,100.0,2009,2009,1
gmane.linux.debian.fai.devel,1,50,en,100.0,100.0,2015,2015,1
gmane.linux.debian.user.news.portuguese,1,50,pt,100.0,0.0,2006,2006,1
gmane.linux.distributions.grml.devel,1,50,en,100.0,100.0,2017,2017,1
gmane.linux.drivers.thinkfinger,1,50,en,100.0,100.0,2007,2007,1
gmane.linux.gcc,1,50,en,100.0,100.0,2006,2006,1
gmane.linux.redhat.rhl.docs,1,50,en,100.0,100.0,2003,2003,1
gmane.mail.masqmail,1,50,en,100.0,100.0,2001,2001,1
gmane.network.reconnoiter.user,1,50,en,100.0,100.0,2012,2012,1
gmane.network.wireless.portland.announce,1,50,en,100.0,100.0,2003,2003,1
gmane.org.fsf.france.science,1,50,en,100.0,100.0,2006,2006,1
gmane.org.netlabs.samba.user,1,50,en,100.0,100.0,2010,2010,1
gmane.org.user-groups.linux.gtalug.announce,1,50,en,100.0,100.0,2015,2015,1
gmane.org.w3c.internationalization.comments,1,50,en,100.0,100.0,2008,2008,1
gmane.org.wikimedia.india.mangalore,1,50,en,100.0,100.0,2014,2014,1
gmane.os.freebsd.devel.dtrace,1,50,en,100.0,100.0,2016,2016,1
gmane.os.openbsd.x11,1,50,en,100.0,100.0,2009,2009,1
gmane.politics.mideast.israel,1,50,en,100.0,100.0,2004,2004,1
gmane.science.linguistics.wikimedia.libraries,1,50,en,100.0,100.0,2013,2013,1
gmane.comp.ai.edm.announce,1,50,en,100.0,100.0,2009,2009,1
gmane.comp.audio.zinf.devel,1,50,en,100.0,100.0,2003,2003,1
gmane.comp.documentfoundation.announce,1,50,en,100.0,100.0,2012,2012,1
gmane.comp.editors.pida,1,50,en,100.0,100.0,2008,2008,1
gmane.comp.encryption.opencryptoki.user,1,50,en,100.0,100.0,2012,2012,1
gmane.comp.gis.openstreetmap.region.is,1,50,sv,100.0,0.0,2010,2010,1
gmane.comp.gis.qgis.community-team,1,50,en,100.0,100.0,2014,2014,1
gmane.comp.gnome.apps.multisync.devel,1,50,en,100.0,100.0,2004,2004,1
gmane.comp.gnu.standards,1,50,en,100.0,100.0,2017,2017,1
gmane.comp.graphics.openslide.user,1,50,en,100.0,100.0,2011,2011,1
gmane.comp.hardware.freeipmi.user,1,50,en,100.0,100.0,2012,2012,1
gmane.comp.hardware.riscv.hardware.devel,1,50,en,100.0,100.0,2016,2016,1
gmane.comp.java.linux.general,1,50,en,100.0,100.0,2004,2004,1
gmane.comp.lang.haskell.cvs.green-card,1,50,en,100.0,100.0,2003,2003,1
gmane.comp.lang.perl.modules.xml-compile,1,50,en,100.0,100.0,2013,2013,1
gmane.comp.lang.ruby.kgio.general,1,50,en,100.0,100.0,2011,2011,1
gmane.comp.lang.uml.astade.user,1,50,en,100.0,100.0,2009,2009,1
gmane.comp.ldap.jxplorer.cvs,1,50,en,100.0,100.0,2006,2006,1
gmane.comp.lib.fpgui.general,1,50,en,100.0,100.0,2010,2010,1
gmane.comp.mathematics.sage.matroid,1,50,en,100.0,100.0,2013,2013,1
gmane.comp.openoffice.devel.porting,1,50,en,100.0,100.0,2005,2005,1
gmane.comp.security.ids.hlbr,1,50,pt,100.0,0.0,2006,2006,1
gmane.comp.security.ids.snort.barnyard.user,1,50,en,100.0,100.0,2006,2006,1
gmane.comp.video.lives.devel,1,50,en,100.0,100.0,2008,2008,1
gmane.comp.video.mex,1,50,en,100.0,100.0,2011,2011,1
gmane.comp.web.chromium.certificate-transparency,1,50,en,100.0,100.0,2016,2016,1
gmane.games.diplomacy.cat23.results.thousand,1,50,en,100.0,100.0,2006,2006,1
gmane.ietf.iptel,1,50,en,100.0,100.0,2002,2002,1
gmane.linux.debian.user.news.french,1,50,fr,100.0,0.0,2010,2010,1
gmane.linux.embedded.yocto.meta-mentor,1,50,en,100.0,100.0,2013,2013,1
gmane.linux.installation.system-imager.devel,1,50,en,100.0,100.0,2007,2007,1
gmane.linux.network.cor,1,50,en,100.0,100.0,2013,2013,1
gmane.lisp.openmcl.announce,1,50,en,100.0,100.0,2012,2012,1
gmane.mail.apple-mail.gpgpmail.user,1,50,en,100.0,100.0,2010,2010,1
gmane.mail.nocc.general,1,50,en,100.0,100.0,2009,2009,1
gmane.network.irc.staticbox.general,1,50,en,100.0,100.0,2007,2007,1
gmane.org.wikimedia.labs.announce,1,50,en,100.0,100.0,2016,2016,1
gmane.org.wikimedia.mediawiki.core,1,50,en,100.0,100.0,2014,2014,1
gmane.org.wikimedia.sanfrancisco,1,50,en,100.0,100.0,2014,2014,1
gmane.os.openindiana.announce,1,50,en,100.0,100.0,2011,2011,1
gmane.science.chemistry.avogadro.general,1,50,en,100.0,100.0,2014,2014,1
gmane.comp.apache.tiles.user,1,50,en,100.0,100.0,2011,2011,1
gmane.comp.cms.brainstorm.user,1,50,en,100.0,100.0,2002,2002,1
gmane.comp.cms.opengroupware.discuss.general,1,50,en,100.0,100.0,2003,2003,1
gmane.comp.encryption.gpg.internationalization,1,50,en,100.0,100.0,2015,2015,1
gmane.comp.gnome.components,1,50,en,100.0,100.0,2003,2003,1
gmane.comp.gnome.release.1.4,1,50,en,100.0,100.0,2005,2005,1
gmane.comp.gnu.medical.update,1,50,en,100.0,100.0,2005,2005,1
gmane.comp.graphics.cuda.cudpp,1,50,en,100.0,100.0,2010,2010,1
gmane.comp.graphics.lib3ds.devel,1,50,en,100.0,100.0,2008,2008,1
gmane.comp.graphics.rawstudio.devel,1,50,en,100.0,100.0,2007,2007,1
gmane.comp.kde.devel.mobile,1,50,en,100.0,100.0,2010,2010,1
gmane.comp.lang.eiffel.smalleiffel,1,50,en,100.0,100.0,2005,2005,1
gmane.comp.lang.groovy.jsr,1,50,en,100.0,100.0,2005,2005,1
gmane.comp.lang.links.general,1,50,en,100.0,100.0,2006,2006,1
gmane.comp.lang.r.robust,1,50,en,100.0,100.0,2015,2015,1
gmane.comp.lib.ultimate++,1,50,en,100.0,100.0,2005,2005,1
gmane.comp.networking.mcproxy.user,1,50,en,100.0,100.0,2017,2017,1
gmane.comp.openoffice.devel.performance,1,50,it,100.0,0.0,2010,2010,1
gmane.comp.otrs.internationalization,1,50,en,100.0,100.0,2010,2010,1
gmane.comp.science.pebl,1,50,en,100.0,100.0,2013,2013,1
gmane.comp.security.openxpki.devel,1,50,en,100.0,100.0,2008,2008,1
gmane.comp.security.passwordsafe.devel,1,50,en,100.0,100.0,2004,2004,1
gmane.comp.web.gatling,1,50,en,100.0,100.0,2008,2008,1
gmane.culture.talk.capsoff,1,50,en,100.0,100.0,2009,2009,1
gmane.education.technology.sail.devel,1,50,en,100.0,100.0,2007,2007,1
gmane.ietf.i2nsf,1,50,en,100.0,100.0,2018,2018,1
gmane.linux.debian.internationalization.polish,1,50,en,100.0,100.0,2012,2012,1
gmane.linux.distributions.freespire.user,1,50,en,100.0,100.0,2006,2006,1
gmane.linux.distributions.resala.devel,1,50,en,100.0,100.0,2004,2004,1
gmane.linux.drivers.orinoco.user,1,50,en,100.0,100.0,2005,2005,1
gmane.linux.laptop.olpc.announce,1,50,en,100.0,100.0,2008,2008,1
gmane.linux.upnp-sdk.general,1,50,en,100.0,100.0,2009,2009,1
gmane.lisp.guile.sources,1,50,en,100.0,100.0,2013,2013,1
gmane.lisp.iolib.devel,1,50,en,100.0,100.0,2010,2010,1
gmane.org.ballistichelmet.lambda,1,50,en,100.0,100.0,2005,2005,1
gmane.org.netlabs.4os2.user,1,50,en,100.0,100.0,2011,2011,1
gmane.org.snowdrift.devel,1,50,en,100.0,100.0,2015,2015,1
gmane.os.os2.unixos2,1,50,en,100.0,100.0,2004,2004,1
gmane.os.solaris.opensolaris.ksh93-integration,1,50,en,100.0,100.0,2012,2012,1
gmane.politics.activism.carfree-network,1,50,en,100.0,100.0,2006,2006,1
gmane.user-groups.foss.fsug-tsr,1,50,da,100.0,0.0,2009,2009,1
gmane.comp.apache.outoforder.modules,1,50,en,100.0,100.0,2008,2008,1
gmane.comp.apache.tiles.issues,1,50,et,100.0,0.0,2011,2011,1
gmane.comp.audio.cd-paranoia.devel,1,50,en,100.0,100.0,2005,2005,1
gmane.comp.audio.dvd.devel,1,50,en,100.0,100.0,2007,2007,1
gmane.comp.cms.bluexml.user,1,50,en,100.0,100.0,2006,2006,1
gmane.comp.compression.vcdiff.sdch,1,50,en,100.0,100.0,2014,2014,1
gmane.comp.file-systems.ecryptfs.user,1,50,en,100.0,100.0,2009,2009,1
gmane.comp.finance.nmof.announce,1,50,en,100.0,100.0,2016,2016,1
gmane.comp.gnu.octave.sources,1,50,en,100.0,100.0,2005,2005,1
gmane.comp.handhelds.android.beem.devel,1,50,en,100.0,100.0,2013,2013,1
gmane.comp.ide.eclipse.plugins.pydev.general,1,50,en,100.0,100.0,2016,2016,1
gmane.comp.java.bluecove.user,1,50,en,100.0,100.0,2011,2011,1
gmane.comp.java.glazedlists.devel,1,50,en,100.0,100.0,2014,2014,1
gmane.comp.java.jabref.user,1,50,en,100.0,100.0,2015,2015,1
gmane.comp.java.mandarax.general,1,50,en,100.0,100.0,2007,2007,1
gmane.comp.java.securityfilter.user,1,50,en,100.0,100.0,2002,2002,1
gmane.comp.java.spice.devel,1,50,en,100.0,100.0,2003,2003,1
gmane.comp.kde.devel.bluetooth,1,50,en,100.0,100.0,2005,2005,1
gmane.comp.lang.c.ccan,1,50,en,100.0,100.0,2016,2016,1
gmane.comp.lang.forth.colorforth,1,50,en,100.0,100.0,2004,2004,1
gmane.comp.lang.racket.announce,1,50,en,100.0,100.0,2013,2013,1
gmane.comp.lib.hpx.devel,1,50,en,100.0,100.0,2015,2015,1
gmane.comp.medical.medclipse.eclipse.devel,1,50,fr,100.0,0.0,2006,2006,1
gmane.comp.mozilla.firefox.wmlbrowser,1,50,en,100.0,100.0,2011,2011,1
gmane.comp.openoffice.announce.features,1,50,en,100.0,100.0,2010,2010,1
gmane.comp.python.pdfminer,1,50,en,100.0,100.0,2011,2011,1
gmane.comp.python.pytest.devel,1,50,en,100.0,100.0,2019,2019,1
gmane.comp.sysutils.skaware,1,50,en,100.0,100.0,2017,2017,1
gmane.comp.web.zope.plone.remember,1,50,en,100.0,100.0,2010,2010,1
gmane.comp.web.zope.zope3.ecm.general,1,50,en,100.0,100.0,2006,2006,1
gmane.culture.social.furry.salem-oregon,1,50,en,100.0,100.0,2012,2012,1
gmane.games.rubiks.caltech-rubiks,1,50,en,100.0,100.0,2007,2007,1
gmane.games.xoreos.devel,1,50,en,100.0,100.0,2019,2019,1
gmane.ietf.tokbind,1,50,en,100.0,100.0,2016,2016,1
gmane.linux.debian.alioth.pkg-clojure-maintainers,1,50,en,100.0,100.0,2017,2017,1
gmane.linux.debian.devel.gambas,1,50,en,100.0,100.0,2017,2017,1
gmane.linux.debian.etchnahalf,1,50,UNKNOWN,100.0,0.0,2011,2011,1
gmane.linux.drivers.xboxdrv,1,50,en,100.0,100.0,2015,2015,1
gmane.linux.uclinux.isl3893.devel,1,50,en,100.0,100.0,2006,2006,1
gmane.lisp.clbuild.devel,1,50,en,100.0,100.0,2008,2008,1
gmane.lisp.closer.devel,1,50,en,100.0,100.0,2008,2008,1
gmane.lisp.erlisp.devel,1,50,en,100.0,100.0,2005,2005,1
gmane.lisp.matlisp.user,1,50,en,100.0,100.0,2014,2014,1
gmane.lisp.scheme.srfi.srfi-13,1,50,en,100.0,100.0,2019,2019,1
gmane.network.mathopd,1,50,en,100.0,100.0,2005,2005,1
gmane.network.protocols.slp.openslp.user,1,50,en,100.0,100.0,2008,2008,1
gmane.network.vnc.turbovnc.user,1,50,en,100.0,100.0,2014,2014,1
gmane.org.user-groups.epfsug,1,50,ro,100.0,0.0,2012,2012,1
gmane.os.openbsd.alpha,1,50,en,100.0,100.0,2007,2007,1
gmane.os.pcbsd.support,1,50,en,100.0,100.0,2010,2010,1
gmane.os.riot.user,1,50,en,100.0,100.0,2016,2016,1
gmane.politics.socialism.wsm.spgb.announce,1,50,en,100.0,100.0,2010,2010,1
gmane.science.biology.samtools.general,1,50,en,100.0,100.0,2014,2014,1
gmane.text.xml.sax.general,1,50,UNKNOWN,100.0,0.0,2002,2002,1
gmane.text.xml.xmlpull.devel,1,50,en,100.0,100.0,2005,2005,1
gmane.comp.audio.bossogg.devel,1,50,en,100.0,100.0,2005,2005,1
gmane.comp.audio.netjuke.user,1,50,en,100.0,100.0,2003,2003,1
gmane.comp.cad.electric.bugs,1,50,en,100.0,100.0,2017,2017,1
gmane.comp.debugging.vg4nbsd.devel,1,50,en,100.0,100.0,2006,2006,1
gmane.comp.file-systems.openafs.documentation,1,50,en,100.0,100.0,2005,2005,1
gmane.comp.games.volity.devel,1,50,en,100.0,100.0,2005,2005,1
gmane.comp.gcc.g++.announce,1,50,en,100.0,100.0,2002,2002,1
gmane.comp.gnome.gdome,1,50,en,100.0,100.0,2004,2004,1
gmane.comp.gnu.global.general,1,50,en,100.0,100.0,2003,2003,1
gmane.comp.graphics.libexif.devel,1,50,en,100.0,100.0,2006,2006,1
gmane.comp.handhelds.openembedded.user,1,50,en,100.0,100.0,2008,2008,1
gmane.comp.handhelds.pimlico,1,50,en,100.0,100.0,2007,2007,1
gmane.comp.hardware.gps.gpsd.announce,1,50,en,100.0,100.0,2006,2006,1
gmane.comp.ide.eclipse.cdt.debug.devel,1,50,en,100.0,100.0,2005,2005,1
gmane.comp.java.classpath.extensions.xml,1,50,en,100.0,100.0,2004,2004,1
gmane.comp.java.clojure.enlive,1,50,en,100.0,100.0,2015,2015,1
gmane.comp.kde.devel.taglib,1,50,en,100.0,100.0,2011,2011,1
gmane.comp.lang.chuck.user,1,50,en,100.0,100.0,2015,2015,1
gmane.comp.lang.ocaml.lib.net.devel,1,50,UNKNOWN,100.0,0.0,2004,2004,1
gmane.comp.lib.eglibc.commits,1,50,en,100.0,100.0,2013,2013,1
gmane.comp.mathematics.csc,1,50,en,100.0,100.0,2009,2009,1
gmane.comp.mathematics.open-axiom.devel,1,50,en,100.0,100.0,2008,2008,1
gmane.comp.networking.ufdbguard,1,50,en,100.0,100.0,2016,2016,1
gmane.comp.openoffice.dba.devel,1,50,en,100.0,100.0,2011,2011,1
gmane.comp.php.phing.cvs,1,50,en,100.0,100.0,2007,2007,1
gmane.comp.proxies.vulture.user,1,50,fr,100.0,0.0,2006,2006,1
gmane.comp.python.devel.core-workflow,1,50,en,100.0,100.0,2016,2016,1
gmane.comp.python.snakelets.general,1,50,en,100.0,100.0,2005,2005,1
gmane.comp.security.plash,1,50,en,100.0,100.0,2007,2007,1
gmane.comp.systems.beaker.devel,1,50,en,100.0,100.0,2014,2014,1
gmane.comp.video.opengl.virtualgl.devel,1,50,en,100.0,100.0,2013,2013,1
gmane.comp.voip.rtpproxy.devel,1,50,en,100.0,100.0,2009,2009,1
gmane.comp.web.evdb.api,1,50,en,100.0,100.0,2010,2010,1
gmane.comp.web.server.tntnet,1,50,en,100.0,100.0,2010,2010,1
gmane.linux.distributions.blag.noise,1,50,da,100.0,0.0,2008,2008,1
gmane.linux.ngpt.devel,1,50,en,100.0,100.0,2002,2002,1
gmane.linux.ports.mactel.devel,1,50,en,100.0,100.0,2006,2006,1
gmane.linux.redhat.release.zoot,1,50,en,100.0,100.0,2002,2002,1
gmane.linux.ubuntu.user.philippines,1,50,en,100.0,100.0,2009,2009,1
gmane.lisp.uncommon-sql,1,50,en,100.0,100.0,2003,2003,1
gmane.org.fsf.education.italy,1,50,et,100.0,0.0,2004,2004,1
gmane.org.fsf.press.announce,1,50,en,100.0,100.0,2010,2010,1
gmane.org.user-groups.erlang.london,1,50,en,100.0,100.0,2010,2010,1
gmane.org.user-groups.linux.ehu.bilbao.itsas,1,50,es,100.0,0.0,2005,2005,1
gmane.org.user-groups.linux.italy.sputnix,1,50,en,100.0,100.0,2008,2008,1
gmane.org.wikimedia.cascadia,1,50,en,100.0,100.0,2015,2015,1
gmane.os.netbsd.ports.sandpoint,1,50,en,100.0,100.0,2013,2013,1
gmane.comp.apache.incubator.ranger.user,1,50,en,100.0,100.0,2017,2017,1
gmane.comp.audio.muse.user,1,50,en,100.0,100.0,2014,2014,1
gmane.comp.cms.sakai.framework,1,50,en,100.0,100.0,2009,2009,1
gmane.comp.compilers.clang.user,1,50,en,100.0,100.0,2014,2014,1
gmane.comp.emulators.bochs.announce,1,50,en,100.0,100.0,2002,2002,1
gmane.comp.freedesktop.libdlo,1,50,en,100.0,100.0,2010,2010,1
gmane.comp.gnu.system,1,50,en,100.0,100.0,2014,2014,1
gmane.comp.graphics.openjpeg,1,50,en,100.0,100.0,2014,2014,1
gmane.comp.ide.jessie.general,1,50,en,100.0,100.0,2007,2007,1
gmane.comp.information-retrieval.webir,1,50,en,100.0,100.0,2007,2007,1
gmane.comp.java.clojure.sqlkorma,1,50,en,100.0,100.0,2018,2018,1
gmane.comp.java.jasig.announce,1,50,en,100.0,100.0,2018,2018,1
gmane.comp.java.plexus.devel,1,50,en,100.0,100.0,2003,2003,1
gmane.comp.lib.state-threads.user,1,50,en,100.0,100.0,2008,2008,1
gmane.comp.mathematics.sage.cell,1,50,en,100.0,100.0,2014,2014,1
gmane.comp.openoffice.devel.udk,1,50,en,100.0,100.0,2005,2005,1
gmane.comp.python.authors,1,50,en,100.0,100.0,2009,2009,1
gmane.comp.security.ossim.support,1,50,en,100.0,100.0,2018,2018,1
gmane.comp.video.avisynth3.devel,1,50,en,100.0,100.0,2007,2007,1
gmane.comp.video.gstreamer.embedded,1,50,en,100.0,100.0,2011,2011,1
gmane.comp.video.videolan.announce,1,50,en,100.0,100.0,2013,2013,1
gmane.comp.web.egroupware.core,1,50,fr,100.0,0.0,2008,2008,1
gmane.comp.web.zope.plone.calendarx.user,1,50,en,100.0,100.0,2005,2005,1
gmane.culture.drugs.cannabis.action,1,50,en,100.0,100.0,2007,2007,1
gmane.culture.undergrowth.cooee,1,50,en,100.0,100.0,2006,2006,1
gmane.education.discuss.philosophy.debate,1,50,en,100.0,100.0,2008,2008,1
gmane.ietf.caldav,1,50,en,100.0,100.0,2005,2005,1
gmane.linux.debian.alioth.git-dpm.user,1,50,en,100.0,100.0,2012,2012,1
gmane.linux.debian.internationalization.korean,1,50,en,100.0,100.0,2017,2017,1
gmane.linux.debian.user.quebec,1,50,en,100.0,100.0,2016,2016,1
gmane.linux.gentoo.user.czech-slovak,1,50,cs,100.0,0.0,2006,2006,1
gmane.linux.gentoo.weekly-news,1,50,en,100.0,100.0,2006,2006,1
gmane.linux.kernel.trace.user,1,50,en,100.0,100.0,2010,2010,1
gmane.lisp.scheme.srfi.general,1,50,en,100.0,100.0,2019,2019,1
gmane.mail.mh.devel,1,50,en,100.0,100.0,2006,2006,1
gmane.mail.the-bat.plugins,1,50,en,100.0,100.0,2004,2004,1
gmane.network.freenet.freenet6.user,1,50,en,100.0,100.0,2005,2005,1
gmane.network.ipv6.experiment,1,50,en,100.0,100.0,2009,2009,1
gmane.network.miranda-im.devel,1,50,en,100.0,100.0,2005,2005,1
gmane.network.myrinet.general,1,50,en,100.0,100.0,2002,2002,1
gmane.network.netdot.user,1,50,en,100.0,100.0,2013,2013,1
gmane.org.snowdrift.user,1,50,en,100.0,100.0,2015,2015,1
gmane.org.user-groups.austin.agile.general,1,50,UNKNOWN,100.0,0.0,2015,2015,1
gmane.org.user-groups.emacs.spanish,1,50,es,100.0,0.0,2011,2011,1
gmane.os.solaris.gnusolaris.changes,1,50,en,100.0,100.0,2006,2006,1
gmane.os.solaris.opensolaris.trademark-policy.devel,1,50,en,100.0,100.0,2008,2008,1
gmane.recreation.photography.equipment.kiev88,1,50,en,100.0,100.0,2006,2006,1
gmane.comp.apache.mod-survey.devel,1,50,en,100.0,100.0,2005,2005,1
gmane.comp.clustering.drmaa.wg,1,50,en,100.0,100.0,2009,2009,1
gmane.comp.crm.citrusdb.user,1,50,en,100.0,100.0,2006,2006,1
gmane.comp.emulators.winex.devel,1,50,en,100.0,100.0,2005,2005,1
gmane.comp.gnome.ximian.gtk+.html,1,50,en,100.0,100.0,2004,2004,1
gmane.comp.gnu.3dkit.bugs,1,50,en,100.0,100.0,2005,2005,1
gmane.comp.handhelds.openmoko.uboot,1,50,en,100.0,100.0,2007,2007,1
gmane.comp.hardware.arduino.teachers,1,50,en,100.0,100.0,2013,2013,1
gmane.comp.internationalization.indonesia.i15n,1,50,id,100.0,0.0,2007,2007,1
gmane.comp.java.enhydra.dods,1,50,en,100.0,100.0,2003,2003,1
gmane.comp.java.jax-rpc.devel,1,50,en,100.0,100.0,2005,2005,1
gmane.comp.java.terracotta.user,1,50,en,100.0,100.0,2008,2008,1
gmane.comp.lang.ada.gnoga,1,50,en,100.0,100.0,2018,2018,1
gmane.comp.lang.c++.ulxmlrpcpp.devel,1,50,en,100.0,100.0,2009,2009,1
gmane.comp.mobile.mbuni.devel,1,50,en,100.0,100.0,2010,2010,1
gmane.comp.package-management.vcs-pkg,1,50,en,100.0,100.0,2008,2008,1
gmane.comp.python.visionegg.general,1,50,en,100.0,100.0,2007,2007,1
gmane.comp.security.oauth.general,1,50,en,100.0,100.0,2009,2009,1
gmane.comp.tex.texlive.documentation,1,50,en,100.0,100.0,2011,2011,1
gmane.comp.video.videolan.vlma.general,1,50,en,100.0,100.0,2017,2017,1
gmane.comp.web.dom.test-suites.submissions,1,50,en,100.0,100.0,2002,2002,1
gmane.comp.web.openid.user,1,50,en,100.0,100.0,2009,2009,1
gmane.comp.web.zope.zope3.user.french,1,50,fr,100.0,0.0,2008,2008,1
gmane.culture.arts.dorkbot.kolab,1,50,es,100.0,0.0,2010,2010,1
gmane.editors.serna.user,1,50,en,100.0,100.0,2005,2005,1
gmane.education.english.correct-my-english,1,50,en,100.0,100.0,2009,2009,1
gmane.games.region.utah.game-night,1,50,en,100.0,100.0,2007,2007,1
gmane.linux.distributions.freeduc-sup.general,1,50,fr,100.0,0.0,2005,2005,1
gmane.linux.ltp.results,1,50,en,100.0,100.0,2009,2009,1
gmane.linux.mandrake.expert.russian,1,50,ru,100.0,0.0,2004,2004,1
gmane.linux.skolelinux.administrators.general,1,50,en,100.0,100.0,2006,2006,1
gmane.linux.whitebox.announce,1,50,en,100.0,100.0,2004,2004,1
gmane.lisp.lib.cxml.devel,1,50,en,100.0,100.0,2018,2018,1
gmane.lisp.region.sweden,1,50,sv,100.0,0.0,2013,2013,1
gmane.lisp.scheme.srfi.announce,1,50,en,100.0,100.0,2015,2015,1
gmane.org.hackerspaces.57north.announce,1,50,en,100.0,100.0,2014,2014,1
gmane.org.user-groups.bay-area,1,50,en,100.0,100.0,2006,2006,1
gmane.org.user-groups.linux.kiev.openldap,1,50,ru,100.0,0.0,2005,2005,1
gmane.org.user-groups.programming.delphi.brazil,1,50,pt,100.0,0.0,2005,2005,1
gmane.org.w3c.region.chinese.html5,1,50,zh-cn,100.0,0.0,2013,2013,1
gmane.science.chemistry.rdkit.devel,1,50,en,100.0,100.0,2013,2013,1
gmane.comp.audio.lmms.user,1,50,en,100.0,100.0,2013,2013,1
gmane.comp.db.dswitch,1,50,en,100.0,100.0,2009,2009,1
gmane.comp.db.invenio.devel,1,50,en,100.0,100.0,2016,2016,1
gmane.comp.db.myosotis.general,1,50,UNKNOWN,100.0,0.0,2007,2007,1
gmane.comp.gnome.gtk+.themes.clearlooks,1,50,en,100.0,100.0,2010,2010,1
gmane.comp.gnome.javascript,1,50,en,100.0,100.0,2015,2015,1
gmane.comp.gnome.ximian.connector,1,50,en,100.0,100.0,2004,2004,1
gmane.comp.gnu.psychosynth.devel,1,50,en,100.0,100.0,2010,2010,1
gmane.comp.gnu.radius.bugs,1,50,pt,100.0,0.0,2004,2004,1
gmane.comp.hardware.riscv.software.devel,1,50,en,100.0,100.0,2018,2018,1
gmane.comp.java.tynamo.devel,1,50,en,100.0,100.0,2011,2011,1
gmane.comp.lang.ec.general,1,50,en,100.0,100.0,2008,2008,1
gmane.comp.lang.moto.devel,1,50,en,100.0,100.0,2003,2003,1
gmane.comp.lang.perl.science,1,50,en,100.0,100.0,2016,2016,1
gmane.comp.lib.elektra.devel,1,50,en,100.0,100.0,2006,2006,1
gmane.comp.linux.lsb,1,50,en,100.0,100.0,2016,2016,1
gmane.comp.networking.howl.user,1,50,en,100.0,100.0,2005,2005,1
gmane.comp.programming.cppug,1,50,en,100.0,100.0,2005,2005,1
gmane.comp.security.key-distribution,1,50,en,100.0,100.0,2002,2002,1
gmane.comp.tex.fonts.lucida,1,50,en,100.0,100.0,2011,2011,1
gmane.comp.tex.hevea,1,50,fr,100.0,0.0,2006,2006,1
gmane.comp.tex.latex.prosper.user,1,50,en,100.0,100.0,2005,2005,1
gmane.comp.video.dvbcut.user,1,50,en,100.0,100.0,2009,2009,1
gmane.comp.web.cssed.devel,1,50,en,100.0,100.0,2004,2004,1
gmane.comp.web.egroupware.russian,1,50,en,100.0,100.0,2006,2006,1
gmane.comp.web.jigsaw,1,50,en,100.0,100.0,2003,2003,1
gmane.comp.web.webgen.user,1,50,en,100.0,100.0,2008,2008,1
gmane.comp.web.wiki.pmwiki.user.fr,1,50,fr,100.0,0.0,2008,2008,1
gmane.comp.windows.devel.dotnet.jobs,1,50,en,100.0,100.0,2003,2003,1
gmane.games.seattlespiel,1,50,en,100.0,100.0,2007,2007,1
gmane.ietf.fecframe,1,50,en,100.0,100.0,2012,2012,1
gmane.ietf.vpim,1,50,en,100.0,100.0,2004,2004,1
gmane.linux.linux-wlan.devel,1,50,en,100.0,100.0,2005,2005,1
gmane.mail.the-bat.italian,1,50,en,100.0,100.0,2005,2005,1
gmane.network.ispcp.user,1,50,en,100.0,100.0,2008,2008,1
gmane.network.miranda-im.cvs.core,1,50,en,100.0,100.0,2004,2004,1
gmane.network.netwiser.devel,1,50,en,100.0,100.0,2006,2006,1
gmane.network.vnc.tigervnc.scm,1,50,en,100.0,100.0,2011,2011,1
gmane.network.wireless.alameda,1,50,en,100.0,100.0,2008,2008,1
gmane.org.user-groups.fossis,1,50,en,100.0,100.0,2011,2011,1
gmane.org.user-groups.gull.annonce,1,50,en,100.0,100.0,2003,2003,1
gmane.org.wikimedia.sverige,1,50,sv,100.0,0.0,2008,2008,1
gmane.os.9front.bugs,1,50,en,100.0,100.0,2016,2016,1
gmane.os.netbsd.ports.newsmips,1,50,en,100.0,100.0,2004,2004,1
gmane.comp.audio.mpc.user,1,50,en,100.0,100.0,2004,2004,1
gmane.comp.audio.sox.devel,1,50,en,100.0,100.0,2015,2015,1
gmane.comp.db.postgresql.bucardo.general,1,50,en,100.0,100.0,2016,2016,1
gmane.comp.games.lincity-ng.devel,1,50,en,100.0,100.0,2013,2013,1
gmane.comp.gis.openstreetmap.region.de.duesseldorf,1,50,de,100.0,0.0,2015,2015,1
gmane.comp.gis.openstreetmap.region.tw,1,50,ko,100.0,0.0,2013,2013,1
gmane.comp.gnu.gradebook.general,1,50,UNKNOWN,100.0,0.0,2005,2005,1
gmane.comp.graphics.passepartout,1,50,en,100.0,100.0,2004,2004,1
gmane.comp.handhelds.meego.touch.devel,1,50,en,100.0,100.0,2010,2010,1
gmane.comp.hardware.avr.simavr,1,50,en,100.0,100.0,2018,2018,1
gmane.comp.hardware.roku.technical,1,50,en,100.0,100.0,2004,2004,1
gmane.comp.isp.consume.bristol,1,50,en,100.0,100.0,2003,2003,1
gmane.comp.java.bdbje.general,1,50,en,100.0,100.0,2005,2005,1
gmane.comp.java.eob.devel,1,50,en,100.0,100.0,2003,2003,1
gmane.comp.lang.haskell.hugs.user,1,50,en,100.0,100.0,2003,2003,1
gmane.comp.lang.ruby.raindrops.general,1,50,en,100.0,100.0,2015,2015,1
gmane.comp.lang.smalltalk.tweak,1,50,en,100.0,100.0,2005,2005,1
gmane.comp.lib.gnustep.applications,1,50,en,100.0,100.0,2007,2007,1
gmane.comp.nlp.constraint-grammar,1,50,en,100.0,100.0,2017,2017,1
gmane.comp.package-management.rpm.ecosystem,1,50,en,100.0,100.0,2019,2019,1
gmane.comp.php.zend.framework.auth,1,50,en,100.0,100.0,2008,2008,1
gmane.comp.programming.garbage-collection.general,1,50,en,100.0,100.0,2005,2005,1
gmane.comp.python.spyce.general,1,50,en,100.0,100.0,2005,2005,1
gmane.comp.security.firewalls.nufw.user,1,50,en,100.0,100.0,2009,2009,1
gmane.comp.tools.daemon.user,1,50,en,100.0,100.0,2012,2012,1
gmane.comp.version-control.revctrl,1,50,en,100.0,100.0,2008,2008,1
gmane.comp.video.mms,1,50,UNKNOWN,100.0,0.0,2007,2007,1
gmane.comp.video.sinek.general,1,50,en,100.0,100.0,2003,2003,1
gmane.comp.web.bluefish.user,1,50,en,100.0,100.0,2010,2010,1
gmane.comp.web.webdav.cadaver.general,1,50,en,100.0,100.0,2007,2007,1
gmane.culture.studies.history.slavic,1,50,en,100.0,100.0,2002,2002,1
gmane.emacs.hyperbole.user,1,50,en,100.0,100.0,2016,2016,1
gmane.games.crossfire.maps,1,50,en,100.0,100.0,2012,2012,1
gmane.linux.debian.devel.exim4.devel,1,50,en,100.0,100.0,2005,2005,1
gmane.linux.debian.devel.handheld,1,50,en,100.0,100.0,2004,2004,1
gmane.linux.lsb.discuss,1,50,en,100.0,100.0,2003,2003,1
gmane.linux.redhat.taroon,1,50,en,100.0,100.0,2003,2003,1
gmane.linux.slind.devel,1,50,en,100.0,100.0,2008,2008,1
gmane.mail.ilohamail.users,1,50,en,100.0,100.0,2006,2006,1
gmane.mail.re-alpine.devel,1,50,en,100.0,100.0,2010,2010,1
gmane.network.irc.cgiirc.general,1,50,en,100.0,100.0,2006,2006,1
gmane.os.netbsd.ports.mips,1,50,en,100.0,100.0,2002,2002,1
gmane.text.docbook.docbook2x.general,1,50,ja,100.0,0.0,2007,2007,1
gmane.comp.apache.mod-wackamole.general,1,50,en,100.0,100.0,2004,2004,1
gmane.comp.bug-tracking.request-tracker.announce,1,50,en,100.0,100.0,2005,2005,1
gmane.comp.cms.mkdoc.devel,1,50,en,100.0,100.0,2004,2004,1
gmane.comp.db.cdcat,1,50,de,100.0,0.0,2012,2012,1
gmane.comp.distributed.slurm.announce,1,50,en,100.0,100.0,2015,2015,1
gmane.comp.gis.mapnik.devel,1,50,en,100.0,100.0,2011,2011,1
gmane.comp.gnu.libtasn1.general,1,50,en,100.0,100.0,2012,2012,1
gmane.comp.gnu.security,1,50,en,100.0,100.0,2017,2017,1
gmane.comp.horde.moment,1,50,en,100.0,100.0,2003,2003,1
gmane.comp.ide.eclipse.cdt.ui.devel,1,50,en,100.0,100.0,2007,2007,1
gmane.comp.java.jremoting.cvs,1,50,UNKNOWN,100.0,0.0,2007,2007,1
gmane.comp.java.openjdk.jsr277-eg,1,50,en,100.0,100.0,2007,2007,1
gmane.comp.java.proxytoys.cvs,1,50,en,100.0,100.0,2005,2005,1
gmane.comp.java.rife.devel,1,50,en,100.0,100.0,2005,2005,1
gmane.comp.java.sun.javamail.general,1,50,en,100.0,100.0,2005,2005,1
gmane.comp.lang.ruby.parslet,1,50,en,100.0,100.0,2011,2011,1
gmane.comp.lang.smalltalk.moose.devel,1,50,en,100.0,100.0,2016,2016,1
gmane.comp.lib.boost.steering,1,50,en,100.0,100.0,2015,2015,1
gmane.comp.lib.uclibc-ng,1,50,en,100.0,100.0,2017,2017,1
gmane.comp.monitoring.orca.devel,1,50,en,100.0,100.0,2001,2001,1
gmane.comp.mozilla.devel.gtk,1,50,en,100.0,100.0,2003,2003,1
gmane.comp.programming.tools.cscope.devel,1,50,en,100.0,100.0,2009,2009,1
gmane.comp.python.scientific.guidata-guiqwt,1,50,en,100.0,100.0,2013,2013,1
gmane.comp.search.ezfind.scm,1,50,fr,100.0,0.0,2010,2010,1
gmane.comp.video.piksel.devel,1,50,en,100.0,100.0,2004,2004,1
gmane.comp.web.daisychain.general,1,50,en,100.0,100.0,2010,2010,1
gmane.comp.web.hobix.general,1,50,en,100.0,100.0,2005,2005,1
gmane.comp.web.wiki.dokuwiki.fckglite.general,1,50,en,100.0,100.0,2011,2011,1
gmane.education.rpi.ossp,1,50,en,100.0,100.0,2010,2010,1
gmane.emacs.conference,1,50,en,100.0,100.0,2015,2015,1
gmane.ietf.dix,1,50,en,100.0,100.0,2006,2006,1
gmane.ietf.itrace,1,50,en,100.0,100.0,2003,2003,1
gmane.ietf.video-codec,1,50,en,100.0,100.0,2016,2016,1
gmane.linux.debian.alioth.pkg-meego,1,50,en,100.0,100.0,2011,2011,1
gmane.linux.drivers.orinoco.devel,1,50,en,100.0,100.0,2004,2004,1
gmane.linux.mandrake.security.announce,1,50,en,100.0,100.0,2009,2009,1
gmane.linux.redhat.fedora.latam.user,1,50,es,100.0,0.0,2011,2011,1
gmane.linux.redhat.security.watch,1,50,en,100.0,100.0,2002,2002,1
gmane.lisp.iterate.devel,1,50,en,100.0,100.0,2012,2012,1
gmane.lisp.scheme.srfi.srfi-72,1,50,en,100.0,100.0,2005,2005,1
gmane.mail.spam.srs.general,1,50,en,100.0,100.0,2006,2006,1
gmane.network.netdisco.devel,1,50,UNKNOWN,100.0,0.0,2015,2015,1
gmane.org.djb.suit.announce,1,50,en,100.0,100.0,2002,2002,1
gmane.org.user-groups.linux.beijing,1,50,en,100.0,100.0,2003,2003,1
gmane.org.w3c.working-groups.websecurity,1,50,UNKNOWN,100.0,0.0,2015,2015,1
gmane.org.wikimedia.quality,1,50,en,100.0,100.0,2008,2008,1
gmane.os.freebsd.devel.cvs.projects,1,50,en,100.0,100.0,2007,2007,1
gmane.os.prex.devel,1,50,en,100.0,100.0,2009,2009,1
gmane.recreation.radio.shortwave.drm,1,50,de,100.0,0.0,2005,2005,1
gmane.science.linguistics.wikipedia.kannada,1,50,en,100.0,100.0,2006,2006,1
gmane.science.physics.whatsnew,1,50,en,100.0,100.0,2002,2002,1
gmane.science.robotics.orocos.user,1,50,en,100.0,100.0,2006,2006,1
gmane.text.xml.relaxng.discuss,1,50,en,100.0,100.0,2006,2006,1
gmane.comp.ai.lkb,1,50,en,100.0,100.0,2007,2007,1
gmane.comp.apache.gui,1,50,en,100.0,100.0,2018,2018,1
gmane.comp.freedesktop.games,1,50,en,100.0,100.0,2008,2008,1
gmane.comp.games.marathon.devel,1,50,en,100.0,100.0,2015,2015,1
gmane.comp.gis.openstreetmap.region.it.southtyrol,1,50,en,100.0,100.0,2014,2014,1
gmane.comp.graphics.crystalspace.docs,1,50,en,100.0,100.0,2007,2007,1
gmane.comp.hosting.prgmr.general,1,50,en,100.0,100.0,2015,2015,1
gmane.comp.internationalization.oooes.translation,1,50,es,100.0,0.0,2011,2011,1
gmane.comp.java.netbeans.marketing,1,50,zh-cn,100.0,0.0,2004,2004,1
gmane.comp.java.openlaszlo.announce,1,50,en,100.0,100.0,2005,2005,1
gmane.comp.java.quartz.user,1,50,en,100.0,100.0,2009,2009,1
gmane.comp.lang.ruby.german,1,50,de,100.0,0.0,2003,2003,1
gmane.comp.lib.judy.devel,1,50,en,100.0,100.0,2008,2008,1
gmane.comp.macosx.wirelessmodem,1,50,en,100.0,100.0,2004,2004,1
gmane.comp.printing.ghostscript.gsview,1,50,UNKNOWN,100.0,0.0,2003,2003,1
gmane.comp.sysutils.fcron.devel,1,50,en,100.0,100.0,2014,2014,1
gmane.comp.tools.sudo.devel,1,50,en,100.0,100.0,2014,2014,1
gmane.comp.tools.xdotool,1,50,en,100.0,100.0,2012,2012,1
gmane.comp.version-control.prcs,1,50,en,100.0,100.0,2004,2004,1
gmane.comp.web.graphics.filters,1,50,en,100.0,100.0,2015,2015,1
gmane.comp.web.turbogears.portuguese,1,50,id,100.0,0.0,2011,2011,1
gmane.comp.windows.dotnet.alchemi.user,1,50,en,100.0,100.0,2006,2006,1
gmane.linux.debian.devel.openstreetmap,1,50,en,100.0,100.0,2015,2015,1
gmane.linux.debian.user.ukrainian,1,50,uk,100.0,0.0,2012,2012,1
gmane.linux.embedded.yocto.meta-amd,1,50,en,100.0,100.0,2019,2019,1
gmane.linux.gentoo.alpha,1,50,en,100.0,100.0,2014,2014,1
gmane.linux.kernel.driver-loader,1,50,en,100.0,100.0,2006,2006,1
gmane.linux.laptop.olpc.security,1,50,en,100.0,100.0,2007,2007,1
gmane.linux.ports.game-cube.devel,1,50,en,100.0,100.0,2008,2008,1
gmane.lisp.scheme.hop,1,50,en,100.0,100.0,2015,2015,1
gmane.network.monitoring.naemon.user,1,50,en,100.0,100.0,2016,2016,1
gmane.network.ripe.routing,1,50,ca,100.0,0.0,2016,2016,1
gmane.org.google.gwt.cypal-studio,1,50,en,100.0,100.0,2009,2009,1
gmane.org.user-groups.linux.turkey.donanim,1,50,tr,100.0,0.0,2010,2010,1
gmane.org.wikimedia.incubator,1,50,en,100.0,100.0,2009,2009,1
gmane.os.solaris.opensolaris.distribution,1,50,en,100.0,100.0,2011,2011,1
gmane.science.mathematics.minfx.scm,1,50,en,100.0,100.0,2014,2014,1
gmane.test.yahoo,1,50,en,100.0,100.0,2004,2004,1
gmane.user-groups.linux.france.cenabumix.technique,1,50,fr,100.0,0.0,2017,2017,1
gmane.comp.cms.orchard.general,1,50,en,100.0,100.0,2011,2011,1
gmane.comp.freedesktop.xesam,1,50,so,100.0,0.0,2009,2009,1
gmane.comp.games.shogi,1,50,en,100.0,100.0,2004,2004,1
gmane.comp.gis.openstreetmap.region.de.mecklenburg-vorpommern,1,50,de,100.0,0.0,2010,2010,1
gmane.comp.horde.whups,1,50,en,100.0,100.0,2002,2002,1
gmane.comp.kde.taskjuggler.user,1,50,en,100.0,100.0,2006,2006,1
gmane.comp.lang.ada.france,1,50,fr,100.0,0.0,2003,2003,1
gmane.comp.lang.erlang.eeps,1,50,en,100.0,100.0,2014,2014,1
gmane.comp.lang.goo.general,1,50,en,100.0,100.0,2005,2005,1
gmane.comp.mozilla.devel.xpinstall,1,50,en,100.0,100.0,2002,2002,1
gmane.comp.python.code-quality,1,50,en,100.0,100.0,2015,2015,1
gmane.comp.python.iris.user,1,50,en,100.0,100.0,2016,2016,1
gmane.comp.tex.tetex.general,1,50,en,100.0,100.0,2006,2006,1
gmane.comp.video.gimp.announce,1,50,en,100.0,100.0,2004,2004,1
gmane.comp.web.mnogosearch.general,1,50,en,100.0,100.0,2005,2005,1
gmane.comp.web.wget.patches,1,50,en,100.0,100.0,2005,2005,1
gmane.education.weblabs.requests,1,50,en,100.0,100.0,2005,2005,1
gmane.ietf.asrg.filtering,1,50,en,100.0,100.0,2004,2004,1
gmane.ietf.ngtrans,1,50,en,100.0,100.0,2002,2002,1
gmane.linux.application,1,50,en,100.0,100.0,2003,2003,1
gmane.linux.mandrake.livecd.devel,1,50,en,100.0,100.0,2005,2005,1
gmane.linux.mandrake.security.general,1,50,en,100.0,100.0,2006,2006,1
gmane.mail.cgatepro.announce,1,50,en,100.0,100.0,2014,2014,1
gmane.music.sanlist,1,50,en,100.0,100.0,2012,2012,1
gmane.network.rdesktop.announce,1,50,en,100.0,100.0,2003,2003,1
gmane.network.ripe.bcop,1,50,en,100.0,100.0,2015,2015,1
gmane.org.irtf.announce,1,50,en,100.0,100.0,2013,2013,1
gmane.org.misc.vasudeva-server.web,1,50,en,100.0,100.0,2004,2004,1
gmane.org.wikimedia.legal,1,50,en,100.0,100.0,2004,2004,1
gmane.org.wikimedia.multimedia,1,50,id,100.0,0.0,2014,2014,1
gmane.os.apple.ms-office.german,1,50,de,100.0,0.0,2004,2004,1
gmane.os.freebsd.announce,1,50,en,100.0,100.0,2005,2005,1
gmane.science.linguistics.bergen,1,50,no,100.0,0.0,2012,2012,1
gmane.science.linguistics.wikipedia.persian,1,50,en,100.0,100.0,2012,2012,1
gmane.science.mathematics.na-digest,1,50,en,100.0,100.0,2018,2018,1
gmane.technology.sustainable.ecobalance,1,50,en,100.0,100.0,2004,2004,1
gmane.text.refdb.general,1,50,en,100.0,100.0,2003,2003,1
gmane.text.xml.xerces-p.devel,1,50,en,100.0,100.0,2009,2009,1
gmane.comp.ai.loom,1,50,en,100.0,100.0,2004,2004,1
gmane.comp.apache.mod-mp3,1,50,en,100.0,100.0,2003,2003,1
gmane.comp.apache.tiles.scm,1,50,en,100.0,100.0,2011,2011,1
gmane.comp.file-systems.gluster.packaging,1,50,en,100.0,100.0,2018,2018,1
gmane.comp.file-systems.openafs.darwin,1,50,en,100.0,100.0,2010,2010,1
gmane.comp.games.mame.advancemame.announce,1,50,en,100.0,100.0,2003,2003,1
gmane.comp.graphics.radiance.devel,1,50,en,100.0,100.0,2013,2013,1
gmane.comp.lang.ml.mlton.user,1,50,en,100.0,100.0,2007,2007,1
gmane.comp.lang.ocaml.cameleon.user,1,50,en,100.0,100.0,2010,2010,1
gmane.comp.lib.gee,1,50,en,100.0,100.0,2012,2012,1
gmane.comp.misc.nslu2.asterisk,1,50,en,100.0,100.0,2008,2008,1
gmane.comp.mozilla.devel.xul,1,50,en,100.0,100.0,2004,2004,1
gmane.comp.networking.opensplice.devel,1,50,en,100.0,100.0,2011,2011,1
gmane.comp.python.buildout.devel,1,50,en,100.0,100.0,2013,2013,1
gmane.comp.python.distributed-objects,1,50,en,100.0,100.0,2002,2002,1
gmane.comp.rumpkernel.user,1,50,en,100.0,100.0,2015,2015,1
gmane.comp.tv.xmltv.announce,1,50,en,100.0,100.0,2003,2003,1
gmane.comp.version-control.packaging,1,50,en,100.0,100.0,2009,2009,1
gmane.comp.voip.peering,1,50,en,100.0,100.0,2004,2004,1
gmane.comp.web.zope.eduplone.cvs,1,50,en,100.0,100.0,2005,2005,1
gmane.culture.publications.firstmonday,1,50,en,100.0,100.0,2011,2011,1
gmane.education.scholarships.nis,1,50,en,100.0,100.0,2002,2002,1
gmane.education.weblabs.general,1,50,en,100.0,100.0,2004,2004,1
gmane.ietf.message-headers,1,50,en,100.0,100.0,2008,2008,1
gmane.linux.distributions.openfiler.devel,1,50,en,100.0,100.0,2007,2007,1
gmane.linux.documentation.philippines,1,50,en,100.0,100.0,2008,2008,1
gmane.linux.pardus.devel,1,50,UNKNOWN,100.0,0.0,2011,2011,1
gmane.lisp.scheme.slib.discuss,1,50,en,100.0,100.0,2008,2008,1
gmane.mail.eoc.general,1,50,en,100.0,100.0,2011,2011,1
gmane.mail.ng,1,50,en,100.0,100.0,2004,2004,1
gmane.network.freenet.frost.devel,1,50,en,100.0,100.0,2004,2004,1
gmane.network.freenet.web,1,50,en,100.0,100.0,2003,2003,1
gmane.org.user-groups.java.phxjug,1,50,en,100.0,100.0,2007,2007,1
gmane.org.user-groups.linux.openlug,1,50,it,100.0,0.0,2006,2006,1
gmane.org.user-groups.linux.ukrainian.debian,1,50,ru,100.0,0.0,2004,2004,1
gmane.org.wikimedia.india.hyderabad,1,50,en,100.0,100.0,2012,2012,1
gmane.os.netbsd.devel.ports,1,50,es,100.0,0.0,2003,2003,1
gmane.os.netbsd.ports.powerpc,1,50,en,100.0,100.0,2006,2006,1
gmane.science.ecology.animov,1,50,en,100.0,100.0,2010,2010,1
gmane.science.linguistics.wikipedia.hindi,1,50,en,100.0,100.0,2018,2018,1
gmane.science.philosophy.region.france,1,50,fr,100.0,0.0,2017,2017,1
gmane.science.physics.yade.user,1,50,en,100.0,100.0,2005,2005,1
gmane.comp.breve,1,50,en,100.0,100.0,2003,2003,1
gmane.comp.cms.jahia.devel,1,50,en,100.0,100.0,2004,2004,1
gmane.comp.desktop.lxde.internationalization,1,50,en,100.0,100.0,2009,2009,1
gmane.comp.emulators.wine.announce,1,50,en,100.0,100.0,2011,2011,1
gmane.comp.file-systems.ocfs2.cvs,1,50,en,100.0,100.0,2007,2007,1
gmane.comp.freedesktop.policykit,1,50,en,100.0,100.0,2015,2015,1
gmane.comp.games.godot.devel,1,50,en,100.0,100.0,2015,2015,1
gmane.comp.gnome.mono.addins,1,50,en,100.0,100.0,2007,2007,1
gmane.comp.gnome.mono.garbage-collection,1,50,en,100.0,100.0,2004,2004,1
gmane.comp.java.netbeans.modules.jackpot.devel,1,50,en,100.0,100.0,2008,2008,1
gmane.comp.lang.stratego.devel,1,50,et,100.0,0.0,2008,2008,1
gmane.comp.lib.assimp.general,1,50,en,100.0,100.0,2012,2012,1
gmane.comp.lib.mtl.devel,1,50,en,100.0,100.0,2007,2007,1
gmane.comp.lib.qt.qtopia,1,50,en,100.0,100.0,2008,2008,1
gmane.comp.macosx.ucontrol.user,1,50,en,100.0,100.0,2004,2004,1
gmane.comp.mozilla.devel.beos,1,50,UNKNOWN,100.0,0.0,2005,2005,1
gmane.comp.multimedia.packet-forth,1,50,en,100.0,100.0,2004,2004,1
gmane.comp.multimedia.puredata.website,1,50,en,100.0,100.0,2011,2011,1
gmane.comp.nlp.corpora.hunglish,1,50,UNKNOWN,100.0,0.0,2005,2005,1
gmane.comp.parsers.bison.cvs,1,50,de,100.0,0.0,2002,2002,1
gmane.comp.python.capi,1,50,en,100.0,100.0,2018,2018,1
gmane.comp.search.namazu.cvs,1,50,en,100.0,100.0,2014,2014,1
gmane.comp.security.crypto-gram,1,50,en,100.0,100.0,2007,2007,1
gmane.comp.security.lasso.devel,1,50,en,100.0,100.0,2018,2018,1
gmane.comp.sourceid.sso.devel,1,50,en,100.0,100.0,2003,2003,1
gmane.comp.statistics.madlib.user,1,50,en,100.0,100.0,2013,2013,1
gmane.comp.web.interchange.internationalization,1,50,en,100.0,100.0,2004,2004,1
gmane.comp.web.vtiger.contributions,1,50,en,100.0,100.0,2016,2016,1
gmane.editors.bitflux.devel,1,50,en,100.0,100.0,2003,2003,1
gmane.games.diplomacy.cat23.gm,1,50,en,100.0,100.0,2007,2007,1
gmane.ietf.pki4ipsec,1,50,en,100.0,100.0,2004,2004,1
gmane.ietf.shutup,1,50,en,100.0,100.0,2015,2015,1
gmane.ietf.tn3270e,1,50,en,100.0,100.0,2004,2004,1
gmane.linux.dvdrtools.user,1,50,UNKNOWN,100.0,0.0,2016,2016,1
gmane.linux.gentoo.nfp,1,50,en,100.0,100.0,2013,2013,1
gmane.linux.laptop.amd64,1,50,en,100.0,100.0,2007,2007,1
gmane.linux.terminal-server.x2go.announce,1,50,en,100.0,100.0,2014,2014,1
gmane.network.dns.dane,1,50,en,100.0,100.0,2016,2016,1
gmane.network.ninux.lombardia,1,50,it,100.0,0.0,2015,2015,1
gmane.network.thin-clients.openthinclient.scm,1,50,en,100.0,100.0,2008,2008,1
gmane.os.genode.announce,1,50,en,100.0,100.0,2014,2014,1
gmane.os.netbsd.ports.sbmips,1,50,en,100.0,100.0,2006,2006,1
gmane.science.linguistics.wikipedia.tamil,1,50,en,100.0,100.0,2013,2013,1
gmane.science.mathematics.logic.acl2.user,1,50,en,100.0,100.0,2010,2010,1
gmane.comp.audio.freedb.devel,1,50,en,100.0,100.0,2002,2002,1
gmane.comp.embedded.cerowrt.scm,1,50,en,100.0,100.0,2012,2012,1
gmane.comp.games.cafu.devel,1,50,en,100.0,100.0,2012,2012,1
gmane.comp.handhelds.meego.releases,1,50,en,100.0,100.0,2011,2011,1
gmane.comp.java.maven-plugins.nmaven.devel,1,50,en,100.0,100.0,2008,2008,1
gmane.comp.java.netbeans.modules.tasklist.devel,1,50,en,100.0,100.0,2003,2003,1
gmane.comp.java.sesat.commons.scm,1,50,en,100.0,100.0,2008,2008,1
gmane.comp.java.sun.connector,1,50,en,100.0,100.0,2004,2004,1
gmane.comp.kde.devel.kate,1,50,en,100.0,100.0,2002,2002,1
gmane.comp.lang.ruby.dotnet,1,50,en,100.0,100.0,2007,2007,1
gmane.comp.lang.scala.android,1,50,en,100.0,100.0,2014,2014,1
gmane.comp.lib.adobe.devel,1,50,en,100.0,100.0,2007,2007,1
gmane.comp.licenses.spdx.general,1,50,en,100.0,100.0,2012,2012,1
gmane.comp.macosx.marcopolo.user,1,50,en,100.0,100.0,2008,2008,1
gmane.comp.mathematics.lmonade,1,50,en,100.0,100.0,2015,2015,1
gmane.comp.monitoring.mon.general,1,50,en,100.0,100.0,2005,2005,1
gmane.comp.python.parser,1,50,tl,100.0,0.0,2004,2004,1
gmane.comp.python.pyublas,1,50,en,100.0,100.0,2010,2010,1
gmane.comp.sysutils.backup.hdup.general,1,50,en,100.0,100.0,2003,2003,1
gmane.comp.version-control.subversion.tortoisesvn.announce,1,50,en,100.0,100.0,2008,2008,1
gmane.comp.video.mplayer.weekly-news,1,50,UNKNOWN,100.0,0.0,2003,2003,1
gmane.comp.web.kramdown.user,1,50,en,100.0,100.0,2013,2013,1
gmane.comp.web.microformats.devel,1,50,en,100.0,100.0,2007,2007,1
gmane.comp.web.vtigercrm.issues,1,50,en,100.0,100.0,2009,2009,1
gmane.ietf.geopriv,1,50,en,100.0,100.0,2002,2002,1
gmane.linux.debian.user.greek,1,50,el,100.0,0.0,2009,2009,1
gmane.linux.debian.volatile,1,50,en,100.0,100.0,2005,2005,1
gmane.linux.redhat.fedora.texlive,1,50,en,100.0,100.0,2013,2013,1
gmane.linux.tagcose.general,1,50,en,100.0,100.0,2012,2012,1
gmane.linux.whitebox.devel,1,50,en,100.0,100.0,2004,2004,1
gmane.org.user-groups.emacs.turkey,1,50,fr,100.0,0.0,2006,2006,1
gmane.org.user-groups.linuxchix.brazil,1,50,pt,100.0,0.0,2006,2006,1
gmane.org.user-groups.oss.nooss.general,1,50,en,100.0,100.0,2009,2009,1
gmane.org.w3c.sparql.devel,1,50,en,100.0,100.0,2012,2012,1
gmane.org.wikimedia.offline,1,50,en,100.0,100.0,2012,2012,1
gmane.org.wikimedia.usa.glam,1,50,en,100.0,100.0,2017,2017,1
gmane.os.netbsd.ports.hp300,1,50,en,100.0,100.0,2007,2007,1
gmane.user-groups.linux.lugfi.org,1,50,es,100.0,0.0,2007,2007,1
gmane.user-groups.linux.tclug.jobs,1,50,en,100.0,100.0,2012,2012,1
gmane.comp.cms.bongo.devel,1,50,en,100.0,100.0,2016,2016,1
gmane.comp.db.ibatis.general,1,50,en,100.0,100.0,2005,2005,1
gmane.comp.documentfoundation.libreoffice.accessibility,1,50,en,100.0,100.0,2012,2012,1
gmane.comp.gnome.mono.summer-of-code,1,50,en,100.0,100.0,2005,2005,1
gmane.comp.gnu.gnucap.general,1,50,en,100.0,100.0,2015,2015,1
gmane.comp.gnu.libunistring.bugs,1,50,en,100.0,100.0,2012,2012,1
gmane.comp.java.grizzly.devel,1,50,en,100.0,100.0,2010,2010,1
gmane.comp.java.swamp.devel,1,50,en,100.0,100.0,2007,2007,1
gmane.comp.kde.devel.kmobiletools,1,50,en,100.0,100.0,2005,2005,1
gmane.comp.kde.usability.devel,1,50,en,100.0,100.0,2006,2006,1
gmane.comp.lang.zharbour.talk,1,50,en,100.0,100.0,2006,2006,1
gmane.comp.multimedia.beepmp.general,1,50,en,100.0,100.0,2008,2008,1
gmane.comp.python.cz,1,50,cs,100.0,0.0,2018,2018,1
gmane.comp.python.jobs,1,50,en,100.0,100.0,2006,2006,1
gmane.comp.security.cryptography.competitions,1,50,en,100.0,100.0,2015,2015,1
gmane.comp.security.invisiblenet.iip.devel,1,50,en,100.0,100.0,2003,2003,1
gmane.comp.video.info-performer.devel,1,50,en,100.0,100.0,2007,2007,1
gmane.comp.web.coral.user,1,50,en,100.0,100.0,2006,2006,1
gmane.comp.web.syncato.general,1,50,en,100.0,100.0,2004,2004,1
gmane.comp.web.wordpress.documentation,1,50,en,100.0,100.0,2007,2007,1
gmane.editors.mlview.devel,1,50,en,100.0,100.0,2007,2007,1
gmane.ietf.pppext,1,50,en,100.0,100.0,2005,2005,1
gmane.linux.centos.region.german,1,50,de,100.0,0.0,2007,2007,1
gmane.linux.debian.alioth.vdr.devel,1,50,en,100.0,100.0,2014,2014,1
gmane.linux.debian.collaboration.fsf,1,50,en,100.0,100.0,2012,2012,1
gmane.linux.file-systems.hfsplus.devel,1,50,en,100.0,100.0,2007,2007,1
gmane.linux.foresight.user,1,50,en,100.0,100.0,2009,2009,1
gmane.linux.iscsi.tgt.devel,1,50,en,100.0,100.0,2008,2008,1
gmane.linux.redhat.rpm.atrpms.repo-coordination,1,50,en,100.0,100.0,2005,2005,1
gmane.lisp.scheme.scsh.devel,1,50,en,100.0,100.0,2006,2006,1
gmane.lisp.wxcl.ops-,1,50,en,100.0,100.0,2010,2010,1
gmane.mail.the-bat.devel,1,50,en,100.0,100.0,2004,2004,1
gmane.network.ssh.sshkeychain.cvs,1,50,en,100.0,100.0,2007,2007,1
gmane.network.tinc.devel,1,50,en,100.0,100.0,2016,2016,1
gmane.org.user-groups.austin.acm.sigkdd,1,50,UNKNOWN,100.0,0.0,2013,2013,1
gmane.org.user-groups.linux.alslug.teknik,1,50,da,100.0,0.0,2007,2007,1
gmane.os.freebsd.devel.platforms,1,50,en,100.0,100.0,2007,2007,1
gmane.comp.emulators.wine.license,1,50,en,100.0,100.0,2002,2002,1
gmane.comp.file-systems.s3.s3tools,1,50,en,100.0,100.0,2008,2008,1
gmane.comp.gis.grass.stats,1,50,en,100.0,100.0,2018,2018,1
gmane.comp.gnu.gsasl.general,1,50,en,100.0,100.0,2011,2011,1
gmane.comp.gnu.make.devel,1,50,en,100.0,100.0,2005,2005,1
gmane.comp.handhelds.meego.handset,1,50,en,100.0,100.0,2011,2011,1
gmane.comp.ide.eclipse.platform.debug.devel,1,50,en,100.0,100.0,2011,2011,1
gmane.comp.ide.eclipse.virgo.devel,1,50,en,100.0,100.0,2015,2015,1
gmane.comp.java.jdbm.general,1,50,fr,100.0,0.0,2017,2017,1
gmane.comp.lib.agar.general,1,50,en,100.0,100.0,2011,2011,1
gmane.comp.lib.xrtl.announce,1,50,en,100.0,100.0,2009,2009,1
gmane.comp.mathematics.sage.nt,1,50,en,100.0,100.0,2013,2013,1
gmane.comp.multimedia.ogg.xiph-rtp,1,50,en,100.0,100.0,2005,2005,1
gmane.comp.networking.opencontrail.user,1,50,en,100.0,100.0,2016,2016,1
gmane.comp.python.django.django-cms.devel,1,50,en,100.0,100.0,2015,2015,1
gmane.comp.tex.hyphenation,1,50,en,100.0,100.0,2013,2013,1
gmane.comp.tools.mnemosyne.devel,1,50,en,100.0,100.0,2009,2009,1
gmane.comp.version-control.gitextensions,1,50,en,100.0,100.0,2014,2014,1
gmane.comp.voip.yxa.devel,1,50,en,100.0,100.0,2009,2009,1
gmane.comp.web.mtamazon.user,1,50,en,100.0,100.0,2004,2004,1
gmane.comp.web.steamcannon.devel,1,50,en,100.0,100.0,2010,2010,1
gmane.comp.window-managers.enlightenment.release,1,50,en,100.0,100.0,2015,2015,1
gmane.education.poland.if.pin,1,50,pl,100.0,0.0,2005,2005,1
gmane.education.region.usa.grouptalk,1,50,en,100.0,100.0,2007,2007,1
gmane.emacs.gnus.announce,1,50,en,100.0,100.0,2011,2011,1
gmane.games.torcs.devel,1,50,en,100.0,100.0,2004,2004,1
gmane.ietf.codec,1,50,en,100.0,100.0,2015,2015,1
gmane.ietf.impp,1,50,en,100.0,100.0,2002,2002,1
gmane.ietf.issll,1,50,en,100.0,100.0,2007,2007,1
gmane.linux.debian.devel.cyrusimapd,1,50,en,100.0,100.0,2010,2010,1
gmane.linux.documentation.tldp,1,50,en,100.0,100.0,2011,2011,1
gmane.linux.hams.hfterm.devel,1,50,en,100.0,100.0,2005,2005,1
gmane.linux.post-wait,1,50,en,100.0,100.0,2007,2007,1
gmane.linux.printing.canon,1,50,en,100.0,100.0,2005,2005,1
gmane.linux.qplus.devel,1,50,en,100.0,100.0,2003,2003,1
gmane.lisp.ilisp.cvs,1,50,en,100.0,100.0,2002,2002,1
gmane.lisp.wxcl.devel,1,50,en,100.0,100.0,2010,2010,1
gmane.network.jabber.pubsub,1,50,fr,100.0,0.0,2012,2012,1
gmane.network.pox.devel,1,50,en,100.0,100.0,2013,2013,1
gmane.org.handasarabia.nour,1,50,en,100.0,100.0,2003,2003,1
gmane.org.netlabs.firewire.devel,1,50,en,100.0,100.0,2006,2006,1
gmane.org.user-groups.rlug.cisco,1,50,it,100.0,0.0,2004,2004,1
gmane.org.w3c.announce,1,50,en,100.0,100.0,2008,2008,1
gmane.org.w3c.site-comments,1,50,en,100.0,100.0,2011,2011,1
gmane.org.wikimedia.announce,1,50,en,100.0,100.0,2009,2009,1
gmane.os.opendarwin.webkit.efl,1,50,en,100.0,100.0,2013,2013,1
gmane.recreation.broadsboating,1,50,af,100.0,0.0,2013,2013,1
gmane.science.analysis.nlopt.general,1,50,en,100.0,100.0,2011,2011,1
gmane.user-groups.linux.dylug,1,50,en,100.0,100.0,2004,2004,1
gmane.comp.apache.mod-ssl.announce,1,50,en,100.0,100.0,2006,2006,1
gmane.comp.audio.ecasound.announce,1,50,en,100.0,100.0,2003,2003,1
gmane.comp.djb.syslog,1,50,en,100.0,100.0,2006,2006,1
gmane.comp.encryption.gpg.aegypten.cvs,1,50,en,100.0,100.0,2002,2002,1
gmane.comp.encryption.opensc.announce,1,50,en,100.0,100.0,2018,2018,1
gmane.comp.file-systems.ecryptfs.general,1,50,en,100.0,100.0,2017,2017,1
gmane.comp.finance.hibiscus.devel,1,50,de,100.0,0.0,2012,2012,1
gmane.comp.gnome.foundation.announce,1,50,en,100.0,100.0,2013,2013,1
gmane.comp.gnu.glpk.bugs,1,50,en,100.0,100.0,2017,2017,1
gmane.comp.gnu.ocrad.bugs,1,50,en,100.0,100.0,2014,2014,1
gmane.comp.gnu.radio.patch,1,50,en,100.0,100.0,2010,2010,1
gmane.comp.gnu.xlogmaster,1,50,en,100.0,100.0,2005,2005,1
gmane.comp.ide.eclipse.swtbot.devel,1,50,en,100.0,100.0,2014,2014,1
gmane.comp.jakarta.announcements,1,50,en,100.0,100.0,2005,2005,1
gmane.comp.jakarta.turbine.maven.mevenide.user,1,50,en,100.0,100.0,2008,2008,1
gmane.comp.java.emf.persistency,1,50,en,100.0,100.0,2006,2006,1
gmane.comp.java.waffle.devel,1,50,en,100.0,100.0,2008,2008,1
gmane.comp.java.xooctory.scm,1,50,UNKNOWN,100.0,0.0,2009,2009,1
gmane.comp.lang.haskell.yhc,1,50,en,100.0,100.0,2007,2007,1
gmane.comp.lang.r.user.french,1,50,fr,100.0,0.0,2018,2018,1
gmane.comp.lang.ruby.rails.deployment,1,50,en,100.0,100.0,2007,2007,1
gmane.comp.monitoring.bigsister.docu,1,50,en,100.0,100.0,2007,2007,1
gmane.comp.python.paramiko,1,50,en,100.0,100.0,2009,2009,1
gmane.comp.python.speed,1,50,en,100.0,100.0,2016,2016,1
gmane.comp.python.twisted.jabber,1,50,en,100.0,100.0,2008,2008,1
gmane.comp.radio.winrad,1,50,en,100.0,100.0,2008,2008,1
gmane.comp.security.software,1,50,en,100.0,100.0,2004,2004,1
gmane.comp.sysutils.backup.duplicity.tracker,1,50,en,100.0,100.0,2008,2008,1
gmane.comp.version-control.cvs.cvs,1,50,en,100.0,100.0,2005,2005,1
gmane.comp.video.apitrace,1,50,en,100.0,100.0,2013,2013,1
gmane.comp.web.jifty.devel,1,50,en,100.0,100.0,2007,2007,1
gmane.comp.web.wiki.sycamore.devel,1,50,en,100.0,100.0,2007,2007,1
gmane.comp.web.zope.vudo.devel,1,50,en,100.0,100.0,2008,2008,1
gmane.culture.transportation.humanpowered.iphva,1,50,en,100.0,100.0,2008,2008,1
gmane.education.argentina.uba.fi.anuncios,1,50,es,100.0,0.0,2007,2007,1
gmane.ietf.entmib,1,50,en,100.0,100.0,2004,2004,1
gmane.linux.debian.user.ec,1,50,es,100.0,0.0,2010,2010,1
gmane.linux.isdn.capisuite.devel,1,50,en,100.0,100.0,2005,2005,1
gmane.linux.mutex.robust,1,50,en,100.0,100.0,2005,2005,1
gmane.linux.redhat.fedora.latam.devel,1,50,es,100.0,0.0,2012,2012,1
gmane.linux.suse.opensuse.virtual,1,50,en,100.0,100.0,2014,2014,1
gmane.lisp.clocc.general,1,50,en,100.0,100.0,2004,2004,1
gmane.network.nagios.omd.user,1,50,en,100.0,100.0,2018,2018,1
gmane.network.noffle.user,1,50,en,100.0,100.0,2003,2003,1
gmane.network.ssh.sshkeychain.localization,1,50,en,100.0,100.0,2007,2007,1
gmane.org.misc.hcoop.announce,1,50,en,100.0,100.0,2008,2008,1
gmane.org.netlabs.warpin.general,1,50,en,100.0,100.0,2008,2008,1
gmane.org.user-groups.aclug.linux-help,1,50,en,100.0,100.0,2000,2000,1
gmane.org.w3c.translators.french,1,50,fr,100.0,0.0,2004,2004,1
gmane.org.w3c.whatwg.html5lib,1,50,en,100.0,100.0,2012,2012,1
gmane.os.bsd.india,1,50,en,100.0,100.0,2009,2009,1
gmane.os.freebsd.devel.afs,1,50,en,100.0,100.0,2010,2010,1
gmane.politics.leftists.monkeyfist,1,50,en,100.0,100.0,2002,2002,1
gmane.politics.organizations.openorg,1,50,en,100.0,100.0,2005,2005,1
gmane.comp.audio.src.general,1,50,en,100.0,100.0,2010,2010,1
gmane.comp.bug-tracking.gnats.patches,1,50,en,100.0,100.0,2002,2002,1
gmane.comp.editors.vim.eclim.devel,1,50,en,100.0,100.0,2016,2016,1
gmane.comp.emulators.vmware.tools.user,1,50,en,100.0,100.0,2010,2010,1
gmane.comp.gnome.lib.devel,1,50,en,100.0,100.0,2002,2002,1
gmane.comp.graphics.qwt.python,1,50,en,100.0,100.0,2009,2009,1
gmane.comp.ipod.linux.devel,1,50,en,100.0,100.0,2004,2004,1
gmane.comp.java.jersey.devel,1,50,et,100.0,0.0,2009,2009,1
gmane.comp.java.openjdk.jdk7.devel,1,50,en,100.0,100.0,2011,2011,1
gmane.comp.java.struts-menu.user,1,50,en,100.0,100.0,2005,2005,1
gmane.comp.java.wso2.registry.user,1,50,en,100.0,100.0,2008,2008,1
gmane.comp.kde.announce.apps,1,50,en,100.0,100.0,2012,2012,1
gmane.comp.lang.r.genetics,1,50,en,100.0,100.0,2013,2013,1
gmane.comp.lang.smalltalk.squeak.ui,1,50,en,100.0,100.0,2008,2008,1
gmane.comp.lang.xul.general,1,50,en,100.0,100.0,2005,2005,1
gmane.comp.lib.qt.mobility.general,1,50,en,100.0,100.0,2010,2010,1
gmane.comp.misc.misterhouse.announce,1,50,en,100.0,100.0,2006,2006,1
gmane.comp.mozilla.devel.layout.cvs,1,50,en,100.0,100.0,2005,2005,1
gmane.comp.programming.test-first-user-interfaces,1,50,en,100.0,100.0,2004,2004,1
gmane.comp.security.virus.openantivirus.cvs,1,50,en,100.0,100.0,2005,2005,1
gmane.comp.sysutils.chef.devel,1,50,en,100.0,100.0,2011,2011,1
gmane.comp.video.dmx.cvs,1,50,en,100.0,100.0,2004,2004,1
gmane.comp.video.opengl.compiz-fusion.devel,1,50,en,100.0,100.0,2008,2008,1
gmane.comp.web.agavi.bugs,1,50,en,100.0,100.0,2006,2006,1
gmane.comp.web.nginx.announce,1,50,en,100.0,100.0,2016,2016,1
gmane.ietf.precis,1,50,en,100.0,100.0,2018,2018,1
gmane.ietf.rserpool,1,50,en,100.0,100.0,2007,2007,1
gmane.ietf.vmeet,1,50,en,100.0,100.0,2016,2016,1
gmane.linux.debian.internationalization.hungarian,1,50,en,100.0,100.0,2012,2012,1
gmane.linux.ipv6.jool.announce,1,50,en,100.0,100.0,2017,2017,1
gmane.linux.redhat.fedora.mentors,1,50,en,100.0,100.0,2014,2014,1
gmane.linux.redhat.olpc.software,1,50,en,100.0,100.0,2006,2006,1
gmane.lisp.slime.scm,1,50,hr,100.0,0.0,2010,2010,1
gmane.mail.mmh,1,50,en,100.0,100.0,2015,2015,1
gmane.network.ripe.discuss,1,50,en,100.0,100.0,2019,2019,1
gmane.network.syndication.rss.rssowl.user,1,50,en,100.0,100.0,2005,2005,1
gmane.org.infiniteink,1,50,en,100.0,100.0,2006,2006,1
gmane.org.user-groups.linux.cbe,1,50,en,100.0,100.0,2006,2006,1
gmane.org.wikimedia.kh,1,50,en,100.0,100.0,2014,2014,1
gmane.org.wikimedia.mediawiki.announce,1,50,en,100.0,100.0,2012,2012,1
gmane.science.analysis.gwyddion.user,1,50,en,100.0,100.0,2015,2015,1
gmane.science.linguistics.wikipedia.bengali,1,50,en,100.0,100.0,2011,2011,1
gmane.comp.bug-tracking.anthill.devel,1,50,UNKNOWN,100.0,0.0,2004,2004,1
gmane.comp.cms.opengroupware.discuss.german,1,50,de,100.0,0.0,2003,2003,1
gmane.comp.cms.xaraya.patches,1,50,en,100.0,100.0,2004,2004,1
gmane.comp.compilers.cil.user,1,50,en,100.0,100.0,2013,2013,1
gmane.comp.encryption.bouncy-castle.devel.csharp,1,50,en,100.0,100.0,2013,2013,1
gmane.comp.freedesktop.p11-glue,1,50,en,100.0,100.0,2016,2016,1
gmane.comp.gis.gvsig.user.brazilian,1,50,pt,100.0,0.0,2011,2011,1
gmane.comp.gis.openaerialmap.general,1,50,en,100.0,100.0,2008,2008,1
gmane.comp.gnome.apps.conduit,1,50,en,100.0,100.0,2009,2009,1
gmane.comp.gnome.keyring,1,50,en,100.0,100.0,2013,2013,1
gmane.comp.graphics.xcircuit.devel,1,50,en,100.0,100.0,2010,2010,1
gmane.comp.handhelds.linux.axim30,1,50,en,100.0,100.0,2009,2009,1
gmane.comp.handhelds.openmoko.framework,1,50,en,100.0,100.0,2007,2007,1
gmane.comp.lang.haskell.infrastructure,1,50,en,100.0,100.0,2013,2013,1
gmane.comp.lang.ruby.french,1,50,fr,100.0,0.0,2005,2005,1
gmane.comp.lang.sml.smlnj,1,50,en,100.0,100.0,2007,2007,1
gmane.comp.lang.xul.italian,1,50,it,100.0,0.0,2006,2006,1
gmane.comp.lib.libhid.general,1,50,en,100.0,100.0,2006,2006,1
gmane.comp.lib.opencv.devel,1,50,en,100.0,100.0,2012,2012,1
gmane.comp.multimedia.grip.user,1,50,en,100.0,100.0,2004,2004,1
gmane.comp.sysutils.launchd.devel,1,50,en,100.0,100.0,2015,2015,1
gmane.comp.terminal-emulators.mlterm.devel.japanese,1,50,et,100.0,0.0,2010,2010,1
gmane.comp.video.helixplayer.general,1,50,en,100.0,100.0,2004,2004,1
gmane.comp.web.pel.devel,1,50,en,100.0,100.0,2005,2005,1
gmane.education.weblabs.webreports.uedesign,1,50,en,100.0,100.0,2003,2003,1
gmane.ietf.gsmp,1,50,en,100.0,100.0,2016,2016,1
gmane.ietf.l1vpn,1,50,en,100.0,100.0,2006,2006,1
gmane.linux.debian.devel.3com-pilot,1,50,en,100.0,100.0,2002,2002,1
gmane.linux.ports.sh.general,1,50,en,100.0,100.0,2004,2004,1
gmane.linux.redhat.devel,1,50,en,100.0,100.0,2003,2003,1
gmane.linux.sourcemage.user,1,50,en,100.0,100.0,2005,2005,1
gmane.lisp.drakma.devel,1,50,en,100.0,100.0,2008,2008,1
gmane.lisp.scheme.srfi.srfi-4,1,50,en,100.0,100.0,1999,1999,1
gmane.mail.s-nail.user,1,50,en,100.0,100.0,2016,2016,1
gmane.music.aphex-twin,1,50,en,100.0,100.0,2003,2003,1
gmane.network.onion-routing.torservers,1,50,en,100.0,100.0,2015,2015,1
gmane.network.opennms.announce,1,50,en,100.0,100.0,2012,2012,1
gmane.network.openvpn.announce,1,50,en,100.0,100.0,2005,2005,1
gmane.network.samba.smb-clients,1,50,en,100.0,100.0,2007,2007,1
gmane.network.vnc.realvnc.announce,1,50,en,100.0,100.0,2002,2002,1
gmane.org.wikimedia.boston,1,50,en,100.0,100.0,2014,2014,1
gmane.os.openbsd.embedded,1,50,en,100.0,100.0,2002,2002,1
gmane.recreation.radio.joe-frank,1,50,en,100.0,100.0,2007,2007,1
gmane.comp.ai.case-based-reasoning,1,50,en,100.0,100.0,2007,2007,1
gmane.comp.cms.xaraya.user.french,1,50,fr,100.0,0.0,2008,2008,1
gmane.comp.compilers.harbour.user,1,50,en,100.0,100.0,2005,2005,1
gmane.comp.cryptography.moderncrypto.curves,1,50,en,100.0,100.0,2015,2015,1
gmane.comp.debugging.data-race-test,1,50,en,100.0,100.0,2012,2012,1
gmane.comp.documentfoundation.libreoffice.announce.german,1,50,de,100.0,0.0,2011,2011,1
gmane.comp.file-systems.intermezzo.devel,1,50,en,100.0,100.0,2003,2003,1
gmane.comp.freedesktop.xlibs.general,1,50,en,100.0,100.0,2004,2004,1
gmane.comp.installers.installjammer.devel,1,50,en,100.0,100.0,2007,2007,1
gmane.comp.jakarta.turbine.tdk.devel,1,50,sl,100.0,0.0,2003,2003,1
gmane.comp.java.openjdk.modules.devel,1,50,UNKNOWN,100.0,0.0,2008,2008,1
gmane.comp.lang.eiffel.smalleiffel.transitional,1,50,en,100.0,100.0,2005,2005,1
gmane.comp.lang.erlang.erlyweb.devel,1,50,en,100.0,100.0,2008,2008,1
gmane.comp.lang.swift.build,1,50,en,100.0,100.0,2017,2017,1
gmane.comp.macosx.skim.devel,1,50,en,100.0,100.0,2007,2007,1
gmane.comp.multimedia.qdvdauthor.user,1,50,en,100.0,100.0,2009,2009,1
gmane.comp.python.cryptography.cvs,1,50,en,100.0,100.0,2007,2007,1
gmane.comp.security.events,1,50,en,100.0,100.0,2011,2011,1
gmane.comp.standards.dwarf,1,50,en,100.0,100.0,2018,2018,1
gmane.comp.sysutils.backup.clonezilla.server,1,50,en,100.0,100.0,2012,2012,1
gmane.comp.sysutils.elftoolchain.devel,1,50,en,100.0,100.0,2016,2016,1
gmane.comp.telephony.pbx.asterisk.doc,1,50,en,100.0,100.0,2006,2006,1
gmane.comp.video.thoggen.devel,1,50,en,100.0,100.0,2006,2006,1
gmane.comp.voip.shtoom,1,50,en,100.0,100.0,2006,2006,1
gmane.comp.web.adhocracy.devel,1,50,en,100.0,100.0,2011,2011,1
gmane.comp.web.mason.announce,1,50,en,100.0,100.0,2003,2003,1
gmane.linux.bluez.announce,1,50,en,100.0,100.0,2008,2008,1
gmane.linux.debian.devel.blends.scm,1,50,en,100.0,100.0,2009,2009,1
gmane.linux.debian.devel.sgml,1,50,en,100.0,100.0,2003,2003,1
gmane.linux.debian.internationalization.laespiral,1,50,es,100.0,0.0,2002,2002,1
gmane.linux.embedded.opentom.general,1,50,en,100.0,100.0,2009,2009,1
gmane.linux.trustix.announce,1,50,en,100.0,100.0,2005,2005,1
gmane.mail.archives.mail-archive,1,50,en,100.0,100.0,2006,2006,1
gmane.mail.postfix.announce,1,50,en,100.0,100.0,2012,2012,1
gmane.mail.smartlist.user,1,50,en,100.0,100.0,2003,2003,1
gmane.org.google.gwt.maven,1,50,en,100.0,100.0,2009,2009,1
gmane.org.netlabs.warpvision.devel,1,50,en,100.0,100.0,2006,2006,1
gmane.org.user-groups.python.australia.sapug,1,50,en,100.0,100.0,2008,2008,1
gmane.org.wikimedia.glam,1,50,en,100.0,100.0,2015,2015,1
gmane.os.netbsd.ports.atari,1,50,en,100.0,100.0,2009,2009,1
gmane.os.openbeos.storage,1,50,en,100.0,100.0,2003,2003,1
gmane.os.plan9.nine-grid,1,50,UNKNOWN,100.0,0.0,2010,2010,1
gmane.os.solaris.gnusolaris.beginners,1,50,ca,100.0,0.0,2008,2008,1
gmane.comp.apache.excalibur.user,1,50,en,100.0,100.0,2004,2004,1
gmane.comp.cad.brlcad.user,1,50,en,100.0,100.0,2008,2008,1
gmane.comp.emulators.arcem.devel,1,50,en,100.0,100.0,2010,2010,1
gmane.comp.gnu.m4.patches,1,50,en,100.0,100.0,2006,2006,1
gmane.comp.handhelds.openphoenux.user,1,50,en,100.0,100.0,2014,2014,1
gmane.comp.ide.eclipse.incubation,1,50,en,100.0,100.0,2017,2017,1
gmane.comp.ide.eclipse.platform.text.devel,1,50,en,100.0,100.0,2005,2005,1
gmane.comp.lang.perl.modules.pdfapi2,1,50,en,100.0,100.0,2004,2004,1
gmane.comp.macosx.zfs,1,50,en,100.0,100.0,2013,2013,1
gmane.comp.multimedia.libnjb.user,1,50,en,100.0,100.0,2004,2004,1
gmane.comp.multimedia.usf.devel,1,50,en,100.0,100.0,2003,2003,1
gmane.comp.openoffice.education.french,1,50,fr,100.0,0.0,2008,2008,1
gmane.comp.php.propel.cvs,1,50,en,100.0,100.0,2005,2005,1
gmane.comp.security.whispersystems.devel,1,50,en,100.0,100.0,2018,2018,1
gmane.comp.tex.dvipng,1,50,en,100.0,100.0,2004,2004,1
gmane.comp.web.blosxom.user,1,50,en,100.0,100.0,2009,2009,1
gmane.comp.web.wiki.pmwiki.user.de,1,50,de,100.0,0.0,2008,2008,1
gmane.emacs.planner.scm,1,50,en,100.0,100.0,2008,2008,1
gmane.games.netrek.cvs,1,50,en,100.0,100.0,2008,2008,1
gmane.linux.debian.consultants,1,50,en,100.0,100.0,2005,2005,1
gmane.linux.debian.devel.jr,1,50,en,100.0,100.0,2005,2005,1
gmane.linux.distributions.conectiva.security,1,50,pt,100.0,0.0,2005,2005,1
gmane.linux.distributions.kongoni.devel,1,50,en,100.0,100.0,2009,2009,1
gmane.linux.kernel.numa,1,50,en,100.0,100.0,2013,2013,1
gmane.network.fidolook.russian,1,50,ru,100.0,0.0,2009,2009,1
gmane.org.misc.open-knowledge-foundation.help,1,50,en,100.0,100.0,2011,2011,1
gmane.org.user-groups.php.nyphp.announce,1,50,en,100.0,100.0,2009,2009,1
gmane.org.wikimedia.india.chennai,1,50,en,100.0,100.0,2011,2011,1
gmane.os.netbsd.devel.repository,1,50,en,100.0,100.0,2018,2018,1
gmane.os.netbsd.ports.playstation2,1,50,en,100.0,100.0,2006,2006,1
gmane.os.openbsd.ipv6,1,50,en,100.0,100.0,2004,2004,1
gmane.os.solaris.opensolaris.rfe,1,50,en,100.0,100.0,2006,2006,1
gmane.comp.cms.sakai.announce,1,50,en,100.0,100.0,2013,2013,1
gmane.comp.editors.vim.eclim.user,1,50,en,100.0,100.0,2014,2014,1
gmane.comp.emulators.winetricks.devel,1,50,en,100.0,100.0,2014,2014,1
gmane.comp.gis.osgeo.ubuntu,1,50,en,100.0,100.0,2015,2015,1
gmane.comp.gnu.shishi.cvs,1,50,en,100.0,100.0,2005,2005,1
gmane.comp.handhelds.openzaurus.devel,1,50,en,100.0,100.0,2004,2004,1
gmane.comp.handhelds.palm.splash,1,50,en,100.0,100.0,2007,2007,1
gmane.comp.java.ozone.user,1,50,en,100.0,100.0,2003,2003,1
gmane.comp.java.sun.rmi,1,50,en,100.0,100.0,2005,2005,1
gmane.comp.kde.devel.sdk,1,50,en,100.0,100.0,2012,2012,1
gmane.comp.kde.non-linux,1,50,da,100.0,0.0,2008,2008,1
gmane.comp.lib.boost.mpi,1,50,en,100.0,100.0,2017,2017,1
gmane.comp.lib.freesg.scm,1,50,id,100.0,0.0,2012,2012,1
gmane.comp.lib.qt.qscintilla,1,50,en,100.0,100.0,2018,2018,1
gmane.comp.openoffice.users.serbian,1,50,hr,100.0,0.0,2008,2008,1
gmane.comp.security.sun,1,50,en,100.0,100.0,2003,2003,1
gmane.comp.sysutils.partimage.user,1,50,en,100.0,100.0,2007,2007,1
gmane.comp.web.blosxom.devel,1,50,en,100.0,100.0,2008,2008,1
gmane.comp.web.seeks.user,1,50,en,100.0,100.0,2011,2011,1
gmane.emacs.easymacs.user,1,50,en,100.0,100.0,2007,2007,1
gmane.ietf.adslmib,1,50,en,100.0,100.0,2010,2010,1
gmane.ietf.w3c,1,50,en,100.0,100.0,2011,2011,1
gmane.linux.debian.devel.webapps,1,50,en,100.0,100.0,2019,2019,1
gmane.linux.debian.maintainers.open-object,1,50,en,100.0,100.0,2010,2010,1
gmane.linux.power-management.laptop-mode,1,50,en,100.0,100.0,2013,2013,1
gmane.linux.redhat.fedora.gsoc,1,50,en,100.0,100.0,2019,2019,1
gmane.mail.imap.aox.user,1,50,en,100.0,100.0,2014,2014,1
gmane.network.jabber.djabberd.devel,1,50,en,100.0,100.0,2008,2008,1
gmane.network.routing.xorp.user,1,50,en,100.0,100.0,2015,2015,1
gmane.org.google.code.in,1,50,en,100.0,100.0,2017,2017,1
gmane.org.user-groups.linux.uk.menai,1,50,en,100.0,100.0,2005,2005,1
gmane.org.user-groups.linux.vnoss.general,1,50,en,100.0,100.0,2009,2009,1
gmane.os.reactos.website,1,50,en,100.0,100.0,2013,2013,1
gmane.science.economics.econometricslibrary,1,50,en,100.0,100.0,2015,2015,1
gmane.science.simulation.cactuscode.user,1,50,en,100.0,100.0,2013,2013,1
gmane.user-groups.foss.opensourcetreffen.announce,1,50,de,100.0,0.0,2013,2013,1
gmane.user-groups.opensolaris.sposug,1,50,es,100.0,0.0,2010,2010,1
gmane.comp.archivers.dump.user,1,50,en,100.0,100.0,2005,2005,1
gmane.comp.audio.non-daw,1,50,en,100.0,100.0,2012,2012,1
gmane.comp.encryption.mcrypt.user,1,50,en,100.0,100.0,2011,2011,1
gmane.comp.freedesktop.galago.devel,1,50,en,100.0,100.0,2006,2006,1
gmane.comp.gis.openstreetmap.region.it.trentino,1,50,it,100.0,0.0,2015,2015,1
gmane.comp.gis.openstreetmap.region.us.imports,1,50,en,100.0,100.0,2013,2013,1
gmane.comp.gnome.glademm,1,50,en,100.0,100.0,2006,2006,1
gmane.comp.horde.ansel,1,50,en,100.0,100.0,2004,2004,1
gmane.comp.ide.eclipse.plugins.erlide.user,1,50,en,100.0,100.0,2007,2007,1
gmane.comp.internationalization.sami,1,50,no,100.0,0.0,2006,2006,1
gmane.comp.java.openjdk.jdk8.observers,1,50,en,100.0,100.0,2014,2014,1
gmane.comp.java.waffle.scm,1,50,UNKNOWN,100.0,0.0,2007,2007,1
gmane.comp.kde.bugsquad,1,50,en,100.0,100.0,2010,2010,1
gmane.comp.lang.swift.lldb,1,50,en,100.0,100.0,2017,2017,1
gmane.comp.lib.fluid.general,1,50,en,100.0,100.0,2008,2008,1
gmane.comp.mathematics.pyfr,1,50,en,100.0,100.0,2016,2016,1
gmane.comp.monitoring.fusion-inventory.devel,1,50,en,100.0,100.0,2011,2011,1
gmane.comp.openoffice.devel.documentation,1,50,en,100.0,100.0,2010,2010,1
gmane.comp.science.mlpack,1,50,en,100.0,100.0,2016,2016,1
gmane.comp.security.fuzzing.trinity,1,50,en,100.0,100.0,2017,2017,1
gmane.comp.security.nessus.plugins,1,50,en,100.0,100.0,2006,2006,1
gmane.comp.web.dom.test-suites.general,1,50,en,100.0,100.0,2002,2002,1
gmane.comp.web.wiki.wikidot,1,50,en,100.0,100.0,2008,2008,1
gmane.comp.window-managers.fluxbox.devel,1,50,en,100.0,100.0,2007,2007,1
gmane.comp.windows.devel.oledb.devel,1,50,en,100.0,100.0,2003,2003,1
gmane.comp.windows.dotnet.nvelocity,1,50,zh-cn,100.0,0.0,2007,2007,1
gmane.education.colombia.mathematics,1,50,es,100.0,0.0,2005,2005,1
gmane.emacs.proofgeneral.devel,1,50,en,100.0,100.0,2018,2018,1
gmane.emacs.xae,1,50,ca,100.0,0.0,2011,2011,1
gmane.ietf.ipsp,1,50,en,100.0,100.0,2004,2004,1
gmane.ietf.trill,1,50,en,100.0,100.0,2017,2017,1
gmane.linux.debian.devel.initscripts-ng,1,50,en,100.0,100.0,2005,2005,1
gmane.linux.distributions.rock.user,1,50,en,100.0,100.0,2008,2008,1
gmane.linux.redhat.migration,1,50,en,100.0,100.0,2002,2002,1
gmane.linux.suse.machinery,1,50,en,100.0,100.0,2016,2016,1
gmane.mail.spam.dcc,1,50,en,100.0,100.0,2008,2008,1
gmane.network.dns.dnssec.transparency,1,50,en,100.0,100.0,2016,2016,1
gmane.network.ntp.pool,1,50,en,100.0,100.0,2016,2016,1
gmane.network.silc.devel,1,50,en,100.0,100.0,2004,2004,1
gmane.network.sn,1,50,en,100.0,100.0,2005,2005,1
gmane.org.wikimedia.eventlogging-alerts,1,50,en,100.0,100.0,2014,2014,1
gmane.os.netbsd.documentation.russian,1,50,en,100.0,100.0,2005,2005,1
gmane.politics.leninism.international,1,50,en,100.0,100.0,2003,2003,1
gmane.text.xml.opensearch,1,50,en,100.0,100.0,2008,2008,1
gmane.comp.ai.alicebot.devel,1,50,en,100.0,100.0,2008,2008,1
gmane.comp.cad.electric.general,1,50,en,100.0,100.0,2004,2004,1
gmane.comp.desktop.semantic-desktop,1,50,en,100.0,100.0,2009,2009,1
gmane.comp.gnome.mobile.devel,1,50,en,100.0,100.0,2010,2010,1
gmane.comp.graphics.crystalspace.announce,1,50,en,100.0,100.0,2007,2007,1
gmane.comp.java.trails.devel,1,50,UNKNOWN,100.0,0.0,2010,2010,1
gmane.comp.lang.hets.devel,1,50,en,100.0,100.0,2007,2007,1
gmane.comp.lang.prothon.devel,1,50,en,100.0,100.0,2004,2004,1
gmane.comp.lang.ruby.rails.engines.user,1,50,en,100.0,100.0,2010,2010,1
gmane.comp.ldap.luma.general,1,50,en,100.0,100.0,2006,2006,1
gmane.comp.lib.gnustep.ui,1,50,en,100.0,100.0,2005,2005,1
gmane.comp.mathematics.sage.notebook,1,50,en,100.0,100.0,2014,2014,1
gmane.comp.networking.adito.user,1,50,en,100.0,100.0,2010,2010,1
gmane.comp.nlp.apertium.catalan,1,50,ca,100.0,0.0,2018,2018,1
gmane.comp.openoffice.cvs.distribution,1,50,en,100.0,100.0,2009,2009,1
gmane.comp.php.eaccelerator.devel,1,50,en,100.0,100.0,2005,2005,1
gmane.comp.python.deliverance.devel,1,50,en,100.0,100.0,2011,2011,1
gmane.comp.python.web.nagare,1,50,en,100.0,100.0,2012,2012,1
gmane.comp.python.webware.devel,1,50,en,100.0,100.0,2006,2006,1
gmane.comp.systems.ibmi.pctech,1,50,en,100.0,100.0,2015,2015,1
gmane.comp.version-control.subversion.trac.hacks.user,1,50,en,100.0,100.0,2010,2010,1
gmane.comp.web.openid.eu,1,50,en,100.0,100.0,2008,2008,1
gmane.education.vrijesoftware,1,50,nl,100.0,0.0,2006,2006,1
gmane.ietf.rtpsec,1,50,en,100.0,100.0,2007,2007,1
gmane.linux.diald,1,50,en,100.0,100.0,2006,2006,1
gmane.lisp.steel-bank.announce,1,50,en,100.0,100.0,2010,2010,1
gmane.lisp.xcvb.devel,1,50,en,100.0,100.0,2011,2011,1
gmane.mail.procmail.devel,1,50,nl,100.0,0.0,2002,2002,1
gmane.org.ballistichelmet.devel,1,50,en,100.0,100.0,2003,2003,1
gmane.org.ffii.neues,1,50,de,100.0,0.0,2003,2003,1
gmane.os.openbsd.smp,1,50,en,100.0,100.0,2003,2003,1
gmane.test.jxtatest,1,50,en,100.0,100.0,2006,2006,1
gmane.text.xml.rpc.specification,1,50,en,100.0,100.0,2007,2007,1
gmane.comp.cms.phpwebsite-comm.devel,1,50,en,100.0,100.0,2004,2004,1
gmane.comp.distributed.boinc.applications,1,50,UNKNOWN,100.0,0.0,2009,2009,1
gmane.comp.freedesktop.uim,1,50,en,100.0,100.0,2004,2004,1
gmane.comp.gis.openstreetmap.region.de.braunschweig,1,50,de,100.0,0.0,2011,2011,1
gmane.comp.gnome.apps.pybliographer,1,50,en,100.0,100.0,2004,2004,1
gmane.comp.gnome.java,1,50,en,100.0,100.0,2010,2010,1
gmane.comp.gnome.python.devel,1,50,en,100.0,100.0,2016,2016,1
gmane.comp.jakarta.oro.user,1,50,en,100.0,100.0,2006,2006,1
gmane.comp.ldap.jxplorer.general,1,50,en,100.0,100.0,2012,2012,1
gmane.comp.lpi.discuss,1,50,en,100.0,100.0,2013,2013,1
gmane.comp.multimedia.breezebrowser,1,50,en,100.0,100.0,2004,2004,1
gmane.comp.python.modeling,1,50,en,100.0,100.0,2004,2004,1
gmane.comp.python.xml.generateds.user,1,50,en,100.0,100.0,2008,2008,1
gmane.comp.tools.aap.devel,1,50,en,100.0,100.0,2003,2003,1
gmane.comp.version-control.home-dir,1,50,en,100.0,100.0,2012,2012,1
gmane.comp.web.nvu.general,1,50,en,100.0,100.0,2005,2005,1
gmane.comp.web.zope.z3base.zemantic,1,50,en,100.0,100.0,2005,2005,1
gmane.culture.discuss.miscellany,1,50,en,100.0,100.0,2007,2007,1
gmane.games.freeciv.data,1,50,en,100.0,100.0,2003,2003,1
gmane.ietf.mif,1,50,en,100.0,100.0,2012,2012,1
gmane.ietf.paws,1,50,en,100.0,100.0,2012,2012,1
gmane.linux.altlinux.freeschool,1,50,ru,100.0,0.0,2008,2008,1
gmane.linux.debian.outreach,1,50,en,100.0,100.0,2018,2018,1
gmane.linux.gentoo.powerpc,1,50,en,100.0,100.0,2015,2015,1
gmane.linux.isdn.avmb1,1,50,en,100.0,100.0,2017,2017,1
gmane.linux.keepalived.announce,1,50,en,100.0,100.0,2013,2013,1
gmane.linux.kernel.mm.cc,1,50,en,100.0,100.0,2009,2009,1
gmane.linux.power-management.powersave,1,50,en,100.0,100.0,2006,2006,1
gmane.lisp.emacs-cl,1,50,en,100.0,100.0,2004,2004,1
gmane.mail.imap.cyrus.web-cyradm,1,50,en,100.0,100.0,2006,2006,1
gmane.mail.spam.razor.announce,1,50,en,100.0,100.0,2016,2016,1
gmane.network.ssh.sshkeychain.devel,1,50,en,100.0,100.0,2009,2009,1
gmane.network.uip.user,1,50,en,100.0,100.0,2010,2010,1
gmane.org.creativecommons.brazil,1,50,pt,100.0,0.0,2006,2006,1
gmane.org.user-groups.argentina.rivendel,1,50,es,100.0,0.0,2006,2006,1
gmane.org.user-groups.python.leipzig,1,50,de,100.0,0.0,2014,2014,1
gmane.org.wikimedia.wikinews.serbian,1,50,mk,100.0,0.0,2009,2009,1
gmane.os.netbsd.announce,1,50,en,100.0,100.0,2013,2013,1
gmane.text.publishing.pollen,1,50,en,100.0,100.0,2018,2018,1
gmane.comp.apache.incubator.odf.scm,1,50,en,100.0,100.0,2012,2012,1
gmane.comp.apache.webservices.wsif.devel,1,50,en,100.0,100.0,2005,2005,1
gmane.comp.audio.csound.tekno,1,50,en,100.0,100.0,2004,2004,1
gmane.comp.db.firebird.php,1,50,en,100.0,100.0,2012,2012,1
gmane.comp.db.sqlite.jdbc,1,50,UNKNOWN,100.0,0.0,2007,2007,1
gmane.comp.finance.quickfix.announce,1,50,en,100.0,100.0,2010,2010,1
gmane.comp.gis.jgrass.devel,1,50,en,100.0,100.0,2008,2008,1
gmane.comp.gis.openstreetmap.historic,1,50,en,100.0,100.0,2017,2017,1
gmane.comp.gis.openstreetmap.region.de.goettingen,1,50,de,100.0,0.0,2009,2009,1
gmane.comp.gis.openstreetmap.region.ko,1,50,en,100.0,100.0,2017,2017,1
gmane.comp.gnome.helix.bugs.general,1,50,UNKNOWN,100.0,0.0,2002,2002,1
gmane.comp.gnome.internationalization.no,1,50,UNKNOWN,100.0,0.0,2005,2005,1
gmane.comp.gnu.gabi.user,1,50,en,100.0,100.0,2017,2017,1
gmane.comp.hardware.avr.user,1,50,en,100.0,100.0,2016,2016,1
gmane.comp.ide.eclipse.epl,1,50,en,100.0,100.0,2015,2015,1
gmane.comp.java.rio.user,1,50,en,100.0,100.0,2010,2010,1
gmane.comp.kde.devel.klink,1,50,en,100.0,100.0,2005,2005,1
gmane.comp.lang.haskell.arbtt,1,50,en,100.0,100.0,2017,2017,1
gmane.comp.lang.smalltalk.squeak.release,1,50,en,100.0,100.0,2009,2009,1
gmane.comp.mathematics.tochnog.devel,1,50,en,100.0,100.0,2010,2010,1
gmane.comp.misc.fotolia.api,1,50,en,100.0,100.0,2012,2012,1
gmane.comp.misc.unmaintained.devel,1,50,en,100.0,100.0,2009,2009,1
gmane.comp.mozilla.devel.builds,1,50,en,100.0,100.0,2015,2015,1
gmane.comp.mozilla.sage,1,50,en,100.0,100.0,2005,2005,1
gmane.comp.security.news.microsoft,1,50,en,100.0,100.0,2004,2004,1
gmane.comp.tools.mdocml.devel,1,50,en,100.0,100.0,2010,2010,1
gmane.comp.video.ogle.devel,1,50,en,100.0,100.0,2003,2003,1
gmane.comp.web.dom.wdf,1,50,en,100.0,100.0,2005,2005,1
gmane.comp.web.sitemesh.general,1,50,en,100.0,100.0,2003,2003,1
gmane.comp.xfce.devel,1,50,en,100.0,100.0,2004,2004,1
gmane.ietf.ifmib,1,50,en,100.0,100.0,2002,2002,1
gmane.ietf.udlr,1,50,UNKNOWN,100.0,0.0,2004,2004,1
gmane.linux.drivers.aacraid.devel,1,50,en,100.0,100.0,2003,2003,1
gmane.network.askemos.general,1,50,en,100.0,100.0,2009,2009,1
gmane.network.instant-messaging.sim.general,1,50,en,100.0,100.0,2006,2006,1
gmane.network.miranda-im.cvs.other,1,50,da,100.0,0.0,2004,2004,1
gmane.org.region.usa.cdp.puna.wg-evaluation,1,50,en,100.0,100.0,2007,2007,1
gmane.org.user-groups.linux.germany.stralug,1,50,de,100.0,0.0,2010,2010,1
gmane.org.user-groups.lisp.munich,1,50,en,100.0,100.0,2011,2011,1
gmane.org.user-groups.utn-so,1,50,es,100.0,0.0,2005,2005,1
gmane.org.user-groups.zope.zugod.general,1,50,de,100.0,0.0,2009,2009,1
gmane.os.liteos.devel,1,50,en,100.0,100.0,2007,2007,1
gmane.os.netbsd.devel.installation,1,50,en,100.0,100.0,2005,2005,1
gmane.os.openbeos.midi,1,50,en,100.0,100.0,2004,2004,1
gmane.politics.ussr.legacy,1,50,en,100.0,100.0,2009,2009,1
gmane.science.astronomy.fedora,1,50,en,100.0,100.0,2010,2010,1
gmane.science.nmr.relax.announce,1,50,en,100.0,100.0,2006,2006,1
gmane.sports.kayak,1,50,en,100.0,100.0,2013,2013,1
gmane.comp.bitcoin.user,1,50,en,100.0,100.0,2014,2014,1
gmane.comp.forges.fusionforge.general,1,50,en,100.0,100.0,2013,2013,1
gmane.comp.freedesktop.libburn,1,50,en,100.0,100.0,2004,2004,1
gmane.comp.gnu.make.windows,1,50,en,100.0,100.0,2003,2003,1
gmane.comp.gnu.patch.bugs,1,50,en,100.0,100.0,2012,2012,1
gmane.comp.graphics.mayavi.user,1,50,en,100.0,100.0,2007,2007,1
gmane.comp.handhelds.android.mobileorg,1,50,en,100.0,100.0,2013,2013,1
gmane.comp.horde.nag,1,50,fr,100.0,0.0,2002,2002,1
gmane.comp.java.webmacro.user,1,50,en,100.0,100.0,2005,2005,1
gmane.comp.lang.haskell.parallel,1,50,en,100.0,100.0,2011,2011,1
gmane.comp.lang.perl.perlcritic.devel,1,50,en,100.0,100.0,2011,2011,1
gmane.comp.lang.perl.software-design,1,50,en,100.0,100.0,2005,2005,1
gmane.comp.mozilla.librejs.bugs,1,50,en,100.0,100.0,2018,2018,1
gmane.comp.multimedia.openlp.devel,1,50,en,100.0,100.0,2018,2018,1
gmane.comp.nlp.hunmorph,1,50,hu,100.0,0.0,2007,2007,1
gmane.comp.php.phplist.devel,1,50,en,100.0,100.0,2012,2012,1
gmane.comp.printing.jasmine.user,1,50,en,100.0,100.0,2006,2006,1
gmane.comp.python.sybase,1,50,en,100.0,100.0,2006,2006,1
gmane.comp.science.mathematics.logic.poplmark,1,50,en,100.0,100.0,2013,2013,1
gmane.comp.security.zebedee.general,1,50,en,100.0,100.0,2009,2009,1
gmane.comp.video.gimp.documentation,1,50,it,100.0,0.0,2014,2014,1
gmane.comp.web.vimb.user,1,50,en,100.0,100.0,2016,2016,1
gmane.comp.web.zope.plone.com,1,50,en,100.0,100.0,2012,2012,1
gmane.comp.web.zope.plone.multimedia,1,50,en,100.0,100.0,2005,2005,1
gmane.comp.windows.ce.freeware,1,50,en,100.0,100.0,2005,2005,1
gmane.education.vlabs,1,50,zh-cn,100.0,0.0,2012,2012,1
gmane.ietf.eos,1,50,en,100.0,100.0,2003,2003,1
gmane.ietf.marf,1,50,en,100.0,100.0,2012,2012,1
gmane.ietf.mile,1,50,en,100.0,100.0,2016,2016,1
gmane.ietf.oncrpc,1,50,en,100.0,100.0,2005,2005,1
gmane.ietf.plasma,1,50,en,100.0,100.0,2013,2013,1
gmane.ietf.wpkops,1,50,en,100.0,100.0,2012,2012,1
gmane.linux.linaro.cross-distro,1,50,en,100.0,100.0,2011,2011,1
gmane.linux.redhat.security.server,1,50,en,100.0,100.0,2003,2003,1
gmane.linux.redhat.stateless,1,50,en,100.0,100.0,2012,2012,1
gmane.linux.suse.opensuse.doc,1,50,en,100.0,100.0,2017,2017,1
gmane.lisp.scheme.srfi.srfi-47,1,50,en,100.0,100.0,2004,2004,1
gmane.mail.deepofix.user,1,50,it,100.0,0.0,2009,2009,1
gmane.mail.spam.akismet.devel,1,50,en,100.0,100.0,2012,2012,1
gmane.mail.yosucker.general,1,50,en,100.0,100.0,2004,2004,1
gmane.network.everybuddy.devel,1,50,en,100.0,100.0,2004,2004,1
gmane.network.openvpn.als.user,1,50,en,100.0,100.0,2010,2010,1
gmane.network.ripe.cooperation,1,50,en,100.0,100.0,2013,2013,1
gmane.org.handasarabia.ofoq,1,50,en,100.0,100.0,2003,2003,1
gmane.org.user-groups.linux.hllug,1,50,en,100.0,100.0,2007,2007,1
gmane.org.user-groups.linux.italian.tigullio,1,50,it,100.0,0.0,2006,2006,1
gmane.org.wikimedia.teampractices,1,50,en,100.0,100.0,2013,2013,1
gmane.science.geophysics.otas.general,1,50,en,100.0,100.0,2005,2005,1
gmane.science.linguistics.wikipedia.hebrew.daily-article,1,50,en,100.0,100.0,2014,2014,1
gmane.technology.permaculture.sdpg,1,50,en,100.0,100.0,2012,2012,1
gmane.user-groups.linux.belfast,1,50,en,100.0,100.0,2011,2011,1
gmane.comp.audio.pykaraoke.general,1,50,en,100.0,100.0,2006,2006,1
gmane.comp.db.mysql.devel,1,50,en,100.0,100.0,2002,2002,1
gmane.comp.editors.zile.general,1,50,en,100.0,100.0,2011,2011,1
gmane.comp.encryption.pgp.keyserver-folk,1,50,en,100.0,100.0,2005,2005,1
gmane.comp.file-systems.avfs.user,1,50,en,100.0,100.0,2005,2005,1
gmane.comp.fonts.frunge.devel,1,50,de,100.0,0.0,2009,2009,1
gmane.comp.freedesktop.xorg.xprint,1,50,en,100.0,100.0,2006,2006,1
gmane.comp.gis.openstreetmap.region.de.stuttgart,1,50,de,100.0,0.0,2017,2017,1
gmane.comp.gnome.apps.mr-project.devel,1,50,en,100.0,100.0,2003,2003,1
gmane.comp.gnu.enterprise.announce,1,50,en,100.0,100.0,2009,2009,1
gmane.comp.hardware.gps.opensource,1,50,en,100.0,100.0,2006,2006,1
gmane.comp.hardware.mikrotik.routeros,1,50,en,100.0,100.0,2004,2004,1
gmane.comp.horde.troll,1,50,en,100.0,100.0,2005,2005,1
gmane.comp.ide.eclipse.phpeclipse.devel,1,50,en,100.0,100.0,2006,2006,1
gmane.comp.java.proxytoys.devel,1,50,en,100.0,100.0,2009,2009,1
gmane.comp.java.smartfrog.user,1,50,en,100.0,100.0,2010,2010,1
gmane.comp.kde.testing,1,50,en,100.0,100.0,2013,2013,1
gmane.comp.lib.breeze.scm,1,50,en,100.0,100.0,2008,2008,1
gmane.comp.mobile.osmocom.sdr,1,50,en,100.0,100.0,2013,2013,1
gmane.comp.python.biggles.general,1,50,UNKNOWN,100.0,0.0,2006,2006,1
gmane.comp.python.db.pdo.announce,1,50,en,100.0,100.0,2007,2007,1
gmane.comp.python.llvmpy,1,50,en,100.0,100.0,2013,2013,1
gmane.comp.python.pyx.devel,1,50,en,100.0,100.0,2011,2011,1
gmane.comp.security.sguil.devel,1,50,en,100.0,100.0,2005,2005,1
gmane.comp.video.graphicsmagick.bugs,1,50,en,100.0,100.0,2008,2008,1
gmane.comp.web.filterproxy.user,1,50,en,100.0,100.0,2008,2008,1
gmane.comp.web.phpgroupware.documentation,1,50,en,100.0,100.0,2005,2005,1
gmane.comp.web.server.waterken,1,50,en,100.0,100.0,2010,2010,1
gmane.comp.web.ucd,1,50,UNKNOWN,100.0,0.0,2008,2008,1
gmane.comp.web.vimprobable.user,1,50,en,100.0,100.0,2016,2016,1
gmane.comp.windows.farmanager.pluginsapi,1,50,ru,100.0,0.0,2003,2003,1
gmane.comp.windows.shells.litestep.devel,1,50,en,100.0,100.0,2007,2007,1
gmane.emacs.jabber.scm,1,50,en,100.0,100.0,2008,2008,1
gmane.ietf.lwig,1,50,en,100.0,100.0,2015,2015,1
gmane.ietf.multimobsec.api,1,50,en,100.0,100.0,2006,2006,1
gmane.linux.cluster.kerrighed.devel,1,50,en,100.0,100.0,2010,2010,1
gmane.linux.debian.devel.italian,1,50,en,100.0,100.0,2006,2006,1
gmane.linux.debian.ports.windows,1,50,en,100.0,100.0,2018,2018,1
gmane.linux.gentoo.java,1,50,en,100.0,100.0,2006,2006,1
gmane.linux.grisbi.bugs,1,50,fr,100.0,0.0,2003,2003,1
gmane.linux.kernel.bproc.user,1,50,ru,100.0,0.0,2008,2008,1
gmane.linux.ports.openrisc,1,50,en,100.0,100.0,2014,2014,1
gmane.linux.suse.domino,1,50,en,100.0,100.0,2004,2004,1
gmane.linux.suse.packet-writing,1,50,en,100.0,100.0,2003,2003,1
gmane.lisp.scheme.srfi.srfi-35,1,50,en,100.0,100.0,2002,2002,1
gmane.mail.postfix.vda,1,50,en,100.0,100.0,2006,2006,1
gmane.network.dns.posadis.announce,1,50,en,100.0,100.0,2003,2003,1
gmane.network.obby.user,1,50,en,100.0,100.0,2007,2007,1
gmane.network.routing.irrd,1,50,en,100.0,100.0,2016,2016,1
gmane.network.samba.general.french,1,50,fr,100.0,0.0,2007,2007,1
gmane.network.samba.tng.user,1,50,en,100.0,100.0,2004,2004,1
gmane.network.vpn.theory,1,50,UNKNOWN,100.0,0.0,2007,2007,1
gmane.org.user-groups.linux.hungarian.expert,1,50,hu,100.0,0.0,2005,2005,1
gmane.org.user-groups.linux.kplug.steer,1,50,en,100.0,100.0,2008,2008,1
gmane.org.user-groups.linux.purdue.announce,1,50,en,100.0,100.0,2006,2006,1
gmane.os.opendarwin.general,1,50,en,100.0,100.0,2004,2004,1
gmane.os.solaris.opensolaris.fault-management,1,50,en,100.0,100.0,2008,2008,1
gmane.recreation.radio.hardware.kenwood.th-f7e,1,50,en,100.0,100.0,2014,2014,1
gmane.science.biology.informatics.region.uk.cam,1,50,en,100.0,100.0,2012,2012,1
gmane.text.xml.vuxml,1,50,en,100.0,100.0,2004,2004,1
