group,messages_sampled,messages_estimated,top_lang,top_lang_pct,en_pct,year_min,year_max,n_langs
gmane.linux.kernel,5117,255850,en,98.8,98.8,2002,2019,23
gmane.comp.kde.devel.bugs,3816,190800,en,81.8,81.8,2002,2019,25
gmane.linux.debian.devel.bugs.general,3033,151650,en,97.9,97.9,2002,2019,23
gmane.os.freebsd.devel.pkg-fallout,2349,117450,en,99.2,99.2,2013,2019,2
gmane.linux.gentoo.cvs,2036,101800,en,82.1,82.1,2003,2019,26
gmane.comp.python.general,1391,69550,en,98.6,98.6,1999,2019,10
gmane.linux.ports.arm.kernel,1371,68550,en,98.7,98.7,2002,2019,15
gmane.linux.kernel.commits.head,1366,68300,en,96.6,96.6,2002,2018,14
gmane.comp.compilers.llvm.cvs,1213,60650,en,95.8,95.8,2005,2019,16
gmane.org.wikimedia.mediawiki.cvs,1211,60550,en,91.3,91.3,2004,2018,13
gmane.user-groups.linux.czech,1187,59350,cs,68.5,2.6,2004,2019,20
gmane.comp.gcc.bugs,1177,58850,en,80.5,80.5,2002,2019,21
gmane.comp.documentfoundation.libreoffice.bugs,1166,58300,en,81.0,81.0,2011,2019,13
gmane.comp.emulators.qemu,1156,57800,en,97.7,97.7,2004,2019,12
gmane.os.freebsd.devel.cvs,1141,57050,en,93.9,93.9,2002,2019,15
gmane.comp.web.chromium.bugs,1137,56850,en,99.4,99.4,2008,2013,5
gmane.comp.kde.bugs,1136,56800,en,85.8,85.8,2008,2011,13
gmane.linux.network,1136,56800,en,97.9,97.9,2002,2019,12
gmane.linux.debian.devel.bugs.rc,1101,55050,en,99.0,99.0,2003,2019,7
gmane.org.wikimedia.mediawiki.bugs,1038,51900,en,71.2,71.2,2004,2014,15
gmane.linux.debian.user,1036,51800,en,97.3,97.3,2002,2019,14
gmane.linux.mageia.packages.scm,1034,51700,en,93.5,93.5,2011,2019,14
gmane.linux.arch.scm,1017,50850,en,89.9,89.9,2009,2019,18
gmane.linux.debian.devel.changes.unstable,1006,50300,en,64.9,64.9,2003,2019,25
gmane.comp.emulators.wine.bugs,996,49800,en,89.3,89.3,2002,2019,11
gmane.comp.gcc.test-results,992,49600,en,92.0,92.0,2001,2019,6
gmane.comp.gnome.svn,988,49400,en,89.1,89.1,2014,2019,26
gmane.linux.redhat.fedora.reviews,970,48500,en,89.4,89.4,2006,2019,12
gmane.linux.redhat.fedora.general,924,46200,en,98.5,98.5,2003,2019,12
gmane.os.freebsd.devel.cvs.ports,877,43850,en,89.3,89.3,2003,2019,17
gmane.org.user-groups.linux.hungarian.flame,823,41150,hu,91.4,4.0,2004,2017,20
gmane.comp.emulators.xen.devel,777,38850,en,99.6,99.6,2004,2019,4
gmane.comp.python.bugs,752,37600,en,82.3,82.3,2000,2019,7
gmane.linux.suse.general,750,37500,en,98.4,98.4,2002,2019,9
gmane.comp.lang.ruby.general,732,36600,en,97.4,97.4,2002,2018,10
gmane.linux.altlinux.sisyphus.incominger,732,36600,UNKNOWN,61.3,36.1,2006,2019,11
gmane.comp.gnome.cvs,722,36100,en,88.8,88.8,2002,2006,18
gmane.comp.boot-loaders.u-boot,721,36050,en,98.1,98.1,2000,2019,12
gmane.comp.emulators.ovirt.engine.patches,708,35400,en,100.0,100.0,2012,2015,1
gmane.comp.db.postgresql.devel.general,703,35150,en,99.3,99.3,2002,2019,6
gmane.comp.lang.r.general,655,32750,en,97.6,97.6,2003,2019,12
gmane.linux.kernel.stable,649,32450,en,99.1,99.1,2010,2019,5
gmane.comp.java.jboss.user,648,32400,en,99.7,99.7,2002,2013,3
gmane.os.freebsd.questions,635,31750,en,99.2,99.2,2002,2019,4
gmane.comp.lang.ruby.rails,634,31700,en,97.5,97.5,2004,2019,11
gmane.linux.drivers.devicetree,605,30250,en,98.5,98.5,2008,2019,6
gmane.linux.gentoo.user,581,29050,en,98.5,98.5,2002,2019,6
gmane.comp.web.wiki.xwiki.scm,566,28300,en,43.5,43.5,2006,2019,10
gmane.education.libraries.koha.bugs,562,28100,en,66.9,66.9,2011,2019,9
gmane.linux.debian.user.german,559,27950,de,94.1,3.2,2002,2019,12
gmane.linux.ubuntu.user,558,27900,en,98.6,98.6,2004,2019,5
gmane.comp.telephony.pbx.asterisk.user,550,27500,en,98.5,98.5,2003,2018,8
gmane.os.netbsd.devel.pkgsrc.cvs,549,27450,en,99.6,99.6,2002,2019,3
gmane.comp.handhelds.android.devel,522,26100,en,97.1,97.1,2008,2018,9
gmane.linux.ubuntu.bugs.desktop,522,26100,en,84.5,84.5,2005,2009,8
gmane.os.freebsd.devel.cvs.src,521,26050,en,95.6,95.6,2003,2019,10
gmane.comp.compilers.clang.scm,516,25800,en,95.7,95.7,2008,2019,10
gmane.comp.video.dri.devel,502,25100,en,95.0,95.0,2002,2019,8
gmane.comp.video.ffmpeg.devel,501,25050,en,97.4,97.4,2003,2019,8
gmane.linux.redhat.fedora.package.announce,500,25000,en,100.0,100.0,2006,2019,1
gmane.comp.ide.revolution.user,499,24950,en,99.2,99.2,2001,2019,5
gmane.comp.jakarta.tomcat.user,497,24850,en,99.2,99.2,2002,2019,5
gmane.comp.cms.nuxeo.scm,491,24550,en,93.5,93.5,2006,2019,12
gmane.comp.hardware.ibm.midrange,490,24500,en,99.0,99.0,2002,2019,6
gmane.linux.mandrake.cooker.devel,485,24250,en,96.5,96.5,2002,2012,10
gmane.linux.redhat.fedora.perl,485,24250,en,69.5,69.5,2006,2019,6
gmane.comp.audio.emagic.logic.users,479,23950,en,99.6,99.6,1999,2010,3
gmane.linux.redhat.fedora.devel,479,23950,en,97.3,97.3,2003,2019,9
gmane.comp.lang.d.general,477,23850,en,97.5,97.5,2008,2019,9
gmane.comp.lib.boost.devel,471,23550,en,99.6,99.6,1999,2019,2
gmane.linux.suse.general.german,453,22650,de,95.8,1.8,2003,2018,10
gmane.comp.lang.realbasic.user,452,22600,en,98.9,98.9,2003,2018,6
gmane.comp.video.mesa3d.devel,447,22350,en,95.1,95.1,2003,2019,8
gmane.comp.lib.uclibc.buildroot,446,22300,en,96.0,96.0,2007,2019,10
gmane.comp.video.gstreamer.bugs,443,22150,en,81.3,81.3,2002,2018,10
gmane.emacs.devel,442,22100,en,99.1,99.1,2002,2019,5
gmane.comp.php.general,441,22050,en,97.3,97.3,2002,2018,7
gmane.comp.db.postgresql.general,429,21450,en,98.8,98.8,2002,2019,4
gmane.linux.debian.devel.general,429,21450,en,98.1,98.1,2002,2019,5
gmane.comp.gcc.cvs,424,21200,en,80.7,80.7,2002,2019,13
gmane.linux.kernel.mm,423,21150,en,99.3,99.3,2002,2019,4
gmane.music.equipment.slimdevices.general,414,20700,en,98.3,98.3,2003,2019,6
gmane.linux.debian.devel.wnpp,407,20350,en,97.1,97.1,2002,2019,12
gmane.linux.mandrake.bugs,404,20200,en,97.5,97.5,2007,2011,5
gmane.comp.lang.go.general,399,19950,en,96.0,96.0,2009,2019,9
gmane.comp.web.spip.user,395,19750,fr,96.7,0.5,2002,2019,9
gmane.linux.debian.user.french,392,19600,fr,94.4,3.8,2002,2019,9
gmane.os.netbsd.devel.cvs,391,19550,en,99.7,99.7,2002,2019,2
gmane.linux.debian.user.spanish,390,19500,es,93.8,2.8,2002,2018,9
gmane.comp.emulators.kvm.devel,385,19250,en,98.4,98.4,2006,2019,7
gmane.politics.marxism.marxmail,384,19200,en,92.7,92.7,2002,2017,4
gmane.comp.gcc.patches,382,19100,en,98.4,98.4,2002,2019,7
gmane.comp.lang.smalltalk.squeak.general,379,18950,en,99.2,99.2,1998,2019,4
gmane.comp.jakarta.tomcat.devel,375,18750,en,93.6,93.6,2002,2019,10
gmane.comp.freedesktop.xorg.drivers.intel,372,18600,en,97.6,97.6,2010,2019,8
gmane.comp.python.django.user,372,18600,en,97.8,97.8,2005,2019,6
gmane.linux.ubuntu.bugs.universe,368,18400,en,84.5,84.5,2005,2017,13
gmane.comp.java.ide.netbeans.user,367,18350,en,98.1,98.1,2000,2018,5
gmane.comp.jakarta.struts.user,365,18250,en,98.1,98.1,2002,2019,5
gmane.linux.alsa.devel,360,18000,en,98.3,98.3,2002,2019,6
gmane.os.openbsd.cvs,359,17950,en,94.2,94.2,2002,2019,13
gmane.comp.emulators.libvirt,356,17800,en,98.9,98.9,2006,2019,4
gmane.comp.sysutils.puppet.bugs,353,17650,UNKNOWN,70.5,29.5,2008,2019,2
gmane.comp.gnome.mono.patches,352,17600,en,93.5,93.5,2002,2011,10
gmane.comp.python.django.scm,352,17600,en,93.2,93.2,2007,2019,12
gmane.linux.kernel.wireless.general,351,17550,en,98.6,98.6,2007,2019,5
gmane.os.freebsd.current,343,17150,en,92.1,92.1,2002,2018,8
gmane.linux.frugalware.scm,341,17050,en,53.1,53.1,2007,2018,16
gmane.comp.lang.perl.perl5.porters,335,16750,en,99.4,99.4,2003,2019,3
gmane.comp.emulators.ovirt.vdsm.patches,332,16600,en,100.0,100.0,2011,2017,1
gmane.comp.lib.wxwidgets.devel,332,16600,en,98.5,98.5,2000,2018,5
gmane.culture.region.india.goa,331,16550,en,96.1,96.1,2003,2019,5
gmane.linux.ports.ppc64.devel,328,16400,en,98.8,98.8,2005,2019,5
gmane.linux.usb.general,326,16300,en,98.8,98.8,2008,2019,4
gmane.linux.centos.general,325,16250,en,98.8,98.8,2004,2019,5
gmane.comp.jakarta.commons.devel,322,16100,en,97.5,97.5,2002,2019,6
gmane.comp.lang.inug-4d.tech,322,16100,en,98.1,98.1,2003,2019,5
gmane.linux.mandrake.cooker.cvs,322,16100,en,94.4,94.4,2003,2012,11
gmane.os.cygwin,322,16100,en,98.4,98.4,2002,2019,4
gmane.os.apple.macports.tickets,321,16050,en,95.0,95.0,2011,2019,6
gmane.comp.python.web2py,317,15850,en,96.5,96.5,2008,2019,8
gmane.linux.debian.devel.boot,317,15850,en,98.4,98.4,2002,2019,6
gmane.science.linguistics.translation.russian,317,15850,ru,83.3,9.1,2002,2019,12
gmane.comp.emulators.wine.patches,309,15450,en,85.1,85.1,2002,2017,11
gmane.comp.openoffice.bugs,309,15450,en,99.0,99.0,2005,2011,3
gmane.comp.version-control.git,308,15400,en,98.7,98.7,2005,2010,5
gmane.comp.lang.javascript.v8.devel,307,15350,en,78.8,78.8,2008,2019,9
gmane.network.samba.general,307,15350,en,98.4,98.4,2002,2017,4
gmane.comp.handhelds.maemo.extras-cauldron.builds,305,15250,en,100.0,100.0,2008,2015,1
gmane.comp.python.devel,305,15250,en,97.7,97.7,1999,2019,7
gmane.emacs.bugs,305,15250,en,94.1,94.1,2002,2019,11
gmane.mail.spam.spamassassin.general,302,15100,en,98.7,98.7,2002,2019,4
gmane.network.tor.cvs,302,15100,en,89.1,89.1,2006,2019,17
gmane.comp.handhelds.openembedded.scm,300,15000,en,94.0,94.0,2008,2019,10
gmane.comp.cms.sakai.scm,298,14900,en,95.3,95.3,2007,2015,9
gmane.linux.suse.opensuse.scm,298,14900,en,99.7,99.7,2011,2019,2
gmane.linux.ports.arm.omap,297,14850,en,98.7,98.7,2005,2019,5
gmane.linux.ubuntu.bugs.kubuntu,296,14800,en,83.1,83.1,2005,2018,7
gmane.comp.cms.nuxeo.qa,290,14500,UNKNOWN,61.7,19.0,2007,2019,9
gmane.linux.debian.devel.perl.scm,290,14500,en,100.0,100.0,2014,2018,1
gmane.linux.ubuntu.devel.kernel.bugs,290,14500,en,81.0,81.0,2005,2010,7
gmane.org.operators.nanog,289,14450,en,99.7,99.7,2002,2019,2
gmane.comp.db.foxpro.profox,288,14400,en,97.9,97.9,2006,2019,5
gmane.linux.file-systems,286,14300,en,99.0,99.0,2003,2019,4
gmane.linux.ubuntu.bugs.server,285,14250,en,84.9,84.9,2008,2019,11
gmane.os.opendarwin.webkit.scm,285,14250,UNKNOWN,100.0,0.0,2011,2019,1
gmane.comp.documentfoundation.libreoffice.scm,284,14200,en,93.7,93.7,2011,2019,11
gmane.culture.publications.pcplus.indonesia,284,14200,id,92.3,3.9,2004,2015,10
gmane.org.google.api.maps,283,14150,en,97.2,97.2,2007,2012,7
gmane.emacs.diffs,281,14050,en,87.2,87.2,2002,2019,14
gmane.comp.web.zope.plone.collective.cvs,280,14000,en,90.7,90.7,2003,2013,10
gmane.org.wikimedia.wikidata.bugs,280,14000,UNKNOWN,54.6,44.3,2014,2019,5
gmane.comp.jakarta.lucene.solr.user,279,13950,en,98.6,98.6,2007,2019,5
gmane.linux.skolelinux.cvs,277,13850,en,70.4,70.4,2002,2019,15
gmane.org.user-groups.python.chinese,277,13850,zh-cn,58.1,13.7,2009,2019,15
gmane.comp.lang.groovy.grails.user,276,13800,en,97.5,97.5,2006,2014,5
gmane.editors.lyx.devel,274,13700,en,97.4,97.4,2003,2019,8
gmane.comp.version-control.mercurial.devel,273,13650,en,96.7,96.7,2005,2019,7
gmane.linux.debian.user.italian,273,13650,it,92.7,4.4,2002,2019,8
gmane.comp.version-control.subversion.devel,272,13600,en,98.9,98.9,2002,2019,4
gmane.comp.jakarta.turbine.maven.user,271,13550,en,98.5,98.5,2002,2018,5
gmane.linux.ports.ppc.embedded,271,13550,en,98.5,98.5,2002,2019,5
gmane.os.freebsd.devel.ports,270,13500,en,93.3,93.3,2002,2019,5
gmane.comp.gdb.testing,269,13450,en,99.3,99.3,2004,2019,3
gmane.linux.scsi,269,13450,en,97.8,97.8,2002,2019,6
gmane.comp.gdb.patches,268,13400,en,98.9,98.9,2002,2019,4
gmane.comp.java.ofbiz.devel,267,13350,en,81.6,81.6,2008,2019,6
gmane.linux.altlinux.community,266,13300,ru,92.9,1.1,2004,2017,10
gmane.linux.debian.user.portuguese,266,13300,pt,91.0,2.3,2002,2019,10
gmane.comp.gnu.lilypond.general,265,13250,en,98.5,98.5,2002,2019,5
gmane.linux.mandrake.cooker.commits,265,13250,en,92.8,92.8,2006,2012,11
gmane.comp.lang.smalltalk.pharo.devel,264,13200,en,95.8,95.8,2008,2019,7
gmane.linux.drivers.video-input-infrastructure,264,13200,en,98.1,98.1,2009,2019,4
gmane.comp.db.mongodb.user,263,13150,en,98.9,98.9,2010,2019,4
gmane.comp.mozilla.general,262,13100,en,96.6,96.6,2002,2018,8
gmane.comp.crm.arsystem.general,261,13050,en,99.6,99.6,2005,2017,2
gmane.culture.region.indonesia.ppi-india,260,13000,id,80.8,19.2,2005,2018,2
gmane.comp.python.cvs,258,12900,en,79.8,79.8,2002,2019,8
gmane.comp.emulators.wine.cvs,257,12850,en,84.8,84.8,2002,2019,13
gmane.comp.jakarta.turbine.maven.devel,255,12750,en,87.1,87.1,2002,2019,8
gmane.os.apple.fink.cvs,255,12750,en,92.9,92.9,2002,2018,10
gmane.comp.compilers.llvm.devel,253,12650,en,99.6,99.6,2004,2019,2
gmane.comp.lang.lua.general,253,12650,en,99.2,99.2,1998,2019,3
gmane.comp.audio.supercollider.user,249,12450,en,96.8,96.8,2004,2018,8
gmane.org.region.indonesia.itcenter,249,12450,id,84.7,11.6,2003,2014,9
gmane.os.openbsd.ports.cvs,249,12450,en,88.4,88.4,2002,2019,15
gmane.linux.drivers.driver-project.devel,248,12400,en,96.8,96.8,2009,2019,8
gmane.comp.cloud.openstack.devel,245,12250,en,99.6,99.6,2013,2018,2
gmane.comp.networking.dpdk.devel,244,12200,en,97.1,97.1,2014,2019,6
gmane.linux.redhat.fedora.testers,244,12200,en,96.7,96.7,2003,2018,6
gmane.linux.debian.user.russian,242,12100,ru,90.1,3.3,2002,2019,10
gmane.comp.java.wicket.user,240,12000,en,99.2,99.2,2005,2018,3
gmane.comp.lang.haskell.cafe,240,12000,en,98.8,98.8,2002,2018,4
gmane.comp.handhelds.openembedded.core,238,11900,en,97.9,97.9,2011,2019,6
gmane.comp.web.zope.plone.cvs,238,11900,en,91.2,91.2,2002,2017,10
gmane.comp.web.zope.plone.user,238,11900,en,98.3,98.3,2002,2014,5
gmane.editors.vim,238,11900,en,98.3,98.3,2002,2017,4
gmane.music.equipment.slimdevices.plugins,237,11850,en,99.2,99.2,2005,2019,3
gmane.linux.debian.devel.x,235,11750,en,94.9,94.9,2002,2019,8
gmane.comp.hardware.rescue,234,11700,en,98.3,98.3,1999,2018,5
gmane.emacs.orgmode,233,11650,en,99.1,99.1,2006,2019,3
gmane.comp.kde.devel.pim.bugs,232,11600,en,84.9,84.9,2007,2019,6
gmane.linux.debian.devel.release,231,11550,en,98.3,98.3,2003,2019,5
gmane.comp.video.videolan.vlc.devel,230,11500,en,92.6,92.6,2002,2019,12
gmane.comp.apache.db.derby.devel,229,11450,en,82.5,82.5,2004,2019,7
gmane.comp.db.sqlite.general,227,11350,en,98.7,98.7,2003,2019,4
gmane.comp.desktop.xfce.commits,227,11350,en,88.5,88.5,2006,2019,15
gmane.games.freeciv.devel,227,11350,en,99.6,99.6,1998,2017,2
gmane.linux.debian.devel.kernel,226,11300,en,96.9,96.9,2004,2019,8
gmane.comp.lang.javascript.jquery,225,11250,en,96.9,96.9,2006,2010,6
gmane.comp.hardware.tandy.coco,223,11150,en,98.2,98.2,2003,2019,4
gmane.org.user-groups.ale,223,11150,en,94.6,94.6,2003,2019,8
gmane.linux.mandrake.newbie.french,222,11100,fr,97.3,2.3,2003,2012,3
gmane.comp.apache.incubator.ooo.issues,221,11050,en,61.1,61.1,2012,2019,11
gmane.comp.db.mysql.general,221,11050,en,97.3,97.3,2002,2019,5
gmane.comp.db.postgresql.brasil,221,11050,pt,95.5,2.3,2002,2017,6
gmane.comp.php.devel,221,11050,en,97.3,97.3,2002,2019,7
gmane.recreation.cars.evdl,221,11050,en,100.0,100.0,2007,2019,1
gmane.comp.gis.openstreetmap.region.de,220,11000,de,95.5,1.8,2007,2019,6
gmane.comp.lang.haskell.glasgow.bugs,220,11000,en,95.5,95.5,2003,2019,6
gmane.comp.web.squid.general,220,11000,en,98.6,98.6,2003,2019,3
gmane.comp.apache.user,218,10900,en,99.5,99.5,2002,2019,2
gmane.comp.jakarta.struts.devel,218,10900,en,85.3,85.3,2002,2018,8
gmane.comp.java.tapestry.user,218,10900,en,98.6,98.6,2003,2016,4
gmane.comp.video.ffmpeg.cvs,218,10900,en,93.1,93.1,2005,2019,9
gmane.comp.emulators.wine.devel,217,10850,en,100.0,100.0,2002,2017,1
gmane.comp.programming.extreme-programming,217,10850,en,99.5,99.5,2002,2016,2
gmane.os.apple.macports.scm,217,10850,en,65.0,65.0,2011,2019,11
gmane.linux.gentoo.devel,216,10800,en,98.1,98.1,2002,2018,3
gmane.linux.kernel.commits.mm,216,10800,en,100.0,100.0,2006,2018,1
gmane.comp.cms.tiki.cvs,215,10750,en,85.6,85.6,2003,2019,8
gmane.linux.power-management.general,215,10750,en,99.5,99.5,2005,2019,2
gmane.comp.freeradius.user,214,10700,en,99.1,99.1,2003,2016,3
gmane.os.netbsd.devel.cvs.full,213,10650,en,100.0,100.0,2009,2019,1
gmane.comp.java.clojure.user,212,10600,en,98.6,98.6,2008,2019,3
gmane.comp.lang.go.devel,212,10600,en,90.1,90.1,2011,2019,8
gmane.comp.db.firebase.portuguese,211,10550,pt,93.4,0.5,2003,2019,5
gmane.comp.systems.newton.newtontalk,211,10550,en,98.6,98.6,2002,2019,4
gmane.science.linguistics.wikipedia.english,211,10550,en,99.1,99.1,2002,2013,3
gmane.os.reactos.bugs,209,10450,en,65.6,65.6,2014,2019,6
gmane.comp.multimedia.puredata.general,208,10400,en,98.1,98.1,2003,2019,3
gmane.ietf.announce,206,10300,en,100.0,100.0,2004,2019,1
gmane.comp.web.spip.zone.cvs,205,10250,fr,67.3,29.3,2006,2019,7
gmane.linux.redhat.general,205,10250,en,98.5,98.5,2002,2013,4
gmane.linux.region.czech,205,10250,cs,43.4,5.4,2000,2007,17
gmane.comp.php.cakephp.general,203,10150,en,97.5,97.5,2007,2016,5
gmane.network.nsp.cisco,200,10000,en,97.0,97.0,2000,2019,6
gmane.comp.version-control.subversion.user,199,9950,en,99.0,99.0,2004,2018,3
gmane.os.freebsd.stable,199,9950,en,96.0,96.0,2002,2019,4
gmane.comp.apache.maven.issues,198,9900,en,74.7,74.7,2008,2019,5
gmane.linux.acpi.devel,198,9900,en,99.5,99.5,2002,2019,2
gmane.linux.altlinux.sisyphus,198,9900,ru,88.4,1.5,2004,2019,10
gmane.linux.audio.users,198,9900,en,99.0,99.0,2003,2017,3
gmane.mail.spam.spamcop.user,198,9900,en,100.0,100.0,2002,2006,1
gmane.comp.kde.digikam.devel,196,9800,en,83.2,83.2,2004,2017,3
gmane.comp.openoffice.general.german,194,9700,de,97.9,1.0,2002,2011,4
gmane.mail.postfix.user,194,9700,en,97.4,97.4,2002,2004,5
gmane.comp.emulators.wine.user,193,9650,en,95.9,95.9,2002,2015,4
gmane.mail.exim.user,193,9650,en,100.0,100.0,2002,2019,1
gmane.comp.graphics.openscenegraph.user,192,9600,en,98.4,98.4,2006,2018,4
gmane.comp.java.geronimo.devel,192,9600,en,88.0,88.0,2003,2018,7
gmane.network.wireshark.bugs,192,9600,en,83.3,83.3,2006,2019,5
gmane.science.biology.gromacs.user,192,9600,en,100.0,100.0,2006,2019,1
gmane.comp.ide.lazarus.general,191,9550,en,96.3,96.3,2005,2019,7
gmane.comp.kde.amarok.bugs,190,9500,en,87.4,87.4,2005,2016,5
gmane.comp.apache.sling.devel,189,9450,en,75.7,75.7,2007,2019,9
gmane.comp.lang.perl.beginners,189,9450,en,98.4,98.4,2002,2018,4
gmane.linux.debian.devel.gnome.general,189,9450,en,96.8,96.8,2007,2019,7
gmane.comp.python.wxpython,187,9350,en,97.9,97.9,2004,2019,5
gmane.comp.tex.context,187,9350,en,96.3,96.3,1999,2017,7
gmane.games.flightgear.devel,187,9350,en,100.0,100.0,2002,2019,1
gmane.linux.altlinux.devel,187,9350,ru,90.4,3.7,2005,2019,5
gmane.linux.mageia.changelog,187,9350,en,88.8,88.8,2011,2019,11
gmane.linux.ubuntu.devel.kernel.general,187,9350,en,95.2,95.2,2005,2019,6
gmane.network.openvswitch.devel,187,9350,en,95.7,95.7,2011,2019,6
gmane.comp.mathematics.sage.devel,186,9300,en,97.3,97.3,2006,2019,6
gmane.editors.vim.devel,186,9300,en,96.8,96.8,2002,2019,4
gmane.comp.kde.devel.plasma,185,9250,en,96.2,96.2,2008,2019,4
gmane.comp.python.tutor,185,9250,en,98.9,98.9,2002,2019,3
gmane.org.hackerspaces.london,185,9250,en,93.5,93.5,2011,2019,3
gmane.os.freebsd.bugs,185,9250,en,80.0,80.0,2002,2019,4
gmane.comp.telephony.freeswitch.user,184,9200,en,97.3,97.3,2008,2018,4
gmane.science.economics.progressive-economists,184,9200,en,98.4,98.4,2003,2018,4
gmane.comp.apache.openoffice.issues,183,9150,en,49.7,49.7,2012,2019,6
gmane.mail.imap.dovecot,183,9150,en,97.8,97.8,2003,2019,5
gmane.comp.jakarta.lucene.hadoop.devel,182,9100,en,80.8,80.8,2007,2019,6
gmane.comp.lang.as400.rpg,182,9100,en,100.0,100.0,2002,2019,1
gmane.comp.python.pypy.cvs,182,9100,en,96.2,96.2,2006,2019,7
gmane.linux.ubuntu.region.brazil,182,9100,pt,96.7,2.2,2006,2018,4
gmane.network.samba.internals,182,9100,en,97.3,97.3,2002,2017,5
gmane.comp.lang.d.bugs,181,9050,en,75.7,75.7,2008,2019,3
gmane.comp.lib.glibc.alpha,181,9050,en,97.2,97.2,2002,2019,5
gmane.os.netbsd.bugs,181,9050,en,98.3,98.3,2002,2019,4
gmane.comp.php.cvs.general,180,9000,en,73.9,73.9,2002,2019,9
gmane.comp.web.chromium.devel,180,9000,en,97.2,97.2,2008,2019,5
gmane.comp.lang.d.learn,178,8900,en,98.3,98.3,2008,2019,4
gmane.culture.media.mediacare,178,8900,id,91.6,6.7,2007,2013,5
gmane.linux.mageia.bugs,178,8900,en,82.0,82.0,2011,2019,7
gmane.comp.file-systems.btrfs,177,8850,en,98.9,98.9,2007,2019,3
gmane.comp.handhelds.openembedded,177,8850,en,94.9,94.9,2004,2019,9
gmane.comp.gnu.binutils,176,8800,en,98.3,98.3,2002,2019,4
gmane.comp.lang.ruby.core,176,8800,en,98.9,98.9,2003,2019,2
gmane.linux.suse.opensuse.devel,176,8800,en,95.5,95.5,2006,2019,6
gmane.text.xml.xsl.general.mulberrytech,176,8800,en,99.4,99.4,2002,2018,2
gmane.comp.security.full-disclosure,175,8750,en,97.1,97.1,2002,2014,5
gmane.comp.security.phishings,175,8750,en,93.1,93.1,2011,2016,9
gmane.comp.emulators.xen.user,174,8700,en,98.3,98.3,2005,2018,4
gmane.comp.video.blender.scm,174,8700,en,95.4,95.4,2008,2018,8
gmane.linux.debian.devel.qt-kde,174,8700,en,96.6,96.6,2004,2019,6
gmane.comp.lang.erlang.general,173,8650,en,97.1,97.1,2002,2019,5
gmane.comp.lib.vtk.user,173,8650,en,98.8,98.8,2002,2019,3
gmane.text.xml.axis.devel,173,8650,en,82.1,82.1,2002,2019,7
gmane.comp.gis.openstreetmap.region.fr,172,8600,fr,96.5,1.2,2008,2019,4
gmane.linux.bios,172,8600,en,98.8,98.8,2002,2019,3
gmane.org.wikimedia.foundation,172,8600,en,98.8,98.8,2004,2019,3
gmane.comp.window-managers.enlightenment.cvs,171,8550,en,93.0,93.0,2004,2013,9
gmane.comp.kde.devel.core,170,8500,en,99.4,99.4,2002,2019,2
gmane.comp.version-control.subversion.svn,170,8500,en,96.5,96.5,2004,2019,6
gmane.linux.debian.devel.medical.scm,170,8500,en,98.2,98.2,2008,2019,3
gmane.science.linguistics.wikipedia.technical,170,8500,en,98.8,98.8,2002,2019,3
gmane.comp.lib.boost.user,169,8450,en,98.2,98.2,2002,2018,4
gmane.comp.video.mesa3d.scm,169,8450,en,91.1,91.1,2007,2019,9
gmane.comp.kde.devel.frameworks,168,8400,en,83.9,83.9,2011,2019,4
gmane.linux.debian.packages.java.cvs,168,8400,en,94.0,94.0,2005,2019,7
gmane.linux.drivers.mtd,168,8400,en,100.0,100.0,2001,2019,1
gmane.linux.nfs,168,8400,en,98.8,98.8,2002,2019,3
gmane.comp.lib.wxwindows.general,167,8350,en,97.6,97.6,2003,2019,4
gmane.comp.video.libav.devel,167,8350,en,97.0,97.0,2011,2018,4
gmane.network.samba.cvs,166,8300,en,86.1,86.1,2002,2016,6
gmane.org.google.gwt,166,8300,en,98.2,98.2,2008,2012,4
gmane.linux.debian.devel.mentors,165,8250,en,98.8,98.8,2002,2019,3
gmane.org.user-groups.rlug.general,165,8250,ro,87.9,7.3,2003,2018,7
gmane.org.user-groups.linux.ilugc,164,8200,en,97.0,97.0,1999,2016,5
gmane.os.openbsd.ports,164,8200,en,97.6,97.6,2002,2018,5
gmane.comp.gnome.apps.gnucash.user,163,8150,en,99.4,99.4,2001,2019,2
gmane.linux.debian.internationalization.french,163,8150,fr,74.8,21.5,2002,2019,6
gmane.comp.gnu.octave.bugs,162,8100,en,100.0,100.0,2003,2019,1
gmane.emacs.gnus.general,162,8100,en,100.0,100.0,1995,2019,1
gmane.linux.suse.general.spanish,162,8100,es,94.4,3.7,2005,2018,5
gmane.mail.spam.spamcop.social,162,8100,en,96.3,96.3,2002,2006,7
gmane.comp.voip.cisco,161,8050,en,98.1,98.1,2005,2018,2
gmane.comp.gis.openstreetmap,160,8000,en,99.4,99.4,2005,2018,2
gmane.text.xml.axis.user,160,8000,en,98.1,98.1,2002,2014,3
gmane.comp.cms.magnolia.devel,159,7950,UNKNOWN,52.2,35.2,2004,2017,8
gmane.comp.bacula.user,158,7900,en,100.0,100.0,2003,2017,1
gmane.comp.web.dojo.user,158,7900,en,97.5,97.5,2005,2015,5
gmane.comp.documentfoundation.libreoffice.devel,157,7850,en,92.4,92.4,2010,2019,3
gmane.recreation.bicycle.touring.phred,157,7850,en,99.4,99.4,2004,2010,2
gmane.text.xml.cocoon.devel,157,7850,en,96.2,96.2,2002,2013,5
gmane.culture.backpacking.backpackgeartesters,156,7800,en,100.0,100.0,2005,2017,1
gmane.comp.gis.grass.devel,154,7700,en,96.8,96.8,2003,2019,4
gmane.comp.file-systems.xfs.general,153,7650,en,96.7,96.7,2002,2016,5
gmane.linux.kernel.pci,153,7650,en,100.0,100.0,2008,2019,1
gmane.org.user-groups.python.argentina,153,7650,es,92.8,5.2,2006,2018,4
gmane.os.plan9.general,152,7600,en,94.1,94.1,2002,2019,6
gmane.comp.java.hadoop.zookeeper.devel,151,7550,en,84.8,84.8,2009,2019,6
gmane.comp.bug-tracking.request-tracker.user,149,7450,en,99.3,99.3,2002,2017,2
gmane.comp.gis.grass.pkg.devel,149,7450,en,98.7,98.7,2005,2019,3
gmane.comp.handhelds.phonegap,149,7450,en,99.3,99.3,2011,2016,2
gmane.comp.web.zope.all-cvs,149,7450,en,89.3,89.3,2006,2019,8
gmane.editors.lyx.general,149,7450,en,97.3,97.3,2003,2019,5
gmane.education.libraries.autocat,149,7450,en,100.0,100.0,2007,2019,1
gmane.linux.distributions.emc.user,149,7450,en,100.0,100.0,2007,2019,1
gmane.comp.horde.bugs,148,7400,en,92.6,92.6,2003,2019,8
gmane.comp.lang.scala.user,148,7400,en,96.6,96.6,2007,2016,5
gmane.comp.web.lift,148,7400,en,96.6,96.6,2007,2016,5
gmane.linux.lfs.beyond.book,147,7350,en,76.9,76.9,2002,2019,9
gmane.os.freebsd.current.scm,147,7350,en,95.9,95.9,2013,2019,6
gmane.comp.horde.cvs,146,7300,en,88.4,88.4,2002,2009,7
gmane.comp.mozilla.seamonkey.user,146,7300,en,97.9,97.9,2008,2019,3
gmane.mail.spam.spamassassin.devel,146,7300,en,89.7,89.7,2002,2019,9
gmane.comp.java.sonar.scm,145,7250,UNKNOWN,65.5,15.9,2008,2015,5
gmane.linux.bluez.kernel,145,7250,en,95.9,95.9,2008,2019,6
gmane.linux.mandrake.newbie,145,7250,en,97.2,97.2,2003,2010,5
gmane.mail.the-bat.beta,145,7250,en,96.6,96.6,2004,2018,3
gmane.comp.apache.kafka.devel,144,7200,en,84.7,84.7,2015,2019,6
gmane.linux.debian.packages.java.devel,144,7200,en,95.8,95.8,2005,2019,4
gmane.org.user-groups.linux.grulic,144,7200,es,88.9,5.6,2001,2014,9
gmane.science.linguistics.linguist-list,144,7200,en,91.0,91.0,2003,2019,5
gmane.comp.db.postgresql.devel.cvs,143,7150,en,84.6,84.6,2002,2018,7
gmane.comp.kde.devel.general,143,7150,en,97.9,97.9,2002,2019,4
gmane.comp.security.firewalls.netfilter.devel,143,7150,en,99.3,99.3,2002,2019,2
gmane.comp.sysutils.puppet.user,143,7150,en,100.0,100.0,2006,2018,1
gmane.network.nagios.user,143,7150,en,98.6,98.6,2002,2013,3
gmane.comp.java.activemq.devel,142,7100,en,88.0,88.0,2004,2019,7
gmane.os.netbsd.current,142,7100,en,98.6,98.6,2002,2019,3
gmane.comp.cms.cold-fusion.discuss,141,7050,en,99.3,99.3,2004,2005,2
gmane.comp.cms.sakai.devel,141,7050,en,100.0,100.0,2006,2019,1
gmane.comp.version-control.bazaar-ng.general,141,7050,en,97.2,97.2,2005,2015,4
gmane.comp.gnu.radio.general,139,6950,en,100.0,100.0,2003,2019,1
gmane.comp.telephony.pbx.asterisk.devel,139,6950,en,98.6,98.6,2004,2018,3
gmane.linux.laptop.olpc.bugs,139,6950,en,99.3,99.3,2007,2013,2
gmane.music.dadl.ot,139,6950,en,97.8,97.8,2003,2011,4
gmane.music.equipment.slimdevices.audiophile,139,6950,en,99.3,99.3,2005,2018,2
gmane.comp.compilers.llvm.bugs,138,6900,en,92.0,92.0,2008,2019,2
gmane.comp.jakarta.myfaces.devel,138,6900,en,89.9,89.9,2005,2019,5
gmane.comp.java.hadoop.hbase.devel,138,6900,en,89.1,89.1,2008,2019,7
gmane.comp.video.ffmpeg.user,138,6900,en,97.1,97.1,2005,2019,3
gmane.comp.gnu.guix.scm,137,6850,en,100.0,100.0,2013,2019,1
gmane.comp.gnu.lilypond.devel,137,6850,en,97.8,97.8,2002,2019,4
gmane.comp.lib.sdl,137,6850,en,97.8,97.8,2002,2016,4
gmane.linux.region.chile,137,6850,es,38.7,8.0,2004,2007,10
gmane.comp.java.jsf.richfaces.issues,136,6800,it,50.0,46.3,2008,2014,4
gmane.comp.video.gstreamer.devel,136,6800,en,97.8,97.8,2000,2019,4
gmane.comp.lang.ruby.cvs,135,6750,UNKNOWN,70.4,25.2,2002,2019,8
gmane.comp.voip.openser.user,135,6750,en,99.3,99.3,2005,2019,2
gmane.network.wireshark.scm,135,6750,en,65.2,65.2,2006,2019,6
gmane.org.operators.isp.wireless.wisp,135,6750,en,97.8,97.8,2005,2017,4
gmane.comp.jakarta.james.devel,134,6700,en,85.1,85.1,2002,2019,10
gmane.comp.window-managers.enlightenment.devel,134,6700,en,98.5,98.5,2004,2019,3
gmane.culture.backpacking.light,134,6700,en,98.5,98.5,2002,2013,3
gmane.education.classics,134,6700,en,98.5,98.5,2004,2018,3
gmane.comp.apache.incubator.general,133,6650,en,97.0,97.0,2003,2019,4
gmane.comp.java.netbeans.modules.openide.devel,133,6650,en,98.5,98.5,2001,2017,3
gmane.linux.mandriva.bugs,133,6650,en,95.5,95.5,2009,2012,4
gmane.org.operators.gter.brazil,133,6650,pt,93.2,4.5,2009,2019,4
gmane.recreation.railway.canadian-passenger,133,6650,en,98.5,98.5,2004,2019,3
gmane.text.xml.cocoon.user,133,6650,en,98.5,98.5,2002,2013,3
gmane.comp.apache.maven.notifications,132,6600,en,62.9,62.9,2006,2019,10
gmane.network.simulator.ns3.user,132,6600,en,99.2,99.2,2010,2019,2
gmane.comp.apache.devel,131,6550,en,97.7,97.7,2002,2019,3
gmane.comp.graphics.crystalspace.cvs,131,6550,en,99.2,99.2,2003,2017,2
gmane.comp.jakarta.commons.issues,131,6550,en,74.0,74.0,2009,2019,4
gmane.comp.java.lib.itext.general,131,6550,en,96.9,96.9,2002,2015,4
gmane.comp.apache.maven.scm,130,6500,en,91.5,91.5,2007,2019,9
gmane.comp.audio.supercollider.devel,130,6500,en,98.5,98.5,2004,2017,3
gmane.comp.java.hudson.user,130,6500,en,97.7,97.7,2007,2019,4
gmane.comp.kde.devel.pim,130,6500,en,89.2,89.2,2002,2019,5
gmane.comp.web.spip.devel,130,6500,fr,96.2,0.8,2001,2019,5
gmane.linux.drivers.rdma,130,6500,en,97.7,97.7,2009,2019,3
gmane.music.equipment.slimdevices.squeezecenter,130,6500,en,99.2,99.2,2008,2019,2
gmane.comp.finance.mifos.issues,129,6450,en,78.3,78.3,2006,2015,6
gmane.comp.gcc.regression,129,6450,en,90.7,90.7,2003,2018,5
gmane.comp.jakarta.tapestry.devel,129,6450,en,75.2,75.2,2003,2019,7
gmane.comp.lang.perl.cpan.announce,129,6450,en,100.0,100.0,2002,2008,1
gmane.comp.python.numeric.general,129,6450,en,98.4,98.4,2002,2019,3
gmane.linux.distributions.gumstix.general,129,6450,en,99.2,99.2,2004,2015,2
gmane.comp.java.zookeeper.devel,128,6400,en,89.1,89.1,2011,2019,5
gmane.comp.macosx.general,128,6400,en,99.2,99.2,2002,2018,2
gmane.comp.time.nuts,128,6400,en,100.0,100.0,2010,2019,1
gmane.comp.web.zope.plone.tests,128,6400,en,85.2,85.2,2004,2019,7
gmane.linux.mandrake.expert,128,6400,en,98.4,98.4,2003,2010,3
gmane.linux.ports.mips.general,128,6400,en,99.2,99.2,2003,2019,2
gmane.comp.lang.javascript.nodejs,127,6350,en,97.6,97.6,2009,2019,4
gmane.comp.voip.openser.devel,127,6350,en,89.8,89.8,2005,2019,5
gmane.linux.documentation,127,6350,en,96.9,96.9,2007,2019,5
gmane.comp.jakarta.ant.devel,126,6300,en,95.2,95.2,2002,2019,5
gmane.linux.drivers.openib,126,6300,en,97.6,97.6,2004,2009,4
gmane.comp.encryption.openssl.user,125,6250,en,97.6,97.6,2002,2018,3
gmane.comp.gis.openstreetmap.region.it,125,6250,it,92.0,2.4,2008,2019,7
gmane.comp.handhelds.openmoko.community,125,6250,en,96.8,96.8,2007,2014,5
gmane.comp.lang.groovy.user,125,6250,en,97.6,97.6,2004,2017,4
gmane.comp.mathematics.maxima.general,125,6250,en,97.6,97.6,2002,2019,4
gmane.comp.web.gallery.cvs,125,6250,en,96.0,96.0,2003,2013,3
gmane.comp.apache.incubator.ooo.devel,124,6200,en,100.0,100.0,2011,2019,1
gmane.comp.cms.hippocms.scm,124,6200,en,97.6,97.6,2007,2019,3
gmane.games.bridge.laws,124,6200,en,97.6,97.6,2002,2016,3
gmane.linux.kernel.samsung-soc,124,6200,en,99.2,99.2,2009,2019,2
gmane.os.openbsd.tech,124,6200,en,97.6,97.6,2002,2019,4
gmane.comp.file-systems.ext4,123,6150,en,99.2,99.2,2006,2019,2
gmane.comp.jakarta.commons.scm,123,6150,en,91.9,91.9,2009,2019,5
gmane.comp.jakarta.lucene.user,123,6150,en,99.2,99.2,2002,2018,2
gmane.comp.java.jira.user,123,6150,en,99.2,99.2,2003,2011,2
gmane.comp.lang.haskell.cvs.ghc,123,6150,en,87.8,87.8,2002,2012,5
gmane.comp.systems.archos.rockbox.sourceforge,123,6150,en,100.0,100.0,2003,2013,1
gmane.linux.debian.devel.secure-testing.cvs,123,6150,en,90.2,90.2,2005,2019,7
gmane.os.netbsd.devel.pkgsrc.bugs,123,6150,en,100.0,100.0,2004,2018,1
gmane.comp.java.ofbiz.user,122,6100,en,98.4,98.4,2005,2019,3
gmane.comp.db.filemaker.devel,121,6050,en,99.2,99.2,2005,2019,2
gmane.comp.emulators.hercules390.general,121,6050,en,100.0,100.0,2002,2019,1
gmane.comp.gnu.octave.general,121,6050,en,100.0,100.0,2003,2016,1
gmane.comp.web.shibboleth.user,121,6050,en,98.3,98.3,2008,2019,3
gmane.linux.kernel.input,121,6050,en,96.7,96.7,2007,2019,5
gmane.org.user-groups.linux.tolug,121,6050,en,96.7,96.7,2003,2014,4
gmane.comp.db.dbworld,120,6000,en,99.2,99.2,2003,2017,2
gmane.comp.db.postgresql.spanish,120,6000,es,91.7,3.3,2005,2019,6
gmane.comp.web.css.general,120,6000,en,96.7,96.7,2002,2016,5
gmane.linux.ide,120,6000,en,99.2,99.2,2004,2018,2
gmane.linux.ubuntu.user.italian,120,6000,it,96.7,0.8,2005,2016,5
gmane.comp.jakarta.lucene.devel,119,5950,en,87.4,87.4,2002,2019,4
gmane.comp.php.quality-assurance,119,5950,en,100.0,100.0,2002,2014,1
gmane.comp.voip.ser,119,5950,en,98.3,98.3,2003,2019,3
gmane.os.openbsd.misc,119,5950,en,100.0,100.0,2002,2004,1
gmane.comp.jakarta.myfaces.user,118,5900,en,99.2,99.2,2005,2019,2
gmane.comp.web.zope.general,118,5900,en,97.5,97.5,2002,2009,4
gmane.politics.communism.environmental,118,5900,en,95.8,95.8,2002,2019,4
gmane.science.dinosaurs.general,118,5900,en,97.5,97.5,2002,2018,3
gmane.comp.audio.musicbrainz.bugs,117,5850,en,54.7,54.7,2010,2015,4
gmane.comp.php.cvs.pear,117,5850,en,77.8,77.8,2002,2012,10
gmane.comp.web.wiki.pmwiki.user,117,5850,en,99.1,99.1,2002,2016,2
gmane.os.freebsd.devel.hackers,117,5850,en,99.1,99.1,2002,2019,2
gmane.comp.gis.qgis.devel,116,5800,en,98.3,98.3,2006,2019,3
gmane.comp.java.openjdk.core-libs.devel,116,5800,en,97.4,97.4,2007,2019,4
gmane.comp.kde.devel.kopete,116,5800,en,85.3,85.3,2002,2014,5
gmane.comp.lang.factor.builds,116,5800,en,81.9,81.9,2009,2019,3
gmane.comp.web.zope.plone.ingeniweb.general,116,5800,en,32.8,32.8,2008,2018,14
gmane.linux.arch.general,116,5800,en,97.4,97.4,2004,2019,4
gmane.linux.debian.qa-packages,116,5800,en,90.5,90.5,2003,2019,9
gmane.comp.web.nginx.russian,115,5750,ru,88.7,2.6,2004,2017,7
gmane.linux.distributions.nixos.scm,115,5750,en,82.6,82.6,2010,2017,10
gmane.linux.raid,115,5750,en,99.1,99.1,2002,2018,2
gmane.linux.ubuntu.user.kubuntu,115,5750,en,97.4,97.4,2005,2015,4
gmane.linux.usb.devel,115,5750,en,94.8,94.8,2002,2007,6
gmane.plants.sansevieria.collectors,115,5750,en,93.9,93.9,2002,2014,3
gmane.comp.education.sugar.devel,114,5700,en,98.2,98.2,2006,2019,3
gmane.comp.freedesktop.xorg.devel,114,5700,en,98.2,98.2,2009,2019,3
gmane.comp.gnome.evolution.general,114,5700,en,99.1,99.1,2002,2019,2
gmane.comp.printing.ghostscript.cvs,114,5700,en,82.5,82.5,2002,2019,4
gmane.comp.programming.tools.cmake.user,114,5700,en,99.1,99.1,2006,2019,2
gmane.linux.redhat.k12osn,114,5700,en,98.2,98.2,2002,2014,3
gmane.comp.lang.julia.user,113,5650,en,97.3,97.3,2013,2016,4
gmane.comp.lib.opencv,113,5650,en,99.1,99.1,2006,2014,2
gmane.comp.programming.scrum.general,113,5650,en,97.3,97.3,2003,2017,4
gmane.comp.web.flashcoders.devel,113,5650,en,99.1,99.1,2005,2007,2
gmane.linux.ports.sh.devel,113,5650,en,98.2,98.2,2006,2019,3
gmane.user-groups.foss.gutl,113,5650,es,92.9,2.7,2010,2019,6
gmane.comp.compilers.clang.devel,112,5600,en,100.0,100.0,2007,2019,1
gmane.comp.gis.mapserver.user,112,5600,en,98.2,98.2,2004,2017,3
gmane.comp.jakarta.lucene.hadoop.user,112,5600,en,98.2,98.2,2006,2019,3
gmane.comp.window-managers.enlightenment.scm,112,5600,en,98.2,98.2,2013,2019,3
gmane.linux.debian.alioth.multimedia-maintainers,112,5600,en,95.5,95.5,2009,2018,5
gmane.comp.emulators.ovirt.user,111,5550,en,95.5,95.5,2012,2019,5
gmane.comp.gis.grass.user,111,5550,en,98.2,98.2,2002,2018,3
gmane.comp.gnu.octave.maintainers,111,5550,en,99.1,99.1,2004,2019,2
gmane.comp.java.hadoop.hbase.user,111,5550,en,99.1,99.1,2008,2018,2
gmane.comp.otrs.cvs,111,5550,en,91.0,91.0,2003,2013,8
gmane.comp.security.bugtraq,111,5550,en,99.1,99.1,2002,2018,2
gmane.comp.gcc.help,110,5500,en,99.1,99.1,2002,2019,2
gmane.comp.kde.devel.kwin,110,5500,en,88.2,88.2,2002,2019,5
gmane.linux.distributions.musterloesung,110,5500,de,98.2,1.8,2005,2014,2
gmane.mail.spam.spamcop.help,110,5500,en,99.1,99.1,2002,2006,2
gmane.comp.cms.cold-fusion.general,109,5450,en,98.2,98.2,2004,2005,3
gmane.comp.web.zope.plone.ingeniweb.devel,109,5450,en,45.0,45.0,2006,2019,13
gmane.mail.sylpheed.claws.general,109,5450,en,96.3,96.3,2002,2019,3
gmane.network.opennms.general,109,5450,en,97.2,97.2,2003,2018,4
gmane.os.freebsd.devel.net,109,5450,en,93.6,93.6,2002,2019,4
gmane.comp.apache.cvs,108,5400,en,88.0,88.0,2002,2019,9
gmane.comp.bios.edk2.devel,108,5400,en,99.1,99.1,2015,2019,2
gmane.comp.hardware.trs80.model100,108,5400,en,91.7,91.7,2000,2019,3
gmane.comp.java.activemq.user,108,5400,en,100.0,100.0,2005,2019,1
gmane.os.solaris.opensolaris.general,108,5400,en,99.1,99.1,2005,2011,2
gmane.comp.apache.incubator.directory.devel,107,5350,en,83.2,83.2,2005,2018,4
gmane.comp.jakarta.ant.user,107,5350,en,98.1,98.1,2002,2016,3
gmane.linux.kernel.janitors,107,5350,en,94.4,94.4,2003,2019,4
gmane.music.tangerine-dream,107,5350,en,100.0,100.0,2002,2016,1
gmane.network.dns.bind.user,107,5350,en,100.0,100.0,2003,2018,1
gmane.org.operators.frnog,107,5350,fr,97.2,1.9,2005,2019,3
gmane.science.biology.informatics.conductor,107,5350,en,100.0,100.0,2004,2014,1
gmane.comp.cad.brlcad.scm,106,5300,en,99.1,99.1,2005,2019,2
gmane.comp.cms.nuxeo.bugs,106,5300,it,47.2,47.2,2006,2012,5
gmane.comp.gnome.desktop,106,5300,en,99.1,99.1,2002,2018,2
gmane.comp.hardware.beagleboard.user,106,5300,en,99.1,99.1,2009,2013,2
gmane.comp.python.ideas,106,5300,en,100.0,100.0,2007,2019,1
gmane.emacs.cvs,106,5300,de,61.3,28.3,2002,2008,8
gmane.linux.laptop.olpc.sugar,106,5300,en,99.1,99.1,2006,2019,2
gmane.org.wikimedia.qa.alerts,106,5300,UNKNOWN,98.1,1.9,2014,2019,2
gmane.comp.apache.webservices.tuscany.devel,105,5250,en,90.5,90.5,2006,2018,6
gmane.comp.audio.audacity.devel,105,5250,en,100.0,100.0,2002,2018,1
gmane.comp.documentfoundation.libreoffice.user,105,5250,en,97.1,97.1,2010,2019,3
gmane.comp.file-systems.ceph.user,105,5250,en,100.0,100.0,2013,2019,1
gmane.comp.kde.devel.kmail,105,5250,en,94.3,94.3,2002,2008,3
gmane.comp.web.interchange.users,105,5250,en,100.0,100.0,2000,2018,1
gmane.culture.people.rohit-khare,105,5250,en,97.1,97.1,2002,2018,4
gmane.linux.altlinux.sisyphus.cybertalk,105,5250,en,79.0,79.0,2007,2018,7
gmane.linux.kernel.kernelnewbies,105,5250,en,95.2,95.2,2003,2018,6
gmane.linux.lfs.beyond.support,105,5250,en,98.1,98.1,2002,2019,3
gmane.os.netbsd.devel.kernel,105,5250,en,98.1,98.1,2002,2018,3
gmane.text.xml.exist,105,5250,en,98.1,98.1,2003,2019,2
gmane.comp.gis.geoserver.user,104,5200,en,100.0,100.0,2005,2018,1
gmane.comp.java.hadoop.pig.devel,104,5200,en,71.2,71.2,2009,2018,4
gmane.comp.java.jenkins.user,103,5150,en,98.1,98.1,2011,2019,3
gmane.comp.lang.caml.inria,103,5150,en,100.0,100.0,1997,2019,1
gmane.comp.python.django.brasil,103,5150,pt,95.1,0.0,2008,2019,5
gmane.comp.web.nginx.english,103,5150,en,96.1,96.1,2006,2019,5
gmane.org.user-groups.slug.general,103,5150,en,99.0,99.0,2002,2014,2
gmane.comp.db.postgresql.brasil.user,102,5100,pt,94.1,2.0,2006,2018,4
gmane.comp.python.django.devel,102,5100,en,99.0,99.0,2005,2019,2
gmane.comp.web.oscommerce.installation,102,5100,en,99.0,99.0,2002,2003,2
gmane.linux.ubuntu.user.spanish,102,5100,es,94.1,1.0,2004,2016,6
gmane.comp.db.monetdb.scm,101,5050,en,92.1,92.1,2007,2018,7
gmane.comp.db.postgresql.bugs,101,5050,en,100.0,100.0,2002,2019,1
gmane.comp.encryption.gpg.user,101,5050,en,100.0,100.0,2002,2018,1
gmane.comp.java.geronimo.cvs,101,5050,en,89.1,89.1,2003,2014,2
gmane.comp.java.jboss.devel,101,5050,en,89.1,89.1,2001,2006,4
gmane.comp.lang.scala.spark.user,101,5050,en,99.0,99.0,2013,2019,2
gmane.comp.monitoring.zenoss.user,101,5050,en,98.0,98.0,2006,2013,3
gmane.comp.freedesktop.xorg,100,5000,en,99.0,99.0,2005,2019,2
gmane.comp.graphics.scribus,100,5000,en,94.0,94.0,2004,2018,4
gmane.comp.handhelds.palm.datebk,100,5000,en,100.0,100.0,2003,2014,1
gmane.comp.python.brasil,100,5000,pt,98.0,1.0,2003,2011,3
gmane.comp.search.nutch.devel,100,5000,en,58.0,58.0,2004,2018,9
gmane.culture.backpacking.backpackgeartest,100,5000,en,99.0,99.0,2003,2014,2
gmane.linux.debian.devel.games.commits,100,5000,en,97.0,97.0,2006,2018,4
gmane.linux.debian.devel.gcc,100,5000,en,92.0,92.0,2002,2019,4
gmane.network.opennms.cvs,100,5000,en,91.0,91.0,2003,2019,5
gmane.org.user-groups.linux.italian.linuxtrent,100,5000,it,92.0,6.0,2005,2017,4
gmane.comp.cad.geda.user,99,4950,en,98.0,98.0,2005,2016,3
gmane.comp.java.netbeans.devel,99,4950,en,98.0,98.0,2000,2017,3
gmane.comp.mozilla.devel.webtools,99,4950,en,99.0,99.0,2002,2019,2
gmane.linux.debian.devel.python.modules,99,4950,en,98.0,98.0,2007,2019,3
gmane.linux.kernel.mmc,99,4950,en,97.0,97.0,2009,2019,4
gmane.org.user-groups.linux.portland,99,4950,en,99.0,99.0,2005,2019,2
gmane.comp.compilers.free-pascal.general,98,4900,en,98.0,98.0,2003,2019,3
gmane.comp.graphics.inkscape.devel,98,4900,en,100.0,100.0,2003,2018,1
gmane.comp.jakarta.log4j.devel,98,4900,en,88.8,88.8,2002,2017,5
gmane.comp.tex.macosx,98,4900,en,100.0,100.0,2004,2018,1
gmane.network.simulator.isi,98,4900,en,98.0,98.0,2002,2017,2
gmane.org.user-groups.linux.satlug,98,4900,en,98.0,98.0,2002,2015,2
gmane.text.xml.svg.devel,98,4900,en,96.9,96.9,2002,2012,4
gmane.comp.apache.incubator.bigtop.devel,97,4850,en,87.6,87.6,2013,2018,4
gmane.comp.apache.jackrabbit.devel,97,4850,en,76.3,76.3,2004,2019,7
gmane.comp.db.postgresql.admin,97,4850,en,97.9,97.9,2002,2019,3
gmane.comp.lang.javascript.qooxdoo.devel,97,4850,en,97.9,97.9,2005,2016,3
gmane.comp.python.chinese,97,4850,zh-cn,54.6,22.7,2004,2008,13
gmane.culture.region.new-york.nycindianslounge,97,4850,en,91.8,91.8,2005,2006,6
gmane.games.fps.halflife.server,97,4850,en,99.0,99.0,2005,2017,2
gmane.linux.debian.alioth.pkg-haskell-maintainers,97,4850,en,97.9,97.9,2013,2018,3
gmane.os.solaris.opensolaris.zfs,97,4850,en,100.0,100.0,2006,2013,1
gmane.comp.db.u2.general,96,4800,en,99.0,99.0,2004,2014,2
gmane.comp.emulators.qemu.block,96,4800,en,100.0,100.0,2015,2019,1
gmane.comp.gis.gdal.devel,96,4800,en,99.0,99.0,2003,2019,2
gmane.comp.handhelds.android.x86,96,4800,en,97.9,97.9,2010,2019,3
gmane.comp.lang.j.programming,96,4800,en,100.0,100.0,2006,2019,1
gmane.comp.misc.koha,96,4800,en,96.9,96.9,2003,2019,4
gmane.comp.security.basics,96,4800,en,100.0,100.0,2000,2014,1
gmane.os.netbsd.devel.packages,96,4800,en,96.9,96.9,2002,2019,4
gmane.comp.kde.devel.kdevelop,95,4750,en,96.8,96.8,2002,2019,4
gmane.comp.php.drupal.devel,95,4750,en,100.0,100.0,2003,2012,1
gmane.comp.php.pear.devel,95,4750,en,98.9,98.9,2002,2016,2
gmane.comp.web.egroupware.cvs,95,4750,en,86.3,86.3,2003,2016,8
gmane.comp.web.wordpress.devel,95,4750,en,98.9,98.9,2004,2014,2
gmane.culture.talk.lincoln-and-beyond,95,4750,en,90.5,90.5,2004,2010,2
gmane.os.netbsd.devel.pkgsrc.wip.cvs,95,4750,en,100.0,100.0,2003,2015,1
gmane.comp.emulators.spice.devel,94,4700,en,96.8,96.8,2010,2019,4
gmane.comp.hardware.texas-instruments.msp430.discuss,94,4700,en,98.9,98.9,2004,2015,2
gmane.comp.security.firewalls.netfilter.general,94,4700,en,100.0,100.0,2002,2018,1
gmane.ietf.i-d-announce,94,4700,en,100.0,100.0,2011,2019,1
gmane.linux.debian.devel.games.devel,94,4700,en,95.7,95.7,2006,2019,4
gmane.linux.drivers.dvb,94,4700,en,100.0,100.0,2003,2009,1
gmane.recreation.cars.saab.vintage,94,4700,en,98.9,98.9,2004,2018,2
gmane.comp.ai.weka,93,4650,en,98.9,98.9,2003,2019,2
gmane.comp.apache.felix.devel,93,4650,en,82.8,82.8,2007,2019,3
gmane.comp.gnome.mono.general,93,4650,en,97.8,97.8,2002,2016,3
gmane.comp.misc.oopic,93,4650,en,98.9,98.9,2004,2015,2
gmane.comp.systems.archos.rockbox.general,93,4650,en,98.9,98.9,2002,2014,2
gmane.comp.web.curl.library,93,4650,en,98.9,98.9,2002,2018,2
gmane.culture.region.china.budaya-tionghua,93,4650,id,93.5,3.2,2005,2018,4
gmane.linux.vdr,93,4650,en,100.0,100.0,2003,2014,1
gmane.mail.cgatepro.general,93,4650,en,98.9,98.9,2004,2016,2
gmane.mail.postfix.user.german,93,4650,de,83.9,11.8,2005,2019,6
gmane.org.user-groups.linux.phoenix,93,4650,en,100.0,100.0,2004,2019,1
gmane.user-groups.linux.london.gllug,93,4650,en,100.0,100.0,2003,2011,1
gmane.comp.apache.incubator.drill.devel,92,4600,en,94.6,94.6,2012,2019,4
gmane.comp.db.couchdb.devel,92,4600,en,88.0,88.0,2009,2019,5
gmane.comp.emulators.ovirt.infra,92,4600,en,84.8,84.8,2012,2019,5
gmane.comp.gnu.mingw.user,92,4600,en,100.0,100.0,2002,2016,1
gmane.comp.security.ipcop.user,92,4600,en,97.8,97.8,2003,2016,3
gmane.comp.video.ffmpeg.trac,92,4600,en,94.6,94.6,2011,2019,6
gmane.comp.web.phpgroupware.cvs,92,4600,en,80.4,80.4,2002,2010,8
gmane.comp.web.spip.zone,92,4600,fr,96.7,1.1,2006,2019,3
gmane.comp.web.turbogears,92,4600,en,98.9,98.9,2005,2014,2
gmane.linux.debian.ports.powerpc,92,4600,en,97.8,97.8,2002,2019,3
gmane.music.equipment.slimdevices.unix,92,4600,en,100.0,100.0,2005,2019,1
gmane.os.freenas.scm,92,4600,en,95.7,95.7,2011,2017,4
gmane.politics.activism.neurogreen,92,4600,it,90.2,5.4,2004,2019,4
gmane.user-groups.linux.ilug.general,92,4600,en,98.9,98.9,2003,2018,2
gmane.comp.apache.incubator.ooo.commits,91,4550,en,90.1,90.1,2011,2019,7
gmane.comp.gnu.guix.devel,91,4550,en,97.8,97.8,2013,2019,3
gmane.comp.lang.javascript.ecmascript4.general,91,4550,en,97.8,97.8,2007,2019,3
gmane.comp.lib.thrift.devel,91,4550,en,74.7,74.7,2010,2019,3
gmane.comp.video.blender.devel,91,4550,en,98.9,98.9,2002,2016,2
gmane.comp.web.css.discuss,91,4550,en,97.8,97.8,2002,2017,3
gmane.games.nomic.agora.discuss,91,4550,en,98.9,98.9,2007,2019,2
gmane.linux.debian.alioth.science-maintainers,91,4550,en,91.2,91.2,2014,2019,6
gmane.linux.debian.devel.tetex,91,4550,en,100.0,100.0,2002,2019,1
gmane.linux.kernel.cross-arch,91,4550,en,95.6,95.6,2008,2019,5
gmane.linux.ports.arm.msm,91,4550,en,100.0,100.0,2011,2019,1
gmane.linux.region.israel,91,4550,en,97.8,97.8,2002,2017,3
gmane.comp.kde.devel.kwrite,90,4500,en,95.6,95.6,2003,2019,4
gmane.comp.lang.javascript.angularjs,90,4500,en,97.8,97.8,2013,2019,3
gmane.comp.web.oscommerce.general,90,4500,en,98.9,98.9,2002,2003,2
gmane.linux.pardus.user,90,4500,tr,94.4,2.2,2007,2012,5
gmane.recreation.cars.nissan.e15et,90,4500,en,97.8,97.8,2000,2006,3
gmane.comp.gis.openstreetmap.tagging,89,4450,en,96.6,96.6,2009,2019,3
gmane.comp.gnome.mono.devel,89,4450,en,97.8,97.8,2003,2018,3
gmane.comp.java.imagej,89,4450,en,100.0,100.0,2004,2018,1
gmane.comp.python.sqlalchemy.user,89,4450,en,98.9,98.9,2006,2018,2
gmane.comp.security.ids.snort.general,89,4450,en,98.9,98.9,2002,2018,2
gmane.comp.sysutils.ansible,89,4450,en,98.9,98.9,2013,2019,2
gmane.editors.jedit.devel,89,4450,en,100.0,100.0,2002,2017,1
gmane.games.fps.halflife.hlds,89,4450,en,97.8,97.8,2004,2015,3
gmane.games.scrabble.uk,89,4450,en,96.6,96.6,2006,2018,3
gmane.mail.mutt.user,89,4450,en,96.6,96.6,2002,2018,4
gmane.comp.db.oracle.toad.free,88,4400,en,98.9,98.9,2002,2012,2
gmane.comp.embedded.openwrt.devel,88,4400,en,97.7,97.7,2007,2018,3
gmane.comp.jakarta.jmeter.user,88,4400,en,97.7,97.7,2002,2018,3
gmane.comp.telephony.pbx.sipfoundry.general,88,4400,en,100.0,100.0,2005,2012,1
gmane.culture.language.basque.itzul,88,4400,id,38.6,0.0,1999,2018,17
gmane.linux.kernel.next,88,4400,en,100.0,100.0,2008,2019,1
gmane.linux.lfs.support,88,4400,en,98.9,98.9,2002,2018,2
gmane.network.openldap.general,88,4400,en,98.9,98.9,2002,2010,2
gmane.os.apple.macports.user,88,4400,en,96.6,96.6,2006,2018,4
gmane.comp.cms.tiki.devel,87,4350,en,96.6,96.6,2003,2018,4
gmane.comp.lib.glibc.cvs,87,4350,en,71.3,71.3,2002,2018,4
gmane.comp.windows.off-topic,87,4350,en,100.0,100.0,2003,2010,1
gmane.editors.websphere.iseries,87,4350,en,98.9,98.9,2002,2019,2
gmane.linux.debian.devel.glibc,87,4350,en,94.3,94.3,2002,2018,5
gmane.linux.hardware.thinkpad,87,4350,en,100.0,100.0,2002,2015,1
gmane.comp.db.postgresql.performance,86,4300,en,97.7,97.7,2003,2019,3
gmane.comp.emulators.xen.cvs,86,4300,en,97.7,97.7,2005,2018,2
gmane.comp.gis.geoserver.devel,86,4300,en,82.6,82.6,2008,2019,6
gmane.comp.gnome.apps.gnucash.devel,86,4300,en,98.8,98.8,2000,2018,2
gmane.comp.java.openjdk.distro-packaging.devel,86,4300,en,88.4,88.4,2007,2018,6
gmane.comp.lib.qt.general,86,4300,en,97.7,97.7,2008,2011,3
gmane.comp.misc.ontology.protege.owl,86,4300,en,98.8,98.8,2004,2017,2
gmane.games.advanced-squad-leader,86,4300,en,100.0,100.0,2002,2015,1
gmane.linux.embedded.yocto.general,86,4300,en,98.8,98.8,2010,2019,2
gmane.os.freebsd.devel.gnome,86,4300,en,82.6,82.6,2002,2019,6
gmane.os.tinyos.users,86,4300,en,98.8,98.8,2005,2014,2
gmane.comp.lang.haxe.general,85,4250,en,98.8,98.8,2006,2011,2
gmane.comp.lib.itk.user,85,4250,en,100.0,100.0,2004,2017,1
gmane.comp.tex.live,85,4250,en,100.0,100.0,1999,2019,1
gmane.linux.debian.devel.www,85,4250,en,85.9,85.9,2002,2019,9
gmane.linux.hardware.dell.poweredge,85,4250,en,97.6,97.6,2002,2016,3
gmane.os.netbsd.general,85,4250,en,97.6,97.6,2002,2019,3
gmane.comp.file-systems.ceph.devel,84,4200,en,100.0,100.0,2010,2018,1
gmane.comp.gnu.lilypond.bugs,84,4200,en,98.8,98.8,2003,2019,2
gmane.comp.lang.r.devel,84,4200,en,100.0,100.0,2004,2018,1
gmane.comp.package-management.openpkg.cvs,84,4200,UNKNOWN,86.9,10.7,2001,2009,4
gmane.comp.web.blink.devel,84,4200,en,98.8,98.8,2013,2019,2
gmane.org.w3c.whatwg.discuss,84,4200,en,100.0,100.0,2004,2016,1
gmane.org.wikimedia.mediawiki,84,4200,en,97.6,97.6,2004,2016,2
gmane.recreation.canals,84,4200,en,95.2,95.2,2006,2018,4
gmane.comp.gis.qgis.user,83,4150,en,92.8,92.8,2006,2018,4
gmane.comp.hardware.vintage,83,4150,en,100.0,100.0,2015,2019,1
gmane.comp.lang.smalltalk.pharo.user,83,4150,en,97.6,97.6,2010,2019,3
gmane.comp.video.video4linux,83,4150,en,98.8,98.8,2002,2010,2
gmane.culture.religion.jewish.avodah,83,4150,en,98.8,98.8,2005,2019,2
gmane.linux.busybox,83,4150,en,100.0,100.0,2002,2019,1
gmane.linux.debian.devel.gnome.scm,83,4150,en,78.3,78.3,2007,2017,9
gmane.linux.debian.devel.openoffice,83,4150,en,96.4,96.4,2002,2019,4
gmane.linux.distributions.lunar.cvs,83,4150,en,97.6,97.6,2005,2014,3
gmane.mail.qmail.toaster,83,4150,en,95.2,95.2,2004,2019,4
gmane.comp.emulators.m5.devel,82,4100,en,93.9,93.9,2008,2019,3
gmane.comp.lang.dart.general,82,4100,en,98.8,98.8,2011,2018,2
gmane.comp.lib.qt.ci-reports,82,4100,en,98.8,98.8,2012,2015,2
gmane.comp.php.documentation.general,82,4100,en,92.7,92.7,2002,2018,6
gmane.games.spielfrieks,82,4100,en,98.8,98.8,2003,2018,2
gmane.ietf.general,82,4100,en,98.8,98.8,2002,2011,2
gmane.music.equipment.reaktor,82,4100,en,69.5,69.5,2002,2016,4
gmane.comp.apache.mahout.devel,81,4050,en,64.2,64.2,2008,2017,5
gmane.comp.jakarta.poi.devel,81,4050,en,90.1,90.1,2002,2019,3
gmane.comp.java.drools.user,81,4050,en,100.0,100.0,2004,2014,1
gmane.comp.java.maven-plugins.mojo.devel,81,4050,en,56.8,56.8,2006,2018,5
gmane.comp.java.sonar.general,81,4050,en,96.3,96.3,2009,2015,3
gmane.comp.mathematics.sage.support,81,4050,en,98.8,98.8,2006,2018,2
gmane.comp.python.leo.general,81,4050,en,98.8,98.8,2008,2019,2
gmane.linux.debian.devel.ruby.extras,81,4050,en,97.5,97.5,2008,2019,3
gmane.music.equipment.slimdevices.beta,81,4050,en,97.5,97.5,2005,2019,3
gmane.comp.db.firebird.russian,80,4000,ru,76.2,3.8,2006,2011,8
gmane.comp.gdb.cvs,80,4000,en,53.8,53.8,2002,2019,8
gmane.comp.lang.gambas.user,80,4000,en,98.8,98.8,2008,2017,2
gmane.comp.security.virus.clamav.user,80,4000,en,98.8,98.8,2003,2017,2
gmane.editors.textmate.general,80,4000,en,98.8,98.8,2004,2018,2
gmane.linux.alsa.user,80,4000,en,100.0,100.0,2002,2018,1
gmane.linux.terminal-server.x2go.scm,80,4000,en,98.8,98.8,2011,2019,2
gmane.mail.spam.spamassassin.cvs,80,4000,en,92.5,92.5,2002,2019,4
gmane.mail.virus.amavis.user,80,4000,en,100.0,100.0,2002,2016,1
gmane.music.equipment.slimdevices.beginners,80,4000,en,100.0,100.0,2005,2019,1
gmane.network.tor.user,80,4000,en,100.0,100.0,2005,2018,1
gmane.comp.horde.user,79,3950,en,98.7,98.7,2002,2018,2
gmane.comp.java.sun.rule-engines,79,3950,en,50.6,50.6,2003,2006,7
gmane.comp.lang.c++.isocpp.proposals,79,3950,en,98.7,98.7,2012,2018,2
gmane.comp.misc.ptx,79,3950,en,100.0,100.0,2003,2019,1
gmane.comp.otrs.user,79,3950,en,87.3,87.3,2003,2018,4
gmane.comp.sysutils.systemd.devel,79,3950,en,100.0,100.0,2010,2018,1
gmane.comp.web.haproxy,79,3950,en,87.3,87.3,2009,2019,3
gmane.comp.web.selenium.user,79,3950,en,100.0,100.0,2005,2019,1
gmane.linux.arch.tur.user,79,3950,en,100.0,100.0,2005,2018,1
gmane.linux.kernel.lsm,79,3950,en,98.7,98.7,2005,2018,2
gmane.linux.ubuntu.french,79,3950,fr,98.7,1.3,2004,2014,2
gmane.science.philosophy.region.europe,79,3950,en,97.5,97.5,2012,2019,2
gmane.comp.cms.opencms.devel,78,3900,en,98.7,98.7,2003,2016,2
gmane.comp.freedesktop.wayland.devel,78,3900,en,98.7,98.7,2011,2019,2
gmane.comp.java.hudson.devel,78,3900,en,98.7,98.7,2009,2019,2
gmane.comp.mozilla.devel.os2,78,3900,en,98.7,98.7,2002,2016,2
gmane.comp.version-control.subversion.trac.general,78,3900,en,98.7,98.7,2004,2019,2
gmane.comp.video.mplayer.devel,78,3900,en,100.0,100.0,2002,2007,1
gmane.comp.web.egroupware.german,78,3900,de,91.0,7.7,2004,2017,3
gmane.games.nigglybits,78,3900,en,98.7,98.7,2001,2008,2
gmane.linux.drivers.i2c,78,3900,en,98.7,98.7,2008,2019,2
gmane.linux.redhat.install,78,3900,en,100.0,100.0,2002,2009,1
gmane.linux.redhat.sssd.devel,78,3900,en,92.3,92.3,2009,2018,7
gmane.lisp.scheme.plt,78,3900,en,100.0,100.0,2002,2018,1
gmane.mail.imap.cyrus,78,3900,en,94.9,94.9,2002,2019,4
gmane.os.freebsd.devel.documentation,78,3900,en,87.2,87.2,2002,2019,4
gmane.os.solaris.solarisx86,78,3900,en,100.0,100.0,2004,2017,1
gmane.comp.apache.uima.devel,77,3850,en,67.5,67.5,2007,2019,6
gmane.comp.gnu.binutils.cvs,77,3850,UNKNOWN,64.9,33.8,2003,2019,3
gmane.comp.java.jasig.cas.user,77,3850,en,97.4,97.4,2006,2019,3
gmane.comp.lang.swift.evolution,77,3850,en,98.7,98.7,2015,2018,2
gmane.comp.python.pywikipediabot.bugs,77,3850,en,51.9,51.9,2009,2019,5
gmane.linux.kernel.iio,77,3850,en,96.1,96.1,2011,2019,3
gmane.org.user-groups.linux.alug,77,3850,en,100.0,100.0,2001,2009,1
gmane.os.apple.fink.general,77,3850,en,100.0,100.0,2002,2015,1
gmane.comp.audio.csound.user,76,3800,en,97.4,97.4,2005,2019,3
gmane.comp.gis.postgis,76,3800,en,100.0,100.0,2004,2019,1
gmane.comp.java.harmony.devel,76,3800,en,97.4,97.4,2005,2009,3
gmane.comp.lang.d.announce,76,3800,en,94.7,94.7,2009,2019,4
gmane.comp.lang.haskell.ghc.scm,76,3800,en,94.7,94.7,2013,2019,5
gmane.comp.lib.gnulib.bugs,76,3800,en,98.7,98.7,2003,2019,2
gmane.comp.lib.qt.devel,76,3800,en,100.0,100.0,2011,2019,1
gmane.comp.web.zope.german,76,3800,de,97.4,1.3,2002,2011,3
gmane.culture.libraries.inetbib,76,3800,de,90.8,9.2,2004,2018,2
gmane.games.flightgear.cvc,76,3800,en,92.1,92.1,2002,2010,4
gmane.linux.mageia.devel,76,3800,en,100.0,100.0,2010,2019,1
gmane.network.opendataplane,76,3800,en,94.7,94.7,2014,2018,4
gmane.org.user-groups.programming.shell.brazil,76,3800,pt,96.1,2.6,2000,2018,3
gmane.politics.organizations.metareciclagem,76,3800,pt,94.7,0.0,2005,2011,5
gmane.comp.apache.openoffice.scm,75,3750,en,88.0,88.0,2012,2019,6
gmane.comp.file-systems.openafs.general,75,3750,en,98.7,98.7,2002,2018,2
gmane.comp.gdb.devel,75,3750,en,100.0,100.0,2002,2018,1
gmane.comp.gnome.gaim.cvs,75,3750,en,97.3,97.3,2003,2016,3
gmane.comp.internationalization.dansk,75,3750,da,62.7,24.0,2002,2019,6
gmane.comp.java.htmlunit.devel,75,3750,en,94.7,94.7,2004,2018,4
gmane.comp.sysutils.tivoli.general,75,3750,en,98.7,98.7,2003,2013,2
gmane.linux.kernel.gpio,75,3750,en,100.0,100.0,2013,2019,1
gmane.linux.ubuntu.devel,75,3750,en,100.0,100.0,2004,2017,1
gmane.network.wireshark.devel,75,3750,en,98.7,98.7,2006,2019,2
gmane.org.wikimedia.mediawiki.codereview,75,3750,en,100.0,100.0,2011,2012,1
gmane.os.apple.macports.devel,75,3750,en,98.7,98.7,2007,2019,2
gmane.os.apple.osx.german,75,3750,de,97.3,0.0,2003,2006,3
gmane.text.xml.fop.user,75,3750,en,97.3,97.3,2002,2016,3
gmane.comp.archivers.amanda.user,74,3700,en,97.3,97.3,2003,2018,3
gmane.comp.hardware.netbook.arm.sunxi,74,3700,en,98.6,98.6,2013,2019,2
gmane.comp.java.mule.user,74,3700,en,89.2,89.2,2005,2012,2
gmane.comp.java.servicemix.scm,74,3700,en,90.5,90.5,2008,2019,8
gmane.comp.voip.opensips.user,74,3700,en,100.0,100.0,2008,2019,1
gmane.linux.drivers.hostap,74,3700,en,100.0,100.0,2003,2019,1
gmane.linux.highavailability.user,74,3700,en,100.0,100.0,2003,2013,1
gmane.mail.squirrelmail.user,74,3700,en,97.3,97.3,2002,2012,2
gmane.music.equipment.slimdevices.touch,74,3700,en,100.0,100.0,2009,2018,1
gmane.network.mrtg.user,74,3700,en,100.0,100.0,1999,2016,1
gmane.network.net-snmp.user,74,3700,en,100.0,100.0,2003,2018,1
gmane.science.linguistics.wikipedia.polski,74,3700,pl,97.3,2.7,2002,2013,2
gmane.comp.debugging.valgrind.devel,73,3650,en,94.5,94.5,2007,2019,4
gmane.comp.java.openjdk.hotspot.devel,73,3650,en,98.6,98.6,2007,2019,2
gmane.comp.java.wicket.devel,73,3650,en,94.5,94.5,2004,2018,5
gmane.comp.kde.freebsd,73,3650,en,93.2,93.2,2003,2019,3
gmane.comp.python.scientific.user,73,3650,en,98.6,98.6,2002,2016,2
gmane.comp.python.twisted.commits,73,3650,en,100.0,100.0,2004,2016,1
gmane.comp.telephony.fax.hylafax.user,73,3650,en,98.6,98.6,2002,2017,2
gmane.comp.web.zope.silva.cvs,73,3650,en,95.9,95.9,2003,2013,4
gmane.linux.kernel.cryptoapi,73,3650,en,98.6,98.6,2007,2019,2
gmane.linux.ports.tegra,73,3650,en,100.0,100.0,2011,2019,1
gmane.mail.imap.courier.general,73,3650,en,100.0,100.0,2002,2018,1
gmane.science.robotics.it.roboteck,73,3650,it,94.5,2.7,2006,2013,3
gmane.user-groups.linux.mumbai,73,3650,en,98.6,98.6,2003,2019,2
gmane.comp.apache.cxf.user,72,3600,en,98.6,98.6,2009,2018,2
gmane.comp.clustering.beowulf.general,72,3600,en,100.0,100.0,2006,2019,1
gmane.comp.encryption.openssl.devel,72,3600,en,97.2,97.2,2002,2017,3
gmane.comp.version-control.mercurial.general,72,3600,en,98.6,98.6,2006,2018,2
gmane.network.openvpn.user,72,3600,en,97.2,97.2,2003,2019,3
gmane.comp.apache.mod-perl,71,3550,en,97.2,97.2,2002,2018,3
gmane.comp.audio.csound.devel,71,3550,en,98.6,98.6,2004,2018,2
gmane.comp.ide.mseide.user,71,3550,en,94.4,94.4,2006,2019,5
gmane.comp.lang.c.general,71,3550,en,98.6,98.6,2004,2013,2
gmane.comp.search.elasticsearch.user,71,3550,en,98.6,98.6,2011,2015,2
gmane.comp.sysutils.backup.backuppc.general,71,3550,en,100.0,100.0,2004,2019,1
gmane.comp.web.egroupware.user,71,3550,en,97.2,97.2,2004,2017,3
gmane.comp.web.flash.red5,71,3550,en,98.6,98.6,2006,2010,2
gmane.linux.debian.backports.changes,71,3550,en,85.9,85.9,2010,2019,6
gmane.linux.kernel.device-mapper.devel,71,3550,en,98.6,98.6,2005,2019,2
gmane.linux.laptop.olpc.devel,71,3550,en,98.6,98.6,2006,2015,2
gmane.linux.skolelinux.devel,71,3550,en,98.6,98.6,2003,2019,2
gmane.os.illumos.devel,71,3550,en,100.0,100.0,2010,2019,1
gmane.comp.hardware.rabbit-semiconductor,70,3500,en,100.0,100.0,2002,2016,1
gmane.comp.jakarta.jetspeed.devel,70,3500,en,97.1,97.1,2002,2014,3
gmane.comp.networking.rabbitmq.general,70,3500,en,100.0,100.0,2009,2014,1
gmane.comp.parsers.antlr-interest,70,3500,en,100.0,100.0,2004,2012,1
gmane.comp.python.matplotlib.general,70,3500,en,100.0,100.0,2005,2017,1
gmane.comp.security.firewalls.m0n0wall,70,3500,en,100.0,100.0,2003,2010,1
gmane.comp.version-control.subversion.tortoisesvn.user,70,3500,en,98.6,98.6,2006,2016,2
gmane.emacs.xemacs.beta,70,3500,en,98.6,98.6,2002,2014,2
gmane.games.cfextended.cvs,70,3500,pt,54.3,38.6,2006,2018,4
gmane.linux.lfs.beyond.devel,70,3500,en,97.1,97.1,2002,2019,3
gmane.linux.pld.devel.polish,70,3500,pl,85.7,11.4,2005,2013,4
gmane.org.user-groups.linux.brazil.slackware,70,3500,pt,90.0,1.4,2004,2013,5
gmane.org.user-groups.linux.bxlug.user,70,3500,fr,95.7,1.4,2004,2017,4
gmane.comp.apache.camel.user,69,3450,en,98.6,98.6,2012,2019,2
gmane.comp.apache.cloudstack.devel,69,3450,en,91.3,91.3,2012,2014,4
gmane.comp.apache.openoffice.devel,69,3450,en,97.1,97.1,2012,2018,3
gmane.comp.cms.xaraya.bugs,69,3450,en,87.0,87.0,2003,2009,3
gmane.comp.db.oracle.general,69,3450,en,100.0,100.0,2010,2015,1
gmane.comp.horde.scm,69,3450,en,98.6,98.6,2009,2018,2
gmane.comp.kde.devel.core.bugs,69,3450,en,73.9,73.9,2008,2019,4
gmane.linux.drivers.sensors,69,3450,en,98.6,98.6,2005,2015,2
gmane.linux.ubuntu.user.british,69,3450,en,95.7,95.7,2006,2018,3
gmane.network.jabber.standards-jig,69,3450,en,98.6,98.6,2002,2019,2
gmane.network.nsp.juniper,69,3450,en,98.6,98.6,2002,2017,2
gmane.sports.speedskating,69,3450,en,92.8,92.8,2003,2016,6
gmane.comp.gcc.libstdc++.devel,68,3400,en,100.0,100.0,2002,2019,1
gmane.comp.gnome.lib.gtk+.devel.apps,68,3400,en,100.0,100.0,2002,2018,1
gmane.comp.java.openjdk.hotspot.runtime.devel,68,3400,en,94.1,94.1,2009,2019,4
gmane.comp.php.zend.framework.general,68,3400,en,100.0,100.0,2006,2015,1
gmane.comp.security.shorewall,68,3400,en,100.0,100.0,2004,2018,1
gmane.comp.windows.power-pro,68,3400,en,100.0,100.0,2002,2017,1
gmane.linux.kernel.api,68,3400,en,100.0,100.0,2009,2019,1
gmane.music.equipment.slimdevices.slimserver.german,68,3400,de,100.0,0.0,2005,2016,1
gmane.os.freebsd.devel.cvs.doc,68,3400,en,91.2,91.2,2004,2018,6
gmane.recreation.bicycle.wattage,68,3400,en,97.1,97.1,2005,2008,3
gmane.text.xml.fop.devel,68,3400,en,94.1,94.1,2002,2017,3
gmane.comp.file-systems.gluster.user,67,3350,en,100.0,100.0,2009,2019,1
gmane.comp.gnome.internationalization.general,67,3350,en,95.5,95.5,2002,2018,4
gmane.comp.gnome.mono.cvs,67,3350,en,89.6,89.6,2002,2005,4
gmane.comp.misc.misterhouse.user,67,3350,en,98.5,98.5,2002,2018,2
gmane.comp.mobile.kannel.user,67,3350,en,98.5,98.5,2001,2018,2
gmane.comp.systems.archos.rockbox.cvs,67,3350,en,95.5,95.5,2002,2013,4
gmane.mail.spam.spamassassin.sightings,67,3350,en,70.1,70.1,1999,2003,7
gmane.os.solaris.managers,67,3350,en,98.5,98.5,2002,2014,2
gmane.comp.apache.directory.mina.devel,66,3300,en,86.4,86.4,2006,2018,4
gmane.comp.gnome.mono.bugs,66,3300,en,81.8,81.8,2008,2011,4
gmane.comp.jakarta.ant.scm,66,3300,en,86.4,86.4,2007,2019,4
gmane.comp.java.jdbforms.interest,66,3300,en,40.9,40.9,2004,2016,7
gmane.comp.java.openjdk.hotspot.compiler.devel,66,3300,en,97.0,97.0,2008,2019,3
gmane.comp.security.firewalls.kerio,66,3300,en,89.4,89.4,2002,2016,5
gmane.comp.video.gimp.user,66,3300,en,98.5,98.5,2003,2018,2
gmane.comp.web.squid.devel,66,3300,en,75.8,75.8,2003,2018,9
gmane.comp.web.wiki.xwiki.devel,66,3300,en,95.5,95.5,2006,2018,4
gmane.culture.religion.advaita,66,3300,en,97.0,97.0,2007,2019,2
gmane.games.railroad-18xx,66,3300,en,98.5,98.5,2005,2019,2
gmane.linux.debian.devel.education,66,3300,en,98.5,98.5,2004,2019,2
gmane.mail.the-bat.user,66,3300,en,100.0,100.0,2004,2017,1
gmane.org.user-groups.linux.provo.plug,66,3300,en,100.0,100.0,2005,2018,1
gmane.comp.db.dspace.user,65,3250,en,100.0,100.0,2007,2015,1
gmane.comp.java.servicemix.devel,65,3250,en,78.5,78.5,2005,2018,6
gmane.comp.kde.devel.konsole,65,3250,en,83.1,83.1,2002,2019,5
gmane.comp.kde.kmymoney2.devel,65,3250,en,98.5,98.5,2005,2018,2
gmane.comp.python.enthought.devel,65,3250,en,100.0,100.0,2005,2013,1
gmane.comp.telephony.pbx.asterisk.biz,65,3250,en,98.5,98.5,2005,2018,2
gmane.comp.web.zope.plone.devel,65,3250,en,98.5,98.5,2003,2019,2
gmane.linux.file-systems.zfs.user,65,3250,en,100.0,100.0,2011,2019,1
gmane.linux.gentoo.user.german,65,3250,de,98.5,0.0,2003,2013,2
gmane.comp.calendars.pimlical,64,3200,en,100.0,100.0,2008,2019,1
gmane.comp.distributed.condor.user,64,3200,en,100.0,100.0,2004,2017,1
gmane.comp.handhelds.linux.familiar,64,3200,en,93.8,93.8,2000,2009,4
gmane.comp.horde.imp,64,3200,en,100.0,100.0,2002,2016,1
gmane.comp.lib.fltk.general,64,3200,en,100.0,100.0,2004,2018,1
gmane.comp.python.pyqt-pykde,64,3200,en,98.4,98.4,2004,2018,2
gmane.culture.cars.volkswagen.diesel,64,3200,en,98.4,98.4,2003,2016,2
gmane.culture.sf.killerbs,64,3200,en,100.0,100.0,2004,2011,1
gmane.linux.audio.devel,64,3200,en,98.4,98.4,2003,2014,2
gmane.linux.debian.devel.legal,64,3200,en,100.0,100.0,2002,2019,1
gmane.linux.debian.user.polish,64,3200,pl,87.5,4.7,2002,2017,6
gmane.linux.pld.user.polish,64,3200,pl,98.4,0.0,2005,2018,2
gmane.linux.redhat.fedora.extras.general,64,3200,en,98.4,98.4,2005,2007,2
gmane.network.freenet.devel,64,3200,en,100.0,100.0,2003,2018,1
gmane.org.user-groups.linux.new-zealand.general,64,3200,en,100.0,100.0,2003,2010,1
gmane.os.cygwin.applications,64,3200,en,100.0,100.0,2002,2018,1
gmane.science.linguistics.wikipedia.misc,64,3200,en,96.9,96.9,2001,2008,3
gmane.comp.audio.jackit,63,3150,en,100.0,100.0,2002,2019,1
gmane.comp.boot-loaders.barebox,63,3150,en,96.8,96.8,2012,2019,3
gmane.comp.debugging.openocd.devel,63,3150,en,100.0,100.0,2008,2018,1
gmane.comp.freedesktop.amd-gfx,63,3150,en,95.2,95.2,2016,2019,4
gmane.comp.freedesktop.xorg.cvs,63,3150,en,93.7,93.7,2004,2018,4
gmane.comp.genealogy.gramps.user,63,3150,en,98.4,98.4,2004,2018,2
gmane.comp.gis.gvsig.user.es,63,3150,es,98.4,1.6,2006,2018,2
gmane.comp.gis.openstreetmap.devel,63,3150,en,98.4,98.4,2005,2017,2
gmane.comp.handhelds.android.general,63,3150,en,100.0,100.0,2008,2017,1
gmane.comp.java.servicemix.user,63,3150,en,98.4,98.4,2005,2015,2
gmane.comp.lang.scala,63,3150,en,95.2,95.2,2004,2016,3
gmane.comp.lib.qt.user,63,3150,en,98.4,98.4,2012,2019,2
gmane.comp.parsers.spirit.general,63,3150,en,100.0,100.0,2002,2018,1
gmane.comp.programming.akka,63,3150,en,100.0,100.0,2012,2018,1
gmane.linux.kernel.clk,63,3150,en,98.4,98.4,2015,2019,2
gmane.linux.kernel.virtualization,63,3150,en,98.4,98.4,2007,2019,2
gmane.org.region.holland.vaart,63,3150,nl,100.0,0.0,2007,2016,1
gmane.politics.activism.zpajol,63,3150,fr,95.2,3.2,1998,2014,3
gmane.comp.audio.pulseaudio.general,62,3100,en,98.4,98.4,2007,2019,2
gmane.comp.clustering.open-mpi.user,62,3100,en,98.4,98.4,2007,2019,2
gmane.comp.db.postgresql.pgadmin.devel,62,3100,en,90.3,90.3,2005,2019,5
gmane.comp.db.postgresql.sql,62,3100,en,98.4,98.4,2002,2013,2
gmane.comp.encryption.general,62,3100,en,100.0,100.0,2002,2019,1
gmane.comp.genealogy.gramps.devel,62,3100,en,100.0,100.0,2004,2019,1
gmane.comp.handhelds.android.platform,62,3100,en,100.0,100.0,2008,2015,1
gmane.comp.kde.devel.internationalization-and-documentation,62,3100,en,95.2,95.2,2002,2018,4
gmane.comp.lang.javascript.yui,62,3100,en,100.0,100.0,2007,2010,1
gmane.comp.programming.test-driven-development,62,3100,en,100.0,100.0,2002,2016,1
gmane.comp.science.paraview.user,62,3100,en,96.8,96.8,2008,2018,3
gmane.comp.version-control.arch.user,62,3100,en,95.2,95.2,2002,2006,2
gmane.ietf.ipv6,62,3100,en,100.0,100.0,2002,2016,1
gmane.linux.network.networkmanager.devel,62,3100,en,98.4,98.4,2004,2019,2
gmane.linux.terminal-server.general,62,3100,en,96.8,96.8,2003,2019,3
gmane.org.user-groups.clug,62,3100,en,100.0,100.0,2002,2014,1
gmane.os.haiku.devel,62,3100,en,96.8,96.8,2008,2018,3
gmane.os.qubes.user,62,3100,en,100.0,100.0,2013,2019,1
gmane.comp.jakarta.commons.user,61,3050,en,98.4,98.4,2002,2015,2
gmane.comp.java.ofbiz.scm,61,3050,en,95.1,95.1,2008,2019,2
gmane.comp.lang.haskell.cvs.all,61,3050,en,95.1,95.1,2002,2006,3
gmane.comp.mozilla.devel.seamonkey,61,3050,en,98.4,98.4,2003,2015,2
gmane.comp.php.pear.general,61,3050,en,100.0,100.0,2002,2013,1
gmane.comp.printing.cups.general,61,3050,en,95.1,95.1,2003,2019,4
gmane.comp.python.sympy,61,3050,en,98.4,98.4,2007,2019,2
gmane.comp.web.zope.devel,61,3050,en,95.1,95.1,2002,2016,4
gmane.education.german.schul-netz,61,3050,de,98.4,0.0,2002,2013,2
gmane.linux.kernel.spi.devel,61,3050,en,90.2,90.2,2008,2019,3
gmane.linux.pve.devel,61,3050,en,95.1,95.1,2012,2019,3
gmane.linux.redhat.fedora.fonts.bugs,61,3050,en,93.4,93.4,2008,2018,2
gmane.linux.serial,61,3050,en,98.4,98.4,2006,2019,2
gmane.network.zeromq.devel,61,3050,en,100.0,100.0,2010,2019,1
gmane.org.w3c.appformats,61,3050,en,96.7,96.7,2006,2014,3
gmane.os.macosx.nutters.general,61,3050,en,96.7,96.7,2004,2012,3
gmane.os.midnightbsd.cvs,61,3050,en,57.4,57.4,2008,2019,9
gmane.recreation.pescasub.italian,61,3050,it,95.1,1.6,2005,2008,4
gmane.comp.apache.tika.devel,60,3000,en,70.0,70.0,2007,2019,5
gmane.comp.cms.documentum.user,60,3000,en,95.0,95.0,2004,2014,3
gmane.comp.gnu.lilypond.auto,60,3000,en,98.3,98.3,2012,2019,2
gmane.comp.hardware.usrp.e100,60,3000,en,100.0,100.0,2011,2019,1
gmane.comp.lang.harbour.devel,60,3000,en,100.0,100.0,2008,2010,1
gmane.comp.lang.smalltalk.squeak.seaside,60,3000,en,96.7,96.7,2004,2019,3
gmane.comp.programming.algogeeks,60,3000,en,91.7,91.7,2009,2013,6
gmane.comp.security.ids.snort.emerging-sigs,60,3000,en,100.0,100.0,2009,2019,1
gmane.comp.security.selinux,60,3000,en,100.0,100.0,2007,2017,1
gmane.comp.version-control.repo,60,3000,en,100.0,100.0,2012,2019,1
gmane.comp.video.mplayer.user,60,3000,en,100.0,100.0,2002,2004,1
gmane.ietf.http-wg,60,3000,en,98.3,98.3,2008,2017,2
gmane.linux.debian.devel.lint.devel,60,3000,en,98.3,98.3,2007,2019,2
gmane.linux.debian.user.kde,60,3000,en,93.3,93.3,2002,2014,5
gmane.linux.distributions.trisquel.user.spanish,60,3000,es,86.7,6.7,2009,2018,4
gmane.linux.kernel.containers,60,3000,en,98.3,98.3,2007,2017,2
gmane.linux.kernel.iommu,60,3000,en,100.0,100.0,2012,2019,1
gmane.network.vnc.user,60,3000,en,100.0,100.0,2002,2012,1
gmane.os.miros.cvs,60,3000,en,95.0,95.0,2004,2017,2
gmane.os.opendarwin.webkit.devel,60,3000,en,98.3,98.3,2007,2018,2
gmane.science.philosophy.fallible-ideas,60,3000,en,100.0,100.0,2013,2019,1
gmane.comp.gnu.binutils.bugs,59,2950,en,83.1,83.1,2004,2019,2
gmane.comp.gnu.core-utils.bugs,59,2950,en,98.3,98.3,2003,2016,2
gmane.comp.handhelds.maemo.devel,59,2950,en,96.6,96.6,2005,2012,3
gmane.comp.literature.sword.devel,59,2950,en,98.3,98.3,2002,2019,2
gmane.comp.openoffice.questions,59,2950,en,86.4,86.4,2005,2011,4
gmane.comp.printing.ghostscript.regression,59,2950,en,100.0,100.0,2003,2017,1
gmane.comp.web.catalyst.general,59,2950,en,98.3,98.3,2005,2016,2
gmane.comp.web.chromium.general,59,2950,en,100.0,100.0,2008,2016,1
gmane.culture.region.indonesia.sunda,59,2950,id,89.8,6.8,2005,2015,4
gmane.culture.studies.history.costume,59,2950,en,100.0,100.0,2005,2013,1
gmane.games.devel.go,59,2950,en,100.0,100.0,2004,2018,1
gmane.ietf.v6ops,59,2950,en,98.3,98.3,2002,2017,2
gmane.linux.debian.devel.javascript,59,2950,en,96.6,96.6,2011,2019,3
gmane.linux.kernel.renesas-soc,59,2950,en,100.0,100.0,2016,2019,1
gmane.music.equipment.slimdevices.devel,59,2950,en,98.3,98.3,2004,2018,2
gmane.org.user-groups.linux.philippine,59,2950,en,96.6,96.6,2003,2016,3
gmane.os.freebsd.devel.file-systems,59,2950,en,98.3,98.3,2003,2019,2
gmane.comp.apache.incubator.atlas.devel,58,2900,en,67.2,67.2,2015,2019,3
gmane.comp.apache.kafka.user,58,2900,en,100.0,100.0,2014,2019,1
gmane.comp.db.couchdb.user,58,2900,en,98.3,98.3,2008,2019,2
gmane.comp.freedesktop.xorg.nouveau,58,2900,en,96.6,96.6,2007,2018,3
gmane.comp.groupware.sogo.user,58,2900,en,87.9,87.9,2010,2017,3
gmane.comp.hardware.ibm.thinkpad,58,2900,en,100.0,100.0,2004,2012,1
gmane.comp.java.webwork.devel,58,2900,zh-cn,62.1,24.1,2002,2015,7
gmane.comp.kde.devel.kfm,58,2900,en,94.8,94.8,2002,2019,3
gmane.comp.kde.devel.okular,58,2900,en,89.7,89.7,2008,2019,2
gmane.comp.kde.digikam.user,58,2900,en,98.3,98.3,2004,2019,2
gmane.comp.lib.boost.build,58,2900,en,100.0,100.0,2002,2018,1
gmane.comp.linux.drbd,58,2900,en,100.0,100.0,2001,2018,1
gmane.comp.mozilla.firefox.firebug,58,2900,en,98.3,98.3,2007,2017,2
gmane.comp.php.database,58,2900,en,98.3,98.3,2002,2014,2
gmane.comp.python.twisted,58,2900,en,98.3,98.3,2002,2016,2
gmane.comp.web.wiki.xwiki.user,58,2900,en,98.3,98.3,2007,2017,2
gmane.education.ezproxy,58,2900,en,98.3,98.3,2004,2017,2
gmane.linux.davinci,58,2900,en,98.3,98.3,2006,2015,2
gmane.music.jorgan.user,58,2900,en,100.0,100.0,2009,2018,1
gmane.org.freifunk.berlin,58,2900,de,93.1,3.4,2007,2019,4
gmane.os.apple.fink.tracker,58,2900,en,100.0,100.0,2004,2017,1
gmane.recreation.radio.hcdx,58,2900,en,93.1,93.1,2007,2019,3
gmane.comp.gis.openstreetmap.mkgmap.devel,57,2850,en,98.2,98.2,2009,2019,2
gmane.comp.gnome.gtkmm,57,2850,en,100.0,100.0,2002,2018,1
gmane.comp.hardware.toshiba.pocket-pc,57,2850,en,54.4,54.4,2003,2016,3
gmane.comp.ide.eclipse.cdt.devel,57,2850,en,98.2,98.2,2005,2018,2
gmane.comp.lang.elm.general,57,2850,en,100.0,100.0,2013,2017,1
gmane.comp.python.weewx.user,57,2850,en,96.5,96.5,2015,2019,3
gmane.comp.security.nmap.devel,57,2850,en,100.0,100.0,2003,2017,1
gmane.comp.sysutils.puppet.devel,57,2850,en,87.7,87.7,2006,2017,3
gmane.comp.video.gimp.devel,57,2850,en,96.5,96.5,2000,2018,3
gmane.comp.web.flash.papervision,57,2850,en,100.0,100.0,2007,2010,1
gmane.linux.debian.devel.ocaml,57,2850,en,91.2,91.2,2002,2018,5
gmane.linux.ports.ia64,57,2850,en,98.2,98.2,2003,2019,2
gmane.linux.ubuntu.user.russian,57,2850,ru,86.0,3.5,2005,2014,6
gmane.org.region.new-mexico.santa-fe.friam,57,2850,en,98.2,98.2,2004,2019,2
gmane.os.contiki.devel,57,2850,en,100.0,100.0,2006,2018,1
gmane.os.netbsd.devel.pkgsrc.user,57,2850,en,100.0,100.0,2006,2019,1
gmane.os.netbsd.devel.www.cvs,57,2850,en,100.0,100.0,2002,2018,1
gmane.recreation.photography.paw,57,2850,en,96.5,96.5,2004,2018,3
gmane.comp.db.neo4j.user,56,2800,en,98.2,98.2,2012,2018,2
gmane.comp.freedesktop.xorg.drivers.ati,56,2800,en,83.9,83.9,2007,2019,2
gmane.comp.graphics.scanning.sane.devel,56,2800,en,98.2,98.2,2003,2019,2
gmane.comp.hci.acm-sigchi.announce,56,2800,en,100.0,100.0,2006,2019,1
gmane.comp.kde.devel.panel,56,2800,en,92.9,92.9,2005,2010,3
gmane.comp.lang.perl.bio.general,56,2800,en,100.0,100.0,2002,2016,1
gmane.comp.sysutils.tivoli.tme10,56,2800,en,100.0,100.0,2004,2013,1
gmane.culture.discuss.cia-drugs,56,2800,en,96.4,96.4,2005,2018,2
gmane.games.rpg.traveller,56,2800,en,100.0,100.0,2004,2019,1
gmane.linux.lfs.book,56,2800,en,87.5,87.5,2002,2019,4
gmane.linux.real-time.xenomai.users,56,2800,en,98.2,98.2,2006,2019,2
gmane.network.thinstation.general,56,2800,en,98.2,98.2,2003,2018,2
gmane.org.wikimedia.betacluster-alerts,56,2800,en,83.9,83.9,2015,2019,3
gmane.science.robotics.ros.user,56,2800,en,96.4,96.4,2009,2019,3
gmane.comp.boot-loaders.grub.devel,55,2750,en,98.2,98.2,2005,2019,2
gmane.comp.db.orientdb.user,55,2750,en,98.2,98.2,2012,2017,2
gmane.comp.ide.eclipse.platform.release-engineering.devel,55,2750,en,96.4,96.4,2003,2019,2
gmane.comp.java.hadoop.mapreduce.user,55,2750,en,100.0,100.0,2011,2018,1
gmane.comp.java.openejb.user,55,2750,en,100.0,100.0,2005,2018,1
gmane.comp.java.openlaszlo.devel,55,2750,en,100.0,100.0,2005,2012,1
gmane.comp.python.distutils.devel,55,2750,en,94.5,94.5,2002,2018,3
gmane.comp.radio.linuxham,55,2750,en,100.0,100.0,2009,2018,1
gmane.comp.sysutils.salt.user,55,2750,en,100.0,100.0,2012,2017,1
gmane.comp.web.oscommerce.contributions,55,2750,en,100.0,100.0,2002,2003,1
gmane.comp.xfce.user,55,2750,en,96.4,96.4,2003,2019,3
gmane.ietf.x509,55,2750,en,94.5,94.5,1997,2010,2
gmane.linux.debian.packages.voip.devel,55,2750,en,87.3,87.3,2005,2018,5
gmane.network.jabber.devel,55,2750,en,100.0,100.0,1999,2017,1
gmane.network.rsync.general,55,2750,en,98.2,98.2,2002,2016,2
gmane.org.operators.ausnog,55,2750,en,100.0,100.0,2012,2019,1
gmane.org.user-groups.linux.kplug,55,2750,en,98.2,98.2,2005,2008,2
gmane.os.apple.fink.beginners,55,2750,en,100.0,100.0,2002,2018,1
gmane.science.linguistics.corpora,55,2750,en,98.2,98.2,2004,2019,2
gmane.comp.gnome.gtk+.general,54,2700,en,100.0,100.0,2002,2019,1
gmane.comp.handhelds.meego.scm,54,2700,en,100.0,100.0,2010,2012,1
gmane.comp.java.openjdk.build.devel,54,2700,en,94.4,94.4,2007,2019,4
gmane.comp.java.openjdk.serviceability.devel,54,2700,en,81.5,81.5,2009,2019,8
gmane.comp.kde.general,54,2700,en,98.1,98.1,2002,2019,2
gmane.comp.lang.smalltalk.vwnc,54,2700,en,98.1,98.1,2004,2014,2
gmane.comp.lib.cairo,54,2700,en,100.0,100.0,2004,2018,1
gmane.linux.ports.sparc,54,2700,en,100.0,100.0,2002,2018,1
gmane.linux.redhat.anaconda.devel,54,2700,en,94.4,94.4,2002,2016,4
gmane.linux.ubuntu.devel.changes.trusty,54,2700,en,74.1,74.1,2013,2019,8
gmane.os.openbeos.general,54,2700,en,100.0,100.0,2001,2016,1
gmane.user-groups.linux.delhi,54,2700,en,96.3,96.3,2003,2012,3
gmane.comp.java.openejb.devel,53,2650,en,98.1,98.1,2002,2019,2
gmane.comp.kde.linux,53,2650,en,100.0,100.0,2002,2012,1
gmane.comp.lang.haskell.libraries,53,2650,en,100.0,100.0,2003,2019,1
gmane.comp.lang.scala.internals,53,2650,en,98.1,98.1,2009,2016,2
gmane.comp.lib.glibc.bugs,53,2650,en,60.4,60.4,2002,2019,7
gmane.comp.mathematics.abaqus.user,53,2650,en,100.0,100.0,2003,2017,1
gmane.comp.mozilla.devel.platform,53,2650,en,100.0,100.0,2012,2018,1
gmane.comp.tex.german,53,2650,de,92.5,5.7,2002,2018,3
gmane.comp.version-control.darcs.user,53,2650,en,98.1,98.1,2003,2016,2
gmane.comp.voip.sipx.devel,53,2650,en,96.2,96.2,2005,2012,2
gmane.linux.altlinux.community.smoke-room,53,2650,ru,88.7,3.8,2005,2011,5
gmane.linux.debian.apt.devel,53,2650,en,94.3,94.3,2003,2018,3
gmane.linux.systemtap,53,2650,en,90.6,90.6,2005,2019,3
gmane.music.equipment.slimdevices.cvs,53,2650,en,83.0,83.0,2004,2011,9
gmane.network.nagios.checkmk,53,2650,en,100.0,100.0,2010,2019,1
gmane.os.solaris.opensolaris.pkg.general,53,2650,en,94.3,94.3,2008,2011,4
gmane.politics.socialism.wsm.general,53,2650,en,100.0,100.0,2005,2018,1
gmane.text.xml.forrest.devel,53,2650,en,100.0,100.0,2002,2011,1
gmane.comp.gnome.gtk+.devel.general,52,2600,en,100.0,100.0,2002,2018,1
gmane.comp.java.mule.issues,52,2600,en,55.8,55.8,2007,2015,4
gmane.comp.java.openjdk.hotspot.gc.devel,52,2600,en,96.2,96.2,2007,2018,3
gmane.comp.shells.bash.bugs,52,2600,en,88.5,88.5,2004,2019,5
gmane.comp.version-control.subversion.tortoisesvn.devel,52,2600,en,100.0,100.0,2005,2016,1
gmane.comp.web.css.spanish,52,2600,es,98.1,0.0,2005,2012,2
gmane.comp.web.webmin.general,52,2600,en,100.0,100.0,2002,2016,1
gmane.comp.window-managers.enlightenment.user,52,2600,en,100.0,100.0,2003,2016,1
gmane.comp.windows.dotnet.nhibernate.user.general,52,2600,en,100.0,100.0,2009,2017,1
gmane.linux.block,52,2600,en,96.2,96.2,2016,2019,3
gmane.linux.debian.internationalization.german,52,2600,de,78.8,21.2,2003,2019,2
gmane.linux.devuan.devel,52,2600,en,96.2,96.2,2014,2019,3
gmane.mail.notmuch.general,52,2600,en,100.0,100.0,2009,2019,1
gmane.os.ecos.general,52,2600,en,100.0,100.0,2002,2014,1
gmane.text.xml.cocoon.cvs,52,2600,en,94.2,94.2,2002,2012,3
gmane.user-groups.linux.badopi,52,2600,es,63.5,3.8,2003,2014,5
gmane.comp.apache.nifi.scm,51,2550,en,86.3,86.3,2015,2019,3
gmane.comp.editors.notepad++,51,2550,en,100.0,100.0,2007,2009,1
gmane.comp.gnome.apps.gnomemeeting,51,2550,en,94.1,94.1,2002,2019,3
gmane.comp.lang.r.geo,51,2550,en,100.0,100.0,2007,2019,1
gmane.comp.lang.realbasic.forums,51,2550,en,100.0,100.0,2008,2013,1
gmane.comp.lang.smalltalk.squeak.vm.devel,51,2550,en,100.0,100.0,2009,2019,1
gmane.linux.debian.alioth.pkg-go-maintainers,51,2550,en,94.1,94.1,2015,2019,4
gmane.linux.debian.internationalization.spanish,51,2550,es,51.0,17.6,2002,2019,10
gmane.linux.hardware.karma.devel,51,2550,pt,56.9,23.5,2006,2017,7
gmane.comp.audio.emagic.logic.tdm,50,2500,en,100.0,100.0,1999,2007,1
gmane.comp.gcc.libstdc++.cvs,50,2500,en,76.0,76.0,2002,2019,2
gmane.comp.gnu.gnash.scm,50,2500,en,82.0,82.0,2006,2016,5
gmane.comp.lib.ivtools.general,50,2500,pt,62.0,30.0,2008,2018,5
gmane.comp.lib.uclibc.general,50,2500,en,98.0,98.0,2002,2017,2
gmane.comp.systems.sam-coupe,50,2500,en,100.0,100.0,1995,2011,1
gmane.comp.video.linuxtv.scm,50,2500,en,100.0,100.0,2008,2019,1
gmane.comp.web.chromium.extensions,50,2500,en,100.0,100.0,2010,2019,1
gmane.culture.india.sarai.reader,50,2500,en,98.0,98.0,2005,2014,2
gmane.culture.talk.coworking,50,2500,en,100.0,100.0,2007,2019,1
gmane.linux.debian.devel.project,50,2500,en,92.0,92.0,2002,2019,5
gmane.linux.frugalware.cvs,50,2500,en,68.0,68.0,2005,2007,12
gmane.music.equipment.slimdevices.duet,50,2500,en,100.0,100.0,2008,2018,1
gmane.network.freenet.cvs,50,2500,en,88.0,88.0,2003,2009,4
gmane.org.w3c.semantic-web,50,2500,en,96.0,96.0,2005,2016,2
gmane.technology.electronics.signal-integrity,50,2500,en,94.0,94.0,2004,2014,2
gmane.user-groups.linux.dresden,50,2500,de,96.0,2.0,2003,2019,3
gmane.comp.cms.magnolia.user,49,2450,en,95.9,95.9,2005,2017,3
gmane.comp.db.postgresql.novice,49,2450,en,100.0,100.0,2002,2017,1
gmane.comp.file-systems.reiserfs.general,49,2450,en,95.9,95.9,2002,2017,2
gmane.comp.gis.openlayers.user,49,2450,en,98.0,98.0,2008,2015,2
gmane.comp.lang.haskell.glasgow.user,49,2450,en,100.0,100.0,2001,2015,1
gmane.comp.misc.suckless,49,2450,en,93.9,93.9,2010,2019,4
gmane.comp.multimedia.ogre.cvs,49,2450,en,95.9,95.9,2004,2017,3
gmane.comp.php.drupal.support,49,2450,en,98.0,98.0,2004,2012,2
gmane.comp.programming.domain-driven-design,49,2450,en,100.0,100.0,2004,2014,1
gmane.comp.programming.swig.devel,49,2450,en,100.0,100.0,2000,2014,1
gmane.comp.python.pygame,49,2450,en,100.0,100.0,2002,2018,1
gmane.comp.version-control.fossil-scm.user,49,2450,en,100.0,100.0,2010,2018,1
gmane.comp.version-control.subversion.issues,49,2450,en,91.8,91.8,2002,2018,2
gmane.comp.web.zope.zope3.cvs,49,2450,en,95.9,95.9,2003,2009,3
gmane.editors.abiword.devel,49,2450,en,98.0,98.0,2002,2013,2
gmane.linux.asplinux.support,49,2450,ru,87.8,12.2,2002,2010,2
gmane.linux.debian.ports.amd64,49,2450,en,95.9,95.9,2003,2011,3
gmane.linux.debian.user.laptop,49,2450,en,95.9,95.9,2002,2013,3
gmane.linux.suse.opensuse.buildservice,49,2450,en,100.0,100.0,2006,2018,1
gmane.network.mq.devel,49,2450,en,98.0,98.0,2005,2018,2
gmane.org.user-groups.linux.calgary.general,49,2450,en,98.0,98.0,2003,2013,2
gmane.org.user-groups.linux.italian.bglug,49,2450,it,95.9,0.0,2003,2015,3
gmane.os.apple.fink.auto-logs,49,2450,en,59.2,59.2,2014,2015,4
gmane.recreation.photography.equipment.rollei,49,2450,en,98.0,98.0,2005,2015,2
gmane.comp.cms.farcry.devel,48,2400,en,100.0,100.0,2003,2013,1
gmane.comp.db.postgresql.jdbc,48,2400,en,97.9,97.9,2002,2017,2
gmane.comp.finance.mifos.devel,48,2400,en,100.0,100.0,2006,2018,1
gmane.comp.gis.gfoss.italian,48,2400,it,91.7,8.3,2011,2019,2
gmane.comp.gnome.announce.ftp,48,2400,en,83.3,83.3,2009,2019,2
gmane.comp.handhelds.android.beginners,48,2400,en,100.0,100.0,2008,2010,1
gmane.comp.jakarta.avalon.devel,48,2400,en,100.0,100.0,2002,2004,1
gmane.comp.kde.devel.kroupware,48,2400,en,97.9,97.9,2002,2018,2
gmane.comp.misc.nslu2.linux,48,2400,en,100.0,100.0,2004,2011,1
gmane.comp.python.general.castellano,48,2400,es,93.8,4.2,2001,2009,3
gmane.comp.python.general.italian,48,2400,it,95.8,0.0,2006,2018,3
gmane.comp.security.firewalls.pfsense.support,48,2400,en,100.0,100.0,2005,2011,1
gmane.comp.security.virus.clamav.virusdb,48,2400,en,89.6,89.6,2004,2019,4
gmane.comp.web.vtigercrm.repository,48,2400,en,93.8,93.8,2005,2008,3
gmane.editors.lyx.cvs,48,2400,en,81.2,81.2,2005,2019,8
gmane.linux.lfs.general,48,2400,en,97.9,97.9,2002,2007,2
gmane.linux.redhat.fedora.rpmfusion.devel,48,2400,en,91.7,91.7,2008,2018,4
gmane.linux.ubuntu.devel.changes.precise,48,2400,en,83.3,83.3,2011,2016,3
gmane.linux.ubuntu.user.german,48,2400,de,100.0,0.0,2004,2014,1
gmane.lisp.steel-bank.cvs,48,2400,en,100.0,100.0,2002,2019,1
gmane.network.jabber.admin,48,2400,en,97.9,97.9,2001,2011,2
gmane.network.openssh.devel,48,2400,en,97.9,97.9,2002,2019,2
gmane.network.vnc.realvnc.general,48,2400,en,95.8,95.8,2002,2013,3
gmane.politics.activism.permaculture,48,2400,en,93.8,93.8,2003,2017,2
gmane.politics.election-methods,48,2400,en,100.0,100.0,2002,2016,1
gmane.user-groups.linux.tclug,48,2400,en,100.0,100.0,2004,2019,1
gmane.comp.apache.jena.devel,47,2350,en,93.6,93.6,2012,2019,2
gmane.comp.documentfoundation.libreoffice.ux-advise,47,2350,en,78.7,78.7,2012,2019,2
gmane.comp.file-systems.gluster.devel,47,2350,en,100.0,100.0,2009,2019,1
gmane.comp.jakarta.jetspeed.user,47,2350,en,97.9,97.9,2002,2011,2
gmane.comp.lang.swi-prolog.general,47,2350,en,100.0,100.0,2007,2018,1
gmane.comp.programming.tools.scons.user,47,2350,en,97.9,97.9,2003,2017,2
gmane.comp.sysutils.rsyslog,47,2350,en,97.9,97.9,2007,2019,2
gmane.comp.tex.xetex,47,2350,en,97.9,97.9,2005,2016,2
gmane.comp.version-control.perforce,47,2350,en,100.0,100.0,2004,2018,1
gmane.comp.video.piglit,47,2350,en,100.0,100.0,2012,2019,1
gmane.comp.voip.opensips.devel,47,2350,en,97.9,97.9,2009,2019,2
gmane.comp.web.webobjects.devel,47,2350,en,97.9,97.9,2002,2006,2
gmane.comp.web.zope.cvs,47,2350,en,95.7,95.7,2002,2012,3
gmane.linux.debian.devel.live,47,2350,en,95.7,95.7,2006,2019,3
gmane.linux.devices.blueonyx.user,47,2350,en,97.9,97.9,2009,2019,2
gmane.linux.distributions.nixos,47,2350,en,93.6,93.6,2007,2017,4
gmane.linux.kbuild.devel,47,2350,en,100.0,100.0,2002,2019,1
gmane.linux.kernel.kexec,47,2350,en,100.0,100.0,2007,2019,1
gmane.linux.kernel.speakup,47,2350,en,100.0,100.0,2005,2019,1
gmane.linux.ubuntu.devel.changes.xenial,47,2350,en,80.9,80.9,2015,2019,7
gmane.music.equipment.kurzweil,47,2350,en,100.0,100.0,2002,2018,1
gmane.music.equipment.midi-guitar,47,2350,en,100.0,100.0,2002,2012,1
gmane.network.openswan.user,47,2350,en,100.0,100.0,2004,2018,1
gmane.os.freebsd.italian.aiuto,47,2350,it,91.5,8.5,2000,2011,2
gmane.os.freebsd.questions.german,47,2350,de,93.6,2.1,2003,2018,4
gmane.os.openindiana.general,47,2350,en,100.0,100.0,2010,2019,1
gmane.os.solaris.opencsw.devel,47,2350,en,100.0,100.0,2008,2017,1
gmane.sports.autoracing.f500,47,2350,en,100.0,100.0,1998,2007,1
gmane.comp.apache.apr.devel,46,2300,en,100.0,100.0,2002,2017,1
gmane.comp.apache.webservices.tuscany.scm,46,2300,en,91.3,91.3,2007,2012,5
gmane.comp.db.redis.general,46,2300,en,100.0,100.0,2011,2018,1
gmane.comp.emulators.m5.users,46,2300,en,100.0,100.0,2006,2018,1
gmane.comp.gdb.bugs.discuss,46,2300,en,84.8,84.8,2002,2019,3
gmane.comp.gnu.medical.devel,46,2300,en,97.8,97.8,2002,2015,2
gmane.comp.handhelds.android.ndk,46,2300,en,97.8,97.8,2009,2018,2
gmane.comp.java.appfuse.user,46,2300,en,100.0,100.0,2005,2011,1
gmane.comp.java.cruise-control.user,46,2300,en,97.8,97.8,2002,2012,2
gmane.comp.lang.perl.perl6.internals,46,2300,en,100.0,100.0,2004,2009,1
gmane.comp.lang.ruby.rails.spanish,46,2300,es,87.0,8.7,2005,2011,4
gmane.comp.macosx.admin,46,2300,en,100.0,100.0,2002,2012,1
gmane.comp.video.cinelerra-cv.general,46,2300,en,97.8,97.8,2006,2018,2
gmane.emacs.pretest.bugs,46,2300,en,100.0,100.0,2003,2009,1
gmane.linux.debian.devel.kernel.cvs,46,2300,en,97.8,97.8,2006,2018,2
gmane.linux.debian.devel.mozilla,46,2300,en,89.1,89.1,2006,2017,5
gmane.linux.debian.kde.extras,46,2300,en,78.3,78.3,2008,2018,7
gmane.linux.debian.packages.ocaml.scm,46,2300,en,100.0,100.0,2006,2017,1
gmane.linux.distributions.rock.submaster.cvs,46,2300,en,84.8,84.8,2004,2011,6
gmane.linux.general.linux-users,46,2300,en,100.0,100.0,2004,2011,1
gmane.linux.real-time.rtai,46,2300,en,100.0,100.0,2002,2017,1
gmane.linux.redhat.cluster,46,2300,en,100.0,100.0,2004,2014,1
gmane.lisp.clisp.devel,46,2300,en,97.8,97.8,2000,2018,2
gmane.mail.mutt.devel,46,2300,en,100.0,100.0,2002,2018,1
gmane.mail.spam.spambayes.general,46,2300,en,100.0,100.0,2002,2016,1
gmane.music.equipment.slimdevices.ripping,46,2300,en,97.8,97.8,2005,2013,2
gmane.network.net-snmp.devel,46,2300,en,100.0,100.0,2003,2013,1
gmane.org.clubs.cutweb.general,46,2300,en,100.0,100.0,2006,2018,1
gmane.org.user-groups.linux.gulcr,46,2300,es,93.5,4.3,1998,2007,3
gmane.org.user-groups.luni.tech,46,2300,en,95.7,95.7,2002,2019,3
gmane.os.apple.fink.devel,46,2300,en,97.8,97.8,2002,2015,2
gmane.os.openbsd.bugs,46,2300,en,100.0,100.0,2003,2019,1
gmane.os.solaris.sunhelp,46,2300,en,97.8,97.8,1999,2012,2
gmane.politics.activism.brasil,46,2300,pt,93.5,2.2,2006,2014,3
gmane.recreation.cars.sparrow,46,2300,en,95.7,95.7,2000,2018,3
gmane.science.linguistics.wikipedia.deutsch,46,2300,de,93.5,2.2,2003,2016,4
gmane.technology.ham.ic7300,46,2300,en,97.8,97.8,2016,2019,2
gmane.comp.db.postgresql.devel.patches,45,2250,en,97.8,97.8,2002,2008,2
gmane.comp.documentfoundation.libreoffice.discuss.german,45,2250,de,91.1,6.7,2010,2019,3
gmane.comp.emulators.kvm.arm.devel,45,2250,en,97.8,97.8,2015,2019,2
gmane.comp.horde.devel,45,2250,en,100.0,100.0,2002,2016,1
gmane.comp.kde.devel.koffice,45,2250,en,97.8,97.8,2002,2010,2
gmane.comp.kde.users.pim,45,2250,en,97.8,97.8,2004,2018,2
gmane.comp.lang.ruby.devel,45,2250,ja,75.6,20.0,2005,2015,4
gmane.comp.lib.libusb.devel.general,45,2250,en,97.8,97.8,2004,2017,2
gmane.comp.mozilla.localization,45,2250,en,93.3,93.3,2002,2019,4
gmane.comp.systems.google-appengine.jre,45,2250,en,100.0,100.0,2009,2012,1
gmane.comp.web.curl.cvs,45,2250,en,88.9,88.9,2003,2019,5
gmane.comp.web.pylons.general,45,2250,en,97.8,97.8,2006,2018,2
gmane.education.web4lib,45,2250,en,100.0,100.0,2005,2018,1
gmane.ietf.dnsext,45,2250,en,100.0,100.0,2002,2015,1
gmane.ietf.sip,45,2250,en,100.0,100.0,2002,2011,1
gmane.ietf.sip-implementors,45,2250,en,97.8,97.8,2004,2015,2
gmane.linux.arch.devel,45,2250,en,97.8,97.8,2008,2017,2
gmane.linux.debian.devel.fonts,45,2250,en,97.8,97.8,2007,2019,2
gmane.linux.embedded.yocto.meta-freescale,45,2250,en,100.0,100.0,2013,2018,1
gmane.linux.ltp,45,2250,en,97.8,97.8,2007,2015,2
gmane.mail.spam.spf.discuss,45,2250,en,100.0,100.0,2003,2007,1
gmane.sports.diving.subsurface,45,2250,en,100.0,100.0,2013,2018,1
gmane.text.pandoc,45,2250,en,97.8,97.8,2010,2019,2
gmane.comp.apache.flink.user,44,2200,en,100.0,100.0,2016,2019,1
gmane.comp.apache.jackrabbit.user,44,2200,en,100.0,100.0,2006,2019,1
gmane.comp.apache.mahout.user,44,2200,en,100.0,100.0,2009,2017,1
gmane.comp.gis.openstreetmap.region.cz,44,2200,cs,95.5,2.3,2007,2019,3
gmane.comp.handhelds.ipaq.general,44,2200,en,100.0,100.0,2000,2007,1
gmane.comp.jakarta.avalon.cvs,44,2200,en,77.3,77.3,2002,2004,7
gmane.comp.jakarta.log4j.user,44,2200,en,100.0,100.0,2002,2018,1
gmane.comp.java.hadoop.hive.user,44,2200,en,100.0,100.0,2010,2018,1
gmane.comp.multimedia.helix.devel,44,2200,en,95.5,95.5,2003,2009,3
gmane.comp.programming.tools.cmake.scm,44,2200,en,100.0,100.0,2010,2019,1
gmane.comp.programming.tools.cucumber,44,2200,en,100.0,100.0,2009,2018,1
gmane.comp.security.oss.general,44,2200,en,95.5,95.5,2008,2018,3
gmane.comp.video.gstreamer.cvs,44,2200,de,54.5,36.4,2002,2009,6
gmane.comp.windows.autoit.user,44,2200,en,100.0,100.0,2002,2007,1
gmane.culture.hobbies.guns.concealed,44,2200,en,100.0,100.0,2004,2017,1
gmane.ietf.mpls,44,2200,en,100.0,100.0,2002,2019,1
gmane.linux.kernel.cgroups,44,2200,en,97.7,97.7,2011,2019,2
gmane.linux.redhat.fedora.epel.announce,44,2200,en,100.0,100.0,2014,2019,1
gmane.org.arin.ppml,44,2200,en,97.7,97.7,2007,2016,2
gmane.org.user-groups.linux.brazil.servux,44,2200,pt,97.7,0.0,2000,2011,2
gmane.org.user-groups.linux.gnhlug,44,2200,en,100.0,100.0,2005,2015,1
gmane.os.cygwin.xfree,44,2200,en,97.7,97.7,2002,2015,2
gmane.text.unicode.devel,44,2200,en,100.0,100.0,2002,2007,1
gmane.announce,43,2150,en,97.7,97.7,2003,2015,2
gmane.comp.cad.kicad.user,43,2150,en,97.7,97.7,2007,2018,2
gmane.comp.encryption.gpg.devel,43,2150,en,100.0,100.0,1998,2018,1
gmane.comp.gcc.fortran,43,2150,en,97.7,97.7,2004,2008,2
gmane.comp.handhelds.pocketpc.wireless.brazil,43,2150,pt,93.0,7.0,2005,2009,2
gmane.comp.lang.tcl.core,43,2150,en,100.0,100.0,2000,2019,1
gmane.comp.python.scientific.devel,43,2150,en,95.3,95.3,2003,2019,3
gmane.comp.systems.as400.web,43,2150,en,100.0,100.0,2002,2019,1
gmane.comp.video.image-magick.user,43,2150,en,100.0,100.0,2002,2011,1
gmane.comp.video.mplayer.cvs,43,2150,en,93.0,93.0,2006,2014,4
gmane.comp.web.sigia,43,2150,en,100.0,100.0,2002,2015,1
gmane.comp.web.spip.cvs,43,2150,fr,74.4,18.6,2005,2018,4
gmane.comp.web.vtigercrm.devel,43,2150,en,95.3,95.3,2005,2019,3
gmane.games.ohrrpgce.devel,43,2150,en,97.7,97.7,2005,2019,2
gmane.linux.arklinux.arkwatch,43,2150,en,86.0,86.0,2003,2007,6
gmane.linux.arklinux.build-watch,43,2150,en,79.1,79.1,2003,2007,5
gmane.linux.sourcemage.grimoire-bugs,43,2150,en,65.1,65.1,2005,2011,3
gmane.mail.mailman.devel,43,2150,en,100.0,100.0,1999,2018,1
gmane.music.equipment.slimdevices.radio,43,2150,en,97.7,97.7,2009,2018,2
gmane.network.ethereal.devel,43,2150,en,100.0,100.0,2003,2006,1
gmane.network.wireless.portland.general,43,2150,en,100.0,100.0,2001,2008,1
gmane.org.user-groups.linux.hampshire,43,2150,en,100.0,100.0,2006,2014,1
gmane.os.freebsd.architechture,43,2150,en,100.0,100.0,2002,2018,1
gmane.os.freebsd.devel.x11,43,2150,en,95.3,95.3,2004,2019,3
gmane.comp.apache.incubator.isis.devel,42,2100,en,64.3,64.3,2011,2019,3
gmane.comp.bios.tianocore.devel,42,2100,en,100.0,100.0,2010,2015,1
gmane.comp.cms.jahia.cvs,42,2100,en,71.4,71.4,2004,2008,7
gmane.comp.encryption.openssl.scm,42,2100,en,66.7,66.7,2015,2019,2
gmane.comp.gcc.prs,42,2100,en,85.7,85.7,2002,2003,2
gmane.comp.gis.udig.devel,42,2100,en,95.2,95.2,2005,2012,3
gmane.comp.jakarta.poi.user,42,2100,en,100.0,100.0,2002,2018,1
gmane.comp.kde.kolab.user,42,2100,en,95.2,95.2,2004,2018,3
gmane.comp.kde.usability,42,2100,en,100.0,100.0,2002,2019,1
gmane.comp.lang.groovy.devel,42,2100,en,100.0,100.0,2004,2011,1
gmane.comp.lang.julia.devel,42,2100,en,100.0,100.0,2012,2016,1
gmane.comp.lang.perl.perl-mongers.moscow,42,2100,ru,95.2,2.4,2008,2016,3
gmane.comp.lang.uml.argouml.issues,42,2100,en,97.6,97.6,2005,2016,2
gmane.comp.mathematics.axiom.devel,42,2100,en,97.6,97.6,2004,2018,2
gmane.comp.mozilla.wishlist,42,2100,en,92.9,92.9,2002,2011,4
gmane.comp.php.syslog-ng.user,42,2100,pt,54.8,35.7,2006,2018,6
gmane.comp.tex.texhax,42,2100,en,97.6,97.6,2004,2018,2
gmane.comp.web.eprints.devel,42,2100,en,97.6,97.6,2003,2017,2
gmane.law.cryptography.uk,42,2100,en,100.0,100.0,2003,2012,1
gmane.linux.distributions.trisquel.user,42,2100,en,95.2,95.2,2010,2013,3
gmane.linux.highavailability.pacemaker,42,2100,en,97.6,97.6,2008,2014,2
gmane.linux.ntop.devel,42,2100,en,100.0,100.0,2001,2018,1
gmane.linux.ports.arm.rockchip,42,2100,en,97.6,97.6,2015,2019,2
gmane.linux.rt.user,42,2100,en,97.6,97.6,2006,2018,2
gmane.mail.vpopmail,42,2100,en,97.6,97.6,2002,2012,2
gmane.network.lwip.general,42,2100,en,97.6,97.6,2004,2019,2
gmane.org.user-groups.dotnet.altdotnet,42,2100,en,97.6,97.6,2008,2010,2
gmane.science.biology.galaxy.devel,42,2100,en,100.0,100.0,2011,2016,1
gmane.science.nmr.relax.scm,42,2100,en,95.2,95.2,2006,2015,3
gmane.comp.apache.webservices.axis-c.devel,41,2050,en,85.4,85.4,2004,2016,3
gmane.comp.audio.musicbrainz.user,41,2050,en,95.1,95.1,2000,2012,3
gmane.comp.debugging.lldb.scm,41,2050,en,87.8,87.8,2013,2019,4
gmane.comp.desktop.xfce.devel.version4,41,2050,en,97.6,97.6,2004,2014,2
gmane.comp.documentfoundation.libreoffice.user.german,41,2050,de,100.0,0.0,2011,2018,1
gmane.comp.encryption.kerberos.general,41,2050,en,100.0,100.0,2002,2019,1
gmane.comp.erp.openbravo.scm,41,2050,en,90.2,90.2,2008,2019,2
gmane.comp.gis.jump.devel,41,2050,en,97.6,97.6,2006,2018,2
gmane.comp.gnome.gaim.devel,41,2050,en,95.1,95.1,2004,2017,3
gmane.comp.hardware.opencores.leon-sparc,41,2050,en,100.0,100.0,2004,2018,1
gmane.comp.java.jasig.uportal,41,2050,en,97.6,97.6,2005,2018,2
gmane.comp.java.jira.devel,41,2050,en,100.0,100.0,2007,2011,1
gmane.comp.lang.ruby.rails.spinoffs,41,2050,en,97.6,97.6,2006,2008,2
gmane.comp.lib.libhugetlbfs.devel,41,2050,en,46.3,46.3,2006,2016,7
gmane.comp.php.pecl.cvs,41,2050,en,65.9,65.9,2004,2018,11
gmane.comp.video.freevo.user,41,2050,en,97.6,97.6,2003,2013,2
gmane.comp.web.zope.opencore.scm,41,2050,en,97.6,97.6,2006,2010,2
gmane.comp.web.zope.zope3,41,2050,en,100.0,100.0,2002,2009,1
gmane.linux.debian.devel.pkg-utopia,41,2050,en,92.7,92.7,2008,2018,3
gmane.linux.ports.mips.cvs,41,2050,en,97.6,97.6,2003,2016,2
gmane.linux.ports.xbox.user,41,2050,en,80.5,80.5,2003,2012,3
gmane.linux.redhat.fedora.infrastructure,41,2050,en,95.1,95.1,2007,2018,3
gmane.linux.suse.kde,41,2050,en,97.6,97.6,2003,2019,2
gmane.linux.uclinux.devel,41,2050,en,100.0,100.0,2002,2012,1
gmane.network.openldap.technical,41,2050,en,92.7,92.7,2010,2016,4
gmane.org.w3c.webapps,41,2050,en,100.0,100.0,2010,2016,1
gmane.os.netbsd.devel.userlevel,41,2050,en,100.0,100.0,2002,2019,1
gmane.os.openbsd.changes.daily,41,2050,en,92.7,92.7,2000,2017,3
gmane.comp.ai.prolog.swi,40,2000,en,100.0,100.0,2002,2014,1
gmane.comp.audio.audacity.general,40,2000,en,100.0,100.0,2002,2017,1
gmane.comp.emulators.hercules390.os380,40,2000,en,100.0,100.0,2008,2019,1
gmane.comp.handhelds.moblin.connman,40,2000,en,100.0,100.0,2009,2015,1
gmane.comp.jakarta.james.user,40,2000,en,97.5,97.5,2002,2019,2
gmane.comp.jakarta.velocity.devel,40,2000,en,92.5,92.5,2002,2019,2
gmane.comp.mozilla.enigmail.general,40,2000,en,100.0,100.0,2002,2018,1
gmane.comp.php.symfony.symfony2,40,2000,en,97.5,97.5,2011,2015,2
gmane.comp.php.zend.framework.scm,40,2000,UNKNOWN,100.0,0.0,2006,2010,1
gmane.comp.video.transcode.user,40,2000,en,100.0,100.0,2002,2009,1
gmane.comp.voip.pjsip,40,2000,en,100.0,100.0,2007,2017,1
gmane.linux.debian.devel.policy,40,2000,en,97.5,97.5,2002,2017,2
gmane.linux.debian.devel.xfce,40,2000,en,92.5,92.5,2006,2018,4
gmane.linux.debian.jp.user,40,2000,ja,95.0,5.0,2003,2014,2
gmane.linux.debian.ports.arm,40,2000,en,97.5,97.5,2003,2019,2
gmane.linux.debian.user.chinese.gb,40,2000,zh-cn,47.5,27.5,2002,2017,8
gmane.linux.lfs.devel,40,2000,en,100.0,100.0,2005,2019,1
gmane.linux.redhat.fedora.kde,40,2000,en,97.5,97.5,2008,2019,2
gmane.linux.redhat.fedora.marketing,40,2000,en,95.0,95.0,2005,2016,3
gmane.linux.redhat.freeipa.devel,40,2000,en,100.0,100.0,2009,2014,1
gmane.linux.slackware.slackbuilds.user,40,2000,en,100.0,100.0,2009,2018,1
gmane.linux.ubuntu.user.catalan,40,2000,ca,100.0,0.0,2007,2018,1
gmane.lisp.guile.devel,40,2000,en,100.0,100.0,2002,2019,1
gmane.music.pancham,40,2000,en,92.5,92.5,2004,2015,3
gmane.network.adsl.new-zealand,40,2000,en,100.0,100.0,1999,2004,1
gmane.org.fsf.europe.translators,40,2000,en,80.0,80.0,2006,2017,7
gmane.org.user-groups.linux.quebec.aide,40,2000,fr,97.5,0.0,1999,2008,2
gmane.org.user-groups.linux.svlug,40,2000,en,97.5,97.5,2004,2018,2
gmane.org.w3c.tag,40,2000,en,100.0,100.0,2002,2015,1
gmane.os.reactos.kernel,40,2000,en,100.0,100.0,2004,2017,1
gmane.os.solaris.opensolaris.help,40,2000,en,97.5,97.5,2006,2012,2
gmane.science.microelectromechanical-systems,40,2000,en,100.0,100.0,2002,2017,1
gmane.science.philosophy.peirce,40,2000,en,100.0,100.0,2006,2019,1
gmane.text.xml.exist.cvs,40,2000,en,92.5,92.5,2005,2015,3
gmane.org.user-groups.linux.vlug,40,2000,en,100.0,100.0,2004,2017,1
gmane.comp.apache.karaf.user,39,1950,en,97.4,97.4,2011,2018,2
gmane.comp.audio.emagic.sounddiver,39,1950,en,100.0,100.0,1999,2007,1
gmane.comp.emulators.freedos.general,39,1950,en,100.0,100.0,2004,2019,1
gmane.comp.gcc.cross-compiling,39,1950,en,100.0,100.0,2002,2019,1
gmane.comp.gis.openstreetmap.region.us,39,1950,en,100.0,100.0,2008,2018,1
gmane.comp.handhelds.android.porting,39,1950,en,100.0,100.0,2008,2014,1
gmane.comp.jakarta.jmeter.devel,39,1950,en,89.7,89.7,2002,2010,5
gmane.comp.java.ibatisdb.user,39,1950,en,97.4,97.4,2004,2010,2
gmane.comp.kde.events,39,1950,en,97.4,97.4,2004,2018,2
gmane.comp.kde.promotion,39,1950,en,100.0,100.0,2003,2019,1
gmane.comp.lang.haskell.general,39,1950,en,97.4,97.4,2001,2015,2
gmane.comp.lang.ruby.rails.core,39,1950,en,100.0,100.0,2005,2017,1
gmane.comp.monitoring.hobbit,39,1950,en,97.4,97.4,2006,2019,2
gmane.comp.python.apple,39,1950,en,100.0,100.0,2002,2014,1
gmane.comp.security.funsec,39,1950,en,100.0,100.0,2006,2015,1
gmane.comp.syslog-ng,39,1950,en,100.0,100.0,2003,2017,1
gmane.comp.sysutils.cfengine.general,39,1950,en,92.3,92.3,2002,2019,4
gmane.comp.version-control.cvs.general,39,1950,en,100.0,100.0,2002,2009,1
gmane.comp.version-control.monotone.devel,39,1950,en,100.0,100.0,2004,2014,1
gmane.comp.version-control.msysgit,39,1950,en,94.9,94.9,2007,2015,2
gmane.comp.web.wiki.semediawiki.user,39,1950,en,100.0,100.0,2009,2017,1
gmane.emacs.elpa.scm,39,1950,en,82.1,82.1,2014,2019,7
gmane.games.devel.algorithms,39,1950,en,100.0,100.0,2002,2009,1
gmane.games.flightgear.general,39,1950,en,100.0,100.0,2002,2011,1
gmane.linux.altlinux.sysadmins,39,1950,ru,84.6,7.7,2006,2016,5
gmane.linux.bbc.cvs,39,1950,en,89.7,89.7,2002,2005,4
gmane.linux.debian.ports.sparc,39,1950,en,97.4,97.4,2002,2019,2
gmane.linux.procps.devel,39,1950,UNKNOWN,74.4,25.6,2002,2004,2
gmane.linux.redhat.spacewalk.user,39,1950,en,97.4,97.4,2008,2018,2
gmane.lisp.scheme.chicken,39,1950,en,100.0,100.0,2003,2015,1
gmane.org.user-groups.mlug.main,39,1950,en,97.4,97.4,2000,2006,2
gmane.politics.activism.carfree,39,1950,en,100.0,100.0,2000,2017,1
gmane.recreation.dance.tango.tango-a,39,1950,en,97.4,97.4,2000,2015,2
gmane.recreation.radio.topband,39,1950,en,100.0,100.0,2011,2019,1
gmane.text.xml.saxon.help,39,1950,en,100.0,100.0,2003,2019,1
gmane.text.xml.xalan.devel,39,1950,en,94.9,94.9,2002,2019,2
gmane.os.freebsd.devel.multimedia,39,1950,en,92.3,92.3,2002,2018,2
gmane.comp.audio.musicbrainz.style,38,1900,en,100.0,100.0,2006,2014,1
gmane.comp.db.rrdtool.user,38,1900,en,100.0,100.0,2000,2017,1
gmane.comp.gis.osgeo.discuss,38,1900,en,100.0,100.0,2007,2018,1
gmane.comp.gnome.lib.xml.general,38,1900,en,97.4,97.4,2002,2014,2
gmane.comp.handhelds.ofono,38,1900,en,100.0,100.0,2009,2019,1
gmane.comp.jakarta.ojb.user,38,1900,en,97.4,97.4,2002,2008,2
gmane.comp.java.openjdk.security.devel,38,1900,en,97.4,97.4,2009,2019,2
gmane.comp.java.sonar.devel,38,1900,en,97.4,97.4,2008,2015,2
gmane.comp.java.xdoclet.devel,38,1900,en,97.4,97.4,2002,2006,2
gmane.comp.kde.devel.imaging,38,1900,en,63.2,63.2,2004,2017,4
gmane.comp.lang.perl.perl6.language,38,1900,en,97.4,97.4,2005,2015,2
gmane.comp.lang.ruby.rails.french,38,1900,fr,94.7,0.0,2006,2016,3
gmane.comp.lang.smalltalk.sapphire.devel,38,1900,en,97.4,97.4,2008,2010,2
gmane.comp.programming.swig,38,1900,en,100.0,100.0,2002,2017,1
gmane.comp.python.dabo.user,38,1900,en,100.0,100.0,2005,2015,1
gmane.comp.security.penetration,38,1900,en,100.0,100.0,2002,2012,1
gmane.comp.sysutils.backup.bacula.devel,38,1900,en,100.0,100.0,2004,2016,1
gmane.comp.sysutils.backup.veritasbu,38,1900,en,97.4,97.4,2005,2008,2
gmane.comp.video.libav.scm,38,1900,en,94.7,94.7,2011,2019,3
gmane.comp.video.xine.devel,38,1900,en,97.4,97.4,2002,2010,2
gmane.comp.web.dojo.devel,38,1900,en,97.4,97.4,2006,2013,2
gmane.comp.web.semantic.linking-open-data,38,1900,en,100.0,100.0,2008,2016,1
gmane.culture.media.activism.estudiolivre,38,1900,pt,92.1,0.0,2006,2018,4
gmane.games.rubiks.speedsolving,38,1900,en,97.4,97.4,2005,2009,2
gmane.linux.debian.devel.vote,38,1900,en,89.5,89.5,2002,2019,5
gmane.linux.lsb.test-suite.autobuild,38,1900,en,84.2,84.2,2006,2016,6
gmane.linux.lvm.devel,38,1900,en,92.1,92.1,2003,2018,2
gmane.linux.ntop.general,38,1900,en,94.7,94.7,2001,2018,3
gmane.linux.real-time.xenomai.devel,38,1900,en,100.0,100.0,2005,2017,1
gmane.linux.suse.opensuse.project,38,1900,en,100.0,100.0,2009,2019,1
gmane.linux.ubuntu.backports,38,1900,en,92.1,92.1,2005,2016,3
gmane.lisp.steel-bank.devel,38,1900,en,100.0,100.0,2002,2018,1
gmane.mail.spam.assp.user,38,1900,en,100.0,100.0,2006,2014,1
gmane.music.equipment.slimdevices.squeezenetwork,38,1900,en,100.0,100.0,2006,2016,1
gmane.org.hackerspaces.skullspace.general,38,1900,en,92.1,92.1,2011,2018,4
gmane.org.user-groups.linux.australia.sa,38,1900,en,100.0,100.0,2005,2018,1
gmane.org.user-groups.linux.berlin,38,1900,de,100.0,0.0,2005,2017,1
gmane.org.user-groups.linux.ilug-tvm,38,1900,en,86.8,86.8,2008,2016,4
gmane.os.freebsd.devel.arm,38,1900,en,94.7,94.7,2003,2018,2
gmane.os.netbsd.devel.pkgsrc.bulk,38,1900,en,100.0,100.0,2004,2019,1
gmane.os.opendarwin.darwinports,38,1900,en,100.0,100.0,2002,2006,1
gmane.text.tei.general,38,1900,en,100.0,100.0,2003,2016,1
gmane.mail.spam.dspam.user,38,1900,en,100.0,100.0,2004,2012,1
gmane.comp.apache.incubator.apex.devel,37,1850,en,83.8,83.8,2016,2019,3
gmane.comp.db.postgresql.advocacy,37,1850,en,100.0,100.0,2002,2018,1
gmane.comp.db.riak.user,37,1850,en,100.0,100.0,2010,2015,1
gmane.comp.embedded.nuttx,37,1850,en,97.3,97.3,2011,2018,2
gmane.comp.gnome.apps.pan.user,37,1850,en,100.0,100.0,2002,2018,1
gmane.comp.java.junit.user,37,1850,en,97.3,97.3,2001,2014,2
gmane.comp.java.openlaszlo.scm,37,1850,en,100.0,100.0,2006,2011,1
gmane.comp.lang.perl.active-perl,37,1850,en,94.6,94.6,2002,2011,3
gmane.comp.macosx.devel,37,1850,en,97.3,97.3,2002,2011,2
gmane.comp.telephony.openh323gk.user,37,1850,en,97.3,97.3,2003,2015,2
gmane.comp.tex.brazilian,37,1850,pt,81.1,8.1,1999,2009,6
gmane.comp.video.videolan.vlc.general,37,1850,en,94.6,94.6,2002,2014,3
gmane.comp.web.egroupware.devel,37,1850,en,91.9,91.9,2004,2015,4
gmane.comp.web.webobjects.wonder-disc,37,1850,en,100.0,100.0,2004,2014,1
gmane.culture.literature.e-books.gutenberg.volunteers,37,1850,en,97.3,97.3,2003,2012,2
gmane.ietf.dkim,37,1850,en,100.0,100.0,2005,2011,1
gmane.linux.debian.devel.apache,37,1850,en,94.6,94.6,2002,2017,3
gmane.linux.debian.devel.medical,37,1850,en,100.0,100.0,2003,2018,1
gmane.linux.debian.devel.security,37,1850,en,94.6,94.6,2002,2017,3
gmane.linux.debian.internationalization.general,37,1850,en,100.0,100.0,2003,2017,1
gmane.linux.kernel.suspend.devel,37,1850,en,97.3,97.3,2006,2017,2
gmane.linux.mandrake.expert.french,37,1850,fr,94.6,2.7,2003,2009,3
gmane.linux.suse.opensuse.packaging,37,1850,en,100.0,100.0,2007,2019,1
gmane.mail.procmail,37,1850,en,100.0,100.0,2002,2010,1
gmane.org.freifunk.batman,37,1850,en,100.0,100.0,2009,2019,1
gmane.org.user-groups.marklogic.xqzone.general,37,1850,en,97.3,97.3,2007,2015,2
gmane.politics.activism.humanrights.invites,37,1850,en,100.0,100.0,2009,2019,1
gmane.comp.web.mailmanager.cvs,37,1850,pt,51.4,27.0,2007,2019,7
gmane.comp.apache.httpd.bugs,36,1800,en,72.2,72.2,2010,2019,2
gmane.comp.audio.musicbrainz.cvs,36,1800,en,91.7,91.7,2003,2012,4
gmane.comp.cloud.openstack.general,36,1800,en,100.0,100.0,2013,2018,1
gmane.comp.db.cassandra.user,36,1800,en,97.2,97.2,2009,2011,2
gmane.comp.file-systems.lustre.user,36,1800,en,100.0,100.0,2007,2018,1
gmane.comp.file-systems.unionfs.cvs,36,1800,en,97.2,97.2,2005,2018,2
gmane.comp.gcc.java.devel,36,1800,en,97.2,97.2,2002,2010,2
gmane.comp.gis.gmt.user,36,1800,en,97.2,97.2,2003,2013,2
gmane.comp.gnome.internationalization.german,36,1800,de,97.2,2.8,2002,2019,2
gmane.comp.lang.jruby.user,36,1800,en,97.2,97.2,2004,2014,2
gmane.comp.lang.ruby.rspec.user,36,1800,en,100.0,100.0,2007,2012,1
gmane.comp.mozilla.crypto,36,1800,en,97.2,97.2,2002,2017,2
gmane.comp.php.phpmyadmin.devel,36,1800,en,94.4,94.4,2002,2019,3
gmane.comp.printing.groff.general,36,1800,en,100.0,100.0,2002,2019,1
gmane.comp.programming.tools.cmake.devel,36,1800,en,100.0,100.0,2011,2018,1
gmane.comp.python.quotient.cvs,36,1800,en,83.3,83.3,2005,2009,3
gmane.comp.version-control.darcs.devel,36,1800,en,100.0,100.0,2004,2018,1
gmane.comp.web.cache.memcached,36,1800,en,100.0,100.0,2004,2019,1
gmane.comp.windows.wtl,36,1800,en,100.0,100.0,2001,2011,1
gmane.culture.studies.general,36,1800,en,94.4,94.4,2002,2016,3
gmane.ietf.idr,36,1800,en,100.0,100.0,2002,2019,1
gmane.ietf.mmusic,36,1800,en,100.0,100.0,2002,2017,1
gmane.linux.debian.devel.dpkg.general,36,1800,en,100.0,100.0,2002,2018,1
gmane.linux.debian.devel.java,36,1800,en,97.2,97.2,2002,2019,2
gmane.linux.debian.internationalization.portuguese,36,1800,pt,69.4,19.4,2002,2018,5
gmane.linux.hotplug.devel,36,1800,en,97.2,97.2,2002,2012,2
gmane.linux.mondo.devel,36,1800,en,100.0,100.0,2003,2016,1
gmane.linux.network.routing,36,1800,en,100.0,100.0,2001,2007,1
gmane.linux.ports.arm.mediatek,36,1800,en,100.0,100.0,2015,2019,1
gmane.linux.redhat.fedora.directory.user,36,1800,en,94.4,94.4,2005,2018,2
gmane.linux.redhat.release.shrike,36,1800,en,97.2,97.2,2003,2009,2
gmane.linux.ubuntu.doc,36,1800,en,100.0,100.0,2004,2017,1
gmane.mail.mimedefang,36,1800,en,100.0,100.0,2004,2014,1
gmane.music.brazil.samba-choro,36,1800,pt,100.0,0.0,2005,2011,1
gmane.org.gnu.discuss,36,1800,en,88.9,88.9,2004,2010,5
gmane.org.user-groups.jaxlug,36,1800,en,100.0,100.0,2003,2011,1
gmane.os.freebsd.devel.amd64,36,1800,en,83.3,83.3,2004,2017,3
gmane.os.osv.devel,36,1800,en,97.2,97.2,2014,2019,2
gmane.text.docbook.apps,36,1800,en,97.2,97.2,2002,2019,2
gmane.text.xml.devel,36,1800,en,100.0,100.0,2005,2019,1
gmane.comp.gis.openstreetmap.region.es,36,1800,es,91.7,2.8,2007,2019,4
gmane.comp.apache.arrow.bugs,35,1750,en,62.9,62.9,2018,2019,4
gmane.comp.apache.incubator.ooo.user,35,1750,en,97.1,97.1,2011,2019,2
gmane.comp.embedded.ptxdist.devel,35,1750,en,100.0,100.0,2003,2019,1
gmane.comp.emulators.ovirt.node.patches,35,1750,en,100.0,100.0,2012,2015,1
gmane.comp.freedesktop.wayland.bugs,35,1750,en,82.9,82.9,2012,2018,2
gmane.comp.gis.openstreetmap.region.gb,35,1750,en,100.0,100.0,2008,2019,1
gmane.comp.hardware.soekris.technical,35,1750,en,100.0,100.0,2002,2017,1
gmane.comp.java.jade.devel,35,1750,en,97.1,97.1,2005,2015,2
gmane.comp.java.ops4j.general,35,1750,en,100.0,100.0,2005,2017,1
gmane.comp.kde.devel.calligra,35,1750,en,94.3,94.3,2011,2019,3
gmane.comp.lang.c++.root,35,1750,en,88.6,88.6,2003,2017,3
gmane.comp.lang.r.lme4.devel,35,1750,en,100.0,100.0,2007,2018,1
gmane.comp.lib.fltk.devel,35,1750,en,94.3,94.3,2005,2018,2
gmane.comp.lib.scintilla.devel,35,1750,en,100.0,100.0,2001,2018,1
gmane.comp.misc.tinyerp.user,35,1750,en,100.0,100.0,2007,2010,1
gmane.comp.mozilla.devel.calendar,35,1750,en,100.0,100.0,2002,2014,1
gmane.comp.mozilla.devel.tree-management,35,1750,en,94.3,94.3,2013,2014,2
gmane.comp.php.windows,35,1750,en,100.0,100.0,2002,2012,1
gmane.comp.security.nessus.general,35,1750,en,97.1,97.1,2002,2008,2
gmane.comp.video.livedotcom.devel,35,1750,en,94.3,94.3,2005,2016,3
gmane.comp.web.wiki.dokuwiki.general,35,1750,en,91.4,91.4,2005,2018,3
gmane.comp.web.zope.cmf,35,1750,en,100.0,100.0,2002,2015,1
gmane.culture.literature.e-books.gutenberg.announce.posted,35,1750,en,97.1,97.1,2013,2019,2
gmane.culture.tobacco.snuff,35,1750,en,97.1,97.1,2001,2013,2
gmane.emacs.gnus.user,35,1750,en,97.1,97.1,2002,2017,2
gmane.ietf.dnsop,35,1750,en,100.0,100.0,2002,2017,1
gmane.ietf.oauth,35,1750,en,100.0,100.0,2010,2018,1
gmane.linux.debian.devel.changes.experimental,35,1750,en,51.4,51.4,2015,2018,7
gmane.linux.drivers.platform.x86.devel,35,1750,en,100.0,100.0,2010,2018,1
gmane.linux.kernel.containers.lxc.devel,35,1750,en,94.3,94.3,2010,2019,3
gmane.linux.kernel.firewire.devel,35,1750,en,100.0,100.0,2002,2013,1
gmane.linux.linaro.devel,35,1750,en,100.0,100.0,2010,2017,1
gmane.network.quagga.devel,35,1750,en,100.0,100.0,2003,2017,1
gmane.org.user-groups.colibri,35,1750,es,100.0,0.0,2005,2014,1
gmane.org.user-groups.linux.golug,35,1750,en,100.0,100.0,2005,2019,1
gmane.user-groups.foss.nepal,35,1750,en,91.4,91.4,2006,2017,3
gmane.user-groups.linux.taclug.general,35,1750,en,94.3,94.3,2002,2010,2
gmane.comp.lang.groovy.grails.devel,35,1750,en,97.1,97.1,2007,2014,2
gmane.linux.usb.user,35,1750,en,91.4,91.4,2002,2007,4
gmane.comp.bitcoin.devel,34,1700,en,97.1,97.1,2011,2019,2
gmane.comp.capabilities.general,34,1700,en,100.0,100.0,2004,2015,1
gmane.comp.db.firebird.user,34,1700,en,94.1,94.1,2012,2019,3
gmane.comp.file-systems.lufs.devel,34,1700,pt,79.4,14.7,2008,2014,4
gmane.comp.hardware.netapp,34,1700,en,100.0,100.0,2002,2018,1
gmane.comp.jakarta.gump,34,1700,en,100.0,100.0,2003,2019,1
gmane.comp.kde.amarok.devel,34,1700,en,100.0,100.0,2004,2011,1
gmane.comp.kde.education,34,1700,en,91.2,91.2,2003,2019,3
gmane.comp.lang.haskell.beginners,34,1700,en,94.1,94.1,2009,2018,2
gmane.comp.lang.haskell.ghc.devel,34,1700,en,94.1,94.1,2013,2019,3
gmane.comp.lang.perl.modules.dbi.general,34,1700,en,100.0,100.0,2003,2017,1
gmane.comp.lib.binarycloud.devel,34,1700,en,100.0,100.0,2001,2005,1
gmane.comp.lib.ode,34,1700,en,100.0,100.0,2002,2007,1
gmane.comp.misc.ontology.protege.general,34,1700,en,97.1,97.1,2003,2011,2
gmane.comp.mozilla.devel.b2g,34,1700,en,97.1,97.1,2012,2016,2
gmane.comp.php.phpmyadmin.scm,34,1700,en,82.4,82.4,2010,2015,4
gmane.comp.python.dabo.devel,34,1700,en,97.1,97.1,2005,2013,2
gmane.comp.python.pystatsmodels,34,1700,en,100.0,100.0,2010,2018,1
gmane.comp.sysutils.logstash.user,34,1700,en,100.0,100.0,2012,2015,1
gmane.comp.video.ffmpeg.libav.user,34,1700,en,100.0,100.0,2008,2018,1
gmane.comp.web.aolserver,34,1700,en,100.0,100.0,2000,2010,1
gmane.comp.web.opera.general,34,1700,en,100.0,100.0,2002,2010,1
gmane.comp.web.wget.general,34,1700,en,97.1,97.1,2002,2019,2
gmane.comp.windows.devel.dotnet.advanced,34,1700,en,100.0,100.0,2002,2008,1
gmane.editors.jedit.user,34,1700,en,97.1,97.1,2002,2013,2
gmane.education.libraries.koha.scm,34,1700,en,100.0,100.0,2011,2017,1
gmane.ietf.dhc,34,1700,en,100.0,100.0,2002,2016,1
gmane.ietf.manet,34,1700,en,100.0,100.0,2002,2016,1
gmane.linux.debian.devel.dpkg.bugs,34,1700,en,97.1,97.1,2005,2017,2
gmane.linux.distributions.linuxmuster,34,1700,de,97.1,2.9,2014,2016,2
gmane.linux.ubuntu.devel.discuss,34,1700,en,97.1,97.1,2007,2019,2
gmane.mail.spam.assp.test,34,1700,en,100.0,100.0,2008,2017,1
gmane.music.equipment.yamaha-dx,34,1700,en,100.0,100.0,2004,2019,1
gmane.network.tor.relay,34,1700,en,100.0,100.0,2011,2019,1
gmane.org.hackerspaces.vhs.general,34,1700,en,94.1,94.1,2012,2014,3
gmane.org.user-groups.palm.indonesia,34,1700,id,70.6,29.4,2002,2012,2
gmane.os.freebsd.devel.ports.bugs,34,1700,en,50.0,50.0,2003,2003,5
gmane.recreation.radio.hardware.yaesu.ft100,34,1700,en,100.0,100.0,2003,2016,1
gmane.comp.file-systems.fuse.devel,34,1700,en,100.0,100.0,2004,2017,1
gmane.comp.networking.packetfence.user,34,1700,en,100.0,100.0,2009,2019,1
gmane.comp.web.curl.general,34,1700,en,100.0,100.0,2002,2019,1
gmane.comp.web.svg,34,1700,en,94.1,94.1,2002,2014,3
gmane.linux.debian.devel.quality-assurance,34,1700,en,100.0,100.0,2003,2017,1
gmane.linux.debian.devel.systemd,34,1700,en,100.0,100.0,2014,2019,1
gmane.comp.lang.javascript.knockoutjs,34,1700,en,91.2,91.2,2012,2016,4
gmane.comp.ai.gate.general,33,1650,en,100.0,100.0,2005,2017,1
gmane.comp.apache.db.derby.user,33,1650,en,100.0,100.0,2005,2018,1
gmane.comp.cms.cold-fusion.devel.italian,33,1650,it,93.9,3.0,2004,2012,3
gmane.comp.cms.xaraya.devel,33,1650,en,97.0,97.0,2002,2009,2
gmane.comp.db.postgresql.pgadmin,33,1650,en,97.0,97.0,2004,2019,2
gmane.comp.encryption.openssl.cvs,33,1650,en,97.0,97.0,2002,2014,2
gmane.comp.finance.mifos.scm,33,1650,en,100.0,100.0,2006,2012,1
gmane.comp.freedesktop.dbus,33,1650,en,100.0,100.0,2004,2016,1
gmane.comp.gis.geotools2.user,33,1650,en,100.0,100.0,2006,2016,1
gmane.comp.gis.openstreetmap.hot,33,1650,en,97.0,97.0,2011,2017,2
gmane.comp.gis.openstreetmap.osmand,33,1650,en,93.9,93.9,2014,2019,3
gmane.comp.gnu.utils.bugs,33,1650,en,90.9,90.9,2002,2013,4
gmane.comp.graphics.inkscape.user,33,1650,en,97.0,97.0,2004,2019,2
gmane.comp.hardware.siemens.phones.j2me,33,1650,en,93.9,93.9,2002,2017,2
gmane.comp.java.jetty.general,33,1650,en,87.9,87.9,2002,2015,3
gmane.comp.lang.eiffel.ise,33,1650,en,100.0,100.0,2006,2018,1
gmane.comp.lang.perl.perl6.compiler,33,1650,en,100.0,100.0,2005,2018,1
gmane.comp.linux.lvs.user,33,1650,en,100.0,100.0,2004,2018,1
gmane.comp.mathematics.theano.user,33,1650,en,97.0,97.0,2014,2018,2
gmane.comp.mobile.funambol.user,33,1650,en,93.9,93.9,2005,2011,3
gmane.comp.mozilla.firefox.greasemonkey,33,1650,en,93.9,93.9,2005,2016,3
gmane.comp.multimedia.xbmc.addons,33,1650,en,90.9,90.9,2010,2016,4
gmane.comp.nlp.moses.user,33,1650,en,100.0,100.0,2008,2019,1
gmane.comp.python.scikit-learn,33,1650,en,100.0,100.0,2012,2019,1
gmane.comp.radio.aprs,33,1650,en,100.0,100.0,2009,2018,1
gmane.comp.radio.wsjt,33,1650,en,100.0,100.0,2013,2019,1
gmane.comp.web.netsurf.scm,33,1650,en,93.9,93.9,2008,2019,3
gmane.comp.web.services.rest,33,1650,en,100.0,100.0,2003,2014,1
gmane.comp.web.zope.zwiki.edits,33,1650,en,84.8,84.8,2005,2011,5
gmane.culture.religion.healer.mayapada,33,1650,id,90.9,9.1,2006,2011,2
gmane.culture.stone,33,1650,en,100.0,100.0,2005,2012,1
gmane.editors.geany.github-comments,33,1650,en,93.9,93.9,2015,2019,3
gmane.education.libraries.open-ils.general,33,1650,en,100.0,100.0,2007,2019,1
gmane.games.crossfire.cvs,33,1650,en,100.0,100.0,2006,2019,1
gmane.linux.arch.pacman.devel,33,1650,en,100.0,100.0,2008,2019,1
gmane.linux.centos.region.spanish,33,1650,es,100.0,0.0,2007,2017,1
gmane.linux.debian.ports.hurd,33,1650,en,90.9,90.9,2002,2019,4
gmane.linux.distributions.emc.devel,33,1650,en,100.0,100.0,2007,2017,1
gmane.mail.sylpheed.general,33,1650,en,97.0,97.0,2002,2015,2
gmane.org.region.cuba.softwarelibre,33,1650,es,87.9,3.0,2008,2009,5
gmane.org.region.india.smc-discuss,33,1650,en,63.6,63.6,2009,2018,4
gmane.org.user-groups.linux.cplug.general,33,1650,en,100.0,100.0,2002,2016,1
gmane.org.user-groups.linux.turkey.sunucu,33,1650,tr,97.0,0.0,2009,2019,2
gmane.org.wikimedia.brazil,33,1650,pt,97.0,3.0,2008,2014,2
gmane.science.mathematics.logic.isabelle.user,33,1650,en,100.0,100.0,2009,2019,1
gmane.education.libraries.koha.devel,33,1650,en,97.0,97.0,2008,2018,2
gmane.linux.gentoo.amd64,33,1650,en,97.0,97.0,2004,2014,2
gmane.linux.redhat.fedora.documentation,33,1650,en,100.0,100.0,2004,2017,1
gmane.os.rtems.user,33,1650,en,93.9,93.9,2005,2019,2
gmane.comp.apache.jackrabbit.oak.devel,32,1600,en,93.8,93.8,2012,2018,3
gmane.comp.cad.openscad,32,1600,en,100.0,100.0,2014,2019,1
gmane.comp.cms.lenya.devel,32,1600,en,93.8,93.8,2005,2011,2
gmane.comp.education.sugar.discuss,32,1600,en,96.9,96.9,2009,2017,2
gmane.comp.emulators.kvm.powerpc.devel,32,1600,en,100.0,100.0,2009,2019,1
gmane.comp.games.second-life.devel,32,1600,en,96.9,96.9,2008,2012,2
gmane.comp.gcc.java.patches,32,1600,en,96.9,96.9,2002,2012,2
gmane.comp.gnome.mono.banshee,32,1600,en,96.9,96.9,2006,2012,2
gmane.comp.gnome.pidgin.user,32,1600,en,96.9,96.9,2007,2017,2
gmane.comp.handhelds.maemo.user,32,1600,en,96.9,96.9,2005,2012,2
gmane.comp.java.classpath.testresults,32,1600,en,75.0,75.0,2006,2010,2
gmane.comp.java.jsr.166-concurrency,32,1600,en,100.0,100.0,2002,2018,1
gmane.comp.java.restlet,32,1600,en,96.9,96.9,2006,2013,2
gmane.comp.java.testng.user,32,1600,en,100.0,100.0,2009,2018,1
gmane.comp.kde.devel.education,32,1600,en,100.0,100.0,2004,2018,1
gmane.comp.kde.doc,32,1600,en,87.5,87.5,2003,2019,4
gmane.comp.kde.kst,32,1600,en,93.8,93.8,2005,2014,2
gmane.comp.misc.novell,32,1600,en,100.0,100.0,2004,2013,1
gmane.comp.php.pecl.devel,32,1600,en,90.6,90.6,2004,2017,4
gmane.comp.web.flash.osflash.general,32,1600,en,100.0,100.0,2005,2011,1
gmane.ietf.ipsec,32,1600,en,100.0,100.0,2002,2019,1
gmane.linux.debian.user.isp,32,1600,en,93.8,93.8,2002,2012,2
gmane.linux.lvm.general,32,1600,en,100.0,100.0,2002,2019,1
gmane.linux.network.general,32,1600,en,100.0,100.0,2002,2013,1
gmane.linux.redhat.blinux.general,32,1600,en,100.0,100.0,2002,2016,1
gmane.linux.redhat.fedora.artwork,32,1600,en,96.9,96.9,2006,2018,2
gmane.linux.ubuntu.loco.co,32,1600,es,87.5,3.1,2012,2015,5
gmane.linux.ubuntu.sounder,32,1600,en,93.8,93.8,2005,2011,3
gmane.linux.uml.devel,32,1600,en,100.0,100.0,2002,2017,1
gmane.linux.vserver,32,1600,en,96.9,96.9,2002,2011,2
gmane.lisp.guile.user,32,1600,en,100.0,100.0,2002,2018,1
gmane.network.freeswan.user,32,1600,en,71.9,71.9,2003,2004,2
gmane.network.wireshark.user,32,1600,en,96.9,96.9,2006,2018,2
gmane.org.user-group.hackmanhattan.blabber,32,1600,en,93.8,93.8,2012,2014,2
gmane.org.user-groups.java.warszawa-jug,32,1600,pl,93.8,0.0,2010,2016,3
gmane.org.user-groups.linux.hungarian,32,1600,hu,93.8,3.1,2006,2011,3
gmane.os.netbsd.ports.i386,32,1600,en,96.9,96.9,2002,2019,2
gmane.science.physics.fabric-of-reality,32,1600,en,100.0,100.0,2003,2014,1
gmane.text.xml.batik.user,32,1600,en,100.0,100.0,2002,2018,1
gmane.comp.handhelds.openmoko.buglog,32,1600,en,87.5,87.5,2007,2011,2
gmane.comp.lang.delphi.programming,32,1600,en,100.0,100.0,2002,2003,1
gmane.ietf.gen-art,32,1600,en,100.0,100.0,2006,2016,1
gmane.linux.distributions.baslinux,32,1600,en,100.0,100.0,2003,2017,1
gmane.linux.printing.gimp-print.devel,32,1600,en,100.0,100.0,2005,2019,1
gmane.comp.gnu.guix.bugs,32,1600,en,96.9,96.9,2013,2019,2
gmane.comp.java.javagroups.cvs,32,1600,en,100.0,100.0,2003,2010,1
gmane.comp.standards.posix.austin.general,32,1600,en,100.0,100.0,2008,2019,1
gmane.comp.documentfoundation.libreoffice.documentation,31,1550,en,96.8,96.8,2010,2018,2
gmane.comp.encryption.opensc.devel,31,1550,en,100.0,100.0,2004,2016,1
gmane.comp.gnome.gtk+.perl,31,1550,en,93.5,93.5,2002,2017,3
gmane.comp.gnome.gtk+.python,31,1550,en,100.0,100.0,2003,2012,1
gmane.comp.gnu.mingw.w64.general,31,1550,en,100.0,100.0,2009,2019,1
gmane.comp.jakarta.turbine.devel,31,1550,en,100.0,100.0,2002,2015,1
gmane.comp.lang.haskell.cvs.libraries,31,1550,en,100.0,100.0,2002,2012,1
gmane.comp.lang.scala.debate,31,1550,en,96.8,96.8,2008,2016,2
gmane.comp.lex.flex.windows,31,1550,en,90.3,90.3,2002,2015,3
gmane.comp.otsr.user.german,31,1550,de,96.8,3.2,2004,2018,2
gmane.comp.python.cython.devel,31,1550,en,100.0,100.0,2007,2018,1
gmane.comp.python.cython.user,31,1550,en,100.0,100.0,2009,2018,1
gmane.comp.python.matplotlib.devel,31,1550,en,96.8,96.8,2005,2016,2
gmane.comp.search.xapian.cvs,31,1550,sv,45.2,32.3,2003,2014,5
gmane.comp.security.cypherpunks,31,1550,en,100.0,100.0,2013,2016,1
gmane.comp.security.jobs,31,1550,en,100.0,100.0,2003,2008,1
gmane.comp.sysutils.autoconf.general,31,1550,en,100.0,100.0,2002,2018,1
gmane.comp.sysutils.automake.general,31,1550,en,96.8,96.8,2002,2018,2
gmane.ietf.avt,31,1550,en,96.8,96.8,2002,2016,2
gmane.ietf.sipping,31,1550,en,100.0,100.0,2002,2008,1
gmane.linux.debian.backports.general,31,1550,en,100.0,100.0,2004,2017,1
gmane.linux.debian.devel.gstreamer,31,1550,en,80.6,80.6,2007,2018,5
gmane.network.dhcp.isc.dhcp-server,31,1550,en,100.0,100.0,2002,2016,1
gmane.network.openvpn.devel,31,1550,en,100.0,100.0,2004,2018,1
gmane.org.user-groups.gull.general,31,1550,fr,93.5,3.2,2003,2019,3
gmane.os.dragonfly-bsd.kernel,31,1550,en,96.8,96.8,2003,2013,2
gmane.os.freebsd.devel.emulation,31,1550,en,96.8,96.8,2004,2019,2
gmane.os.netbsd.help,31,1550,en,100.0,100.0,2002,2007,1
gmane.comp.gnome.evolution.patches,31,1550,en,96.8,96.8,2002,2006,2
gmane.linux.drivers.madwifi.user,31,1550,en,100.0,100.0,2003,2013,1
gmane.linux.kernel.containers.lxc.general,31,1550,en,100.0,100.0,2010,2019,1
gmane.linux.scsi.target.devel,31,1550,en,96.8,96.8,2012,2017,2
gmane.mail.squirrelmail.plugins,31,1550,en,96.8,96.8,2003,2011,2
gmane.comp.db.cassandra.devel,31,1550,en,90.3,90.3,2009,2018,4
gmane.linux.redhat.fedora.selinux,31,1550,en,96.8,96.8,2004,2019,2
gmane.comp.audio.emagic.exs,30,1500,en,96.7,96.7,2001,2008,2
gmane.comp.clustering.torque.user,30,1500,en,100.0,100.0,2005,2016,1
gmane.comp.debugging.valgrind,30,1500,en,96.7,96.7,2003,2015,2
gmane.comp.gnome.marketing,30,1500,en,100.0,100.0,2006,2018,1
gmane.comp.graphics.darktable.user,30,1500,en,93.3,93.3,2012,2019,2
gmane.comp.handhelds.openzaurus.user,30,1500,en,100.0,100.0,2003,2006,1
gmane.comp.helpdesk.trackit.user,30,1500,en,90.0,90.0,2007,2015,3
gmane.comp.java.geronimo.user,30,1500,en,93.3,93.3,2005,2010,2
gmane.comp.java.openjdk.net.devel,30,1500,en,86.7,86.7,2009,2019,4
gmane.comp.kde.devel.telepathy,30,1500,en,96.7,96.7,2011,2015,2
gmane.comp.lang.ocaml.beginners,30,1500,en,100.0,100.0,2002,2017,1
gmane.comp.lib.newlib,30,1500,en,100.0,100.0,2004,2018,1
gmane.comp.python.c++,30,1500,en,100.0,100.0,2002,2016,1
gmane.comp.python.python-3000.devel,30,1500,en,100.0,100.0,2006,2008,1
gmane.comp.science.mathematics.dealii,30,1500,en,100.0,100.0,2008,2018,1
gmane.comp.time.tz,30,1500,en,100.0,100.0,2004,2019,1
gmane.comp.web.blosxom,30,1500,en,70.0,70.0,2003,2009,2
gmane.comp.web.xforms.ops.user,30,1500,en,100.0,100.0,2009,2019,1
gmane.ietf.asrg,30,1500,en,100.0,100.0,2003,2011,1
gmane.ietf.ccamp,30,1500,en,100.0,100.0,2002,2019,1
gmane.ietf.tsvwg,30,1500,en,100.0,100.0,2002,2019,1
gmane.linux.debian.conference.team,30,1500,en,100.0,100.0,2006,2019,1
gmane.linux.debian.devel.cd,30,1500,en,93.3,93.3,2002,2017,3
gmane.linux.debian.devel.python,30,1500,en,96.7,96.7,2002,2019,2
gmane.linux.redhat.freeipa.user,30,1500,en,93.3,93.3,2009,2015,3
gmane.linux.suse.security,30,1500,en,96.7,96.7,2002,2018,2
gmane.linux.xdg.devel,30,1500,en,100.0,100.0,2003,2014,1
gmane.mail.virus.maiamailguard,30,1500,en,96.7,96.7,2004,2015,2
gmane.network.syndication.atom.syntax,30,1500,en,93.3,93.3,2004,2009,3
gmane.network.vpn.strongswan.user,30,1500,en,100.0,100.0,2009,2019,1
gmane.os.apple.ragtime.german,30,1500,de,63.3,3.3,2004,2015,3
gmane.os.macosx.quicksilver.user,30,1500,en,100.0,100.0,2008,2019,1
gmane.os.pcbsd.scm,30,1500,en,73.3,73.3,2007,2012,5
gmane.science.linguistics.wikipedia.helpdesk,30,1500,en,100.0,100.0,2005,2006,1
gmane.comp.db.firebird.devel,30,1500,en,96.7,96.7,2011,2019,2
gmane.comp.gnome.apps.gabber,30,1500,pt,50.0,40.0,2003,2017,5
gmane.comp.java.jetty.support,30,1500,en,100.0,100.0,2002,2011,1
gmane.comp.java.openjdk.openjfx.devel,30,1500,en,100.0,100.0,2013,2018,1
gmane.comp.kde.devel.kolab,30,1500,en,96.7,96.7,2004,2018,2
gmane.comp.lib.gnustep.devel,30,1500,en,100.0,100.0,2000,2015,1
gmane.linux.drivers.bcm54xx.devel,30,1500,en,93.3,93.3,2006,2018,3
gmane.os.netbsd.devel.network,30,1500,en,100.0,100.0,2002,2018,1
gmane.comp.cad.brlcad.bugs,30,1500,en,100.0,100.0,2008,2015,1
gmane.comp.emulators.hercules390.mvs,30,1500,en,100.0,100.0,2003,2018,1
gmane.comp.handhelds.palm.gtd,30,1500,en,100.0,100.0,2003,2009,1
gmane.comp.lib.protocol-buffers.general,30,1500,en,96.7,96.7,2008,2019,2
gmane.os.freebsd.devel.usb,30,1500,en,93.3,93.3,2005,2018,3
gmane.comp.apache.falcon.devel,29,1450,en,65.5,65.5,2015,2018,3
gmane.comp.apache.openoffice.user,29,1450,en,96.6,96.6,2012,2018,2
gmane.comp.fonts.freetype.devel,29,1450,en,100.0,100.0,2003,2019,1
gmane.comp.freedesktop.hal,29,1450,en,100.0,100.0,2004,2009,1
gmane.comp.gis.openstreetmap.region.nl,29,1450,nl,96.6,0.0,2007,2015,2
gmane.comp.gnome.mono.monodevelop.general,29,1450,en,100.0,100.0,2005,2015,1
gmane.comp.gnu.make.general,29,1450,en,100.0,100.0,2002,2016,1
gmane.comp.java.audit.pmd.devel,29,1450,en,93.1,93.1,2004,2015,3
gmane.comp.java.clojure.storm,29,1450,en,100.0,100.0,2011,2013,1
gmane.comp.java.cruise-control.devel,29,1450,en,96.6,96.6,2002,2016,2
gmane.comp.lang.racket.user,29,1450,en,93.1,93.1,2010,2012,3
gmane.comp.lib.qt.creator,29,1450,en,96.6,96.6,2009,2017,2
gmane.comp.multimedia.live555.devel,29,1450,en,100.0,100.0,2007,2017,1
gmane.comp.multimedia.puredata.devel,29,1450,en,100.0,100.0,2007,2018,1
gmane.comp.python.buildbot.scm,29,1450,en,93.1,93.1,2009,2016,3
gmane.comp.python.zope.portuguese,29,1450,pt,96.6,3.4,2005,2012,2
gmane.comp.radio.rivendell.user,29,1450,en,96.6,96.6,2011,2018,2
gmane.comp.security.openwall.john.devel,29,1450,en,100.0,100.0,2011,2016,1
gmane.comp.tex.miktex,29,1450,en,96.6,96.6,2004,2017,2
gmane.comp.web.fkceditor.trac,29,1450,en,93.1,93.1,2008,2009,3
gmane.comp.windows.devel.dotnet.winforms,29,1450,en,100.0,100.0,2003,2007,1
gmane.culture.internet.nettime,29,1450,en,100.0,100.0,2004,2019,1
gmane.editors.scite.general,29,1450,en,100.0,100.0,2003,2017,1
gmane.editors.textmate.devel,29,1450,en,93.1,93.1,2005,2009,3
gmane.emacs.xemacs.patches,29,1450,en,93.1,93.1,2002,2014,3
gmane.linux.bluez.devel,29,1450,en,96.6,96.6,2003,2007,2
gmane.linux.centos.devel,29,1450,en,96.6,96.6,2004,2018,2
gmane.linux.debian.ports.bsd,29,1450,en,100.0,100.0,2002,2014,1
gmane.linux.debian.user.catalan,29,1450,ca,86.2,6.9,2003,2018,4
gmane.linux.debian.user.swedish,29,1450,sv,75.9,10.3,2002,2015,6
gmane.linux.debian.user.turkish,29,1450,tr,96.6,3.4,2003,2013,2
gmane.linux.distributions.pclinuxos.devel,29,1450,en,100.0,100.0,2004,2006,1
gmane.linux.edu.gleducar,29,1450,es,96.6,0.0,2005,2013,2
gmane.linux.freshrpms.user,29,1450,en,93.1,93.1,2002,2007,3
gmane.linux.network.connman,29,1450,en,100.0,100.0,2011,2015,1
gmane.linux.redhat.fedora.desktop,29,1450,en,100.0,100.0,2004,2019,1
gmane.linux.redhat.release.psyche,29,1450,en,96.6,96.6,2002,2003,2
gmane.linux.trustix.general,29,1450,en,93.1,93.1,2002,2007,3
gmane.linux.uml.user,29,1450,en,100.0,100.0,2003,2018,1
gmane.lisp.lispworks.general,29,1450,en,96.6,96.6,2003,2017,2
gmane.org.hackerspaces.tel-aviv,29,1450,en,48.3,48.3,2014,2018,3
gmane.org.operators.nznog,29,1450,en,96.6,96.6,2003,2014,2
gmane.org.user-groups.linux.kplug.kooler,29,1450,en,100.0,100.0,2005,2010,1
gmane.os.dragonfly-bsd.scm,29,1450,en,69.0,69.0,2012,2018,4
gmane.os.freebsd.devel.python,29,1450,en,65.5,65.5,2008,2019,4
gmane.os.solaris.sunray,29,1450,en,96.6,96.6,2007,2014,2
gmane.science.robotics.playerstage.user,29,1450,en,96.6,96.6,2005,2014,2
gmane.comp.encryption.gpg.cvs,29,1450,en,89.7,89.7,2002,2018,4
gmane.comp.hardware.lirc,29,1450,en,100.0,100.0,2004,2017,1
gmane.comp.java.czech,29,1450,cs,65.5,0.0,2005,2011,4
gmane.comp.java.open-symphony.webwork,29,1450,en,100.0,100.0,2002,2006,1
gmane.comp.python.pypy,29,1450,en,100.0,100.0,2003,2017,1
gmane.ietf.apps-discuss,29,1450,en,96.6,96.6,2009,2016,2
gmane.linux.altlinux.hardware,29,1450,ru,96.6,0.0,2005,2009,2
gmane.org.w3c.validator,29,1450,en,93.1,93.1,2002,2015,2
gmane.os.netbsd.ports.macppc,29,1450,en,100.0,100.0,2002,2017,1
gmane.recreation.cars.walmart-rving,29,1450,en,100.0,100.0,2007,2018,1
gmane.text.xml.xfml,29,1450,en,96.6,96.6,2007,2015,2
gmane.linux.hardware.nvdimm,29,1450,en,100.0,100.0,2016,2019,1
gmane.music.equipment.old-synthesizers,29,1450,en,93.1,93.1,2002,2016,2
gmane.os.freebsd.devel.java,29,1450,en,89.7,89.7,2002,2016,3
gmane.comp.apache.jena.user,28,1400,en,100.0,100.0,2012,2019,1
gmane.comp.audio.ardour.user,28,1400,en,96.4,96.4,2004,2016,2
gmane.comp.audio.portaudio.devel,28,1400,en,92.9,92.9,2004,2015,3
gmane.comp.distributed.slurm.devel,28,1400,en,100.0,100.0,2011,2019,1
gmane.comp.encryption.gpg.gnutls.devel,28,1400,en,92.9,92.9,2004,2019,2
gmane.comp.encryption.kerberos.cvs,28,1400,en,89.3,89.3,2002,2018,3
gmane.comp.file-systems.ocfs2.devel,28,1400,en,100.0,100.0,2006,2017,1
gmane.comp.gnome.nautilus,28,1400,en,100.0,100.0,2003,2017,1
gmane.comp.java.cargo.devel,28,1400,en,75.0,75.0,2006,2015,4
gmane.comp.lang.r.r-metrics,28,1400,en,100.0,100.0,2008,2018,1
gmane.comp.lang.racket.devel,28,1400,en,100.0,100.0,2010,2019,1
gmane.comp.lib.fox-toolkit.user,28,1400,en,96.4,96.4,2004,2017,2
gmane.comp.mozilla.devel.gaia,28,1400,en,100.0,100.0,2013,2016,1
gmane.comp.python.ipython.devel,28,1400,en,100.0,100.0,2003,2016,1
gmane.comp.python.ipython.user,28,1400,en,100.0,100.0,2003,2015,1
gmane.comp.python.patches,28,1400,en,96.4,96.4,2002,2007,2
gmane.comp.python.pywikipediabot.general,28,1400,en,92.9,92.9,2004,2017,3
gmane.comp.serendipity.cvs,28,1400,en,75.0,75.0,2003,2017,6
gmane.comp.sysutils.lcdproc,28,1400,en,100.0,100.0,1998,2014,1
gmane.comp.tex.ctan.announce,28,1400,en,100.0,100.0,1995,2019,1
gmane.comp.windows.eccopro,28,1400,en,92.9,92.9,2003,2016,2
gmane.culture.backpacking.hammockcamping,28,1400,en,100.0,100.0,2004,2010,1
gmane.linux.debian.devel.documentation,28,1400,en,96.4,96.4,2002,2018,2
gmane.linux.distributions.tails.devel,28,1400,en,96.4,96.4,2012,2019,2
gmane.linux.frugalware.devel,28,1400,en,100.0,100.0,2006,2014,1
gmane.linux.oprofile,28,1400,en,100.0,100.0,2003,2018,1
gmane.linux.region.bulgaria,28,1400,bg,89.3,3.6,2004,2012,4
gmane.linux.skolelinux.linux-i-skolen,28,1400,no,82.1,10.7,2002,2013,3
gmane.linux.ubuntu.artwork,28,1400,en,100.0,100.0,2006,2011,1
gmane.linux.ubuntu.devel.changes.saucy,28,1400,en,78.6,78.6,2013,2014,3
gmane.mail.imap.dbmail,28,1400,en,100.0,100.0,2004,2014,1
gmane.mail.mulberry.user,28,1400,en,100.0,100.0,2002,2017,1
gmane.mail.spam.spamcop.email,28,1400,en,92.9,92.9,2002,2005,3
gmane.music.equipment.slimdevices.boom,28,1400,en,100.0,100.0,2008,2019,1
gmane.network.dns.powerdns.user,28,1400,en,100.0,100.0,2003,2016,1
gmane.network.gnutella.devel,28,1400,en,100.0,100.0,2002,2010,1
gmane.network.lwip.devel,28,1400,en,96.4,96.4,2007,2018,2
gmane.org.user-groups.linux.blug,28,1400,no,100.0,0.0,2004,2018,1
gmane.org.user-groups.linux.lugbz,28,1400,it,64.3,10.7,2005,2018,3
gmane.org.user-groups.linux.philippine.newbies,28,1400,en,92.9,92.9,2003,2005,3
gmane.org.wikimedia.foundation.uk,28,1400,en,100.0,100.0,2005,2018,1
gmane.science.mathematics.logic.coq.club,28,1400,en,96.4,96.4,2005,2019,2
gmane.technology.erps,28,1400,en,96.4,96.4,1999,2004,2
gmane.comp.db.tds.freetds,28,1400,en,100.0,100.0,2004,2011,1
gmane.comp.jakarta.slide.user,28,1400,en,100.0,100.0,2002,2006,1
gmane.comp.jakarta.turbine.torque.devel,28,1400,en,85.7,85.7,2003,2019,5
gmane.comp.web.ezcomponents.cvs,28,1400,en,100.0,100.0,2005,2010,1
gmane.linux.fbdev.devel,28,1400,en,100.0,100.0,2002,2010,1
gmane.linux.kernel.cifs,28,1400,en,89.3,89.3,2010,2019,4
gmane.science.robotics.orocos.devel,28,1400,en,96.4,96.4,2005,2015,2
gmane.comp.gis.geotools.devel,28,1400,en,78.6,78.6,2011,2018,5
gmane.comp.statistics.gretl.user,28,1400,en,100.0,100.0,2007,2019,1
gmane.culture.cooking.famous-recipes,28,1400,en,100.0,100.0,2005,2013,1
gmane.linux.bluez.user,28,1400,en,96.4,96.4,2003,2008,2
gmane.linux.drivers.e1000.devel,28,1400,en,96.4,96.4,2006,2016,2
gmane.network.dns.dnsmasq.general,28,1400,en,100.0,100.0,2005,2018,1
gmane.comp.apache.mod-security.user,27,1350,en,100.0,100.0,2004,2016,1
gmane.comp.apache.ode.devel,27,1350,en,66.7,66.7,2008,2017,5
gmane.comp.audio.liquidsoap.user,27,1350,en,96.3,96.3,2010,2019,2
gmane.comp.cms.opengroupware.user,27,1350,en,100.0,100.0,2003,2008,1
gmane.comp.db.touchdb.user,27,1350,en,96.3,96.3,2012,2017,2
gmane.comp.gnome.apps.rhythmbox.devel,27,1350,en,96.3,96.3,2002,2015,2
gmane.comp.graphics.gnuplot.devel,27,1350,en,100.0,100.0,2003,2017,1
gmane.comp.jakarta.general,27,1350,en,92.6,92.6,2002,2010,3
gmane.comp.java.castor.devel,27,1350,en,100.0,100.0,2002,2008,1
gmane.comp.lang.haskell.xmonad,27,1350,en,100.0,100.0,2007,2015,1
gmane.comp.lang.javascript.v8.general,27,1350,en,100.0,100.0,2008,2019,1
gmane.comp.mozilla.crypto.cvs,27,1350,en,92.6,92.6,2002,2012,3
gmane.comp.video.mencoder.user,27,1350,en,100.0,100.0,2005,2014,1
gmane.comp.web.wordpress.testers,27,1350,en,100.0,100.0,2005,2012,1
gmane.comp.web.zope.grok.devel,27,1350,en,100.0,100.0,2007,2010,1
gmane.comp.web.zope.russian,27,1350,ru,55.6,37.0,2004,2011,4
gmane.comp.web.zope.zwiki,27,1350,en,85.2,85.2,2003,2009,4
gmane.comp.windows.server.musterloesung,27,1350,de,96.3,0.0,2006,2018,2
gmane.culture.language.esperanto.reta-vortaro,27,1350,sq,40.7,0.0,2006,2019,7
gmane.discuss,27,1350,en,100.0,100.0,2002,2015,1
gmane.ietf.ltru,27,1350,en,100.0,100.0,2005,2009,1
gmane.ietf.nat.behave,27,1350,en,100.0,100.0,2005,2013,1
gmane.law.india.rti,27,1350,en,92.6,92.6,2008,2017,3
gmane.linux.cluster.redhat.cluster.devel,27,1350,en,96.3,96.3,2007,2019,2
gmane.linux.debian.devel.perl,27,1350,en,100.0,100.0,2004,2018,1
gmane.linux.debian.ports.68k,27,1350,en,92.6,92.6,2002,2018,3
gmane.linux.kernel.cpufreq,27,1350,en,100.0,100.0,2003,2014,1
gmane.linux.kernel.hardened.devel,27,1350,en,100.0,100.0,2012,2019,1
gmane.linux.man,27,1350,en,96.3,96.3,2010,2017,2
gmane.linux.redhat.fedora.arm,27,1350,en,92.6,92.6,2010,2016,3
gmane.linux.swsusp.devel,27,1350,en,100.0,100.0,2003,2011,1
gmane.linux.ubuntu.devel.changes.lucid,27,1350,en,81.5,81.5,2009,2013,6
gmane.linux.ubuntu.devel.changes.quantal,27,1350,en,74.1,74.1,2012,2014,3
gmane.music.equipment.korg,27,1350,en,96.3,96.3,2002,2008,2
gmane.network.openssh.bugs,27,1350,en,88.9,88.9,2009,2019,3
gmane.org.user-groups.asterisk.toronto.taug.general,27,1350,en,96.3,96.3,2005,2011,2
gmane.os.solaris.opensolaris.desktop,27,1350,en,100.0,100.0,2007,2011,1
gmane.politics.marxism.analysis,27,1350,en,96.3,96.3,2002,2012,2
gmane.politics.region.albania.shqiperia,27,1350,sq,96.3,3.7,2004,2013,2
gmane.science.biology.ensembl.devel,27,1350,en,100.0,100.0,2004,2016,1
gmane.technology.ham.contestru,27,1350,ru,77.8,3.7,2011,2018,4
gmane.user-groups.linux.france.guilde,27,1350,fr,92.6,0.0,2010,2018,3
gmane.comp.apache.openjpa.user,27,1350,en,96.3,96.3,2007,2016,2
gmane.comp.audio.rosegarden.devel,27,1350,en,100.0,100.0,2005,2014,1
gmane.comp.gnome.gtk+.csharp,27,1350,en,96.3,96.3,2002,2013,2
gmane.comp.jakarta.velocity.user,27,1350,en,96.3,96.3,2002,2018,2
gmane.comp.java.cayenne.user,27,1350,en,100.0,100.0,2005,2019,1
gmane.comp.java.classpath.patches,27,1350,en,100.0,100.0,2004,2008,1
gmane.comp.python.general.hispano,27,1350,es,88.9,3.7,2010,2017,4
gmane.culture.transportation.humanpowered.trikes,27,1350,en,96.3,96.3,2005,2013,2
gmane.linux.kernel.efi,27,1350,en,100.0,100.0,2013,2019,1
gmane.mail.imap.dbmail.devel,27,1350,en,100.0,100.0,2004,2013,1
gmane.org.operators.isotf.outages,27,1350,en,100.0,100.0,2008,2018,1
gmane.linux.drivers.ath9k.devel,27,1350,en,100.0,100.0,2008,2014,1
gmane.os.hurd.cvs,27,1350,en,81.5,81.5,2002,2018,4
gmane.org.user-groups.linux.toulouse,27,1350,fr,96.3,0.0,2007,2017,2
gmane.comp.kde.akregator.devel,27,1350,en,85.2,85.2,2005,2016,4
gmane.comp.apache.cxf.devel,26,1300,en,100.0,100.0,2009,2019,1
gmane.comp.audio.rosegarden.user,26,1300,en,100.0,100.0,2003,2016,1
gmane.comp.cms.radiant.general,26,1300,en,100.0,100.0,2006,2010,1
gmane.comp.emulators.virt-tools,26,1300,en,100.0,100.0,2010,2019,1
gmane.comp.encryption.kerberos.devel,26,1300,en,100.0,100.0,2003,2017,1
gmane.comp.freedesktop.clipart,26,1300,en,92.3,92.3,2004,2017,2
gmane.comp.gnome.internationalization.spanish,26,1300,es,88.5,11.5,2003,2018,2
gmane.comp.gnu.libtool.general,26,1300,en,92.3,92.3,2002,2017,2
gmane.comp.graphics.openscenegraph.cvs,26,1300,en,96.2,96.2,2006,2017,2
gmane.comp.java.cayenne.devel,26,1300,en,100.0,100.0,2006,2017,1
gmane.comp.java.cdi.weld.issues,26,1300,UNKNOWN,57.7,34.6,2010,2016,4
gmane.comp.java.javagroups.general,26,1300,en,100.0,100.0,2003,2014,1
gmane.comp.lang.io,26,1300,en,96.2,96.2,2003,2012,2
gmane.comp.lang.perl.quality-assurance,26,1300,en,100.0,100.0,2002,2015,1
gmane.comp.lang.ruby.sequel,26,1300,en,92.3,92.3,2008,2018,3
gmane.comp.lib.gnustep.bugs,26,1300,en,100.0,100.0,2000,2016,1
gmane.comp.mathematics.scilab.user,26,1300,en,96.2,96.2,2009,2018,2
gmane.comp.multimedia.musix,26,1300,es,84.6,11.5,2007,2015,3
gmane.comp.python.mod_wsgi,26,1300,en,100.0,100.0,2008,2018,1
gmane.comp.security.attrition.infosec-news,26,1300,en,100.0,100.0,2002,2011,1
gmane.comp.sysutils.pcp,26,1300,en,96.2,96.2,2002,2017,2
gmane.comp.video.ffmpeg.issues,26,1300,en,96.2,96.2,2007,2010,2
gmane.comp.web.zope.plone.region.italian.general,26,1300,it,88.5,7.7,2008,2014,3
gmane.comp.web.zope.zodb,26,1300,en,100.0,100.0,2002,2018,1
gmane.culture.internet.spectre,26,1300,en,84.6,84.6,2006,2015,5
gmane.education.libraries.mela,26,1300,en,96.2,96.2,1996,2016,2
gmane.ietf.nfsv4,26,1300,en,96.2,96.2,2004,2018,2
gmane.ietf.pwe3,26,1300,en,100.0,100.0,2002,2018,1
gmane.linux.australia,26,1300,en,92.3,92.3,2003,2015,3
gmane.linux.iscsi.open-iscsi,26,1300,en,100.0,100.0,2008,2016,1
gmane.linux.lib.musl.general,26,1300,en,100.0,100.0,2011,2019,1
gmane.linux.ubuntu.user.dutch,26,1300,nl,84.6,7.7,2005,2017,3
gmane.linux.utilities.util-linux-ng,26,1300,en,100.0,100.0,2007,2019,1
gmane.lisp.guile.scm,26,1300,en,100.0,100.0,2009,2018,1
gmane.mail.spam.tmda.user,26,1300,en,96.2,96.2,2001,2007,2
gmane.network.ryu.devel,26,1300,en,92.3,92.3,2012,2018,2
gmane.org.user-group.linux.france.nantes,26,1300,fr,100.0,0.0,2005,2018,1
gmane.os.solaris.opencsw.maintainers,26,1300,en,96.2,96.2,2009,2012,2
gmane.os.solaris.opensolaris.indiana,26,1300,en,96.2,96.2,2007,2009,2
gmane.recreation.motorcycles.svrider.general,26,1300,en,96.2,96.2,2002,2003,2
gmane.science.mathematics.discrete,26,1300,en,100.0,100.0,2004,2016,1
gmane.text.xml.cocoon.documentation,26,1300,en,96.2,96.2,2003,2008,2
gmane.text.xml.resin.user,26,1300,en,100.0,100.0,2002,2006,1
gmane.comp.emulators.virtualbox.devel,26,1300,en,100.0,100.0,2007,2019,1
gmane.comp.gnome.garnome,26,1300,en,92.3,92.3,2000,2006,3
gmane.comp.gnome.ximian.user,26,1300,en,100.0,100.0,2002,2011,1
gmane.comp.handhelds.palm.shadow,26,1300,en,100.0,100.0,2003,2008,1
gmane.comp.kde.devel.games,26,1300,en,92.3,92.3,2003,2019,3
gmane.comp.security.netsec,26,1300,tr,84.6,11.5,2006,2018,3
gmane.culture.literature.feistfans,26,1300,en,96.2,96.2,2011,2016,2
gmane.linux.linmodem,26,1300,en,96.2,96.2,2002,2011,2
gmane.linux.redhat.fedora.epel.devel,26,1300,en,96.2,96.2,2007,2017,2
gmane.org.user-groups.php.nyphp.general,26,1300,en,100.0,100.0,2007,2014,1
gmane.politics.activism.tomakeadifference,26,1300,en,96.2,96.2,2005,2012,2
gmane.comp.file-systems.owfs.devel,26,1300,en,100.0,100.0,2005,2018,1
gmane.comp.hardware.microcontrollers.ethernut,26,1300,en,100.0,100.0,2003,2018,1
gmane.comp.java.openwebbeans.devel,26,1300,en,57.7,57.7,2010,2019,3
gmane.comp.python.windows,26,1300,en,100.0,100.0,2003,2017,1
gmane.comp.security.firewalls.smoothwall.general,26,1300,en,100.0,100.0,2002,2004,1
gmane.org.user-groups.java.seajug,26,1300,en,100.0,100.0,2004,2018,1
gmane.comp.ai.gensim,25,1250,en,100.0,100.0,2011,2019,1
gmane.comp.apache.incubator.river.devel,25,1250,en,100.0,100.0,2007,2016,1
gmane.comp.apache.karaf.devel,25,1250,en,92.0,92.0,2011,2019,3
gmane.comp.bios.coreboot.seabios,25,1250,en,100.0,100.0,2009,2018,1
gmane.comp.calendars.meeting-room-booking-system.general,25,1250,en,100.0,100.0,2000,2014,1
gmane.comp.db.postgresql.odbc,25,1250,en,96.0,96.0,2002,2018,2
gmane.comp.emulators.xen.ia64,25,1250,en,96.0,96.0,2005,2008,2
gmane.comp.finance.grisbi.user,25,1250,pt,64.0,24.0,2007,2016,4
gmane.comp.fonts.fontforge.devel,25,1250,en,96.0,96.0,2005,2013,2
gmane.comp.games.vassal,25,1250,en,100.0,100.0,2003,2007,1
gmane.comp.graphics.crystalspace.general,25,1250,en,96.0,96.0,2003,2008,2
gmane.comp.graphics.imatch,25,1250,en,100.0,100.0,2004,2005,1
gmane.comp.jakarta.slide.devel,25,1250,en,96.0,96.0,2002,2007,2
gmane.comp.java.jersey.user,25,1250,en,100.0,100.0,2009,2011,1
gmane.comp.kde.devel.owncloud,25,1250,en,96.0,96.0,2011,2016,2
gmane.comp.kde.kolab.devel,25,1250,en,100.0,100.0,2005,2018,1
gmane.comp.mathematics.lpsolve,25,1250,en,96.0,96.0,2005,2016,2
gmane.comp.mozilla.chimera,25,1250,en,96.0,96.0,2002,2007,2
gmane.comp.security.detection.bro,25,1250,en,100.0,100.0,2004,2018,1
gmane.comp.shells.zsh.devel,25,1250,en,92.0,92.0,2006,2018,3
gmane.comp.sysutils.logstash.devel,25,1250,UNKNOWN,72.0,28.0,2012,2014,2
gmane.comp.tex.bibtex.bibdesk.scm,25,1250,en,92.0,92.0,2007,2018,3
gmane.comp.version-control.cvs.gui.user,25,1250,en,100.0,100.0,2002,2006,1
gmane.comp.web.blogger.api,25,1250,en,92.0,92.0,2002,2016,3
gmane.comp.web.zope.plone.archetypes.cvs,25,1250,en,100.0,100.0,2003,2011,1
gmane.culture.arts.dorkbot.pdx.general,25,1250,en,92.0,92.0,2006,2015,2
gmane.editors.xxe.general,25,1250,en,100.0,100.0,2002,2019,1
gmane.emacs.xemacs.cvs,25,1250,en,88.0,88.0,2002,2008,3
gmane.linux.debian.devel.evolution,25,1250,en,60.0,60.0,2006,2016,4
gmane.linux.drivers.gnokii,25,1250,en,96.0,96.0,2002,2012,2
gmane.linux.mageia.soft.scm,25,1250,en,96.0,96.0,2011,2019,2
gmane.linux.pld.devel.english,25,1250,en,100.0,100.0,2005,2015,1
gmane.linux.ports.arm.general,25,1250,en,100.0,100.0,2002,2016,1
gmane.linux.ubuntu.devel.changes.wily,25,1250,en,72.0,72.0,2015,2016,5
gmane.music.prodigy,25,1250,en,96.0,96.0,2012,2016,2
gmane.network.bb4.general,25,1250,en,100.0,100.0,2003,2006,1
gmane.network.freenet.support,25,1250,en,100.0,100.0,2003,2015,1
gmane.network.rancid,25,1250,en,100.0,100.0,2004,2018,1
gmane.network.remailers.remsaint,25,1250,en,100.0,100.0,2003,2005,1
gmane.network.tor.devel,25,1250,en,100.0,100.0,2011,2018,1
gmane.org.region.indonesia.nextbetter,25,1250,id,100.0,0.0,2008,2010,1
gmane.org.user-groups.brmlab,25,1250,cs,52.0,8.0,2010,2019,5
gmane.org.user-groups.hackmeeting,25,1250,es,92.0,4.0,2009,2017,3
gmane.org.user-groups.linux.peru,25,1250,es,100.0,0.0,2006,2007,1
gmane.org.w3c.working-groups.swhcls,25,1250,en,100.0,100.0,2006,2016,1
gmane.sports.football.lsk,25,1250,no,96.0,0.0,2002,2005,2
gmane.user-groups.linux.kansascity,25,1250,en,80.0,80.0,2003,2011,3
gmane.comp.embedded.lede.devel,25,1250,en,100.0,100.0,2016,2018,1
gmane.comp.mozilla.devel.jseng,25,1250,en,100.0,100.0,2003,2016,1
gmane.comp.multimedia.puredata.scm,25,1250,en,100.0,100.0,2010,2017,1
gmane.comp.package-management.rpm.cvs,25,1250,en,100.0,100.0,2007,2017,1
gmane.comp.systems.as400.mapics,25,1250,en,100.0,100.0,2002,2012,1
gmane.comp.video.freevo.devel,25,1250,en,100.0,100.0,2003,2009,1
gmane.comp.web.egroupware.bugs,25,1250,en,100.0,100.0,2005,2011,1
gmane.linux.redhat.fedora.golang,25,1250,en,92.0,92.0,2013,2019,3
gmane.linux.rpm.yum,25,1250,en,92.0,92.0,2002,2013,3
gmane.linux.uclinux.microblaze,25,1250,en,100.0,100.0,2003,2013,1
gmane.org.google.api.calendar,25,1250,en,100.0,100.0,2006,2011,1
gmane.comp.documentfoundation.libreoffice.website,25,1250,en,100.0,100.0,2010,2019,1
gmane.comp.gnome.documentation,25,1250,en,100.0,100.0,2002,2019,1
gmane.comp.hardware.netbook.arm,25,1250,en,96.0,96.0,2012,2018,2
gmane.comp.kde.devel.buildsystem,25,1250,en,100.0,100.0,2006,2017,1
gmane.comp.web.canoo.webtest,25,1250,en,92.0,92.0,2004,2014,2
gmane.linux.debian.devel.devscripts,25,1250,en,84.0,84.0,2008,2018,5
gmane.network.tin.bugs,25,1250,en,72.0,72.0,2004,2016,4
gmane.org.unix-heritage.general,25,1250,en,100.0,100.0,2014,2018,1
gmane.science.physics.hydrino,25,1250,en,100.0,100.0,2000,2008,1
gmane.comp.gis.openstreetmap.region.au,25,1250,en,96.0,96.0,2009,2019,2
gmane.comp.telephony.airtel.user,25,1250,UNKNOWN,92.0,8.0,2009,2010,2
gmane.culture.people.interesting-people,25,1250,en,92.0,92.0,2002,2006,3
gmane.comp.ai.prolog.xsb.general,24,1200,en,75.0,75.0,2006,2009,2
gmane.comp.apache.documentation,24,1200,en,95.8,95.8,2002,2018,2
gmane.comp.apache.trafficserver.devel,24,1200,en,100.0,100.0,2013,2018,1
gmane.comp.boot-loaders.smart-boot-manager,24,1200,UNKNOWN,70.8,29.2,2008,2013,2
gmane.comp.cms.mezzanine.user,24,1200,en,100.0,100.0,2012,2017,1
gmane.comp.db.maxdb,24,1200,en,100.0,100.0,2003,2007,1
gmane.comp.embedded.nano-x,24,1200,en,100.0,100.0,1999,2007,1
gmane.comp.file-systems.lufs.user,24,1200,pt,70.8,16.7,2008,2014,4
gmane.comp.file-systems.openafs.devel,24,1200,en,95.8,95.8,2002,2015,2
gmane.comp.finance.moneydance.general,24,1200,en,100.0,100.0,2004,2008,1
gmane.comp.finance.quantlib.user,24,1200,en,95.8,95.8,2003,2018,2
gmane.comp.gnu.parted.bugs,24,1200,en,70.8,70.8,2002,2015,6
gmane.comp.java.stripes.user,24,1200,en,95.8,95.8,2006,2016,2
gmane.comp.lang.as400.java,24,1200,en,95.8,95.8,2002,2016,2
gmane.comp.lang.go.china,24,1200,zh-cn,41.7,16.7,2011,2016,7
gmane.comp.lang.perl.perl-mongers.saopaulo,24,1200,pt,83.3,0.0,2011,2014,4
gmane.comp.php.install,24,1200,en,91.7,91.7,2002,2016,3
gmane.comp.python.tryton,24,1200,en,100.0,100.0,2009,2018,1
gmane.comp.security.ids.snort.sigs,24,1200,en,100.0,100.0,2002,2018,1
gmane.comp.statistics.stan.user,24,1200,en,95.8,95.8,2015,2017,2
gmane.comp.video.gimp.windows.user,24,1200,en,100.0,100.0,2002,2008,1
gmane.comp.web.mason.user,24,1200,en,100.0,100.0,2002,2013,1
gmane.comp.web.microformats.general,24,1200,en,100.0,100.0,2005,2011,1
gmane.comp.web.varnish.misc,24,1200,en,100.0,100.0,2007,2017,1
gmane.emacs.gnus.cvs,24,1200,en,79.2,79.2,2000,2012,5
gmane.emacs.help,24,1200,en,91.7,91.7,2002,2003,3
gmane.ietf.rfc822,24,1200,en,100.0,100.0,1991,2004,1
gmane.ietf.sigtran,24,1200,en,100.0,100.0,2002,2011,1
gmane.linux.can,24,1200,en,95.8,95.8,2012,2019,2
gmane.linux.network.opnfv.devel,24,1200,en,100.0,100.0,2016,2019,1
gmane.linux.redhat.fedora.foreman.user,24,1200,en,95.8,95.8,2014,2017,2
gmane.linux.redhat.internationalization,24,1200,en,95.8,95.8,2003,2018,2
gmane.linux.redhat.rpm.general,24,1200,en,100.0,100.0,2002,2008,1
gmane.linux.scientific.user,24,1200,en,91.7,91.7,2011,2017,2
gmane.linux.suse.oracle.general,24,1200,en,100.0,100.0,2002,2011,1
gmane.linux.ubuntu.devel.changes.dapper,24,1200,en,100.0,100.0,2005,2006,1
gmane.linux.ubuntu.devel.changes.oneiric,24,1200,en,83.3,83.3,2011,2013,5
gmane.linux.ubuntu.user.chinese,24,1200,zh-cn,66.7,8.3,2009,2013,6
gmane.linux.ubuntu.user.indian,24,1200,en,100.0,100.0,2006,2013,1
gmane.linux.yellowdog.general,24,1200,en,95.8,95.8,2003,2011,2
gmane.network.dhcp.isc.dhcp-client,24,1200,en,100.0,100.0,2003,2018,1
gmane.network.ekg.user,24,1200,pl,83.3,12.5,2002,2016,3
gmane.network.quagga.user,24,1200,en,95.8,95.8,2003,2018,2
gmane.network.tipc.general,24,1200,en,95.8,95.8,2008,2019,2
gmane.science.chemistry.the-chemistry-cluster,24,1200,en,100.0,100.0,2002,2011,1
gmane.text.xml.xerces-c.devel,24,1200,en,91.7,91.7,2003,2018,2
gmane.comp.apache.nifi.devel,24,1200,en,100.0,100.0,2015,2019,1
gmane.comp.db.monetdb.pathfinder.scm,24,1200,en,100.0,100.0,2007,2010,1
gmane.comp.finance.grisbi.user.french,24,1200,fr,95.8,0.0,2005,2018,2
gmane.comp.hardware.gps.gpsd.devel,24,1200,en,100.0,100.0,2005,2016,1
gmane.comp.lib.netcdf.conventions,24,1200,en,95.8,95.8,2008,2018,2
gmane.comp.mozilla.devel.xpfe,24,1200,en,91.7,91.7,2003,2013,2
gmane.comp.multimedia.get_iplayer,24,1200,en,95.8,95.8,2010,2019,2
gmane.linux.elitists,24,1200,en,100.0,100.0,2000,2015,1
gmane.linux.redhat.fedora.extras.packaging,24,1200,en,95.8,95.8,2006,2018,2
gmane.linux.terminal-server.x2go.devel,24,1200,en,95.8,95.8,2010,2018,2
gmane.linux.ubuntu.devel.changes.natty,24,1200,en,91.7,91.7,2010,2012,3
gmane.linux.ubuntu.lubuntu.user,24,1200,en,100.0,100.0,2012,2016,1
gmane.network.bnr,24,1200,en,100.0,100.0,2002,2009,1
gmane.network.unison.general,24,1200,en,100.0,100.0,2002,2019,1
gmane.org.telecom.india-gii,24,1200,en,100.0,100.0,2003,2015,1
gmane.os.solaris.opensolaris.networking,24,1200,en,95.8,95.8,2005,2010,2
gmane.text.doxygen.general,24,1200,en,100.0,100.0,2003,2015,1
gmane.comp.apache.mod-perl.devel,24,1200,en,100.0,100.0,2002,2016,1
gmane.comp.debugging.lldb.devel,24,1200,en,95.8,95.8,2010,2015,2
gmane.comp.documentfoundation.libreoffice.l10n,24,1200,en,100.0,100.0,2010,2018,1
gmane.comp.lang.ruby.region.minnesota,24,1200,en,100.0,100.0,2006,2018,1
gmane.comp.python.mod_python,24,1200,en,95.8,95.8,2003,2009,2
gmane.linux.network.openvswitch.general,24,1200,en,100.0,100.0,2011,2017,1
gmane.linux.ubuntu.devel.changes.breezy,24,1200,en,83.3,83.3,2005,2005,4
gmane.org.pfir.announce,24,1200,en,100.0,100.0,2007,2018,1
gmane.org.user-groups.bsd.nycbug,24,1200,en,100.0,100.0,2005,2018,1
gmane.politics.progressive.news,24,1200,en,95.8,95.8,2003,2008,2
gmane.comp.python.bio.devel,24,1200,en,100.0,100.0,2003,2016,1
gmane.linux.redhat.fedora.maintainers,24,1200,en,100.0,100.0,2006,2007,1
gmane.games.fps.bf1942,24,1200,en,100.0,100.0,2002,2005,1
gmane.comp.audio.sursound,23,1150,en,100.0,100.0,2010,2019,1
gmane.comp.cms.cold-fusion.general.brasil,23,1150,pt,82.6,4.3,2006,2015,5
gmane.comp.cms.nuxeo.general,23,1150,en,95.7,95.7,2007,2011,2
gmane.comp.cms.sakai.user,23,1150,en,95.7,95.7,2006,2019,2
gmane.comp.corba.omniorb.user,23,1150,en,95.7,95.7,2002,2017,2
gmane.comp.db.postgresql.slony1.general,23,1150,en,100.0,100.0,2005,2015,1
gmane.comp.db.rddtool.munin.scm,23,1150,en,95.7,95.7,2009,2018,2
gmane.comp.embedded.openwrt.scm,23,1150,en,100.0,100.0,2013,2016,1
gmane.comp.encryption.bouncy-castle.devel,23,1150,en,95.7,95.7,2004,2015,2
gmane.comp.hardware.keyboards.layout.neo,23,1150,de,91.3,8.7,2009,2018,2
gmane.comp.java.openjdk.awt.devel,23,1150,en,100.0,100.0,2007,2018,1
gmane.comp.java.springframework.devel,23,1150,en,91.3,91.3,2003,2016,3
gmane.comp.kde.devel.quanta.user,23,1150,en,95.7,95.7,2003,2010,2
gmane.comp.lang.nim.general,23,1150,en,95.7,95.7,2016,2019,2
gmane.comp.lang.ruby.macintosh.devel,23,1150,en,100.0,100.0,2008,2012,1
gmane.comp.lib.mitk.user,23,1150,en,100.0,100.0,2008,2018,1
gmane.comp.mobile.bitpim.user,23,1150,en,100.0,100.0,2004,2009,1
gmane.comp.mozilla.devel.security.policy,23,1150,en,100.0,100.0,2013,2019,1
gmane.comp.python.bokeh,23,1150,en,100.0,100.0,2015,2019,1
gmane.comp.security.ipcop.devel,23,1150,en,100.0,100.0,2003,2010,1
gmane.comp.video.freevo.cvs,23,1150,en,95.7,95.7,2004,2011,2
gmane.comp.voip.sip-communicator.devel,23,1150,en,100.0,100.0,2009,2014,1
gmane.comp.web.selenium.devel,23,1150,en,100.0,100.0,2005,2016,1
gmane.comp.web.services.soa.yahoo-1,23,1150,en,91.3,91.3,2006,2013,2
gmane.emacs.ess.general,23,1150,en,100.0,100.0,2004,2018,1
gmane.games.simulation.opensimulator.user,23,1150,en,95.7,95.7,2009,2014,2
gmane.ietf.languages,23,1150,en,95.7,95.7,2004,2017,2
gmane.linux.debian.ports.alpha,23,1150,en,95.7,95.7,2002,2019,2
gmane.linux.drivers.ath10k.devel,23,1150,en,100.0,100.0,2014,2019,1
gmane.linux.installation.cobbler,23,1150,en,100.0,100.0,2008,2015,1
gmane.linux.ubuntu.devel.changes.utopic,23,1150,en,78.3,78.3,2014,2015,3
gmane.linux.ubuntu.devel.kubuntu,23,1150,en,100.0,100.0,2005,2016,1
gmane.lisp.ecl.general,23,1150,en,100.0,100.0,2006,2014,1
gmane.lisp.gcl.devel,23,1150,en,100.0,100.0,2002,2015,1
gmane.lisp.openmcl.devel,23,1150,en,100.0,100.0,2005,2018,1
gmane.mail.mew.general.japanese,23,1150,ja,95.7,0.0,2002,2010,2
gmane.mail.nmh.devel,23,1150,en,100.0,100.0,2005,2018,1
gmane.mail.roundcube.devel,23,1150,en,100.0,100.0,2005,2016,1
gmane.network.djbdns,23,1150,en,100.0,100.0,2002,2008,1
gmane.network.miranda-im.cvs.general,23,1150,en,95.7,95.7,2005,2009,2
gmane.org.user-groups.linux.aklug.general,23,1150,en,100.0,100.0,2006,2016,1
gmane.org.user-groups.macintosh.imaccanici,23,1150,it,82.6,8.7,2009,2012,4
gmane.os.freebsd.security.general,23,1150,en,95.7,95.7,2002,2017,2
gmane.politics.activism.carfree-cities,23,1150,en,95.7,95.7,2000,2012,2
gmane.science.biology.ucscgenome.general,23,1150,en,100.0,100.0,2009,2018,1
gmane.user-groups.linux.kolkata,23,1150,en,100.0,100.0,2003,2008,1
gmane.comp.compilers.parrot.tickets,23,1150,en,95.7,95.7,2008,2011,2
gmane.comp.freeradius.devel,23,1150,en,100.0,100.0,2005,2019,1
gmane.comp.gnome.announce,23,1150,en,100.0,100.0,2002,2013,1
gmane.comp.gnome.usability,23,1150,en,100.0,100.0,2002,2010,1
gmane.comp.handhelds.opie,23,1150,en,100.0,100.0,2002,2008,1
gmane.comp.ide.eclipse.jetty.user,23,1150,en,100.0,100.0,2011,2018,1
gmane.comp.lang.jruby.devel,23,1150,en,91.3,91.3,2006,2012,2
gmane.comp.lang.jython.user,23,1150,en,95.7,95.7,2002,2011,2
gmane.comp.lang.ruby.nitro.general,23,1150,en,95.7,95.7,2005,2007,2
gmane.comp.lang.uml.argouml.cvs,23,1150,en,95.7,95.7,2006,2010,2
gmane.comp.mozilla.general.french,23,1150,fr,95.7,0.0,2004,2011,2
gmane.comp.python.buildbot.devel,23,1150,en,100.0,100.0,2006,2018,1
gmane.editors.lyx.documentation,23,1150,en,82.6,82.6,2006,2017,3
gmane.education.english.teflchina.general,23,1150,en,100.0,100.0,2006,2016,1
gmane.ietf.smtp,23,1150,en,100.0,100.0,1991,2019,1
gmane.linux.centos.announce,23,1150,en,100.0,100.0,2006,2019,1
gmane.linux.debian.devel.changes.stable,23,1150,en,65.2,65.2,2005,2018,6
gmane.linux.jpackage.general,23,1150,en,100.0,100.0,2002,2013,1
gmane.linux.redhat.fedora.advisory-board,23,1150,en,100.0,100.0,2006,2018,1
gmane.linux.redhat.rpm.atrpms.general,23,1150,en,95.7,95.7,2004,2013,2
gmane.linux.ubuntu.devel.changes.karmic,23,1150,en,78.3,78.3,2009,2009,4
gmane.network.syndication.atom.protocol,23,1150,en,100.0,100.0,2005,2008,1
gmane.os.qubes.devel,23,1150,en,95.7,95.7,2012,2019,2
gmane.comp.distributed.opennebula.user,23,1150,en,100.0,100.0,2010,2013,1
gmane.comp.erp.weberp.user,23,1150,en,100.0,100.0,2007,2016,1
gmane.comp.gis.openstreetmap.region.sk,23,1150,sk,87.0,0.0,2014,2019,2
gmane.comp.programming.tools.scons.devel,23,1150,en,100.0,100.0,2005,2018,1
gmane.comp.python.general.bangpypers,23,1150,en,95.7,95.7,2009,2016,2
gmane.comp.sysutils.backup.bup,23,1150,en,100.0,100.0,2011,2018,1
gmane.linux.jailhouse,23,1150,en,100.0,100.0,2014,2019,1
gmane.linux.lse,23,1150,en,43.5,43.5,2003,2016,6
gmane.mail.xmail.general,23,1150,en,100.0,100.0,2003,2009,1
gmane.comp.gis.osgeo.livedemo,23,1150,en,87.0,87.0,2009,2017,3
gmane.science.mathematics.fom,23,1150,en,100.0,100.0,2004,2015,1
gmane.comp.python.org.baypiggies,23,1150,en,100.0,100.0,2005,2017,1
gmane.comp.audio.pulseaudio.bugs,22,1100,en,100.0,100.0,2008,2018,1
gmane.comp.bug-tracking.bugzilla.devel,22,1100,en,100.0,100.0,2002,2009,1
gmane.comp.embedded.pandaboard,22,1100,en,100.0,100.0,2011,2014,1
gmane.comp.emulators.ovirt.node.devel,22,1100,en,100.0,100.0,2012,2019,1
gmane.comp.freedesktop.poppler,22,1100,en,95.5,95.5,2007,2018,2
gmane.comp.gnome.devel.spanish,22,1100,es,86.4,4.5,2003,2011,4
gmane.comp.gnu.glpk,22,1100,en,90.9,90.9,2004,2019,3
gmane.comp.handhelds.palm.french,22,1100,fr,100.0,0.0,2003,2010,1
gmane.comp.jakarta.lucene.solr.devel,22,1100,en,81.8,81.8,2009,2010,3
gmane.comp.java.openjdk.2d.devel,22,1100,en,95.5,95.5,2009,2019,2
gmane.comp.java.springframework.user,22,1100,en,100.0,100.0,2004,2007,1
gmane.comp.java.vm.kaffe.general,22,1100,en,90.9,90.9,2003,2007,3
gmane.comp.java.xdoclet.user,22,1100,en,100.0,100.0,2002,2005,1
gmane.comp.lang.c++.isocpp.general,22,1100,en,100.0,100.0,2014,2018,1
gmane.comp.lang.haskell.cabal.devel,22,1100,en,95.5,95.5,2007,2014,2
gmane.comp.mathematics.fenics.dolfin,22,1100,en,100.0,100.0,2007,2009,1
gmane.comp.misc.nslu2.general,22,1100,en,100.0,100.0,2004,2014,1
gmane.comp.php.fig,22,1100,en,100.0,100.0,2015,2019,1
gmane.comp.python.pywikipediabot.scm,22,1100,en,90.9,90.9,2009,2018,2
gmane.comp.python.sqlobject,22,1100,en,100.0,100.0,2003,2009,1
gmane.comp.python.web2py.devel,22,1100,en,100.0,100.0,2011,2018,1
gmane.comp.security.web-applications,22,1100,en,100.0,100.0,2002,2014,1
gmane.comp.telephony.gemeinschaft,22,1100,de,100.0,0.0,2009,2011,1
gmane.comp.tv.xmltv.devel,22,1100,en,95.5,95.5,2003,2014,2
gmane.comp.version-control.bazaar-ng.scm,22,1100,en,95.5,95.5,2008,2012,2
gmane.comp.version-control.git.user,22,1100,en,100.0,100.0,2009,2019,1
gmane.comp.video.x265.devel,22,1100,en,90.9,90.9,2013,2017,2
gmane.comp.web.egroupware.italian,22,1100,it,63.6,13.6,2008,2014,4
gmane.comp.web.flash.server.devel,22,1100,en,100.0,100.0,2005,2006,1
gmane.comp.web.openid.general,22,1100,en,100.0,100.0,2005,2010,1
gmane.comp.web.shibboleth.devel,22,1100,en,100.0,100.0,2009,2017,1
gmane.comp.windows.devel.dotnet.clr,22,1100,en,100.0,100.0,2003,2008,1
gmane.culture.language.b-hebrew,22,1100,en,95.5,95.5,2010,2013,2
gmane.culture.libraries.ngc4lib,22,1100,en,95.5,95.5,2006,2011,2
gmane.games.simulation.opensimulator.devel,22,1100,en,100.0,100.0,2009,2015,1
gmane.linux.debian.internationalization.dutch,22,1100,nl,63.6,31.8,2004,2015,3
gmane.linux.drivers.madwifi.tickets,22,1100,en,100.0,100.0,2006,2009,1
gmane.linux.e-smith.contrib,22,1100,en,100.0,100.0,2008,2017,1
gmane.linux.embedded.yocto.meta-ti,22,1100,en,86.4,86.4,2012,2019,3
gmane.linux.jpackage.announce,22,1100,en,100.0,100.0,2004,2012,1
gmane.linux.pve.user,22,1100,en,100.0,100.0,2012,2019,1
gmane.linux.redhat.rhn.user,22,1100,en,95.5,95.5,2003,2010,2
gmane.linux.redhat.security.audit,22,1100,en,95.5,95.5,2006,2018,2
gmane.linux.scsi.open-fcoe.devel,22,1100,en,100.0,100.0,2008,2016,1
gmane.linux.suse.opensuse.devel.yast,22,1100,en,100.0,100.0,2008,2019,1
gmane.linux.ubuntu.devel.changes.hardy,22,1100,en,100.0,100.0,2007,2013,1
gmane.linux.ubuntu.devel.xubuntu,22,1100,en,100.0,100.0,2006,2016,1
gmane.linux.umbrello.devel,22,1100,en,86.4,86.4,2004,2019,3
gmane.lisp.qi,22,1100,en,95.5,95.5,2009,2018,2
gmane.lisp.scheme.chicken.devel,22,1100,en,95.5,95.5,2007,2018,2
gmane.mail.blat,22,1100,en,100.0,100.0,2002,2018,1
gmane.mail.postfix.user.spanish,22,1100,es,100.0,0.0,2005,2011,1
gmane.network.monitoring.plugins.devel,22,1100,en,100.0,100.0,2002,2009,1
gmane.network.nagios.checkmk.german,22,1100,de,100.0,0.0,2011,2019,1
gmane.org.user-groups.freebsd.ua,22,1100,ru,90.9,4.5,2011,2015,3
gmane.org.user-groups.linux.purdue.general,22,1100,en,100.0,100.0,1999,2009,1
gmane.os.freebsd.region.czech.user,22,1100,cs,40.9,4.5,2006,2017,4
gmane.politics.parties.pirateparty.italy,22,1100,it,100.0,0.0,2010,2013,1
gmane.user-groups.linux.bblug.main,22,1100,es,95.5,0.0,2006,2011,2
gmane.comp.apache.community.devel,22,1100,en,90.9,90.9,2014,2018,3
gmane.comp.audio.planetccrma.general,22,1100,en,100.0,100.0,2005,2016,1
gmane.comp.freedesktop.xcb,22,1100,en,95.5,95.5,2006,2018,2
gmane.comp.gnome.apps.gnumeric,22,1100,en,95.5,95.5,2002,2018,2
gmane.comp.gnome.shell,22,1100,en,95.5,95.5,2010,2019,2
gmane.comp.graphics.darktable.devel,22,1100,en,100.0,100.0,2012,2019,1
gmane.comp.lang.dylan.gwydion.cvs,22,1100,en,86.4,86.4,2002,2015,3
gmane.comp.lang.perl.wxperl,22,1100,en,100.0,100.0,2004,2016,1
gmane.comp.lang.r.mac,22,1100,en,100.0,100.0,2005,2018,1
gmane.comp.lang.ruby.rails.haml,22,1100,en,100.0,100.0,2007,2011,1
gmane.comp.python.reportlab.user,22,1100,en,100.0,100.0,2002,2017,1
gmane.comp.video.mjpeg.user,22,1100,en,95.5,95.5,2002,2007,2
gmane.linux.debian.fai,22,1100,en,100.0,100.0,2000,2017,1
gmane.linux.distributions.gobo.general,22,1100,en,100.0,100.0,2004,2016,1
gmane.linux.distributions.machinekit,22,1100,en,90.9,90.9,2014,2019,2
gmane.linux.ubuntu.devel.changes.yakkety,22,1100,en,72.7,72.7,2016,2017,5
gmane.network.proftpd.user,22,1100,en,100.0,100.0,2003,2016,1
gmane.org.user-groups.bsd.turkey,22,1100,tr,86.4,9.1,2004,2008,3
gmane.org.user-groups.linux.dunedin.general,22,1100,en,100.0,100.0,2004,2013,1
gmane.comp.apache.incubator.ranger.devel,22,1100,en,77.3,77.3,2016,2019,2
gmane.comp.apache.legal.discuss,22,1100,en,100.0,100.0,2010,2019,1
gmane.comp.graphics.argyllcms,22,1100,en,100.0,100.0,2007,2015,1
gmane.comp.java.hadoop.zookeeper.user,22,1100,en,100.0,100.0,2010,2019,1
gmane.comp.science.openeeg.general,22,1100,en,100.0,100.0,2004,2015,1
gmane.comp.systems.as400.bpcs,22,1100,en,100.0,100.0,2002,2013,1
gmane.comp.video.x264.devel,22,1100,en,86.4,86.4,2005,2018,3
gmane.linux.suse.opensuse.user.indonesia,22,1100,id,90.9,9.1,2008,2011,2
gmane.org.user-groups.rlug.offtopic,22,1100,ro,86.4,4.5,2009,2018,4
gmane.recreation.alb-club,22,1100,sq,90.9,0.0,2003,2008,2
gmane.comp.encryption.kerberos.bugs,22,1100,en,95.5,95.5,2003,2017,2
gmane.comp.programming.tools.gradle.user,22,1100,en,100.0,100.0,2008,2013,1
gmane.linux.drivers.gammu.scm,22,1100,en,100.0,100.0,2007,2011,1
gmane.comp.web.witty.general,22,1100,en,100.0,100.0,2006,2014,1
gmane.comp.ai.opencog.user,21,1050,en,100.0,100.0,2014,2018,1
gmane.comp.apache.db.jdo.devel,21,1050,en,95.2,95.2,2005,2017,2
gmane.comp.audio.eac.user,21,1050,en,95.2,95.2,2003,2019,2
gmane.comp.audio.icecast.general,21,1050,en,90.5,90.5,2002,2018,3
gmane.comp.boot-loaders.grub.bugs,21,1050,en,95.2,95.2,2002,2015,2
gmane.comp.bug-tracking.roundup.devel,21,1050,en,100.0,100.0,2002,2016,1
gmane.comp.cms.gnue.cvs,21,1050,en,66.7,66.7,2002,2006,3
gmane.comp.db.firebird.dotnetprovider,21,1050,en,100.0,100.0,2006,2016,1
gmane.comp.desktop.xfce.bugs,21,1050,en,76.2,76.2,2007,2019,2
gmane.comp.documentation.libreoffice.marketing,21,1050,en,100.0,100.0,2010,2019,1
gmane.comp.encryption.cryptopp,21,1050,en,90.5,90.5,2003,2015,3
gmane.comp.gnome.mono.hispano,21,1050,es,90.5,4.8,2003,2008,3
gmane.comp.graphics.cel.scm,21,1050,en,95.2,95.2,2003,2015,2
gmane.comp.hardware.gps.gpsd.user,21,1050,en,100.0,100.0,2005,2016,1
gmane.comp.jakarta.cactus.devel,21,1050,en,95.2,95.2,2002,2008,2
gmane.comp.java.classpath.devel,21,1050,en,100.0,100.0,2002,2015,1
gmane.comp.java.hibernate.devel,21,1050,en,85.7,85.7,2002,2006,2
gmane.comp.java.jetty.cvs,21,1050,en,90.5,90.5,2002,2006,3
gmane.comp.java.jooq.user,21,1050,en,95.2,95.2,2011,2018,2
gmane.comp.java.netbeans.netcat,21,1050,en,100.0,100.0,2009,2016,1
gmane.comp.java.openjdk.swing.devel,21,1050,en,95.2,95.2,2009,2018,2
gmane.comp.kde.cafe,21,1050,en,95.2,95.2,2002,2004,2
gmane.comp.kde.internationalization.german,21,1050,de,95.2,0.0,2004,2018,2
gmane.comp.lang.d.phobos,21,1050,en,95.2,95.2,2010,2016,2
gmane.comp.lang.perl.perl-mongers.london,21,1050,en,100.0,100.0,2008,2014,1
gmane.comp.lib.muscle,21,1050,en,100.0,100.0,2003,2017,1
gmane.comp.licenses.open-source.general,21,1050,en,100.0,100.0,2002,2019,1
gmane.comp.package-management.packman,21,1050,en,71.4,71.4,2008,2016,4
gmane.comp.security.dshield.general,21,1050,en,100.0,100.0,2004,2008,1
gmane.comp.security.italian,21,1050,it,90.5,9.5,2004,2011,2
gmane.comp.systems.archos.rockbox.devel,21,1050,en,100.0,100.0,2005,2013,1
gmane.comp.version-control.subversion.trac.devel,21,1050,en,100.0,100.0,2006,2015,1
gmane.comp.web.dillo.devel,21,1050,en,100.0,100.0,2003,2013,1
gmane.comp.web.midgard.user,21,1050,en,100.0,100.0,2002,2006,1
gmane.comp.web.shindig.devel,21,1050,en,100.0,100.0,2009,2014,1
gmane.comp.windows.dotnet.nant.user,21,1050,en,100.0,100.0,2003,2007,1
gmane.games.devel.sweng,21,1050,en,100.0,100.0,2003,2013,1
gmane.ietf.mip6,21,1050,en,100.0,100.0,2004,2017,1
gmane.ietf.netmod,21,1050,en,95.2,95.2,2015,2019,2
gmane.linux.debian.user.events-eu,21,1050,en,85.7,85.7,2002,2018,3
gmane.linux.file-systems.f2fs,21,1050,en,95.2,95.2,2014,2019,2
gmane.linux.gentoo.project,21,1050,en,95.2,95.2,2008,2018,2
gmane.linux.redhat.fedora.cloud,21,1050,en,100.0,100.0,2010,2018,1
gmane.linux.sourcemage.discuss,21,1050,en,100.0,100.0,2005,2017,1
gmane.linux.ubuntu.devel.changes.gutsy,21,1050,en,95.2,95.2,2007,2008,2
gmane.linux.ubuntu.user.ubuntu-studio,21,1050,en,100.0,100.0,2007,2019,1
gmane.linux.ubuntu.xubuntu.user,21,1050,en,100.0,100.0,2007,2018,1
gmane.mail.fetchmail.user,21,1050,en,100.0,100.0,2001,2017,1
gmane.network.ethereal.cvs,21,1050,en,66.7,66.7,2003,2006,3
gmane.network.instant-messaging.amsn.devel,21,1050,en,90.5,90.5,2005,2011,3
gmane.org.user-groups.linux.waikato,21,1050,en,100.0,100.0,2004,2018,1
gmane.science.biology.gmod.gbrowse,21,1050,en,100.0,100.0,2008,2014,1
gmane.user-groups.linux.ottawa.general,21,1050,en,100.0,100.0,2004,2009,1
gmane.comp.cms.cold-fusion.user.azcfug,21,1050,en,85.7,85.7,2002,2011,2
gmane.comp.handhelds.maemo.scm,21,1050,en,95.2,95.2,2007,2009,2
gmane.comp.ide.eclipse.plugins.m2eclipse.user,21,1050,en,100.0,100.0,2008,2018,1
gmane.comp.isp.brazil.provedores,21,1050,pt,95.2,0.0,2002,2009,2
gmane.comp.jakarta.turbine.user,21,1050,en,95.2,95.2,2002,2007,2
gmane.comp.java.javaspain,21,1050,es,85.7,9.5,2003,2011,3
gmane.comp.java.logback.devel,21,1050,en,66.7,66.7,2006,2018,4
gmane.comp.php.pear.core,21,1050,en,71.4,71.4,2004,2013,3
gmane.comp.security.apparmor,21,1050,en,100.0,100.0,2011,2018,1
gmane.comp.security.openvas.users,21,1050,en,100.0,100.0,2006,2017,1
gmane.comp.sysutils.lttng.devel,21,1050,en,100.0,100.0,2012,2018,1
gmane.comp.telephony.pbx.asterisk.astlinux,21,1050,en,95.2,95.2,2008,2018,2
gmane.comp.web.iphone.devel,21,1050,en,100.0,100.0,2007,2011,1
gmane.comp.windows.devel.java.advanced,21,1050,en,100.0,100.0,2002,2007,1
gmane.linux.debian.internationalization.russian,21,1050,ru,52.4,19.0,2004,2017,6
gmane.linux.mageia.user,21,1050,en,100.0,100.0,2010,2019,1
gmane.linux.ubuntu.devel.motu.reviewers,21,1050,en,100.0,100.0,2007,2008,1
gmane.lisp.cmucl.devel,21,1050,en,71.4,71.4,2002,2009,4
gmane.network.dns.bind9.user,21,1050,en,100.0,100.0,2002,2004,1
gmane.org.clubs.dba.general,21,1050,en,100.0,100.0,2013,2017,1
gmane.org.user-groups.linux.italy.napoli,21,1050,it,90.5,0.0,2000,2009,2
gmane.os.chromium.general,21,1050,en,100.0,100.0,2011,2018,1
gmane.os.freebsd.chat,21,1050,en,90.5,90.5,2002,2013,3
gmane.os.pcbsd.testing,21,1050,en,100.0,100.0,2007,2015,1
gmane.science.simulation.sumo.user,21,1050,en,100.0,100.0,2009,2017,1
gmane.text.xml.fop.cvs,21,1050,en,100.0,100.0,2002,2019,1
gmane.text.xml.xerces-j.devel,21,1050,en,71.4,71.4,2003,2019,3
gmane.comp.cad.geda.devel,21,1050,en,95.2,95.2,2005,2009,2
gmane.comp.desktop.rox.devel,21,1050,en,100.0,100.0,2001,2008,1
gmane.comp.documentfoundation.libreoffice.qa,21,1050,en,95.2,95.2,2011,2016,2
gmane.comp.file-systems.lustre.devel,21,1050,en,100.0,100.0,2006,2018,1
gmane.comp.gis.openstreetmap.region.br,21,1050,pt,100.0,0.0,2013,2017,1
gmane.comp.jakarta.ojb.devel,21,1050,en,95.2,95.2,2002,2007,2
gmane.comp.java.mule.devel,21,1050,en,100.0,100.0,2005,2011,1
gmane.comp.java.sun.jini,21,1050,en,95.2,95.2,2003,2007,2
gmane.comp.lang.perl.modules.cgi-appplication,21,1050,en,100.0,100.0,2003,2012,1
gmane.comp.security.firewalls.ipfilter,21,1050,en,100.0,100.0,2002,2011,1
gmane.comp.video.xine.user,21,1050,en,95.2,95.2,2002,2005,2
gmane.ietf.calendar,21,1050,en,100.0,100.0,1996,2003,1
gmane.mail.sylpheed.claws.cvs,21,1050,en,95.2,95.2,2002,2006,2
gmane.network.bit-torrent.libtorrent,21,1050,en,100.0,100.0,2005,2018,1
gmane.comp.gis.openlayers.devel.ol3,21,1050,en,100.0,100.0,2013,2016,1
gmane.mail.exim.devel,21,1050,en,81.0,81.0,2005,2019,3
gmane.comp.ai.gate.cvs,20,1000,en,95.0,95.0,2006,2016,2
gmane.comp.apache.cloudstack.user,20,1000,en,100.0,100.0,2012,2014,1
gmane.comp.cms.fedora-commons.user,20,1000,en,100.0,100.0,2004,2017,1
gmane.comp.db.sapdb.general,20,1000,en,100.0,100.0,2002,2003,1
gmane.comp.freedesktop.xorg.drivers.radeonhd,20,1000,en,100.0,100.0,2007,2009,1
gmane.comp.gis.gvsig.devel.es,20,1000,es,95.0,5.0,2007,2017,2
gmane.comp.gis.openstreetmap.legal,20,1000,en,95.0,95.0,2007,2019,2
gmane.comp.gnome.accessibility.general,20,1000,en,100.0,100.0,2002,2019,1
gmane.comp.gnome.apps.gnucash.german,20,1000,de,85.0,5.0,2003,2018,4
gmane.comp.gnome.evolution.devel,20,1000,en,100.0,100.0,2002,2006,1
gmane.comp.gnome.mono.monotouch,20,1000,en,100.0,100.0,2011,2013,1
gmane.comp.handhelds.palm.peditors,20,1000,en,95.0,95.0,2003,2011,2
gmane.comp.java.daisy.general,20,1000,en,95.0,95.0,2005,2013,2
gmane.comp.java.openjdk.compiler.devel,20,1000,en,90.0,90.0,2006,2019,2
gmane.comp.java.openjdk.jigsaw,20,1000,en,95.0,95.0,2013,2018,2
gmane.comp.kde.devel.krita,20,1000,en,100.0,100.0,2007,2018,1
gmane.comp.kde.releases,20,1000,en,95.0,95.0,2007,2019,2
gmane.comp.lang.perl.modules.dbix-class,20,1000,en,100.0,100.0,2006,2018,1
gmane.comp.lang.r.ggplot2,20,1000,en,100.0,100.0,2011,2017,1
gmane.comp.security.microsoft,20,1000,en,100.0,100.0,2002,2017,1
gmane.comp.security.openwall.john.user,20,1000,en,100.0,100.0,2006,2018,1
gmane.comp.web.lynx.devel,20,1000,en,100.0,100.0,2003,2016,1
gmane.comp.web.wiki.moin.general,20,1000,en,100.0,100.0,2003,2011,1
gmane.comp.web.zope.cmf.cvs,20,1000,en,100.0,100.0,2001,2006,1
gmane.comp.window-managers.fvwm,20,1000,en,95.0,95.0,2004,2018,2
gmane.culture.region.india.zestmedia,20,1000,en,100.0,100.0,2005,2012,1
gmane.education.wikieducator.general,20,1000,en,100.0,100.0,2007,2017,1
gmane.ietf.core,20,1000,en,100.0,100.0,2011,2019,1
gmane.linux.agnula.general,20,1000,en,100.0,100.0,2004,2006,1
gmane.linux.debian.devel.games,20,1000,en,100.0,100.0,2007,2018,1
gmane.linux.debian.devel.gtk-gnome,20,1000,en,95.0,95.0,2002,2009,2
gmane.linux.debian.packages.pbuilder.devel,20,1000,en,100.0,100.0,2006,2017,1
gmane.linux.debian.printing,20,1000,en,100.0,100.0,2011,2019,1
gmane.linux.drivers.madwifi.devel,20,1000,en,100.0,100.0,2005,2010,1
gmane.linux.embedded.poky,20,1000,en,100.0,100.0,2010,2016,1
gmane.linux.embedded.yocto.meta-arago,20,1000,en,65.0,65.0,2013,2018,3
gmane.linux.highavailability.devel,20,1000,en,100.0,100.0,2006,2013,1
gmane.linux.kernel.tracing.lttng.devel,20,1000,en,100.0,100.0,2010,2018,1
gmane.linux.ports.m68k,20,1000,en,100.0,100.0,2009,2017,1
gmane.mail.squirrelmail.devel,20,1000,en,100.0,100.0,2002,2010,1
gmane.network.ntp.ntpsec,20,1000,en,100.0,100.0,2016,2019,1
gmane.network.tight-vnc.general,20,1000,en,100.0,100.0,2002,2010,1
gmane.network.volkszaehler.user,20,1000,de,90.0,0.0,2013,2019,2
gmane.org.operators.ioz,20,1000,en,95.0,95.0,2002,2017,2
gmane.org.user-groups.dotnet.padnug,20,1000,en,100.0,100.0,2004,2012,1
gmane.org.user-groups.sysadmin.lopsa.discuss,20,1000,en,100.0,100.0,2009,2018,1
gmane.os.contiki.cvs,20,1000,en,85.0,85.0,2006,2015,3
gmane.os.freebsd.devel.hardware,20,1000,en,100.0,100.0,2002,2015,1
gmane.os.freebsd.devel.ppc,20,1000,en,90.0,90.0,2002,2019,2
gmane.os.freebsd.devel.sparc,20,1000,en,85.0,85.0,2002,2019,2
gmane.os.netbsd.ports.sparc,20,1000,en,100.0,100.0,2002,2014,1
gmane.recreation.dance.tango.tango-l,20,1000,en,95.0,95.0,2007,2012,2
gmane.science.biology.marmam,20,1000,en,95.0,95.0,2006,2018,2
gmane.science.linguistics.wikipedia.francais,20,1000,fr,95.0,0.0,2003,2013,2
gmane.user-groups.linux.lugmen.general,20,1000,es,100.0,0.0,2007,2012,1
gmane.comp.audio.cd-record,20,1000,en,95.0,95.0,2002,2016,2
gmane.comp.jakarta.lucene.net.devel,20,1000,en,95.0,95.0,2007,2018,2
gmane.comp.lang.ruby.region.san-diego,20,1000,en,100.0,100.0,2006,2017,1
gmane.comp.lib.boost.testing,20,1000,en,95.0,95.0,2004,2015,2
gmane.comp.openoffice.general,20,1000,en,100.0,100.0,2005,2011,1
gmane.comp.openoffice.general.french,20,1000,fr,95.0,0.0,2005,2011,2
gmane.comp.programming.refactoring,20,1000,en,100.0,100.0,2002,2012,1
gmane.comp.sysutils.docker.user,20,1000,en,100.0,100.0,2013,2015,1
gmane.comp.video.mesa3d.beignet,20,1000,en,100.0,100.0,2013,2017,1
gmane.comp.web.nginx.devel,20,1000,en,95.0,95.0,2013,2018,2
gmane.culture.language.basque.dantzan,20,1000,id,70.0,0.0,2004,2019,5
gmane.linux.acpi.acpi4asus.user,20,1000,en,65.0,65.0,2007,2016,5
gmane.linux.debian.devel.ham,20,1000,en,100.0,100.0,2002,2019,1
gmane.linux.kernel.commits.2-4,20,1000,en,80.0,80.0,2002,2005,4
gmane.linux.redhat.release.rhel5,20,1000,en,100.0,100.0,2007,2012,1
gmane.linux.suse.kernel,20,1000,en,100.0,100.0,2008,2017,1
gmane.linux.ubuntu.devel.changes.intrepid,20,1000,en,80.0,80.0,2008,2008,5
gmane.linux.watchdog,20,1000,en,95.0,95.0,2015,2019,2
gmane.lisp.slime.devel,20,1000,en,100.0,100.0,2003,2013,1
gmane.network.ethereal.user,20,1000,en,100.0,100.0,2003,2006,1
gmane.network.inn,20,1000,en,95.0,95.0,2002,2009,2
gmane.network.jabber.psi.devel,20,1000,en,95.0,95.0,2004,2011,2
gmane.network.netatalk.devel,20,1000,en,90.0,90.0,2001,2013,2
gmane.os.freebsd.devel.scsi,20,1000,en,95.0,95.0,2002,2019,2
gmane.os.freebsd.mpd.user,20,1000,en,50.0,50.0,2006,2010,3
gmane.comp.apache.webservices.general,20,1000,en,90.0,90.0,2003,2009,3
gmane.comp.java.jikes.rvm.devel,20,1000,en,100.0,100.0,2002,2018,1
gmane.comp.kde.users.multimedia,20,1000,en,95.0,95.0,2002,2014,2
gmane.editors.geany.general,20,1000,en,100.0,100.0,2007,2018,1
gmane.org.user-groups.linux.bralug,20,1000,de,95.0,5.0,1999,2014,2
gmane.comp.gnome.mono.monodroid,20,1000,en,100.0,100.0,2011,2013,1
gmane.comp.java.htmlunit.general,20,1000,en,100.0,100.0,2005,2013,1
gmane.comp.lang.ruby.capistrano.general,20,1000,en,100.0,100.0,2006,2015,1
gmane.comp.programming.vala,20,1000,en,100.0,100.0,2007,2019,1
gmane.comp.sysutils.strace.devel,20,1000,en,95.0,95.0,2010,2018,2
gmane.comp.window-managers.awesome,20,1000,en,100.0,100.0,2008,2013,1
gmane.linux.iscsi.iscsi-target.devel,20,1000,en,95.0,95.0,2005,2011,2
gmane.org.user-groups.aclug.discussion,20,1000,en,100.0,100.0,1998,2004,1
gmane.comp.hardware.texas-instruments.msp430.gcc.user,20,1000,en,100.0,100.0,2002,2013,1
gmane.comp.micro-kernel.l4.devel,20,1000,en,100.0,100.0,2004,2018,1
gmane.comp.python.tornado,20,1000,en,100.0,100.0,2011,2017,1
gmane.games.devel.scummvm,20,1000,en,100.0,100.0,2004,2018,1
gmane.linux.nfsv4,20,1000,en,100.0,100.0,2004,2009,1
gmane.linux.debian.devel.accessibility,20,1000,en,100.0,100.0,2008,2017,1
gmane.linux.distributions.gnewsense.user,20,1000,en,100.0,100.0,2007,2014,1
gmane.linux.redhat.rhl.beta,20,1000,en,100.0,100.0,2003,2003,1
gmane.mail.virus.mailscanner.mailwatch.general,20,1000,en,100.0,100.0,2005,2018,1
gmane.comp.cms.xaraya.user,19,950,en,100.0,100.0,2003,2006,1
gmane.comp.db.mysql.windows,19,950,en,100.0,100.0,2002,2006,1
gmane.comp.emulators.freedos.devel,19,950,en,100.0,100.0,2006,2018,1
gmane.comp.file-systems.openzfs.devel,19,950,en,100.0,100.0,2014,2018,1
gmane.comp.freedesktop.tracker,19,950,en,100.0,100.0,2006,2017,1
gmane.comp.gnome.apps.balsa,19,950,en,100.0,100.0,2002,2018,1
gmane.comp.gnome.apps.gnomemeeting.devel,19,950,en,100.0,100.0,2005,2014,1
gmane.comp.handhelds.meego.devel,19,950,en,100.0,100.0,2010,2011,1
gmane.comp.handhelds.openmoko.kernel,19,950,en,94.7,94.7,2007,2010,2
gmane.comp.handhelds.palm.handyshopper,19,950,en,100.0,100.0,2003,2010,1
gmane.comp.hardware.avr.gcc,19,950,en,94.7,94.7,2003,2017,2
gmane.comp.hardware.gps.gpsbabel.general,19,950,en,100.0,100.0,2004,2017,1
gmane.comp.hardware.microcontrollers.hc12,19,950,en,100.0,100.0,2005,2013,1
gmane.comp.internationalization.norwegian,19,950,no,89.5,5.3,2003,2016,3
gmane.comp.java.cdi.seam.issues,19,950,en,57.9,57.9,2010,2015,3
gmane.comp.java.sun.kvm,19,950,en,100.0,100.0,2003,2007,1
gmane.comp.lang.smalltalk.squeak.beginners,19,950,en,100.0,100.0,2006,2019,1
gmane.comp.misc.suckless.scm,19,950,en,94.7,94.7,2014,2018,2
gmane.comp.monitoring.nut.user,19,950,en,100.0,100.0,2006,2018,1
gmane.comp.multimedia.gphoto.devel,19,950,en,89.5,89.5,2004,2019,3
gmane.comp.multimedia.webm.user,19,950,en,100.0,100.0,2011,2019,1
gmane.comp.python.amqp.celery.user,19,950,en,100.0,100.0,2010,2018,1
gmane.comp.python.education,19,950,en,94.7,94.7,2003,2011,2
gmane.comp.radio.tracker2,19,950,en,100.0,100.0,2009,2017,1
gmane.comp.search.xapian.general,19,950,en,100.0,100.0,2004,2019,1
gmane.comp.security.firewalls.pfsense.general,19,950,en,100.0,100.0,2011,2016,1
gmane.comp.security.ids.prelude.cvs,19,950,en,78.9,78.9,2003,2010,4
gmane.comp.sysutils.ansible.devel,19,950,en,100.0,100.0,2014,2017,1
gmane.comp.version-control.cvs.windows-nt.user,19,950,en,100.0,100.0,2002,2009,1
gmane.comp.video.xine.cvs,19,950,en,94.7,94.7,2006,2018,2
gmane.comp.web.privoxy.devel,19,950,en,100.0,100.0,2002,2012,1
gmane.comp.web.turbogears.trunk,19,950,en,100.0,100.0,2006,2009,1
gmane.comp.web.wiki.wikiland,19,950,en,57.9,57.9,2005,2007,6
gmane.comp.web.zope.cps.cvs,19,950,en,94.7,94.7,2006,2011,2
gmane.comp.xfree86.devel,19,950,en,94.7,94.7,2003,2012,2
gmane.emacs.cedet,19,950,en,94.7,94.7,2003,2014,2
gmane.ietf.irtf.cfrg,19,950,en,100.0,100.0,2004,2019,1
gmane.ietf.tls,19,950,en,100.0,100.0,2002,2010,1
gmane.ietf.webdav,19,950,en,89.5,89.5,2002,2006,2
gmane.linux.debian.alioth.pkg-php-maint,19,950,en,89.5,89.5,2010,2018,3
gmane.linux.debian.science,19,950,en,100.0,100.0,2006,2019,1
gmane.linux.kernel.rpi,19,950,en,100.0,100.0,2012,2018,1
gmane.linux.leaf.user,19,950,en,100.0,100.0,2003,2016,1
gmane.linux.suse.laptop,19,950,de,84.2,10.5,2003,2007,3
gmane.linux.ubuntu.devel.changes.maverick,19,950,en,78.9,78.9,2010,2012,4
gmane.linux.ubuntu.devel.changes.raring,19,950,en,78.9,78.9,2012,2013,4
gmane.linux.ubuntu.translators.it,19,950,it,89.5,5.3,2006,2013,3
gmane.mail.qmail.ldap,19,950,en,100.0,100.0,2003,2009,1
gmane.mail.qpsmtpd,19,950,en,100.0,100.0,2005,2012,1
gmane.mail.spam.spamcop.geeks,19,950,en,94.7,94.7,2002,2005,2
gmane.network.argus,19,950,en,100.0,100.0,2000,2017,1
gmane.network.dns.operations,19,950,en,100.0,100.0,2012,2018,1
gmane.network.freenx.general,19,950,en,100.0,100.0,2004,2009,1
gmane.network.jabber.jsf.members,19,950,en,100.0,100.0,2001,2013,1
gmane.network.nagios.devel,19,950,en,100.0,100.0,2003,2015,1
gmane.network.openssh.general,19,950,en,100.0,100.0,2002,2009,1
gmane.network.peer-to-peer.anonp2p,19,950,UNKNOWN,68.4,26.3,2006,2018,3
gmane.org.user-groups.quilombo,19,950,pt,100.0,0.0,2002,2005,1
gmane.os.solaris.opencsw.bugs,19,950,en,100.0,100.0,2009,2014,1
gmane.science.mathematics.categories,19,950,en,100.0,100.0,1997,2017,1
gmane.text.xml.basex.talk,19,950,en,100.0,100.0,2012,2017,1
gmane.text.xml.security.devel,19,950,en,100.0,100.0,2002,2016,1
gmane.user-groups.linux.singapore,19,950,en,100.0,100.0,2005,2011,1
gmane.comp.cloud.openstack.operators,19,950,en,100.0,100.0,2014,2018,1
gmane.comp.lang.pike.user,19,950,en,100.0,100.0,2002,2014,1
gmane.comp.python.zope.zodb.cvs,19,950,en,100.0,100.0,2002,2012,1
gmane.comp.video.graphviz,19,950,en,100.0,100.0,2002,2016,1
gmane.comp.web.privoxy.user,19,950,en,100.0,100.0,2004,2013,1
gmane.editors.vim.mac,19,950,en,100.0,100.0,2007,2015,1
gmane.linux.cluster.openmosix.general,19,950,en,100.0,100.0,2003,2005,1
gmane.linux.debian.devel.python-apps,19,950,en,89.5,89.5,2011,2019,2
gmane.linux.debian.internationalization.english,19,950,en,94.7,94.7,2003,2014,2
gmane.linux.gentoo.portage.devel,19,950,en,100.0,100.0,2005,2018,1
gmane.linux.kernel.autofs,19,950,en,100.0,100.0,2003,2013,1
gmane.linux.leds,19,950,en,100.0,100.0,2013,2019,1
gmane.lisp.clisp.general,19,950,en,94.7,94.7,2001,2012,2
gmane.mail.imap.offlineimap.general,19,950,en,94.7,94.7,2003,2019,2
gmane.network.open-pegasus.general,19,950,en,100.0,100.0,2004,2014,1
gmane.network.ssh.libssh2.devel,19,950,en,100.0,100.0,2007,2018,1
gmane.comp.apache.parquet.devel,19,950,en,73.7,73.7,2015,2019,3
gmane.comp.bug-tracking.flyspray.devel,19,950,en,100.0,100.0,2005,2018,1
gmane.comp.db.monetdb.sql.scm,19,950,en,100.0,100.0,2007,2010,1
gmane.comp.lang.perl.pdl.general,19,950,en,100.0,100.0,2006,2016,1
gmane.comp.lang.rust.devel,19,950,en,94.7,94.7,2011,2014,2
gmane.comp.systems.as400.help400,19,950,es,100.0,0.0,2010,2015,1
gmane.comp.tex.bibtex.bibdesk.user,19,950,en,100.0,100.0,2007,2014,1
gmane.comp.web.watir.general,19,950,en,100.0,100.0,2005,2007,1
gmane.linux.kernel.kernel-testers,19,950,en,100.0,100.0,2008,2016,1
gmane.linux.ubuntu.devel.changes.vivid,19,950,en,84.2,84.2,2014,2015,4
gmane.music.townes-van-zandt,19,950,en,100.0,100.0,2006,2018,1
gmane.network.olsr.devel,19,950,en,100.0,100.0,2006,2014,1
gmane.network.zebra,19,950,en,100.0,100.0,2002,2011,1
gmane.org.user-groups.linux.austria,19,950,de,84.2,10.5,2007,2017,3
gmane.comp.gnu.coreutils.general,19,950,en,100.0,100.0,2010,2018,1
gmane.comp.handhelds.android.ioio,19,950,en,100.0,100.0,2012,2017,1
gmane.science.biology.informatics.taverna.devel,19,950,en,94.7,94.7,2009,2018,2
gmane.comp.gnome.internationalization.french,19,950,fr,100.0,0.0,2006,2019,1
gmane.comp.sysutils.autoconf.patches,19,950,en,94.7,94.7,2002,2016,2
gmane.comp.version-control.subversion.subclipse.user,19,950,en,100.0,100.0,2005,2014,1
gmane.comp.video.ffmpeg.soc,19,950,en,89.5,89.5,2007,2010,2
gmane.ietf.nemo,19,950,en,100.0,100.0,2004,2018,1
gmane.comp.debugging.ddd.bugs,19,950,UNKNOWN,47.4,31.6,2002,2006,5
gmane.comp.apache.incubator.ivy.user,18,900,en,100.0,100.0,2007,2014,1
gmane.comp.apache.webservices.fx.devel,18,900,en,94.4,94.4,2004,2009,2
gmane.comp.db.influxdb,18,900,en,100.0,100.0,2014,2017,1
gmane.comp.db.sequoia.general,18,900,en,100.0,100.0,2006,2008,1
gmane.comp.desktop.rox.user,18,900,en,100.0,100.0,2003,2012,1
gmane.comp.emulators.bochs.devel,18,900,en,100.0,100.0,2002,2013,1
gmane.comp.emulators.libvirt.user,18,900,en,100.0,100.0,2010,2016,1
gmane.comp.file-systems.tahoe.devel,18,900,en,100.0,100.0,2008,2013,1
gmane.comp.gis.openstreetmap.region.ca,18,900,en,94.4,94.4,2008,2018,2
gmane.comp.hardware.motorola.microcontrollers.coldfire,18,900,en,100.0,100.0,2002,2007,1
gmane.comp.ide.wingide.user,18,900,en,100.0,100.0,2006,2013,1
gmane.comp.jbpm.cvs,18,900,en,100.0,100.0,2003,2008,1
gmane.comp.kde.internationalization.russian,18,900,ru,100.0,0.0,2007,2018,1
gmane.comp.lang.pike.devel,18,900,en,100.0,100.0,2006,2017,1
gmane.comp.lang.rexx.oorexx.devel,18,900,en,100.0,100.0,2008,2019,1
gmane.comp.lx-office.devel,18,900,de,88.9,11.1,2005,2018,2
gmane.comp.mobile.wammu.scm,18,900,en,83.3,83.3,2007,2012,3
gmane.comp.parsers.sparse,18,900,en,100.0,100.0,2006,2018,1
gmane.comp.printing.cups.bugs,18,900,en,100.0,100.0,2005,2012,1
gmane.comp.programming.jupyter,18,900,en,100.0,100.0,2015,2018,1
gmane.comp.python.bio.general,18,900,en,100.0,100.0,2003,2016,1
gmane.comp.sysutils.graylog2.general,18,900,en,100.0,100.0,2014,2017,1
gmane.comp.tex.danish,18,900,da,88.9,5.6,1999,2009,3
gmane.comp.tools.mnemosyne.user,18,900,en,100.0,100.0,2008,2019,1
gmane.comp.web.swish-e,18,900,en,100.0,100.0,2002,2006,1
gmane.comp.window-managers.awesome.devel,18,900,en,100.0,100.0,2008,2013,1
gmane.education.region.romania.operating-systems-design,18,900,ro,88.9,5.6,2004,2018,3
gmane.education.region.usa.edebate,18,900,en,94.4,94.4,2007,2009,2
gmane.linux.arch.brazil,18,900,pt,88.9,0.0,2008,2013,3
gmane.linux.debian.devel.ctte,18,900,en,100.0,100.0,2002,2016,1
gmane.linux.drivers.gammu,18,900,en,100.0,100.0,2003,2015,1
gmane.linux.french.lea,18,900,fr,94.4,5.6,2005,2014,2
gmane.linux.redhat.fedora.websites,18,900,en,94.4,94.4,2008,2019,2
gmane.linux.redhat.release.valhalla,18,900,en,94.4,94.4,2002,2005,2
gmane.linux.utilities.smartmontools,18,900,en,100.0,100.0,2003,2015,1
gmane.mail.bogofilter.general,18,900,en,100.0,100.0,2002,2015,1
gmane.music.laswell,18,900,en,83.3,83.3,2002,2014,3
gmane.network.thinstation.devel,18,900,en,100.0,100.0,2003,2011,1
gmane.network.wireless.seattle.general,18,900,en,100.0,100.0,2002,2004,1
gmane.org.operators.ipv6,18,900,en,100.0,100.0,2006,2013,1
gmane.org.region.san-francisco.noisebridge.general,18,900,en,100.0,100.0,2013,2017,1
gmane.org.user-groups.linux.luv.general,18,900,en,94.4,94.4,2013,2017,2
gmane.org.wikimedia.wikidata,18,900,en,88.9,88.9,2012,2017,2
gmane.os.solaris.opensolaris.storage.general,18,900,en,100.0,100.0,2007,2010,1
gmane.os.tru64.managers,18,900,en,100.0,100.0,2002,2008,1
gmane.science.linguistics.wikipedia.research,18,900,en,94.4,94.4,2007,2017,2
gmane.science.linguistics.wikipedia.verein,18,900,de,94.4,5.6,2005,2018,2
gmane.test,18,900,en,44.4,44.4,2002,2018,9
gmane.text.docutils.cvs,18,900,en,88.9,88.9,2002,2013,3
gmane.comp.accessibility.vision,18,900,en,100.0,100.0,2003,2008,1
gmane.comp.apache.apr.cvs,18,900,en,94.4,94.4,2002,2017,2
gmane.comp.apache.uima.general,18,900,en,100.0,100.0,2008,2017,1
gmane.comp.bios.tianocore.scm,18,900,en,100.0,100.0,2012,2018,1
gmane.comp.db.hector.user,18,900,en,100.0,100.0,2010,2014,1
gmane.comp.file-systems.sheepdog,18,900,en,100.0,100.0,2011,2015,1
gmane.comp.handhelds.shr.user,18,900,en,100.0,100.0,2009,2011,1
gmane.comp.internationalization.french,18,900,fr,100.0,0.0,2003,2012,1
gmane.comp.java.openjdk.macosx-port.devel,18,900,en,100.0,100.0,2011,2015,1
gmane.comp.lang.r.rcpp,18,900,en,100.0,100.0,2010,2019,1
gmane.comp.lang.scala.simple-build-tool,18,900,en,94.4,94.4,2011,2014,2
gmane.comp.lib.fltk.bugs,18,900,en,77.8,77.8,2005,2012,2
gmane.comp.systems.lotus-domino,18,900,en,100.0,100.0,2004,2007,1
gmane.comp.version-control.cvs.tortoisecvs.user,18,900,en,100.0,100.0,2003,2010,1
gmane.comp.web.zope.zope3.user,18,900,en,100.0,100.0,2005,2011,1
gmane.culture.bicycle.ebbc,18,900,en,100.0,100.0,2003,2012,1
gmane.emacs.gnus.semi.japanese,18,900,en,50.0,50.0,2002,2006,3
gmane.linux.grisbi.devel.french,18,900,fr,61.1,27.8,2002,2015,4
gmane.linux.redhat.fedora.legacy,18,900,en,100.0,100.0,2003,2006,1
gmane.linux.ubuntu.devel.changes.edgy,18,900,en,94.4,94.4,2006,2006,2
gmane.network.jabber.ejabberd,18,900,en,100.0,100.0,2005,2017,1
gmane.science.biology.gromacs.devel,18,900,en,100.0,100.0,2007,2018,1
gmane.comp.cad.gmsh.general,18,900,en,100.0,100.0,2009,2019,1
gmane.comp.documentfoundation.discuss,18,900,en,100.0,100.0,2010,2013,1
gmane.comp.gnu.libtool.patches,18,900,en,88.9,88.9,2002,2011,3
gmane.comp.security.ipcop.scm,18,900,en,100.0,100.0,2008,2015,1
gmane.comp.video.dvdrip.user,18,900,en,100.0,100.0,2002,2008,1
gmane.linux.kernel.crash-dump.crash-utility,18,900,en,100.0,100.0,2007,2017,1
gmane.network.jffnms.user,18,900,en,100.0,100.0,2003,2011,1
gmane.org.user-groups.freebsd.japan,18,900,ja,77.8,16.7,2005,2016,3
gmane.org.user-groups.frsag,18,900,fr,100.0,0.0,2010,2019,1
gmane.comp.apache.mina.user,18,900,en,88.9,88.9,2008,2014,3
gmane.comp.handhelds.openmoko.device-owners,18,900,en,94.4,94.4,2007,2009,2
gmane.comp.python.pyglet.user,18,900,en,100.0,100.0,2009,2018,1
gmane.comp.window-managers.sawfish,18,900,en,94.4,94.4,2002,2012,2
gmane.linux.drivers.ipw2100.devel,18,900,en,100.0,100.0,2004,2008,1
gmane.linux.kernel.device-mapper.dm-crypt,18,900,en,100.0,100.0,2004,2019,1
gmane.linux.ubuntu.user.quebec,18,900,fr,83.3,11.1,2007,2016,3
gmane.comp.bug-tracking.roundup.user,18,900,en,94.4,94.4,2003,2013,2
gmane.comp.lang.eiffel.gobo.devel,18,900,en,100.0,100.0,2002,2008,1
gmane.org.user-groups.linux.dakarlug,18,900,fr,100.0,0.0,2008,2016,1
gmane.comp.apache.continuum.bugs,17,850,en,82.4,82.4,2008,2015,2
gmane.comp.apache.mahout.scm,17,850,en,94.1,94.1,2008,2019,2
gmane.comp.compilers.emscripten,17,850,en,100.0,100.0,2012,2018,1
gmane.comp.emulators.qemu.scm,17,850,en,100.0,100.0,2009,2019,1
gmane.comp.gis.openstreetmap.region.be,17,850,en,58.8,58.8,2010,2017,4
gmane.comp.gnome.foundation.general,17,850,en,100.0,100.0,2002,2017,1
gmane.comp.graphics.crystalspace.tracker,17,850,en,94.1,94.1,2004,2014,2
gmane.comp.graphics.opengraphics,17,850,en,100.0,100.0,2005,2012,1
gmane.comp.graphics.smartbody.scm,17,850,en,100.0,100.0,2009,2017,1
gmane.comp.hardware.arduino.devel,17,850,en,100.0,100.0,2011,2017,1
gmane.comp.ide.eclipse.cross.project,17,850,en,100.0,100.0,2012,2019,1
gmane.comp.java.classpath.bugs,17,850,en,94.1,94.1,2005,2016,2
gmane.comp.lang.javascript.clojurescript,17,850,en,100.0,100.0,2013,2018,1
gmane.comp.lang.perl.modules.template-toolkit,17,850,en,94.1,94.1,2004,2013,2
gmane.comp.lang.swift.devel,17,850,en,88.2,88.2,2016,2018,3
gmane.comp.misc.opensync.cvs,17,850,en,100.0,100.0,2005,2010,1
gmane.comp.python.wsgi.uwsgi.general,17,850,en,100.0,100.0,2011,2018,1
gmane.comp.security.firewalls.wizards,17,850,en,100.0,100.0,2002,2011,1
gmane.comp.security.nativeclient.general,17,850,en,100.0,100.0,2010,2015,1
gmane.comp.voip.linphone.user,17,850,en,88.2,88.2,2003,2015,3
gmane.comp.windows.dotnet.nhibernate.user.spanish,17,850,es,94.1,5.9,2006,2016,2
gmane.culture.discuss.boundary-point,17,850,en,94.1,94.1,2001,2006,2
gmane.games.diplomacy.cat23.results.twelve-hundred,17,850,en,100.0,100.0,2005,2008,1
gmane.ietf.int,17,850,en,100.0,100.0,2006,2019,1
gmane.linux.debian.devel.games.ubuntu,17,850,en,94.1,94.1,2010,2018,2
gmane.linux.debian.devel.openldap,17,850,en,52.9,52.9,2004,2005,4
gmane.linux.debian.devel.secure-testing.general,17,850,en,76.5,76.5,2005,2017,3
gmane.linux.debian.devel.sysvinit,17,850,en,100.0,100.0,2006,2015,1
gmane.linux.kernel.ck,17,850,en,100.0,100.0,2004,2007,1
gmane.linux.redhat.fedora.erlang,17,850,en,82.4,82.4,2013,2018,4
gmane.linux.ubuntu.devel.changes.jaunty,17,850,en,82.4,82.4,2008,2009,4
gmane.mail.spam.flexguard.devel,17,850,fr,47.1,35.3,2008,2016,5
gmane.network.cacti.user,17,850,en,100.0,100.0,2003,2012,1
gmane.network.lwip.cvs,17,850,en,82.4,82.4,2003,2018,2
gmane.network.samba.java,17,850,en,94.1,94.1,2003,2010,2
gmane.network.vpn.libreswan.scm,17,850,en,94.1,94.1,2014,2018,2
gmane.org.fitug.debate,17,850,de,94.1,0.0,2003,2010,2
gmane.org.ieee.comsoc.tccc,17,850,en,100.0,100.0,2011,2013,1
gmane.org.operators.swinog,17,850,en,94.1,94.1,2003,2014,2
gmane.org.osaf.design,17,850,en,100.0,100.0,2002,2007,1
gmane.org.user-groups.debian.riograndedosul,17,850,pt,100.0,0.0,2002,2008,1
gmane.org.wikimedia.wikilovesmonuments,17,850,en,100.0,100.0,2011,2017,1
gmane.os.freebsd.devel.acpi,17,850,en,94.1,94.1,2004,2014,2
gmane.os.freebsd.devel.pf4freebsd,17,850,en,94.1,94.1,2004,2018,2
gmane.os.netbsd.ports.vax,17,850,en,100.0,100.0,2002,2017,1
gmane.os.rtems.devel,17,850,en,100.0,100.0,2013,2016,1
gmane.science.biology.informatics.conductor.devel,17,850,en,100.0,100.0,2005,2016,1
gmane.text.docutils.user,17,850,en,100.0,100.0,2003,2017,1
gmane.text.xml.forrest.cvs,17,850,en,100.0,100.0,2004,2011,1
gmane.comp.bios.openbios,17,850,en,100.0,100.0,2007,2017,1
gmane.comp.clustering.clusterlabs.user,17,850,en,100.0,100.0,2015,2019,1
gmane.comp.clustering.opengridengine.user,17,850,en,100.0,100.0,2011,2016,1
gmane.comp.education.edx.devel,17,850,en,94.1,94.1,2014,2019,2
gmane.comp.gcc.java.prs,17,850,en,58.8,58.8,2004,2016,4
gmane.comp.hardware.voyetra.audiotron,17,850,en,94.1,94.1,2003,2005,2
gmane.comp.lang.perl.modules.module-build,17,850,en,100.0,100.0,2004,2009,1
gmane.comp.lx-office.cvs,17,850,en,88.2,88.2,2006,2017,2
gmane.comp.monitoring.icinga.user,17,850,en,100.0,100.0,2011,2016,1
gmane.comp.python.tryton.devel,17,850,en,94.1,94.1,2009,2015,2
gmane.comp.sysutils.elfutils.devel,17,850,en,88.2,88.2,2009,2018,3
gmane.comp.sysutils.puppet.scm,17,850,UNKNOWN,64.7,29.4,2009,2014,3
gmane.comp.video.xvid.devel,17,850,en,100.0,100.0,2002,2011,1
gmane.comp.web.zotero.devel,17,850,en,100.0,100.0,2009,2019,1
gmane.culture.film.documentary.docuwallahs2,17,850,en,100.0,100.0,2008,2017,1
gmane.culture.religion.voodoo,17,850,en,100.0,100.0,2002,2015,1
gmane.culture.tv.tom-green,17,850,en,100.0,100.0,2008,2015,1
gmane.editors.winedt,17,850,en,100.0,100.0,2004,2017,1
gmane.emacs.xemacs.binary-kits,17,850,UNKNOWN,41.2,23.5,2002,2004,3
gmane.ietf.mta-filters,17,850,en,100.0,100.0,1998,2012,1
gmane.linux.debian.packages.vim.devel,17,850,en,88.2,88.2,2005,2016,3
gmane.linux.redhat.kickstart.general,17,850,en,100.0,100.0,2002,2016,1
gmane.linux.swsusp.general,17,850,en,94.1,94.1,2004,2012,2
gmane.mail.alpine.info,17,850,en,100.0,100.0,2008,2018,1
gmane.mail.mh-e.devel,17,850,en,100.0,100.0,2001,2013,1
gmane.network.routing.click,17,850,en,94.1,94.1,2005,2013,2
gmane.network.wireless.bay-area,17,850,en,100.0,100.0,2002,2004,1
gmane.org.osaf.devel,17,850,en,100.0,100.0,2002,2007,1
gmane.os.freebsd.devel.geom,17,850,en,94.1,94.1,2004,2018,2
gmane.os.freebsd.ruby,17,850,en,88.2,88.2,2012,2019,3
gmane.os.netbsd.ports.arm,17,850,en,100.0,100.0,2002,2019,1
gmane.recreation.dance.tango.tango-uk,17,850,en,100.0,100.0,2012,2016,1
gmane.text.xml.xbiblio.devel,17,850,en,94.1,94.1,2005,2015,2
gmane.comp.cms.fedora-commons.devel,17,850,en,100.0,100.0,2007,2017,1
gmane.comp.cms.lenya.user,17,850,en,100.0,100.0,2005,2011,1
gmane.comp.file-systems.openafs.scm,17,850,en,100.0,100.0,2010,2018,1
gmane.comp.games.warzone.devel,17,850,en,100.0,100.0,2006,2011,1
gmane.comp.java.aop.aspectj.general,17,850,en,100.0,100.0,2007,2018,1
gmane.comp.java.grinder.user,17,850,en,94.1,94.1,2003,2016,2
gmane.comp.java.izpack.cvs,17,850,en,64.7,64.7,2005,2015,3
gmane.comp.lang.swift.user,17,850,en,100.0,100.0,2015,2017,1
gmane.comp.monitoring.nut.devel,17,850,en,100.0,100.0,2005,2016,1
gmane.comp.python.testing.general,17,850,en,100.0,100.0,2007,2018,1
gmane.emacs.w3m,17,850,ja,64.7,35.3,2002,2017,2
gmane.games.rpg.gurps,17,850,en,100.0,100.0,2006,2019,1
gmane.linux.cluster.ssic.cvs,17,850,en,88.2,88.2,2003,2013,3
gmane.linux.hardware.blackfin.kernel.scm,17,850,UNKNOWN,94.1,5.9,2007,2012,2
gmane.network.peer-to-peer.yacy.cvs,17,850,en,76.5,76.5,2005,2011,2
gmane.org.creativecommons.general,17,850,en,94.1,94.1,2005,2015,2
gmane.comp.gnu.mcsim.bugs,17,850,ja,41.2,29.4,2002,2006,4
gmane.comp.gnu.mingw.devel,17,850,en,94.1,94.1,2003,2013,2
gmane.comp.programming.hdf,17,850,en,100.0,100.0,2010,2017,1
gmane.comp.web.flickr.api,17,850,en,100.0,100.0,2004,2014,1
gmane.comp.web.zope.plone.plumi.general,17,850,en,100.0,100.0,2007,2013,1
gmane.comp.window-managers.ion.general,17,850,en,100.0,100.0,2001,2007,1
gmane.culture.events.squid-list,17,850,en,100.0,100.0,2004,2008,1
gmane.culture.studies.media,17,850,en,100.0,100.0,2002,2014,1
gmane.linux.network.bridge,17,850,en,88.2,88.2,2002,2019,2
gmane.org.user-groups.linux.turkey.linux,17,850,tr,88.2,5.9,2009,2017,3
gmane.os.freebsd.italian.varie,17,850,it,100.0,0.0,2000,2010,1
gmane.comp.emulators.guestfs,17,850,en,100.0,100.0,2012,2015,1
gmane.comp.gnu.gnash.devel2,17,850,en,100.0,100.0,2006,2010,1
gmane.compw.window-managers.windowmaker.devel,17,850,en,100.0,100.0,2003,2014,1
gmane.culture.internet.rohrpost,17,850,de,88.2,11.8,2006,2017,2
gmane.linux.debian.conference.general,17,850,en,94.1,94.1,2006,2019,2
gmane.comp.php.cvs.zend,17,850,UNKNOWN,52.9,41.2,2003,2009,3
gmane.comp.java.helma.cvs,17,850,en,88.2,88.2,2003,2010,3
gmane.comp.lang.j.general,17,850,en,94.1,94.1,2006,2018,2
gmane.comp.apache.archiva.bugs,16,800,it,62.5,37.5,2008,2015,2
gmane.comp.apache.incubator.drill.user,16,800,en,100.0,100.0,2014,2019,1
gmane.comp.audio.audacity.scm,16,800,en,87.5,87.5,2006,2009,3
gmane.comp.db.rddtool.munin.general,16,800,en,93.8,93.8,2005,2018,2
gmane.comp.desktop.xfce.i18n,16,800,en,100.0,100.0,2006,2013,1
gmane.comp.emulators.ovirt.engine.devel,16,800,en,100.0,100.0,2012,2014,1
gmane.comp.emulators.virtualbox.general,16,800,en,100.0,100.0,2007,2010,1
gmane.comp.emulators.xen.api,16,800,en,100.0,100.0,2008,2014,1
gmane.comp.forges.fusionforge.scm,16,800,en,100.0,100.0,2013,2019,1
gmane.comp.gdb.admin,16,800,en,100.0,100.0,2002,2016,1
gmane.comp.gis.geowanking,16,800,en,100.0,100.0,2006,2010,1
gmane.comp.gnome.glade.user,16,800,en,100.0,100.0,2002,2012,1
gmane.comp.handhelds.moblin.devel,16,800,en,100.0,100.0,2008,2010,1
gmane.comp.ide.eclipse.ecf.devel,16,800,en,100.0,100.0,2008,2015,1
gmane.comp.ide.eclipse.technology.pmc,16,800,en,100.0,100.0,2009,2018,1
gmane.comp.jakarta.tomee.user,16,800,en,93.8,93.8,2015,2018,2
gmane.comp.java.castor.user,16,800,en,100.0,100.0,2005,2015,1
gmane.comp.java.netbeans.modules.monitor.devel,16,800,en,43.8,43.8,2011,2017,4
gmane.comp.java.openjdk.jdk7u.devel,16,800,en,81.2,81.2,2011,2017,3
gmane.comp.lang.d.dmd.devel,16,800,en,100.0,100.0,2010,2016,1
gmane.comp.lang.j.chat,16,800,en,93.8,93.8,2007,2016,2
gmane.comp.lang.self,16,800,en,100.0,100.0,1991,2016,1
gmane.comp.monitoring.monit.general,16,800,en,100.0,100.0,2002,2016,1
gmane.comp.openoffice.general.russian,16,800,ru,93.8,0.0,2005,2008,2
gmane.comp.science.graph.igraph.general,16,800,en,100.0,100.0,2007,2016,1
gmane.comp.security.firewalls.devil-linux.general,16,800,en,100.0,100.0,1998,2013,1
gmane.comp.web.html.general,16,800,en,100.0,100.0,2002,2007,1
gmane.comp.web.pellet.user,16,800,en,100.0,100.0,2006,2012,1
gmane.comp.web.phpgroupware.general,16,800,en,100.0,100.0,2002,2008,1
gmane.comp.windows.dotnet.ccnet.user,16,800,en,100.0,100.0,2005,2006,1
gmane.culture.region.usa.austin.cable,16,800,en,100.0,100.0,2005,2014,1
gmane.editors.geany.devel,16,800,en,100.0,100.0,2009,2015,1
gmane.linux.debian.devel.multimedia,16,800,en,100.0,100.0,2004,2018,1
gmane.linux.debian.devel.ssh,16,800,en,100.0,100.0,2005,2016,1
gmane.linux.distributions.parabola.devel,16,800,en,87.5,87.5,2012,2019,3
gmane.linux.kde.redhat.user,16,800,en,93.8,93.8,2004,2007,2
gmane.linux.msdos.general,16,800,en,100.0,100.0,2002,2012,1
gmane.linux.openvz.user,16,800,en,100.0,100.0,2006,2014,1
gmane.linux.redhat.release.nahant.general,16,800,en,100.0,100.0,2005,2011,1
gmane.linux.skolelinux.bruker,16,800,no,93.8,6.2,2002,2007,2
gmane.lisp.ccrma.general,16,800,en,93.8,93.8,2007,2015,2
gmane.network.observium.general,16,800,en,93.8,93.8,2011,2015,2
gmane.network.olsr.user,16,800,en,100.0,100.0,2004,2016,1
gmane.org.fsf.uk,16,800,en,100.0,100.0,2002,2010,1
gmane.org.region.indonesia.mahawarman,16,800,id,93.8,6.2,2003,2013,2
gmane.org.w3c.html.rdf,16,800,en,100.0,100.0,2007,2009,1
gmane.os.solaris.opensolaris.ogb,16,800,en,100.0,100.0,2007,2010,1
gmane.politics.activism.metagovernment,16,800,en,100.0,100.0,2008,2016,1
gmane.science.linguistics.wikipedia.malayalam,16,800,ml,81.2,18.8,2008,2017,2
gmane.sports.disc.german.wurfpost,16,800,de,100.0,0.0,2007,2019,1
gmane.comp.bug-tracking.mantis.cvs,16,800,en,87.5,87.5,2004,2016,3
gmane.comp.distributed.boinc.devel,16,800,en,100.0,100.0,2009,2019,1
gmane.comp.emulators.simh,16,800,en,100.0,100.0,2010,2019,1
gmane.comp.gis.gvsig.english,16,800,en,100.0,100.0,2009,2016,1
gmane.comp.ide.eclipse.equinox.devel,16,800,en,100.0,100.0,2005,2015,1
gmane.comp.jakarta.taglibs.devel,16,800,en,93.8,93.8,2002,2007,2
gmane.comp.java.sync4j.user,16,800,en,100.0,100.0,2006,2008,1
gmane.comp.lang.elixir.general,16,800,en,100.0,100.0,2014,2016,1
gmane.comp.lib.fluid.devel,16,800,en,100.0,100.0,2008,2012,1
gmane.comp.sysutils.automake.patches,16,800,en,100.0,100.0,2002,2017,1
gmane.comp.telephony.fax.hylafax.devel,16,800,en,93.8,93.8,2003,2009,2
gmane.comp.version-control.coccinelle,16,800,en,100.0,100.0,2010,2018,1
gmane.emacs.windows,16,800,en,100.0,100.0,2002,2012,1
gmane.linux.debian.devel.pulseaudio,16,800,en,87.5,87.5,2007,2019,3
gmane.linux.kernel.debugging.kgdb.bugs,16,800,en,87.5,87.5,2006,2018,2
gmane.linux.laptop.olpc.server.devel,16,800,en,81.2,81.2,2008,2014,4
gmane.linux.redhat.release.enigma,16,800,en,100.0,100.0,2002,2003,1
gmane.mail.imail.user,16,800,en,93.8,93.8,2006,2009,2
gmane.mail.wanderlust.general.japanese,16,800,en,68.8,68.8,2003,2018,2
gmane.org.user-groups.linux.italian.glug,16,800,it,100.0,0.0,2005,2009,1
gmane.comp.db.postgresql.devel.documentation,16,800,en,93.8,93.8,2002,2018,2
gmane.comp.gnu.libtool.bugs,16,800,en,87.5,87.5,2002,2010,3
gmane.comp.java.jasig.cas.devel,16,800,en,100.0,100.0,2009,2015,1
gmane.comp.lang.haskell.ghc.builds,16,800,en,100.0,100.0,2013,2016,1
gmane.comp.openoffice.devel.german,16,800,de,100.0,0.0,2005,2011,1
gmane.comp.security.detection.bro.devel,16,800,en,50.0,50.0,2012,2016,2
gmane.linux.distributions.crux.general,16,800,en,100.0,100.0,2005,2015,1
gmane.linux.distributions.rock.subversion.cvs,16,800,en,100.0,100.0,2004,2008,1
gmane.linux.skolelinux.user.german,16,800,de,100.0,0.0,2005,2014,1
gmane.linux.ubuntu.devel.ubuntu-studio,16,800,en,87.5,87.5,2008,2019,3
gmane.network.openldap.devel,16,800,en,100.0,100.0,2003,2018,1
gmane.org.wikimedia.commons,16,800,en,93.8,93.8,2005,2018,2
gmane.os.omnios.general,16,800,en,100.0,100.0,2013,2016,1
gmane.sports.baseball.oakland-athletics,16,800,en,100.0,100.0,2005,2013,1
gmane.user-groups.linux.india.help,16,800,en,100.0,100.0,2004,2007,1
gmane.comp.encryption.gpg.gnutls.cvs,16,800,en,100.0,100.0,2002,2012,1
gmane.comp.finance.ledger.general,16,800,en,100.0,100.0,2006,2019,1
gmane.comp.gis.geos.devel,16,800,en,93.8,93.8,2006,2018,2
gmane.comp.lang.haskell.yesod,16,800,en,100.0,100.0,2011,2014,1
gmane.comp.php.drupal.documentation,16,800,en,100.0,100.0,2005,2008,1
gmane.linux.debian.ports.mips,16,800,en,93.8,93.8,2002,2017,2
gmane.linux.kernel.bcache.devel,16,800,en,100.0,100.0,2011,2018,1
gmane.mail.cgatepro.russian,16,800,ru,100.0,0.0,2004,2006,1
gmane.os.freebsd.stable-9.scm,16,800,en,100.0,100.0,2012,2018,1
gmane.os.netbsd.devel.cvs.discuss,16,800,en,100.0,100.0,2009,2019,1
gmane.comp.clustering.globus.user,16,800,en,100.0,100.0,2007,2019,1
gmane.comp.lang.smalltalk.club-smalltalk,16,800,es,93.8,6.2,2005,2014,2
gmane.comp.video.fresco.devel,16,800,en,93.8,93.8,1997,2000,2
gmane.comp.web.opera.linux,16,800,en,100.0,100.0,2002,2008,1
gmane.linux.lfs.clfs.cvs,16,800,en,100.0,100.0,2006,2017,1
gmane.network.syndication.rss.devel,16,800,en,100.0,100.0,2000,2004,1
gmane.text.xml.batik.devel,16,800,en,81.2,81.2,2002,2018,2
gmane.comp.gnome.general,16,800,en,100.0,100.0,2002,2015,1
gmane.comp.ldap.davedap,16,800,en,100.0,100.0,2003,2011,1
gmane.comp.lib.grpc,16,800,en,100.0,100.0,2015,2018,1
gmane.comp.sysutils.consul,16,800,en,100.0,100.0,2015,2018,1
gmane.comp.web.privoxy.cvs,16,800,en,100.0,100.0,2002,2017,1
gmane.games.scrabble.sowpods,16,800,en,93.8,93.8,2006,2017,2
gmane.linux.gentoo.releng.autobuilds,16,800,en,75.0,75.0,2014,2019,2
gmane.linux.ports.xbox.devel,16,800,en,100.0,100.0,2002,2005,1
gmane.org.fsf.german,16,800,de,100.0,0.0,2010,2016,1
gmane.comp.handhelds.android.kernel,16,800,en,93.8,93.8,2008,2014,2
gmane.comp.web.zope.repoze.scm,16,800,en,87.5,87.5,2008,2014,3
gmane.linux.debian.alioth.reproducible-builds,16,800,en,93.8,93.8,2014,2018,2
gmane.comp.ai.nupic,15,750,en,100.0,100.0,2013,2015,1
gmane.comp.apache.mina.cvs,15,750,en,80.0,80.0,2007,2017,4
gmane.comp.cms.sakai.pedagogy,15,750,en,100.0,100.0,2008,2018,1
gmane.comp.db.axion.devel,15,750,en,100.0,100.0,2005,2015,1
gmane.comp.emulators.xmame.devel,15,750,en,100.0,100.0,2003,2006,1
gmane.comp.gis.openstreetmap.region.ph,15,750,en,100.0,100.0,2009,2015,1
gmane.comp.gnome.apps.dia,15,750,en,100.0,100.0,2005,2016,1
gmane.comp.gnome.apps.mc.general,15,750,en,100.0,100.0,2002,2018,1
gmane.comp.gnome.internationalization.cyrillian,15,750,ru,73.3,6.7,2002,2015,4
gmane.comp.ide.eclipse.tycho.user,15,750,en,100.0,100.0,2012,2018,1
gmane.comp.jakarta.lucene.net.user,15,750,en,93.3,93.3,2006,2018,2
gmane.comp.lang.ada.russian,15,750,ru,93.3,6.7,2005,2011,2
gmane.comp.lang.perl.pdl.devel,15,750,en,93.3,93.3,2008,2017,2
gmane.comp.lib.libtom,15,750,en,60.0,60.0,2006,2015,3
gmane.comp.mathematics.hol,15,750,en,100.0,100.0,2008,2018,1
gmane.comp.multimedia.helix.cvs,15,750,en,100.0,100.0,2003,2006,1
gmane.comp.php.smarty.general,15,750,en,93.3,93.3,2002,2005,2
gmane.comp.programming.modeling.agile,15,750,en,100.0,100.0,2003,2004,1
gmane.comp.programming.tools.gradle.devel,15,750,en,100.0,100.0,2009,2016,1
gmane.comp.python.announce,15,750,en,93.3,93.3,2001,2017,2
gmane.comp.python.pyrepl.dev,15,750,en,66.7,66.7,2006,2012,5
gmane.comp.search.nutch.user,15,750,en,100.0,100.0,2006,2007,1
gmane.comp.t2.devel,15,750,en,93.3,93.3,2004,2015,2
gmane.comp.tools.vagrant,15,750,en,100.0,100.0,2013,2018,1
gmane.comp.video.tiff,15,750,en,100.0,100.0,2004,2017,1
gmane.comp.web.egroupware.french,15,750,fr,93.3,6.7,2005,2011,2
gmane.comp.web.freemarker.devel,15,750,en,100.0,100.0,2003,2010,1
gmane.culture.region.india.goa.saligao,15,750,en,100.0,100.0,2004,2015,1
gmane.ietf.nsis,15,750,en,93.3,93.3,2002,2009,2
gmane.ietf.rfc.interest,15,750,en,100.0,100.0,2006,2017,1
gmane.linux.cluster.ssic.devel,15,750,en,100.0,100.0,2003,2010,1
gmane.linux.debian.alioth.reportbug.devel,15,750,en,93.3,93.3,2009,2017,2
gmane.linux.debian.freedombox.user,15,750,en,93.3,93.3,2011,2018,2
gmane.linux.drivers.rtc,15,750,en,93.3,93.3,2016,2019,2
gmane.linux.gentoo.alt,15,750,en,100.0,100.0,2006,2015,1
gmane.linux.linaro.toolchain,15,750,en,100.0,100.0,2010,2018,1
gmane.linux.openmandriva.cooker.devel,15,750,en,93.3,93.3,2013,2017,2
gmane.network.nagios.plugins.devel,15,750,en,93.3,93.3,2004,2013,2
gmane.network.openfabrics.enterprise,15,750,en,100.0,100.0,2008,2018,1
gmane.network.syndication.podcast.gpodder.bugs,15,750,en,93.3,93.3,2008,2012,2
gmane.org.fsa-bg.literati,15,750,en,93.3,93.3,2006,2008,2
gmane.org.psl.ba,15,750,pt,93.3,0.0,2005,2009,2
gmane.org.user-groups.ajug.members,15,750,en,100.0,100.0,2004,2013,1
gmane.org.user-groups.linux.plug,15,750,en,100.0,100.0,2004,2012,1
gmane.os.freebsd.devel.virtualization,15,750,en,100.0,100.0,2009,2018,1
gmane.os.freebsd.stable-10.scm,15,750,en,100.0,100.0,2015,2018,1
gmane.os.openbsd.misc.ru,15,750,ru,86.7,6.7,2004,2012,3
gmane.user-groups.linux.uk.dorset,15,750,en,100.0,100.0,2009,2018,1
gmane.comp.emulators.turnkey-mvs,15,750,en,100.0,100.0,2004,2010,1
gmane.comp.gis.openstreetmap.josm.devel,15,750,en,100.0,100.0,2008,2015,1
gmane.comp.gnu.grep.bugs,15,750,en,93.3,93.3,2005,2014,2
gmane.comp.homebrew.s-100,15,750,en,93.3,93.3,2013,2015,2
gmane.comp.jakarta.repository,15,750,en,66.7,66.7,2004,2011,5
gmane.comp.kde.users.kdevelop,15,750,en,100.0,100.0,2002,2014,1
gmane.comp.lang.perl.modules.dbi.sybase.devel,15,750,en,93.3,93.3,2004,2015,2
gmane.comp.lang.perl.perl-mongers.rio,15,750,pt,93.3,0.0,2006,2013,2
gmane.comp.mathematics.libmesh.user,15,750,en,100.0,100.0,2008,2018,1
gmane.comp.monitoring.collectd,15,750,en,100.0,100.0,2006,2017,1
gmane.comp.multimedia.ogg.vorbis.general,15,750,en,100.0,100.0,2002,2011,1
gmane.comp.parsers.bison.general,15,750,en,100.0,100.0,2002,2019,1
gmane.comp.security.cyrus.sasl,15,750,en,100.0,100.0,2002,2011,1
gmane.comp.tex.texinfo.bugs,15,750,en,100.0,100.0,2002,2019,1
gmane.comp.web.css.compass.user,15,750,en,100.0,100.0,2010,2013,1
gmane.comp.web.quixote.user,15,750,en,100.0,100.0,2000,2010,1
gmane.comp.web.semantic.dbpedia.general,15,750,en,100.0,100.0,2009,2016,1
gmane.linux.ubuntu.server,15,750,en,100.0,100.0,2007,2015,1
gmane.mail.spam.tmda.devel,15,750,en,100.0,100.0,2001,2007,1
gmane.org.ccc.c3d2,15,750,de,100.0,0.0,2009,2019,1
gmane.org.user-groups.linux.cwelug,15,750,en,100.0,100.0,2005,2015,1
gmane.org.user-groups.linux.saratov,15,750,ru,80.0,0.0,2006,2013,3
gmane.os.netbsd.ports.sparc64,15,750,en,93.3,93.3,2002,2014,2
gmane.os.openbsd.www,15,750,en,73.3,73.3,2002,2013,5
gmane.comp.apache.spark.devel,15,750,en,86.7,86.7,2018,2019,3
gmane.comp.erp.openbravo.builds,15,750,en,100.0,100.0,2010,2017,1
gmane.comp.gis.openstreetmap.user,15,750,en,100.0,100.0,2008,2013,1
gmane.comp.gnome.apps.mc.devel,15,750,en,93.3,93.3,2002,2019,2
gmane.comp.gnome.mono.cecil,15,750,en,100.0,100.0,2008,2016,1
gmane.comp.handhelds.tizen.devel,15,750,en,86.7,86.7,2013,2015,2
gmane.comp.lang.haskell.debian,15,750,en,100.0,100.0,2010,2016,1
gmane.comp.php.zend.framework.mvc,15,750,en,100.0,100.0,2007,2012,1
gmane.comp.security.pgp-basics,15,750,en,100.0,100.0,2005,2013,1
gmane.comp.security.vulnerabilities,15,750,en,100.0,100.0,2002,2008,1
gmane.comp.sysutils.backup.duplicity.general,15,750,en,100.0,100.0,2007,2016,1
gmane.comp.web.amaya.general,15,750,en,100.0,100.0,2003,2010,1
gmane.comp.web.wiki.phpwiki.checkins,15,750,en,100.0,100.0,2004,2015,1
gmane.comp.windows.shells.litestep,15,750,en,100.0,100.0,2003,2007,1
gmane.education.english.teflchina.life,15,750,en,100.0,100.0,2006,2013,1
gmane.ietf.fax,15,750,en,100.0,100.0,1996,2002,1
gmane.linux.embedded.yocto.linux-yocto,15,750,en,100.0,100.0,2013,2018,1
gmane.linux.evms.devel,15,750,en,93.3,93.3,2002,2007,2
gmane.linux.suse.autoinstall,15,750,en,100.0,100.0,2002,2012,1
gmane.org.environment.freecycle.montreal,15,750,en,60.0,60.0,2010,2010,3
gmane.org.sigs.pmbok.brazil,15,750,pt,93.3,6.7,2004,2009,2
gmane.comp.finance.ledger.smb.user,15,750,en,100.0,100.0,2007,2016,1
gmane.comp.graphics.otb.user,15,750,en,100.0,100.0,2013,2018,1
gmane.comp.handhelds.zaurus.general,15,750,en,100.0,100.0,2002,2003,1
gmane.comp.lang.agda,15,750,en,93.3,93.3,2008,2019,2
gmane.comp.lang.ruby.japanese,15,750,ja,100.0,0.0,2006,2015,1
gmane.comp.lang.smalltalk.smallwiki,15,750,en,100.0,100.0,2005,2015,1
gmane.comp.linux.ptp.devel,15,750,en,100.0,100.0,2013,2018,1
gmane.comp.programming.language-of-the-year,15,750,en,100.0,100.0,2003,2009,1
gmane.comp.sysutils.backup.rsnapshot.general,15,750,en,93.3,93.3,2004,2017,2
gmane.linux.distributions.angstrom.devel,15,750,en,100.0,100.0,2007,2012,1
gmane.comp.apache.maven.nexus.user,15,750,en,100.0,100.0,2010,2019,1
gmane.comp.apache.nifi.user,15,750,en,100.0,100.0,2016,2019,1
gmane.comp.gis.proj-4.devel,15,750,en,100.0,100.0,2005,2018,1
gmane.comp.hardware.avr.libc.devel,15,750,en,100.0,100.0,2004,2018,1
gmane.comp.java.netbeans.user-interface,15,750,en,100.0,100.0,2001,2007,1
gmane.comp.tex.latex.french,15,750,fr,93.3,0.0,2005,2017,2
gmane.comp.web.phpgroupware.tracker,15,750,en,100.0,100.0,2002,2006,1
gmane.education.english.belajar-english,15,750,en,73.3,73.3,2005,2009,4
gmane.lisp.picolisp.general,15,750,en,100.0,100.0,2008,2019,1
gmane.network.opennic.general,15,750,en,100.0,100.0,2002,2019,1
gmane.org.user-groups.linux.turkey.sohbet,15,750,tr,86.7,6.7,2011,2018,3
gmane.org.w3c.public-lod,15,750,en,100.0,100.0,2012,2015,1
gmane.comp.lang.ruby.rails.heroku,15,750,en,100.0,100.0,2008,2012,1
gmane.linux.redhat.release.taroon.general,15,750,en,100.0,100.0,2004,2006,1
gmane.comp.cms.sakai.qa,15,750,en,93.3,93.3,2007,2017,2
gmane.comp.gnu.tar.bugs,15,750,en,100.0,100.0,2005,2019,1
gmane.mail.postfix.user.de,15,750,de,100.0,0.0,2008,2019,1
gmane.culture.autism,15,750,en,100.0,100.0,2005,2012,1
gmane.linux.hams.hamlib.devel,15,750,en,100.0,100.0,2004,2018,1
gmane.comp.jakarta.pluto.devel,15,750,en,66.7,66.7,2004,2018,2
gmane.comp.audio.compression.speex.devel,14,700,en,100.0,100.0,2002,2009,1
gmane.comp.audio.mp3.lame,14,700,en,92.9,92.9,2002,2018,2
gmane.comp.cloud.openstack.infrastructure,14,700,en,100.0,100.0,2013,2018,1
gmane.comp.emulators.hercules390.vm,14,700,en,100.0,100.0,2002,2010,1
gmane.comp.file-systems.fstests,14,700,en,100.0,100.0,2015,2018,1
gmane.comp.gis.gvsig.user.italian,14,700,it,78.6,14.3,2008,2015,3
gmane.comp.gnu.octave.devel,14,700,en,100.0,100.0,2008,2012,1
gmane.comp.hardware.cisco.turkish,14,700,tr,85.7,14.3,2003,2007,2
gmane.comp.java.sesat.kernel.scm,14,700,en,92.9,92.9,2008,2008,2
gmane.comp.kde.artists,14,700,en,100.0,100.0,2002,2019,1
gmane.comp.kde.devel.bindings,14,700,en,85.7,85.7,2003,2018,3
gmane.comp.lang.erlang.chicagoboss,14,700,en,92.9,92.9,2011,2016,2
gmane.comp.lang.lua.luajit,14,700,en,92.9,92.9,2012,2015,2
gmane.comp.lang.ruby.wxruby.user,14,700,en,92.9,92.9,2005,2014,2
gmane.comp.openoffice.devel.general,14,700,en,78.6,78.6,2003,2011,3
gmane.comp.printing.pykota.user,14,700,en,100.0,100.0,2003,2013,1
gmane.comp.python.general.german,14,700,de,100.0,0.0,2003,2016,1
gmane.comp.python.pyinstaller,14,700,en,78.6,78.6,2006,2015,2
gmane.comp.search.endnote,14,700,en,100.0,100.0,2003,2008,1
gmane.comp.security.ids.snort.devel,14,700,en,100.0,100.0,2002,2015,1
gmane.comp.security.incidents,14,700,en,92.9,92.9,2002,2006,2
gmane.comp.shells.fish.user,14,700,en,100.0,100.0,2006,2017,1
gmane.comp.sysutils.automake.bugs,14,700,en,92.9,92.9,2003,2013,2
gmane.comp.sysutils.backup.rdiff-backup.general,14,700,en,85.7,85.7,2004,2014,3
gmane.comp.terminal-emulators.tmux.user,14,700,en,92.9,92.9,2010,2017,2
gmane.comp.web.codemirror,14,700,en,100.0,100.0,2010,2013,1
gmane.comp.web.flask.general,14,700,en,92.9,92.9,2011,2014,2
gmane.comp.web.lighttpd,14,700,en,85.7,85.7,2004,2006,3
gmane.comp.web.omniweb,14,700,en,100.0,100.0,2004,2008,1
gmane.editors.sed.user,14,700,en,100.0,100.0,2003,2017,1
gmane.ietf.ima,14,700,en,100.0,100.0,2006,2012,1
gmane.linux.debian.devel.aptitude.general,14,700,en,100.0,100.0,2008,2017,1
gmane.linux.drivers.uvc.devel,14,700,en,100.0,100.0,2006,2012,1
gmane.linux.hams,14,700,en,100.0,100.0,2002,2018,1
gmane.linux.isdn.i4l.user,14,700,en,100.0,100.0,2004,2013,1
gmane.linux.kernel.perf.user,14,700,en,100.0,100.0,2014,2019,1
gmane.linux.pxes.spanish,14,700,es,92.9,7.1,2004,2009,2
gmane.linux.redhat.fedora.directory.devel,14,700,en,50.0,50.0,2009,2018,3
gmane.lisp.guile.cvs,14,700,en,57.1,57.1,2002,2006,4
gmane.network.etherboot.devel,14,700,en,100.0,100.0,2002,2005,1
gmane.network.gopher.general,14,700,en,92.9,92.9,2001,2018,2
gmane.network.netatalk.cvs,14,700,en,100.0,100.0,2003,2012,1
gmane.network.tcpdump.devel,14,700,en,92.9,92.9,2005,2015,2
gmane.org.clubs.dba.waterways.ce,14,700,en,100.0,100.0,2013,2016,1
gmane.org.user-groups.linux.turkey.programlama,14,700,tr,100.0,0.0,2009,2016,1
gmane.os.cygwin.announce,14,700,en,100.0,100.0,2005,2018,1
gmane.os.cygwin.cvs,14,700,UNKNOWN,57.1,42.9,2003,2018,2
gmane.os.hurd.general,14,700,en,71.4,71.4,2002,2015,3
gmane.os.openbsd.pf,14,700,en,100.0,100.0,2003,2008,1
gmane.politics.parties.pirateparty.germany.hessen.wetterau,14,700,de,100.0,0.0,2010,2014,1
gmane.text.xml.french.tech,14,700,fr,92.9,7.1,2004,2007,2
gmane.user-groups.foss.solar,14,700,es,71.4,14.3,2010,2014,4
gmane.comp.apache.trafficserver.user,14,700,en,100.0,100.0,2011,2018,1
gmane.comp.emulators.kvm.scm,14,700,en,92.9,92.9,2008,2010,2
gmane.comp.freedesktop.intltool,14,700,ja,64.3,35.7,2005,2008,2
gmane.comp.ide.eclipse.packaging.linux,14,700,en,71.4,71.4,2009,2019,3
gmane.comp.jakarta.cactus.user,14,700,en,100.0,100.0,2002,2006,1
gmane.comp.java.cdi.seam.scm,14,700,en,100.0,100.0,2010,2014,1
gmane.comp.java.osgi.devel,14,700,en,92.9,92.9,2008,2016,2
gmane.comp.kde.devel.kdenlive,14,700,en,100.0,100.0,2008,2013,1
gmane.comp.lang.factor.general,14,700,en,100.0,100.0,2007,2016,1
gmane.comp.mozilla.devel.dom,14,700,en,85.7,85.7,2002,2009,3
gmane.comp.package-management.wpkg.user,14,700,en,92.9,92.9,2006,2012,2
gmane.comp.python.cherrypy,14,700,en,100.0,100.0,2004,2017,1
gmane.comp.science.types.announce,14,700,en,100.0,100.0,2007,2019,1
gmane.comp.web.merb.devel,14,700,en,100.0,100.0,2007,2010,1
gmane.comp.web.netsurf.devel,14,700,en,100.0,100.0,2004,2014,1
gmane.comp.web.zope.devel.collector-monitor,14,700,en,100.0,100.0,2002,2007,1
gmane.comp.web.zope.plone.archetypes.devel,14,700,en,100.0,100.0,2003,2006,1
gmane.ietf.isis,14,700,en,100.0,100.0,2002,2018,1
gmane.linux.drivers.nbd.general,14,700,en,78.6,78.6,2008,2017,4
gmane.linux.hardware.blackfin.kernel.devel,14,700,en,100.0,100.0,2007,2013,1
gmane.linux.leaf.devel,14,700,en,100.0,100.0,2004,2016,1
gmane.linux.suse.multimedia.german,14,700,de,100.0,0.0,2004,2008,1
gmane.linux.ubuntu.translators.general,14,700,en,100.0,100.0,2008,2016,1
gmane.mail.spam.crm114,14,700,en,100.0,100.0,2004,2012,1
gmane.network.ipxe.devel,14,700,en,100.0,100.0,2011,2018,1
gmane.network.licq.cvs,14,700,en,100.0,100.0,2003,2013,1
gmane.org.user-groups.linux.cabal,14,700,en,100.0,100.0,2006,2018,1
gmane.org.user-groups.wikipedia.chinese,14,700,zh-cn,35.7,28.6,2006,2011,4
gmane.os.riot.devel,14,700,en,100.0,100.0,2013,2019,1
gmane.os.solaris.managers.summaries,14,700,en,100.0,100.0,2002,2006,1
gmane.os.solaris.opensolaris.zones,14,700,en,100.0,100.0,2006,2010,1
gmane.science.biology.biomart.general,14,700,en,100.0,100.0,2007,2017,1
gmane.comp.audio.compression.flac.devel,14,700,en,100.0,100.0,2002,2018,1
gmane.comp.finance.mifos.user,14,700,en,100.0,100.0,2010,2019,1
gmane.comp.finance.quantlib.devel,14,700,en,92.9,92.9,2002,2017,2
gmane.comp.gnu.make.bugs,14,700,en,92.9,92.9,2002,2015,2
gmane.comp.graphics.gnuplot.user,14,700,en,100.0,100.0,2003,2017,1
gmane.comp.handhelds.openmoko.scm,14,700,en,100.0,100.0,2007,2009,1
gmane.comp.java.jbehave.devel,14,700,en,57.1,57.1,2007,2015,3
gmane.comp.lib.boost.asio.user,14,700,en,100.0,100.0,2006,2018,1
gmane.comp.multimedia.mixxx.devel,14,700,en,100.0,100.0,2008,2015,1
gmane.comp.telephony.openh323.general,14,700,en,92.9,92.9,2004,2007,2
gmane.comp.web.zope.italian,14,700,it,92.9,7.1,2004,2007,2
gmane.ietf.irtf.rrg,14,700,en,100.0,100.0,2007,2010,1
gmane.linux.file-systems.union,14,700,en,92.9,92.9,2015,2018,2
gmane.linux.pwm,14,700,en,100.0,100.0,2014,2018,1
gmane.linux.trustix.contrib,14,700,en,100.0,100.0,2005,2006,1
gmane.music.idm,14,700,en,85.7,85.7,2005,2018,2
gmane.network.bird.user,14,700,en,92.9,92.9,2010,2016,2
gmane.org.wikimedia.socialmedia,14,700,en,92.9,92.9,2014,2015,2
gmane.os.freebsd.advocacy,14,700,en,100.0,100.0,2002,2018,1
gmane.os.freebsd.isp,14,700,en,92.9,92.9,2002,2009,2
gmane.science.linguistics.wikipedia.wikimania,14,700,en,100.0,100.0,2007,2016,1
gmane.comp.cms.jahia.bugs,14,700,it,57.1,42.9,2007,2008,2
gmane.comp.gnu.gnupedia.devel,14,700,en,71.4,71.4,2006,2012,3
gmane.comp.ide.eclipse.wtp.devel,14,700,en,92.9,92.9,2005,2016,2
gmane.comp.java.displaytag.general,14,700,en,100.0,100.0,2004,2011,1
gmane.comp.lib.swagger,14,700,en,85.7,85.7,2015,2018,2
gmane.comp.mathematics.libmesh.devel,14,700,en,100.0,100.0,2007,2018,1
gmane.comp.misc.freeware.yahoo,14,700,en,92.9,92.9,2011,2015,2
gmane.comp.sysutils.augeas.devel,14,700,en,100.0,100.0,2008,2015,1
gmane.linux.debian.devel.clamav,14,700,en,71.4,71.4,2009,2018,3
gmane.linux.drivers.fuse.zfs,14,700,en,100.0,100.0,2008,2011,1
gmane.linux.kernel.utrace,14,700,en,85.7,85.7,2008,2010,3
gmane.linux.ubuntu.loco-contacts,14,700,en,100.0,100.0,2006,2014,1
gmane.lisp.scheme.gambit,14,700,en,100.0,100.0,2006,2019,1
gmane.org.user-groups.linux.luccalug.soci,14,700,it,100.0,0.0,2008,2017,1
gmane.os.solaris.opensolaris.devel,14,700,en,100.0,100.0,2005,2011,1
gmane.comp.cms.wyona.cvs,14,700,en,100.0,100.0,2002,2003,1
gmane.comp.handhelds.android.adt.devel,14,700,en,100.0,100.0,2013,2017,1
gmane.comp.lang.j.beta,14,700,en,100.0,100.0,2006,2018,1
gmane.comp.printing.cups.devel,14,700,en,92.9,92.9,2003,2017,2
gmane.comp.security.firewalls.efw.user,14,700,en,100.0,100.0,2006,2014,1
gmane.linux.gentoo.security,14,700,en,100.0,100.0,2002,2014,1
gmane.os.ecos.patches,14,700,en,100.0,100.0,2003,2013,1
gmane.comp.apache.logging.log4net.devel,14,700,en,92.9,92.9,2008,2017,2
gmane.comp.handhelds.sailfishos.devel,14,700,en,100.0,100.0,2013,2017,1
gmane.comp.window-managers.dwm,14,700,en,92.9,92.9,2006,2009,2
gmane.comp.windows.farmanager.russian,14,700,ru,64.3,35.7,2004,2013,2
gmane.linux.bios.flashrom,14,700,en,100.0,100.0,2012,2019,1
gmane.linux.debian.devel.embedded,14,700,en,100.0,100.0,2004,2013,1
gmane.network.jabber.gajim.scm,14,700,en,100.0,100.0,2009,2018,1
gmane.org.user-groups.php.uphpu,14,700,en,92.9,92.9,2007,2015,2
gmane.comp.corba.jacorb.devel,14,700,en,100.0,100.0,2002,2019,1
gmane.org.fsf.europe.discussion,14,700,en,100.0,100.0,2006,2017,1
gmane.linux.ubuntu.devel.changes.feisty,14,700,en,85.7,85.7,2006,2007,3
gmane.comp.audio.lmms.devel,13,650,en,100.0,100.0,2010,2015,1
gmane.comp.compilers.parrot.devel,13,650,en,100.0,100.0,2009,2012,1
gmane.comp.db.postgresql.interfaces,13,650,en,100.0,100.0,2002,2014,1
gmane.comp.distributed.boinc.user,13,650,en,100.0,100.0,2009,2018,1
gmane.comp.graphics.agg,13,650,en,100.0,100.0,2004,2014,1
gmane.comp.graphics.png.devel,13,650,en,100.0,100.0,2004,2015,1
gmane.comp.homebrew.n8vem,13,650,en,100.0,100.0,2013,2015,1
gmane.comp.ide.eric,13,650,en,84.6,84.6,2006,2018,3
gmane.comp.jakarta.turbine.torque.user,13,650,en,100.0,100.0,2003,2008,1
gmane.comp.java.picocontainer.cvs,13,650,UNKNOWN,76.9,23.1,2004,2011,2
gmane.comp.java.roller.cvs,13,650,en,100.0,100.0,2002,2009,1
gmane.comp.kde.devel.konversation,13,650,en,53.8,53.8,2005,2018,3
gmane.comp.lang.4gl.fourjs.user,13,650,en,100.0,100.0,2002,2006,1
gmane.comp.lang.ruby.region.indonesia,13,650,id,69.2,30.8,2007,2013,2
gmane.comp.lib.boost.ublas,13,650,en,100.0,100.0,2003,2018,1
gmane.comp.lib.qt.android,13,650,en,100.0,100.0,2011,2014,1
gmane.comp.linux.gps,13,650,en,100.0,100.0,2004,2010,1
gmane.comp.mathematics.sage.combinat.devel,13,650,en,100.0,100.0,2009,2017,1
gmane.comp.mobile.openbsc.general,13,650,en,100.0,100.0,2010,2014,1
gmane.comp.mozilla.firefox.devel,13,650,en,100.0,100.0,2013,2017,1
gmane.comp.mozilla.firefox.vimperator,13,650,en,100.0,100.0,2007,2011,1
gmane.comp.php.seagull.general,13,650,en,100.0,100.0,2004,2008,1
gmane.comp.python.lxml.devel,13,650,en,100.0,100.0,2005,2014,1
gmane.comp.python.sphinx.devel,13,650,en,100.0,100.0,2008,2010,1
gmane.comp.video.dri.user,13,650,en,100.0,100.0,2002,2006,1
gmane.comp.web.galeon.user,13,650,en,100.0,100.0,2002,2004,1
gmane.comp.web.simile.general,13,650,en,100.0,100.0,2006,2008,1
gmane.comp.xfree86.newbie,13,650,en,100.0,100.0,2002,2002,1
gmane.culture.region.moldova,13,650,ro,46.2,38.5,2007,2018,4
gmane.editors.nano.devel,13,650,en,100.0,100.0,2002,2018,1
gmane.ietf.ipp,13,650,en,100.0,100.0,2004,2018,1
gmane.ietf.softwires,13,650,en,100.0,100.0,2010,2019,1
gmane.linux.debian.knoppix,13,650,en,84.6,84.6,2003,2004,3
gmane.linux.embedded.yocto.webhob,13,650,en,100.0,100.0,2013,2017,1
gmane.linux.kernel.autotest,13,650,en,100.0,100.0,2010,2012,1
gmane.linux.newbie,13,650,en,92.3,92.3,2002,2012,2
gmane.linux.redhat.fedora.german,13,650,de,69.2,15.4,2004,2018,3
gmane.linux.redhat.sssd.user,13,650,en,100.0,100.0,2014,2019,1
gmane.linux.ubuntu.devel.accessibility,13,650,en,100.0,100.0,2005,2016,1
gmane.linux.ubuntu.juju.user,13,650,en,92.3,92.3,2013,2017,2
gmane.linux.ubuntu.motu,13,650,en,100.0,100.0,2006,2019,1
gmane.linux.ubuntu.region.australia,13,650,en,100.0,100.0,2006,2011,1
gmane.mail.mahogany.cvs,13,650,en,100.0,100.0,2003,2008,1
gmane.music.jamiroquai.discuss,13,650,en,100.0,100.0,2002,2006,1
gmane.network.bit-torrent.deluge.devel,13,650,en,92.3,92.3,2009,2015,2
gmane.network.ninux.wireless,13,650,it,84.6,7.7,2014,2017,3
gmane.org.user-groups.linux.gtalug.general,13,650,en,100.0,100.0,2014,2019,1
gmane.org.user-groups.linux.linux06,13,650,fr,92.3,0.0,1999,2001,2
gmane.org.user-groups.linux.vietlug,13,650,vi,38.5,30.8,2004,2006,5
gmane.org.user-groups.unix.vague,13,650,en,92.3,92.3,2006,2019,2
gmane.org.user-groups.zope.trizpug,13,650,en,100.0,100.0,2006,2016,1
gmane.os.freebsd.devel.apache,13,650,en,76.9,76.9,2005,2018,3
gmane.os.freebsd.italian.esperti,13,650,it,92.3,0.0,2000,2016,2
gmane.os.illumos.zfs,13,650,en,100.0,100.0,2012,2018,1
gmane.os.macosx.mailmate.user,13,650,en,100.0,100.0,2015,2019,1
gmane.comp.file-systems.ocfs2.user,13,650,en,100.0,100.0,2005,2014,1
gmane.comp.finance.gold-silver-crypto,13,650,en,100.0,100.0,2009,2011,1
gmane.comp.fonts.fontconfig,13,650,en,100.0,100.0,2003,2018,1
gmane.comp.gnome.winforms,13,650,en,100.0,100.0,2003,2013,1
gmane.comp.graphics.opensg.user,13,650,en,92.3,92.3,2007,2014,2
gmane.comp.hardware.bus.can,13,650,en,100.0,100.0,2002,2013,1
gmane.comp.hardware.gps.gpsbabel.devel,13,650,en,100.0,100.0,2004,2014,1
gmane.comp.ide.anjuta.devel,13,650,en,100.0,100.0,2005,2017,1
gmane.comp.ide.eclipse.devel,13,650,en,100.0,100.0,2008,2019,1
gmane.comp.java.continuum.user,13,650,en,92.3,92.3,2006,2009,2
gmane.comp.java.openjdk.jdk8.devel,13,650,en,53.8,53.8,2012,2014,4
gmane.comp.kde.devel.quanta,13,650,en,100.0,100.0,2003,2004,1
gmane.comp.lang.perl.perl-mongers.seattle,13,650,en,100.0,100.0,2004,2010,1
gmane.comp.lang.ruby.ironruby.devel,13,650,en,84.6,84.6,2008,2010,3
gmane.comp.lang.tcl.mac,13,650,en,100.0,100.0,2001,2015,1
gmane.comp.mobile.syncevolution.issues,13,650,en,84.6,84.6,2009,2012,3
gmane.comp.programming.load-balancing.general,13,650,en,92.3,92.3,2003,2010,2
gmane.comp.python.committers,13,650,en,100.0,100.0,2010,2019,1
gmane.comp.python.python-3000.cvs,13,650,en,100.0,100.0,2007,2008,1
gmane.comp.systems.as400.domino,13,650,en,100.0,100.0,2002,2012,1
gmane.comp.sysutils.apcupsd.user,13,650,en,100.0,100.0,2005,2016,1
gmane.comp.tools.bazel.user,13,650,en,100.0,100.0,2016,2019,1
gmane.comp.tv.xmltv.general,13,650,en,92.3,92.3,2003,2016,2
gmane.comp.version-control.mercurial.tortoisehg.devel,13,650,en,100.0,100.0,2008,2011,1
gmane.comp.web.chi-web,13,650,en,100.0,100.0,2002,2009,1
gmane.comp.web.services.description,13,650,en,100.0,100.0,2003,2007,1
gmane.comp.windows.devel.dotnet.rhino-mocks,13,650,en,100.0,100.0,2007,2011,1
gmane.culture.publications.dicas,13,650,pt,53.8,7.7,2006,2015,3
gmane.culture.transportation.humanpowered.boats,13,650,en,100.0,100.0,2000,2008,1
gmane.linux.comedi,13,650,en,100.0,100.0,2002,2005,1
gmane.linux.debian.alioth.pkg-gnupg.scm,13,650,en,100.0,100.0,2015,2017,1
gmane.linux.debian.devel.firewall,13,650,en,92.3,92.3,2004,2009,2
gmane.linux.drivers.ipw3945.devel,13,650,en,100.0,100.0,2006,2011,1
gmane.linux.file-systems.cifs,13,650,en,100.0,100.0,2004,2010,1
gmane.linux.redhat.fedora.mingw,13,650,en,92.3,92.3,2009,2016,2
gmane.linux.redhat.release.phoebe,13,650,en,100.0,100.0,2003,2003,1
gmane.linux.rpm.maintenance,13,650,en,100.0,100.0,2009,2019,1
gmane.linux.ubuntu.qa,13,650,en,100.0,100.0,2010,2016,1
gmane.mail.squirrelmail.cvs,13,650,en,61.5,61.5,2005,2019,2
gmane.org.user-groups.linux.lugli,13,650,es,92.3,0.0,2005,2009,2
gmane.org.wikimedia.india,13,650,en,84.6,84.6,2010,2016,3
gmane.os.netbsd.ports.xen,13,650,en,100.0,100.0,2005,2013,1
gmane.science.mathematics.logic.isabelle.devel,13,650,en,100.0,100.0,2011,2017,1
gmane.comp.apache.webservices.axis-c.user,13,650,en,100.0,100.0,2007,2014,1
gmane.comp.db.rrdtool.devel,13,650,en,100.0,100.0,2001,2011,1
gmane.comp.embedded.openwrt.user,13,650,en,100.0,100.0,2009,2018,1
gmane.comp.encryption.pgp.sks,13,650,en,92.3,92.3,2006,2019,2
gmane.comp.file-systems.ext3.user,13,650,en,100.0,100.0,2002,2014,1
gmane.comp.freedesktop.packagekit,13,650,en,100.0,100.0,2007,2014,1
gmane.comp.gnome.apps.epiphany,13,650,en,92.3,92.3,2003,2006,2
gmane.comp.gnome.tomboy,13,650,en,100.0,100.0,2005,2018,1
gmane.comp.hardware.smartphones.pkg-fso-maint,13,650,en,84.6,84.6,2009,2017,3
gmane.comp.horde.kronolith,13,650,en,100.0,100.0,2003,2013,1
gmane.comp.lang.ruby.ferret.general,13,650,en,92.3,92.3,2006,2007,2
gmane.comp.mathematics.sage.cloud,13,650,en,100.0,100.0,2013,2017,1
gmane.comp.python.web,13,650,en,100.0,100.0,2004,2011,1
gmane.comp.video.synfig.devel,13,650,en,100.0,100.0,2007,2016,1
gmane.comp.web.zope.cps.general.french,13,650,fr,100.0,0.0,2003,2008,1
gmane.comp.windows.dotnet.nant.devel,13,650,en,100.0,100.0,2003,2010,1
gmane.education.gresuccess,13,650,en,100.0,100.0,2004,2010,1
gmane.education.region.romania.rosedu.general,13,650,ro,92.3,7.7,2011,2015,2
gmane.ietf.ips,13,650,en,100.0,100.0,2002,2015,1
gmane.ietf.smime,13,650,en,100.0,100.0,1997,2016,1
gmane.linux.debian.devel.new-maintainer,13,650,en,100.0,100.0,2003,2019,1
gmane.linux.kernel.hwmon,13,650,en,100.0,100.0,2016,2018,1
gmane.mail.getmail.user,13,650,en,100.0,100.0,2004,2017,1
gmane.org.operators.internet-access,13,650,en,92.3,92.3,2003,2008,2
gmane.org.user-groups.linux.uk.peterboro,13,650,en,100.0,100.0,2006,2013,1
gmane.org.user-groups.qsite.lan,13,650,en,100.0,100.0,2004,2007,1
gmane.org.user-groups.slug.chat,13,650,en,100.0,100.0,2002,2008,1
gmane.os.inferno.general,13,650,en,100.0,100.0,2004,2011,1
gmane.science.linguistics.wikipedia.italian,13,650,it,92.3,7.7,2005,2016,2
gmane.text.xml.xtm.general,13,650,en,100.0,100.0,2002,2011,1
gmane.comp.bug-tracking.mantis.devel,13,650,en,100.0,100.0,2004,2015,1
gmane.comp.ide.eclipse.e4.devel,13,650,en,92.3,92.3,2008,2015,2
gmane.comp.lang.boo.devel,13,650,en,53.8,53.8,2005,2012,2
gmane.comp.python.pyobjc.devel,13,650,en,92.3,92.3,2003,2018,2
gmane.comp.telephony.freeswitch.devel,13,650,en,100.0,100.0,2008,2017,1
gmane.comp.web.cherokee.general,13,650,en,100.0,100.0,2006,2012,1
gmane.comp.web.zope.public-cvs,13,650,en,92.3,92.3,2002,2005,2
gmane.ietf.sfc,13,650,en,92.3,92.3,2014,2019,2
gmane.linux.debian.devel.forensics,13,650,en,69.2,69.2,2009,2018,4
gmane.linux.gentoo.hardened,13,650,en,92.3,92.3,2003,2014,2
gmane.network.mldonkey.user,13,650,en,84.6,84.6,2003,2010,3
gmane.comp.bug-tracking.request-tracker.devel,13,650,en,100.0,100.0,2004,2015,1
gmane.comp.gnome.release-team,13,650,en,100.0,100.0,2011,2018,1
gmane.comp.java.zookeeper.user,13,650,en,92.3,92.3,2011,2018,2
gmane.comp.php.symfony.users,13,650,en,100.0,100.0,2011,2011,1
gmane.comp.science.types,13,650,en,100.0,100.0,1991,2019,1
gmane.comp.web.bluefish.devel,13,650,en,84.6,84.6,2006,2014,3
gmane.comp.web.dom.general,13,650,en,100.0,100.0,2002,2014,1
gmane.emacs.auctex.general,13,650,en,100.0,100.0,2005,2018,1
gmane.linux.drivers.wacom.devel,13,650,en,92.3,92.3,2010,2018,2
gmane.linux.network.zigbee.devel,13,650,en,100.0,100.0,2009,2014,1
gmane.os.netbsd.ports.x86-64,13,650,en,100.0,100.0,2005,2018,1
gmane.comp.encryption.opensc.user,13,650,en,100.0,100.0,2005,2012,1
gmane.comp.java.netbeans.general,13,650,en,100.0,100.0,2001,2015,1
gmane.comp.kde.koffice,13,650,en,100.0,100.0,2002,2013,1
gmane.emacs.tramp,13,650,en,84.6,84.6,2003,2018,2
gmane.ietf.bess,13,650,en,100.0,100.0,2015,2019,1
gmane.linux.leaf.cvs,13,650,en,92.3,92.3,2004,2009,2
gmane.mail.qmail.qmr,13,650,en,92.3,92.3,2005,2006,2
gmane.comp.db.mysql.odbc,13,650,en,92.3,92.3,2003,2013,2
gmane.comp.gnu.mailutils.cvs,13,650,de,76.9,15.4,2002,2003,3
gmane.ietf.ipr,13,650,en,100.0,100.0,2003,2013,1
gmane.linux.drivers.wacom,13,650,en,100.0,100.0,2006,2016,1
gmane.text.xml.schema.devel,13,650,en,100.0,100.0,2000,2008,1
gmane.comp.emulators.virtualbox.user,13,650,en,100.0,100.0,2010,2019,1
gmane.comp.gis.therion,13,650,en,84.6,84.6,2006,2017,2
gmane.comp.graphics.nebuladevice.general,13,650,en,100.0,100.0,2000,2006,1
gmane.comp.internationalization.linux,13,650,en,100.0,100.0,1999,2007,1
gmane.comp.lang.haskell.cvs.nhc98,13,650,en,100.0,100.0,2002,2010,1
gmane.comp.lang.smalltalk.gnu.general,13,650,en,100.0,100.0,2005,2019,1
gmane.comp.sysutils.autoconf.bugs,13,650,en,100.0,100.0,2002,2015,1
gmane.comp.window-managers.wmii,13,650,en,100.0,100.0,2006,2009,1
gmane.org.wikimedia.mobile,13,650,en,100.0,100.0,2012,2016,1
gmane.comp.inquiry,13,650,en,69.2,69.2,2003,2009,2
gmane.comp.audio.emagic.logic.off-topic,12,600,en,91.7,91.7,2000,2004,2
gmane.comp.autopackage.devel,12,600,en,100.0,100.0,2004,2009,1
gmane.comp.cms.lenya.cvs,12,600,en,75.0,75.0,2006,2012,4
gmane.comp.db.postgresql.french,12,600,fr,100.0,0.0,2004,2014,1
gmane.comp.freedesktop.xorg.drivers.freedreno,12,600,en,100.0,100.0,2016,2019,1
gmane.comp.gis.cartoweb.user,12,600,en,100.0,100.0,2005,2010,1
gmane.comp.gnome.apps.f-spot,12,600,en,91.7,91.7,2004,2014,2
gmane.comp.gnu.findutils.bugs,12,600,en,83.3,83.3,2003,2015,3
gmane.comp.handhelds.android.k9mail,12,600,en,100.0,100.0,2013,2018,1
gmane.comp.handhelds.ipaq.synce.general,12,600,en,91.7,91.7,2006,2009,2
gmane.comp.jakarta.taglibs.user,12,600,en,100.0,100.0,2002,2005,1
gmane.comp.java.mx4j.user,12,600,en,100.0,100.0,2003,2009,1
gmane.comp.lang.felix.general,12,600,en,100.0,100.0,2006,2014,1
gmane.comp.lang.haskell.disciple,12,600,en,75.0,75.0,2009,2012,3
gmane.comp.lang.jython.devel,12,600,en,100.0,100.0,2003,2017,1
gmane.comp.lang.perl.perl-mongers.boston,12,600,en,100.0,100.0,2004,2013,1
gmane.comp.lang.r.ecology,12,600,en,100.0,100.0,2008,2018,1
gmane.comp.mozilla.ui,12,600,en,100.0,100.0,2001,2011,1
gmane.comp.multimedia.dvdauthor.user,12,600,en,100.0,100.0,2003,2012,1
gmane.comp.python.django.django-cms,12,600,en,100.0,100.0,2010,2017,1
gmane.comp.python.org.europe,12,600,en,91.7,91.7,2002,2014,2
gmane.comp.sysutils.backup.boxbackup.general,12,600,en,100.0,100.0,2004,2018,1
gmane.comp.sysutils.retrospect.general,12,600,en,100.0,100.0,2005,2011,1
gmane.comp.version-control.gitlab,12,600,en,100.0,100.0,2012,2014,1
gmane.comp.version-control.subversion.book,12,600,en,91.7,91.7,2005,2018,2
gmane.comp.video.gfe.bugs,12,600,UNKNOWN,33.3,33.3,2002,2006,4
gmane.comp.web.naviserver.devel,12,600,en,100.0,100.0,2005,2019,1
gmane.comp.web.netsurf.user,12,600,en,91.7,91.7,2008,2019,2
gmane.comp.web.pound.general,12,600,en,100.0,100.0,2003,2018,1
gmane.culture.region.bulgaria.artbox,12,600,bg,58.3,41.7,2005,2015,2
gmane.emacs.macintosh.osx,12,600,en,91.7,91.7,2005,2012,2
gmane.emacs.sxemacs.devel,12,600,en,91.7,91.7,2004,2016,2
gmane.emacs.vms,12,600,ja,58.3,33.3,2004,2006,3
gmane.ietf.secsh,12,600,en,100.0,100.0,1999,2015,1
gmane.linux.distributions.musterloesung.paedml3,12,600,de,100.0,0.0,2007,2008,1
gmane.linux.hardware.blackfin.toolchain.scm,12,600,UNKNOWN,91.7,8.3,2007,2011,2
gmane.linux.misc.basics.qna,12,600,en,91.7,91.7,2004,2008,2
gmane.linux.real-time.rtlinux.general,12,600,en,100.0,100.0,2002,2004,1
gmane.linux.redhat.enterprise.announce,12,600,en,100.0,100.0,2005,2015,1
gmane.linux.redhat.fedora.kernel,12,600,en,100.0,100.0,2007,2017,1
gmane.linux.redhat.rhl.general,12,600,en,91.7,91.7,2003,2003,2
gmane.linux.ubuntu.user.polish,12,600,pl,91.7,8.3,2005,2010,2
gmane.lisp.scheme.kawa,12,600,en,91.7,91.7,2004,2017,2
gmane.music.equipment.slimp3.dev,12,600,en,75.0,75.0,2001,2003,2
gmane.org.google.code.summer,12,600,en,100.0,100.0,2005,2005,1
gmane.org.misc.open-knowledge-foundation.brazil,12,600,pt,91.7,0.0,2013,2017,2
gmane.org.user-groups.freebsd.brasil,12,600,pt,75.0,8.3,2012,2018,4
gmane.os.freebsd.devel.threading,12,600,en,91.7,91.7,2003,2016,2
gmane.os.solaris.opensolaris.website,12,600,en,100.0,100.0,2007,2010,1
gmane.recreation.radio.hardware.kenwood.th-f6a,12,600,en,100.0,100.0,2004,2018,1
gmane.science.nmr.relax.devel,12,600,en,100.0,100.0,2006,2015,1
gmane.science.physics.ifeffit,12,600,en,100.0,100.0,2010,2015,1
gmane.user-groups.linux.bblug.org,12,600,es,83.3,0.0,2006,2012,3
gmane.comp.audio.musicbrainz.devel,12,600,en,100.0,100.0,2002,2015,1
gmane.comp.clustering.gridengine.users,12,600,en,100.0,100.0,2009,2010,1
gmane.comp.file-systems.coda.general,12,600,en,100.0,100.0,2004,2015,1
gmane.comp.fonts.freetype.user,12,600,en,100.0,100.0,2004,2018,1
gmane.comp.hardware.riscv.isa.devel,12,600,en,91.7,91.7,2016,2018,2
gmane.comp.internationalization.bokmal,12,600,en,75.0,75.0,2003,2013,2
gmane.comp.lang.4gl.aubit.general,12,600,en,100.0,100.0,2005,2013,1
gmane.comp.lang.ml.mlton.devel,12,600,en,100.0,100.0,2004,2008,1
gmane.comp.lang.perl.modules.html-formfu.general,12,600,en,100.0,100.0,2007,2011,1
gmane.comp.lang.smalltalk.fonc,12,600,en,100.0,100.0,2007,2013,1
gmane.comp.lib.qt.pyside,12,600,en,100.0,100.0,2010,2018,1
gmane.comp.misc.agile.testing,12,600,en,100.0,100.0,2009,2016,1
gmane.comp.multimedia.gphoto.user,12,600,en,100.0,100.0,2004,2015,1
gmane.comp.php.doctrine.user,12,600,en,100.0,100.0,2013,2016,1
gmane.comp.python.django.restframework,12,600,en,100.0,100.0,2014,2019,1
gmane.comp.security.gpwn,12,600,en,100.0,100.0,2014,2018,1
gmane.comp.web.click.user,12,600,en,91.7,91.7,2006,2012,2
gmane.comp.window-managers.fvwm.devel,12,600,en,100.0,100.0,2004,2016,1
gmane.comp.xfree86.cvs,12,600,en,91.7,91.7,2002,2006,2
gmane.editors.j.devel,12,600,en,100.0,100.0,2003,2015,1
gmane.emacs.auc-tex,12,600,en,100.0,100.0,2003,2005,1
gmane.games.blackjack.cardcounterscafe,12,600,en,100.0,100.0,2004,2007,1
gmane.ietf.alto,12,600,en,100.0,100.0,2010,2017,1
gmane.ietf.enum,12,600,en,100.0,100.0,2002,2008,1
gmane.linux.gentoo.user.brazilian,12,600,pt,91.7,0.0,2005,2010,2
gmane.linux.keepalived.devel,12,600,en,100.0,100.0,2004,2015,1
gmane.linux.ubuntu.region.belgium,12,600,en,83.3,83.3,2007,2013,2
gmane.lisp.steel-bank.general,12,600,en,100.0,100.0,2003,2016,1
gmane.network.etherboot.user,12,600,en,100.0,100.0,2002,2016,1
gmane.org.user-groups.sysadmin.lopsa.tech,12,600,en,100.0,100.0,2010,2017,1
gmane.org.user-groups.unix.lug-bs,12,600,de,100.0,0.0,2005,2008,1
gmane.os.freebsd.devel.ipfw,12,600,en,100.0,100.0,2002,2015,1
gmane.science.robotics.playerstage.cvs,12,600,en,91.7,91.7,2006,2010,2
gmane.text.docbook.misc,12,600,en,100.0,100.0,2002,2016,1
gmane.user-groups.linux.india.cochin,12,600,en,100.0,100.0,2001,2011,1
gmane.comp.audio.ardour.devel,12,600,en,100.0,100.0,2005,2017,1
gmane.comp.db.postgresql.brasil.devel,12,600,pt,100.0,0.0,2008,2016,1
gmane.comp.diary.todotxt,12,600,en,91.7,91.7,2006,2016,2
gmane.comp.gnome.hackers,12,600,en,100.0,100.0,2002,2007,1
gmane.comp.jakarta.avalon.phoenix.devel,12,600,en,91.7,91.7,2002,2003,2
gmane.comp.java.jess,12,600,en,100.0,100.0,2003,2009,1
gmane.comp.kde.www,12,600,en,100.0,100.0,2009,2017,1
gmane.comp.lang.pcre.devel,12,600,en,100.0,100.0,2009,2018,1
gmane.comp.lang.unicon.general,12,600,en,100.0,100.0,2000,2018,1
gmane.comp.nlp.apertium,12,600,en,91.7,91.7,2010,2018,2
gmane.comp.php.drupal.cvs,12,600,en,41.7,41.7,2003,2004,5
gmane.comp.security.cryptography.randombit,12,600,en,91.7,91.7,2011,2014,2
gmane.comp.security.websecurity,12,600,en,100.0,100.0,2005,2010,1
gmane.comp.tex.luatex.user,12,600,en,100.0,100.0,2010,2016,1
gmane.comp.version-control.patchwork,12,600,en,100.0,100.0,2013,2019,1
gmane.comp.web.phpgroupware.devel,12,600,en,91.7,91.7,2002,2008,2
gmane.comp.web.polymer.devel,12,600,en,100.0,100.0,2013,2016,1
gmane.comp.web.zope.plone.product-developers,12,600,en,100.0,100.0,2007,2013,1
gmane.emacs.bbdb.user,12,600,en,66.7,66.7,2002,2015,4
gmane.games.freeciv.cvs,12,600,en,100.0,100.0,2000,2005,1
gmane.ietf.megaco,12,600,en,100.0,100.0,2002,2011,1
gmane.ietf.nvo3,12,600,en,100.0,100.0,2012,2015,1
gmane.linux.distributions.voyage.general,12,600,en,100.0,100.0,2006,2014,1
gmane.linux.drivers.quickcam.devel,12,600,en,75.0,75.0,2002,2015,2
gmane.linux.ubuntu.devel.edubuntu,12,600,en,91.7,91.7,2005,2011,2
gmane.lisp.cmucl.general,12,600,en,91.7,91.7,2003,2008,2
gmane.network.nagios.plugins,12,600,en,100.0,100.0,2003,2013,1
gmane.network.nox.devel,12,600,en,100.0,100.0,2008,2012,1
gmane.network.routing.openflow.general,12,600,en,91.7,91.7,2011,2015,2
gmane.org.freeculture.discuss,12,600,en,91.7,91.7,2006,2013,2
gmane.org.housing.cohousing.general,12,600,en,100.0,100.0,2015,2018,1
gmane.org.misc.open-knowledge-foundation.general,12,600,en,100.0,100.0,2008,2014,1
gmane.org.w3c.internationalization.general,12,600,en,83.3,83.3,2003,2016,2
gmane.science.mathematics.petri-nets,12,600,en,100.0,100.0,2005,2018,1
gmane.text.xml.xalan.cvs,12,600,en,91.7,91.7,2002,2012,2
gmane.comp.audio.sox,12,600,en,100.0,100.0,2004,2016,1
gmane.comp.cms.opengroupware.user.german,12,600,de,83.3,16.7,2004,2006,2
gmane.comp.emulators.crossover.general,12,600,en,75.0,75.0,2005,2008,3
gmane.comp.gnome.mono.osx,12,600,en,100.0,100.0,2006,2014,1
gmane.comp.isp.french.ovh,12,600,fr,91.7,0.0,2016,2019,2
gmane.comp.java.izpack.user,12,600,en,100.0,100.0,2005,2011,1
gmane.comp.java.slf4j.devel,12,600,en,83.3,83.3,2005,2018,3
gmane.comp.java.xstream.cvs,12,600,en,75.0,75.0,2006,2018,2
gmane.comp.lang.active4d.devel,12,600,en,100.0,100.0,2003,2016,1
gmane.comp.lang.lua.luarocks,12,600,en,100.0,100.0,2008,2015,1
gmane.comp.php.gtk+.general,12,600,en,100.0,100.0,2002,2006,1
gmane.comp.python.wxpython.devel,12,600,en,100.0,100.0,2005,2014,1
gmane.comp.science.graph.graph-tool.general,12,600,en,100.0,100.0,2008,2019,1
gmane.comp.web.gallery.devel,12,600,en,100.0,100.0,2003,2010,1
gmane.education.libraries.open-ils.devel,12,600,en,100.0,100.0,2007,2017,1
gmane.ietf.i2rs,12,600,en,100.0,100.0,2013,2017,1
gmane.linux.debian.devel.custom,12,600,en,100.0,100.0,2004,2019,1
gmane.linux.sourcemage.spell-submit,12,600,en,91.7,91.7,2005,2015,2
gmane.linux.toybox,12,600,en,100.0,100.0,2013,2019,1
gmane.network.pureftpd.user,12,600,en,100.0,100.0,2003,2004,1
gmane.org.hackerspaces.warsaw.offtopic,12,600,pl,91.7,8.3,2012,2018,2
gmane.os.freebsd.devel.wireless,12,600,en,100.0,100.0,2013,2017,1
gmane.comp.desktop.lxde.devel,12,600,en,100.0,100.0,2009,2014,1
gmane.comp.freedesktop.libva,12,600,en,83.3,83.3,2011,2016,3
gmane.comp.gis.mapbuilder.devel,12,600,en,100.0,100.0,2005,2007,1
gmane.comp.java.stripes.devel,12,600,en,83.3,83.3,2006,2012,2
gmane.comp.mozilla.devel.embedding,12,600,en,83.3,83.3,2003,2010,2
gmane.comp.video.dri.patches,12,600,en,83.3,83.3,2002,2010,3
gmane.comp.video.videolan.vls.general,12,600,en,100.0,100.0,2002,2007,1
gmane.music.john-cage,12,600,en,100.0,100.0,2002,2017,1
gmane.text.xml.xquery.general,12,600,en,100.0,100.0,2007,2016,1
gmane.linux.aurora.user,12,600,en,100.0,100.0,2002,2007,1
gmane.music.underworld,12,600,en,91.7,91.7,2007,2014,2
gmane.comp.cms.xaraya.bk-notices,12,600,en,100.0,100.0,2002,2005,1
gmane.comp.voip.wengophone.devel,12,600,en,100.0,100.0,2005,2007,1
gmane.comp.windows.devel.dotnet.umbraco,12,600,en,100.0,100.0,2005,2006,1
gmane.ietf.saag,12,600,en,100.0,100.0,2007,2019,1
gmane.network.nagios.cvs,12,600,en,91.7,91.7,2004,2012,2
gmane.science.robotics.rock.devel,12,600,en,91.7,91.7,2011,2015,2
gmane.comp.handhelds.gpe,12,600,en,100.0,100.0,2003,2006,1
gmane.comp.java.wso2.mashup.devel,12,600,en,66.7,66.7,2007,2009,3
gmane.os.netbsd.devel.toolchain,12,600,en,100.0,100.0,2003,2017,1
gmane.comp.file-systems.pvfs2.users,12,600,en,100.0,100.0,2006,2017,1
gmane.comp.cad.brlcad.devel,11,550,en,100.0,100.0,2006,2018,1
gmane.comp.db.mysql.java,11,550,en,100.0,100.0,2002,2006,1
gmane.comp.documentfoundation.libreoffice.design,11,550,en,100.0,100.0,2011,2017,1
gmane.comp.editors.vim.outliner,11,550,en,90.9,90.9,2002,2009,2
gmane.comp.embedded.cerowrt.devel,11,550,en,100.0,100.0,2013,2018,1
gmane.comp.finance.ledger.smb.devel,11,550,en,100.0,100.0,2006,2015,1
gmane.comp.games.hackit.devel,11,550,en,100.0,100.0,2010,2012,1
gmane.comp.gis.openstreetmap.region.at,11,550,de,90.9,0.0,2009,2018,2
gmane.comp.gnome.guadec,11,550,en,100.0,100.0,2002,2018,1
gmane.comp.gnu.guix.user,11,550,en,100.0,100.0,2017,2019,1
gmane.comp.graphics.nebuladevice.cvs,11,550,en,54.5,54.5,2002,2006,3
gmane.comp.ide.eclipse.plugins.pydev.user,11,550,en,100.0,100.0,2006,2014,1
gmane.comp.internationalization.italian,11,550,en,54.5,54.5,2012,2018,2
gmane.comp.ipod.gtkpod,11,550,en,100.0,100.0,2005,2009,1
gmane.comp.java.jspwiki.user,11,550,en,100.0,100.0,2005,2007,1
gmane.comp.java.openwebbeans.scm,11,550,en,100.0,100.0,2010,2018,1
gmane.comp.java.xstream.user,11,550,en,100.0,100.0,2005,2010,1
gmane.comp.lang.dart.webui,11,550,en,100.0,100.0,2013,2016,1
gmane.comp.parsers.bison.bugs,11,550,en,100.0,100.0,2003,2018,1
gmane.comp.programming.garbage-collection.boehmgc,11,550,en,100.0,100.0,2007,2016,1
gmane.comp.python.rpy,11,550,en,100.0,100.0,2006,2013,1
gmane.comp.python.tryton.spanish,11,550,es,90.9,0.0,2013,2018,2
gmane.comp.python.xml,11,550,en,100.0,100.0,2002,2008,1
gmane.comp.science.einsteintoolkit.user,11,550,en,100.0,100.0,2014,2019,1
gmane.comp.statistics.pspp.user,11,550,en,90.9,90.9,2009,2018,2
gmane.comp.telephony.sofia-sip.devel,11,550,en,100.0,100.0,2006,2011,1
gmane.comp.web.rdf,11,550,en,100.0,100.0,2003,2011,1
gmane.comp.web.zope.opencore.devel,11,550,en,100.0,100.0,2006,2009,1
gmane.education.softwarecarpentry.general,11,550,en,100.0,100.0,2014,2019,1
gmane.games.board.chess.scid.user,11,550,en,100.0,100.0,2008,2016,1
gmane.linux.debian.devel.debbugs,11,550,en,100.0,100.0,2002,2009,1
gmane.linux.debian.devel.eeepc,11,550,en,100.0,100.0,2008,2011,1
gmane.linux.debian.devel.lts,11,550,en,100.0,100.0,2015,2019,1
gmane.linux.hardware.blackfin.kernel.dist-commits,11,550,UNKNOWN,100.0,0.0,2007,2012,1
gmane.linux.hardware.sony,11,550,en,90.9,90.9,2002,2003,2
gmane.linux.hardware.toshiba,11,550,en,100.0,100.0,2002,2007,1
gmane.linux.lfs.automated,11,550,en,100.0,100.0,2002,2016,1
gmane.linux.redhat.fedora.fudcon,11,550,en,90.9,90.9,2011,2016,2
gmane.linux.rpm.yum.devel,11,550,en,100.0,100.0,2007,2015,1
gmane.mail.spam.spf.help,11,550,en,100.0,100.0,2004,2010,1
gmane.org.freifunk.wlannews,11,550,de,81.8,18.2,2004,2017,2
gmane.org.fsf.france.general,11,550,fr,90.9,9.1,2002,2005,2
gmane.org.user-groups.nmlug,11,550,en,100.0,100.0,2002,2010,1
gmane.os.freebsd.devel.gecko,11,550,en,81.8,81.8,2011,2019,2
gmane.os.freebsd.devel.mips,11,550,en,72.7,72.7,2010,2016,2
gmane.os.netbsd.ports.alpha,11,550,en,100.0,100.0,2002,2017,1
gmane.os.openbsd.french,11,550,fr,90.9,9.1,2007,2013,2
gmane.os.openindiana.devel,11,550,en,90.9,90.9,2011,2018,2
gmane.science.chemistry.rdkit.user,11,550,en,100.0,100.0,2012,2019,1
gmane.text.formats.asciidoc,11,550,en,100.0,100.0,2009,2012,1
gmane.text.unicode.general,11,550,en,100.0,100.0,2002,2003,1
gmane.text.xml.soap.user,11,550,en,90.9,90.9,2002,2004,2
gmane.text.xml.xalan.java.user,11,550,en,100.0,100.0,2002,2009,1
gmane.text.xml.xmlbeans.user,11,550,en,100.0,100.0,2004,2008,1
gmane.comp.apache.directory.user,11,550,en,100.0,100.0,2007,2016,1
gmane.comp.audio.ecasound.general,11,550,en,90.9,90.9,2002,2011,2
gmane.comp.db.mysql.bugs,11,550,en,100.0,100.0,2002,2014,1
gmane.comp.embedded.openbricks.scm,11,550,nl,54.5,45.5,2010,2013,2
gmane.comp.file-systems.gluster.infra,11,550,en,100.0,100.0,2016,2018,1
gmane.comp.file-systems.nilfs.user,11,550,en,90.9,90.9,2008,2018,2
gmane.comp.gis.openstreetmap.region.de.owl,11,550,de,100.0,0.0,2009,2019,1
gmane.comp.gnome.db,11,550,en,100.0,100.0,2002,2012,1
gmane.comp.java.bio.general,11,550,en,100.0,100.0,2003,2015,1
gmane.comp.java.cdi.weld.scm,11,550,en,72.7,72.7,2011,2016,3
gmane.comp.java.wso2.registry.devel,11,550,en,72.7,72.7,2008,2008,2
gmane.comp.kde.windows,11,550,en,90.9,90.9,2010,2017,2
gmane.comp.lang.erlang.bugs,11,550,en,90.9,90.9,2005,2014,2
gmane.comp.lang.scala.tools,11,550,en,100.0,100.0,2007,2012,1
gmane.comp.lang.smalltalk.squeak.french,11,550,fr,100.0,0.0,2003,2009,1
gmane.comp.mobile.bitpim.devel,11,550,en,100.0,100.0,2004,2009,1
gmane.comp.mozilla.security,11,550,en,90.9,90.9,2002,2014,2
gmane.comp.openoffice.devel.marketing,11,550,en,100.0,100.0,2005,2011,1
gmane.comp.printing.a2ps.patches,11,550,en,63.6,63.6,2005,2007,3
gmane.comp.security.fulldisclosure,11,550,en,90.9,90.9,2014,2017,2
gmane.comp.tex.dutch,11,550,nl,100.0,0.0,2003,2013,1
gmane.comp.tex.texworks,11,550,en,100.0,100.0,2009,2016,1
gmane.comp.tv.xmltv.cvs,11,550,en,72.7,72.7,2003,2012,2
gmane.comp.web.egroupware.spanish,11,550,es,45.5,27.3,2006,2016,4
gmane.culture.homeopathy.general,11,550,en,100.0,100.0,2006,2009,1
gmane.culture.region.new-york.dony,11,550,en,90.9,90.9,2005,2005,2
gmane.education.brazil.infoestacio,11,550,pt,100.0,0.0,2006,2010,1
gmane.games.wormux.devel,11,550,en,81.8,81.8,2005,2010,2
gmane.linux.debian.devel.l10n,11,550,en,90.9,90.9,2012,2018,2
gmane.linux.debian.internationalization.catalan,11,550,ca,63.6,9.1,2003,2017,4
gmane.linux.ppp,11,550,en,100.0,100.0,2002,2016,1
gmane.linux.redhat.fedora.pulp,11,550,en,100.0,100.0,2010,2016,1
gmane.linux.redhat.fedora.xen,11,550,en,90.9,90.9,2006,2015,2
gmane.linux.ubuntu.user.portuguese,11,550,pt,100.0,0.0,2008,2017,1
gmane.mail.roundcube.user,11,550,en,100.0,100.0,2008,2018,1
gmane.network.monitoring.plugins.scm,11,550,en,100.0,100.0,2003,2018,1
gmane.org.w3c.miscellaneous,11,550,en,100.0,100.0,2006,2012,1
gmane.politics.parties.india.bharatudaymission,11,550,en,81.8,81.8,2007,2016,3
gmane.comp.apache.maven.announce,11,550,en,100.0,100.0,2007,2017,1
gmane.comp.db.arangodb.general,11,550,en,100.0,100.0,2014,2018,1
gmane.comp.freedesktop.harfbuzz,11,550,en,100.0,100.0,2010,2018,1
gmane.comp.games.globulation.devel,11,550,en,100.0,100.0,2005,2007,1
gmane.comp.gis.grass.cz,11,550,cs,81.8,0.0,2004,2017,3
gmane.comp.gnu.screen.user,11,550,en,100.0,100.0,2004,2016,1
gmane.comp.java.netbeans.cnd.user,11,550,en,100.0,100.0,2009,2017,1
gmane.comp.lang.lua.bind.user,11,550,en,100.0,100.0,2004,2013,1
gmane.comp.lib.boost.cvs,11,550,en,90.9,90.9,2006,2007,2
gmane.comp.lib.itk.devel,11,550,en,100.0,100.0,2012,2016,1
gmane.comp.misc.packaging.packer-tool,11,550,en,100.0,100.0,2015,2018,1
gmane.comp.php.pear.liveuser,11,550,en,100.0,100.0,2003,2005,1
gmane.comp.php.smarty.devel,11,550,en,90.9,90.9,2003,2006,2
gmane.comp.version-control.gitolite,11,550,en,100.0,100.0,2012,2018,1
gmane.comp.video.transcode.devel,11,550,en,100.0,100.0,2003,2008,1
gmane.comp.windows.devel.dotnet.web,11,550,en,100.0,100.0,2003,2006,1
gmane.ietf.ipfix,11,550,en,100.0,100.0,2002,2013,1
gmane.ietf.l3vpn,11,550,en,100.0,100.0,2014,2019,1
gmane.linux.kernel.aio.general,11,550,en,100.0,100.0,2003,2019,1
gmane.mail.the-bat.russian,11,550,ru,100.0,0.0,2004,2008,1
gmane.network.monitoring.plugins.user,11,550,en,90.9,90.9,2003,2014,2
gmane.org.user-groups.linux.nolug,11,550,en,100.0,100.0,2011,2018,1
gmane.os.cosmos.devel,11,550,en,100.0,100.0,2009,2013,1
gmane.science.analysis.femlab,11,550,en,100.0,100.0,2006,2011,1
gmane.science.robotics.fawkes.bugs,11,550,en,100.0,100.0,2008,2016,1
gmane.text.xml.xindice.devel,11,550,en,100.0,100.0,2002,2007,1
gmane.user-groups.foss.brasil.flisol,11,550,pt,100.0,0.0,2014,2018,1
gmane.comp.cms.opengroupware.sogo,11,550,en,81.8,81.8,2008,2009,2
gmane.comp.db.monetdb.bugs,11,550,en,100.0,100.0,2007,2009,1
gmane.comp.db.mongodb.devel,11,550,en,100.0,100.0,2010,2017,1
gmane.comp.encryption.trousers.user,11,550,en,100.0,100.0,2005,2015,1
gmane.comp.graphics.directfb.devel,11,550,en,100.0,100.0,2007,2012,1
gmane.comp.graphics.inkscape.translator,11,550,en,100.0,100.0,2006,2018,1
gmane.comp.java.gridsphere.user,11,550,en,100.0,100.0,2004,2008,1
gmane.comp.java.springframework.rcp.devel,11,550,en,100.0,100.0,2004,2009,1
gmane.comp.lang.r.phylo,11,550,en,90.9,90.9,2008,2017,2
gmane.comp.log.log4net.user,11,550,en,100.0,100.0,2004,2011,1
gmane.comp.mobile.funambol.devel,11,550,en,90.9,90.9,2006,2012,2
gmane.comp.python.webpy,11,550,en,100.0,100.0,2010,2015,1
gmane.comp.science.concurrency,11,550,en,100.0,100.0,2005,2018,1
gmane.comp.telephony.sipp.user,11,550,en,100.0,100.0,2006,2012,1
gmane.comp.tools.swftools.general,11,550,en,100.0,100.0,2009,2013,1
gmane.comp.windows.dotnet.castleproject.devel,11,550,en,100.0,100.0,2005,2006,1
gmane.games.rpg.ars-magica.online-saga,11,550,en,100.0,100.0,2004,2007,1
gmane.ietf.mobileip,11,550,en,100.0,100.0,2002,2003,1
gmane.ietf.syslog,11,550,en,100.0,100.0,2002,2009,1
gmane.linux.debian.jp.devel,11,550,ja,54.5,45.5,2002,2014,2
gmane.linux.gentoo.user.french,11,550,fr,90.9,0.0,2005,2006,2
gmane.linux.redhat.release.limbo,11,550,en,100.0,100.0,2002,2002,1
gmane.org.osaf.cosmo,11,550,en,100.0,100.0,2005,2007,1
gmane.org.user-groups.c++.buenos-aires,11,550,es,63.6,27.3,2007,2016,3
gmane.os.coyotos.bitc.devel,11,550,en,100.0,100.0,2006,2015,1
gmane.os.vms.general,11,550,en,100.0,100.0,2013,2013,1
gmane.science.robotics.srobo.general,11,550,en,90.9,90.9,2011,2015,2
gmane.comp.compilers.open64.devel,11,550,en,90.9,90.9,2010,2012,2
gmane.comp.file-systems.zero-install.devel,11,550,en,100.0,100.0,2008,2015,1
gmane.comp.java.dropwizard.user,11,550,en,100.0,100.0,2014,2018,1
gmane.comp.java.roller.devel,11,550,en,81.8,81.8,2002,2019,3
gmane.comp.mobile.osmocom.baseband.devel,11,550,en,100.0,100.0,2011,2018,1
gmane.comp.nlp.apertium.packaging,11,550,en,63.6,63.6,2015,2018,4
gmane.comp.python.pyrex,11,550,en,90.9,90.9,2003,2009,2
gmane.comp.video.mlt.devel,11,550,en,100.0,100.0,2009,2015,1
gmane.comp.windows.dotnet.ccnet.devel,11,550,en,100.0,100.0,2004,2010,1
gmane.comp.xfree86.expert,11,550,en,100.0,100.0,2002,2002,1
gmane.lisp.gcl.cvs,11,550,en,72.7,72.7,2003,2006,2
gmane.lisp.guile.bugs,11,550,en,81.8,81.8,2003,2016,3
gmane.network.stunnel.user,11,550,en,100.0,100.0,2002,2016,1
gmane.os.freebsd.devel.ia64,11,550,en,63.6,63.6,2002,2016,3
gmane.science.linguistics.wikipedia.nihongo,11,550,ja,100.0,0.0,2006,2011,1
gmane.comp.lib.libusb.devel.windows,11,550,en,100.0,100.0,2004,2018,1
gmane.comp.security.dailydave,11,550,en,100.0,100.0,2005,2019,1
gmane.comp.windows.devel.dotnet.general,11,550,en,100.0,100.0,2002,2002,1
gmane.linux.debian.internationalization.italian,11,550,it,72.7,18.2,2004,2014,3
gmane.mail.ims.general,11,550,en,100.0,100.0,2006,2017,1
gmane.network.wireless.seattle.devel,11,550,en,90.9,90.9,2002,2006,2
gmane.os.genode.devel,11,550,en,100.0,100.0,2011,2018,1
gmane.recreation.radio.hardware.uniden.bc780xlt,11,550,en,100.0,100.0,2003,2014,1
gmane.comp.audio.denemo.devel,11,550,en,100.0,100.0,2010,2013,1
gmane.comp.compilers.sdcc.user,11,550,en,100.0,100.0,2006,2018,1
gmane.comp.documentfoundation.steering-discuss,11,550,en,100.0,100.0,2010,2018,1
gmane.comp.java.jasig.uportal.devel,11,550,en,100.0,100.0,2006,2017,1
gmane.network.dns.opendnssec.user,11,550,en,100.0,100.0,2010,2017,1
gmane.comp.apache.arrow.devel,11,550,en,100.0,100.0,2018,2019,1
gmane.comp.lang.perl.modules.authors,11,550,en,100.0,100.0,2005,2015,1
gmane.comp.shells.zsh.user,11,550,en,100.0,100.0,2005,2018,1
gmane.mail.mu.general,11,550,en,100.0,100.0,2012,2018,1
gmane.org.freifunk.wlanware,11,550,de,90.9,9.1,2004,2015,2
gmane.text.xml.forrest.user,11,550,en,100.0,100.0,2004,2008,1
gmane.comp.db.datomic.user,11,550,en,100.0,100.0,2012,2016,1
gmane.comp.kde.mac,11,550,en,100.0,100.0,2014,2017,1
gmane.comp.lang.ruby.region.argentina,11,550,es,100.0,0.0,2006,2010,1
gmane.comp.web.zope.cps.devel,11,550,en,100.0,100.0,2003,2010,1
gmane.editors.abiword.user,11,550,en,100.0,100.0,2002,2014,1
gmane.comp.openoffice.general.spanish,11,550,es,100.0,0.0,2005,2011,1
gmane.comp.science.electromagnetism.meep.general,11,550,en,100.0,100.0,2008,2018,1
gmane.linux.debian.user.security.announce,11,550,en,100.0,100.0,2005,2019,1
gmane.comp.multimedia.mvpmc.devel,11,550,en,100.0,100.0,2004,2008,1
gmane.comp.python.pydotorg-www,11,550,en,100.0,100.0,2012,2018,1
gmane.text.docutils.devel,11,550,en,100.0,100.0,2003,2017,1
gmane.comp.multimedia.ogg.vorbis.devel,11,550,en,100.0,100.0,2002,2012,1
gmane.comp.apache.modules.devel,10,500,en,100.0,100.0,2008,2012,1
gmane.comp.bitcoin.bitcoinj,10,500,en,100.0,100.0,2015,2017,1
gmane.comp.db.mysql.c++,10,500,en,100.0,100.0,2002,2013,1
gmane.comp.db.squirrel-sql.users,10,500,en,90.0,90.0,2006,2017,2
gmane.comp.freedesktop.xserver.cvs,10,500,en,90.0,90.0,2003,2004,2
gmane.comp.gis.opengeodb,10,500,de,100.0,0.0,2003,2010,1
gmane.comp.gis.openseamap.devel,10,500,en,90.0,90.0,2010,2015,2
gmane.comp.gnu.mingw.announce,10,500,en,100.0,100.0,2008,2012,1
gmane.comp.graphics.pixman,10,500,en,90.0,90.0,2010,2016,2
gmane.comp.handhelds.android.framework,10,500,en,100.0,100.0,2008,2009,1
gmane.comp.ide.eclipse.platform.ui.devel,10,500,en,90.0,90.0,2007,2018,2
gmane.comp.lang.haskell.prime,10,500,en,100.0,100.0,2006,2015,1
gmane.comp.lang.javascript.jsmentors,10,500,en,100.0,100.0,2010,2018,1
gmane.comp.lang.scala.specs2.user,10,500,en,100.0,100.0,2011,2014,1
gmane.comp.lib.libcg.devel,10,500,en,90.0,90.0,2008,2013,2
gmane.comp.log.logcheck,10,500,en,50.0,50.0,2007,2011,4
gmane.comp.mathematics.sage.release,10,500,en,100.0,100.0,2013,2017,1
gmane.comp.mozilla.governance,10,500,en,100.0,100.0,2013,2016,1
gmane.comp.mozilla.nightly,10,500,en,90.0,90.0,2012,2016,2
gmane.comp.package-management.openpkg.devel,10,500,en,90.0,90.0,2002,2006,2
gmane.comp.package-management.rpm.devel,10,500,en,100.0,100.0,2007,2012,1
gmane.comp.php.drupal.consulting,10,500,en,100.0,100.0,2006,2011,1
gmane.comp.python.webware,10,500,en,100.0,100.0,2003,2017,1
gmane.comp.sysutils.bcfg2.devel,10,500,en,100.0,100.0,2006,2011,1
gmane.comp.video.helixplayer.devel,10,500,en,100.0,100.0,2004,2010,1
gmane.comp.video.tvtime.devel,10,500,en,70.0,70.0,2003,2010,4
gmane.comp.video.videolan.vlmc.devel,10,500,en,100.0,100.0,2009,2018,1
gmane.comp.web.alternc.user,10,500,fr,100.0,0.0,2004,2018,1
gmane.comp.web.wiki.semediawiki.devel,10,500,en,100.0,100.0,2008,2015,1
gmane.comp.web.zope.plone.archetypes.general,10,500,en,100.0,100.0,2005,2009,1
gmane.culture.bicycle.mtbne,10,500,en,90.0,90.0,2005,2010,2
gmane.culture.literature.ebook-community,10,500,en,100.0,100.0,1996,1999,1
gmane.culture.transportation.humanpowered.general,10,500,en,100.0,100.0,2005,2010,1
gmane.linux.debian.curiosa,10,500,en,90.0,90.0,2002,2016,2
gmane.linux.debian.devel.changes.testing,10,500,en,100.0,100.0,2013,2019,1
gmane.linux.debian.devel.kernel.sec,10,500,en,100.0,100.0,2014,2017,1
gmane.linux.debian.devel.publicity,10,500,en,90.0,90.0,2007,2016,2
gmane.linux.distributions.angstrom.user,10,500,en,100.0,100.0,2007,2011,1
gmane.linux.distributions.equinux.general,10,500,es,70.0,10.0,2005,2010,3
gmane.linux.gentoo.funtoo.devel,10,500,en,100.0,100.0,2009,2013,1
gmane.linux.gentoo.server,10,500,en,100.0,100.0,2004,2006,1
gmane.linux.redhat.fedora.livecd,10,500,en,100.0,100.0,2007,2014,1
gmane.linux.ubuntu.devel.desktop,10,500,en,100.0,100.0,2006,2019,1
gmane.linux.ubuntu.devel.snappy,10,500,en,100.0,100.0,2015,2017,1
gmane.lisp.scheme.scsh,10,500,en,80.0,80.0,1995,2011,2
gmane.mail.exim.vexim.devel,10,500,en,90.0,90.0,2003,2010,2
gmane.mail.imap.cyrus.web-cyradm,10,500,en,90.0,90.0,2004,2008,2
gmane.mail.majordomo.general,10,500,en,100.0,100.0,2002,2005,1
gmane.mail.spam.spambayes.cvs,10,500,en,100.0,100.0,2002,2006,1
gmane.network.jabber.council,10,500,en,100.0,100.0,2004,2014,1
gmane.network.wireguard,10,500,en,100.0,100.0,2016,2019,1
gmane.org.telecom.pakistan-grid,10,500,en,100.0,100.0,2009,2011,1
gmane.org.wikimedia.analytics,10,500,en,100.0,100.0,2014,2018,1
gmane.os.cygwin.talk,10,500,en,100.0,100.0,2004,2010,1
gmane.os.hurd.bugs,10,500,en,70.0,70.0,2002,2003,2
gmane.os.solaris.blastwave.user,10,500,en,100.0,100.0,2004,2008,1
gmane.politics.antibriberycampaign,10,500,en,100.0,100.0,2006,2014,1
gmane.politics.oekonux.german,10,500,de,80.0,10.0,2004,2006,3
gmane.science.gmat.buildtest,10,500,en,90.0,90.0,2012,2018,2
gmane.comp.debugging.ddd.general,10,500,en,70.0,70.0,2002,2006,4
gmane.comp.desktop.trinity.devel,10,500,en,100.0,100.0,2011,2018,1
gmane.comp.finance.beancount,10,500,en,100.0,100.0,2015,2019,1
gmane.comp.finance.quickfix.devel,10,500,en,100.0,100.0,2006,2011,1
gmane.comp.freedesktop.xorg.announce,10,500,en,90.0,90.0,2007,2019,2
gmane.comp.gnu.awacs.devel,10,500,en,70.0,70.0,2002,2006,4
gmane.comp.gnu.stow.general,10,500,en,90.0,90.0,2005,2007,2
gmane.comp.graphics.png.general,10,500,en,100.0,100.0,2004,2017,1
gmane.comp.handhelds.openmoko.user,10,500,en,90.0,90.0,2008,2009,2
gmane.comp.java.drools.devel,10,500,en,90.0,90.0,2004,2012,2
gmane.comp.java.dwr.user,10,500,en,100.0,100.0,2009,2011,1
gmane.comp.kde.devel.rekonq,10,500,en,100.0,100.0,2009,2011,1
gmane.comp.kde.german,10,500,de,100.0,0.0,2003,2016,1
gmane.comp.lang.jython.cvs,10,500,en,100.0,100.0,2006,2009,1
gmane.comp.lang.realbasic.beginner,10,500,en,100.0,100.0,2005,2007,1
gmane.comp.macosx.skim.user,10,500,en,100.0,100.0,2007,2011,1
gmane.comp.multimedia.beepmp.devel,10,500,zh-cn,50.0,50.0,2008,2016,2
gmane.comp.multimedia.xmms2.devel,10,500,en,90.0,90.0,2006,2015,2
gmane.comp.python.fipy,10,500,en,100.0,100.0,2006,2017,1
gmane.comp.python.scientific.spyder,10,500,en,100.0,100.0,2011,2019,1
gmane.comp.python.stackless,10,500,en,100.0,100.0,2003,2014,1
gmane.comp.shells.bash.completion.devel,10,500,en,90.0,90.0,2009,2014,2
gmane.comp.web.mojolicious,10,500,en,100.0,100.0,2012,2019,1
gmane.comp.web.turbogears.tickets,10,500,en,90.0,90.0,2006,2010,2
gmane.comp.web.zope.plone.teams.framework,10,500,en,100.0,100.0,2007,2014,1
gmane.comp.window-managers.icewm.user,10,500,en,100.0,100.0,2003,2009,1
gmane.culture.internet.rekombinant,10,500,it,70.0,30.0,2005,2009,2
gmane.emacs.jdee,10,500,en,100.0,100.0,2002,2007,1
gmane.emacs.sources,10,500,en,60.0,60.0,2004,2018,3
gmane.ietf.homenet,10,500,en,100.0,100.0,2011,2017,1
gmane.ietf.sidr,10,500,en,100.0,100.0,2008,2016,1
gmane.linux.distributions.alpine.devel,10,500,en,100.0,100.0,2012,2019,1
gmane.linux.drivers.ath5k.devel,10,500,en,100.0,100.0,2008,2014,1
gmane.linux.drivers.prism54.devel,10,500,en,50.0,50.0,2004,2005,2
gmane.linux.drivers.quickcam.general,10,500,en,90.0,90.0,2003,2016,2
gmane.linux.file-systems.ntfs.devel,10,500,en,100.0,100.0,2004,2006,1
gmane.linux.gentoo.embedded,10,500,en,90.0,90.0,2006,2014,2
gmane.linux.openvz.devel,10,500,en,100.0,100.0,2011,2012,1
gmane.lisp.scheme.reports,10,500,en,100.0,100.0,2010,2014,1
gmane.mail.qmail.scanner,10,500,en,100.0,100.0,2003,2010,1
gmane.mail.sup.general,10,500,en,100.0,100.0,2007,2011,1
gmane.network.serveez.devel,10,500,en,60.0,60.0,2005,2015,4
gmane.org.fsf.india.fsf-friends,10,500,en,80.0,80.0,2003,2012,3
gmane.org.open-source-now,10,500,en,100.0,100.0,2002,2004,1
gmane.org.user-groups.linux.kplug.lpsg,10,500,en,100.0,100.0,2007,2010,1
gmane.org.wikimedia.gendergap,10,500,en,90.0,90.0,2011,2014,2
gmane.os.netbsd.devel.x11,10,500,en,100.0,100.0,2004,2016,1
gmane.science.linguistics.wikipedia.daily-article,10,500,en,100.0,100.0,2006,2019,1
gmane.science.mathematics.logic.bonn,10,500,en,100.0,100.0,2009,2017,1
gmane.comp.apache.apreq,10,500,en,100.0,100.0,2003,2011,1
gmane.comp.finance.aqbanking.devel,10,500,de,70.0,30.0,2005,2010,2
gmane.comp.freedesktop.telepathy,10,500,en,100.0,100.0,2006,2013,1
gmane.comp.handhelds.linux.h5400,10,500,en,90.0,90.0,2003,2009,2
gmane.comp.handhelds.meego.packaging,10,500,en,100.0,100.0,2010,2011,1
gmane.comp.java.errai.devel,10,500,de,20.0,20.0,2011,2013,7
gmane.comp.java.springframework.rcp.cvs,10,500,en,60.0,60.0,2006,2012,2
gmane.comp.mozilla.devel.jetpack,10,500,en,100.0,100.0,2010,2014,1
gmane.comp.python.catalog,10,500,en,100.0,100.0,2003,2013,1
gmane.comp.security.rkhunter.user,10,500,en,100.0,100.0,2007,2013,1
gmane.comp.serendipity.devel,10,500,en,100.0,100.0,2003,2009,1
gmane.comp.terminal-emulators.iterm2.general,10,500,en,100.0,100.0,2011,2017,1
gmane.comp.web.opera.general.russian,10,500,ru,100.0,0.0,2003,2004,1
gmane.comp.web.typo.user,10,500,en,100.0,100.0,2005,2008,1
gmane.comp.windows.devel.drivers.openib,10,500,en,100.0,100.0,2006,2011,1
gmane.comp.windows.unattended.general,10,500,en,90.0,90.0,2004,2010,2
gmane.editors.yi.devel,10,500,en,90.0,90.0,2008,2014,2
gmane.ietf.rfc.announce,10,500,en,100.0,100.0,2004,2017,1
gmane.linux.redhat.axp.general,10,500,en,100.0,100.0,2002,2010,1
gmane.mail.wanderlust.general,10,500,en,100.0,100.0,2004,2019,1
gmane.network.dns.bind9.dlz,10,500,en,100.0,100.0,2003,2015,1
gmane.os.netbsd.devel.pkgsrc.wip.general,10,500,en,100.0,100.0,2004,2017,1
gmane.recreation.dance.tango.poland,10,500,pl,80.0,10.0,2004,2013,3
gmane.user-groups.linux.france.parinux,10,500,fr,100.0,0.0,2007,2010,1
gmane.comp.apache.ivy.user,10,500,en,100.0,100.0,2008,2018,1
gmane.comp.db.ibatis.devel,10,500,en,90.0,90.0,2004,2009,2
gmane.comp.games.dumb.bugs,10,500,ja,60.0,10.0,2002,2006,5
gmane.comp.gis.openstreetmap.tilesathome,10,500,en,100.0,100.0,2007,2011,1
gmane.comp.hardware.one-wire.weather,10,500,en,100.0,100.0,2006,2016,1
gmane.comp.kde.devel.kstars,10,500,en,100.0,100.0,2007,2016,1
gmane.comp.lang.erlang.patches,10,500,en,100.0,100.0,2010,2014,1
gmane.comp.mathematics.openmath.announce,10,500,en,100.0,100.0,2008,2018,1
gmane.comp.mobile.kannel.devel,10,500,en,100.0,100.0,2000,2000,1
gmane.comp.python.db.cx-oracle,10,500,en,100.0,100.0,2005,2012,1
gmane.comp.python.image,10,500,en,100.0,100.0,2002,2010,1
gmane.comp.python.pydata,10,500,en,100.0,100.0,2012,2018,1
gmane.comp.python.visualpython.user,10,500,en,100.0,100.0,2004,2010,1
gmane.editors.light-table.user,10,500,en,100.0,100.0,2014,2015,1
gmane.emacs.auctex.bugs,10,500,en,100.0,100.0,2007,2018,1
gmane.linux.colinux.devel,10,500,en,100.0,100.0,2004,2009,1
gmane.linux.debian.devel.ruby,10,500,en,100.0,100.0,2011,2019,1
gmane.linux.embedded.yocto.meta-intel,10,500,en,100.0,100.0,2013,2018,1
gmane.lisp.china,10,500,zh-cn,50.0,10.0,2012,2018,6
gmane.network.routing.babel.user,10,500,en,100.0,100.0,2008,2017,1
gmane.org.region.austria.funkfeuer.wien,10,500,de,90.0,0.0,2013,2017,2
gmane.science.biology.galaxy.user,10,500,en,100.0,100.0,2011,2013,1
gmane.comp.db.postgresql.debian.bugs,10,500,en,90.0,90.0,2013,2018,2
gmane.comp.games.mame.advancemame.user,10,500,en,90.0,90.0,2003,2005,2
gmane.comp.graphics.radiance.general,10,500,en,90.0,90.0,2010,2015,2
gmane.comp.horde.turba,10,500,en,100.0,100.0,2002,2013,1
gmane.comp.jakarta.avalon.user,10,500,en,100.0,100.0,2003,2004,1
gmane.comp.monitoring.orca.user,10,500,en,100.0,100.0,2000,2008,1
gmane.comp.python.org.uk,10,500,en,100.0,100.0,2002,2018,1
gmane.comp.security.virus.clamav.devel,10,500,en,100.0,100.0,2003,2017,1
gmane.comp.video.panorama.bugs,10,500,en,70.0,70.0,2005,2006,3
gmane.comp.web.delicious.users,10,500,en,100.0,100.0,2005,2008,1
gmane.linux.redhat.fedora.java,10,500,en,100.0,100.0,2005,2017,1
gmane.mail.sendmail.milter.greylist,10,500,en,90.0,90.0,2006,2016,2
gmane.mail.sqwebmail,10,500,en,100.0,100.0,2002,2005,1
gmane.os.cygwin.patches,10,500,en,100.0,100.0,2003,2011,1
gmane.technology.liberationtech,10,500,en,90.0,90.0,2013,2018,2
gmane.comp.apache.incubator.isis.user,10,500,en,90.0,90.0,2013,2018,2
gmane.comp.ide.eclipse.saros.robot,10,500,en,100.0,100.0,2012,2017,1
gmane.comp.macosx.skim.scm,10,500,en,100.0,100.0,2009,2018,1
gmane.comp.parsers.marpa,10,500,en,100.0,100.0,2012,2015,1
gmane.comp.tv.freeguide-tv.devel,10,500,en,100.0,100.0,2004,2009,1
gmane.comp.web.polipo.user,10,500,en,100.0,100.0,2005,2016,1
gmane.music.equipment.slimp3.user,10,500,en,70.0,70.0,2002,2003,2
gmane.comp.apache.incubator.atlas.scm,10,500,en,90.0,90.0,2015,2019,2
gmane.comp.calendars.meeting-room-booking-system.scm,10,500,en,80.0,80.0,2004,2017,2
gmane.comp.compilers.free-pascal.devel,10,500,en,100.0,100.0,2016,2019,1
gmane.comp.gnu.sql.bugs,10,500,UNKNOWN,60.0,20.0,2002,2006,3
gmane.comp.hardware.microcontrollers.tini,10,500,en,100.0,100.0,2003,2004,1
gmane.comp.hardware.tuxdroid.scm,10,500,en,90.0,90.0,2007,2009,2
gmane.comp.java.ikvm.devel,10,500,en,100.0,100.0,2004,2016,1
gmane.comp.java.netbeans.modules.translated-files.devel,10,500,en,100.0,100.0,2004,2009,1
gmane.comp.java.netbeans.php,10,500,en,90.0,90.0,2009,2011,2
gmane.comp.java.openjdk.mlvm.devel,10,500,en,100.0,100.0,2008,2012,1
gmane.comp.window-managers.ratpoison.devel,10,500,en,100.0,100.0,2003,2016,1
gmane.linux.debian.alioth.pkg-shadow,10,500,en,80.0,80.0,2009,2017,3
gmane.org.wikimedia.mediawiki.api,10,500,en,100.0,100.0,2008,2016,1
gmane.comp.infodesign.general,10,500,en,100.0,100.0,2002,2008,1
gmane.comp.java.openjdk.nashorn.devel,10,500,en,100.0,100.0,2013,2017,1
gmane.comp.java.roller.user,10,500,en,90.0,90.0,2007,2015,2
gmane.comp.lang.javascript.mongoose,10,500,en,100.0,100.0,2012,2016,1
gmane.comp.lib.icu.c++.support,10,500,en,100.0,100.0,2003,2005,1
gmane.comp.misc.agile.usability,10,500,en,100.0,100.0,2006,2008,1
gmane.comp.tools.sudo.user,10,500,en,100.0,100.0,2003,2017,1
gmane.comp.version-control.kallithea,10,500,en,100.0,100.0,2015,2018,1
gmane.comp.lib.glibc.locales,10,500,en,90.0,90.0,2005,2016,2
gmane.comp.lib.ncurses.bugs,10,500,en,100.0,100.0,2002,2016,1
gmane.comp.openoffice.scm.allhg,10,500,en,100.0,100.0,2010,2011,1
gmane.comp.windows.dotnet.spring.devel,10,500,en,100.0,100.0,2005,2007,1
gmane.editors.texmacs.devel,10,500,en,100.0,100.0,2003,2014,1
gmane.games.diplomacy.rtnow,10,500,en,80.0,80.0,2007,2009,3
gmane.comp.security.sebek.bsd,10,500,zh-cn,50.0,20.0,2006,2006,4
gmane.linux.redhat.spacewalk.devel,10,500,en,100.0,100.0,2009,2014,1
gmane.comp.file-systems.gluster.maintainers,10,500,en,90.0,90.0,2016,2018,2
gmane.comp.cms.tiki.user,9,450,en,88.9,88.9,2003,2013,2
gmane.comp.compilers.pcc.scm,9,450,en,100.0,100.0,2008,2014,1
gmane.comp.file-systems.nfs.ganesha.devel,9,450,en,100.0,100.0,2015,2017,1
gmane.comp.finance.e-gold.user,9,450,en,100.0,100.0,2004,2006,1
gmane.comp.gis.openstreetmap.region.dk,9,450,da,100.0,0.0,2009,2019,1
gmane.comp.gis.qgis.user.italian,9,450,it,88.9,11.1,2016,2019,2
gmane.comp.gnu.apl.bugs,9,450,en,100.0,100.0,2014,2018,1
gmane.comp.gnu.mcsim,9,450,en,100.0,100.0,2004,2007,1
gmane.comp.gnu.sweater,9,450,en,100.0,100.0,2005,2007,1
gmane.comp.handhelds.openmoko.devel,9,450,en,100.0,100.0,2008,2011,1
gmane.comp.hardware.smartphones.userland,9,450,en,88.9,88.9,2008,2012,2
gmane.comp.horde.internationalization,9,450,en,100.0,100.0,2002,2014,1
gmane.comp.jakarta.lucene.clucene.devel,9,450,en,100.0,100.0,2006,2010,1
gmane.comp.java.findbugs.general,9,450,en,100.0,100.0,2005,2013,1
gmane.comp.java.grinder.devel,9,450,en,100.0,100.0,2003,2012,1
gmane.comp.java.jdom.general,9,450,en,100.0,100.0,2004,2019,1
gmane.comp.java.jibx.users,9,450,en,100.0,100.0,2005,2011,1
gmane.comp.kde.kmymoney2.user,9,450,en,100.0,100.0,2006,2011,1
gmane.comp.lang.elixir.devel,9,450,en,100.0,100.0,2015,2019,1
gmane.comp.lang.javascript.mochikit,9,450,en,100.0,100.0,2005,2008,1
gmane.comp.lang.perl.poe,9,450,en,100.0,100.0,2003,2012,1
gmane.comp.lang.xharbour.devel,9,450,en,100.0,100.0,2008,2012,1
gmane.comp.mathematics.pari.devel,9,450,en,100.0,100.0,2002,2005,1
gmane.comp.mozilla.devel.unix,9,450,en,100.0,100.0,2002,2005,1
gmane.comp.multimedia.milkymist.devel,9,450,en,88.9,88.9,2010,2014,2
gmane.comp.php.cvs.gtk+,9,450,en,100.0,100.0,2002,2007,1
gmane.comp.python.conda.user,9,450,en,100.0,100.0,2014,2018,1
gmane.comp.python.wikidpad,9,450,en,100.0,100.0,2007,2017,1
gmane.comp.storage.spectrum-scale.gpfs.user,9,450,en,77.8,77.8,2016,2019,2
gmane.comp.systems.as400.jbausers,9,450,en,100.0,100.0,2002,2010,1
gmane.comp.sysutils.dtrace.user,9,450,en,100.0,100.0,2008,2010,1
gmane.comp.telephony.pbx.asterisk.amportal.user,9,450,en,77.8,77.8,2005,2006,3
gmane.comp.version-control.cvs.viewcvs.user,9,450,en,100.0,100.0,2003,2013,1
gmane.comp.video.fresco.cvs,9,450,en,77.8,77.8,2001,2003,3
gmane.comp.voip.sems.devel,9,450,en,66.7,66.7,2008,2016,3
gmane.comp.web.curl.php,9,450,en,100.0,100.0,2003,2015,1
gmane.comp.web.pyblosxom.devel,9,450,en,100.0,100.0,2003,2017,1
gmane.comp.window-managers.icewm.devel,9,450,en,88.9,88.9,2003,2012,2
gmane.comp.windows.unattended.cvs,9,450,en,100.0,100.0,2004,2016,1
gmane.education.english.teflchina.jobs,9,450,en,100.0,100.0,2006,2012,1
gmane.emacs.xtla.devel,9,450,en,55.6,55.6,2004,2013,4
gmane.ietf.hipsec,9,450,en,88.9,88.9,2004,2016,2
gmane.linux.kernel.embedded,9,450,en,100.0,100.0,2008,2015,1
gmane.linux.kernel.initramfs,9,450,en,88.9,88.9,2009,2014,2
gmane.linux.slackware,9,450,en,100.0,100.0,2003,2014,1
gmane.linux.ubuntu.security.announce,9,450,en,100.0,100.0,2005,2018,1
gmane.mail.imap.isync.devel,9,450,en,100.0,100.0,2011,2019,1
gmane.network.poptop,9,450,en,88.9,88.9,2004,2010,2
gmane.org.ballistichelmet.heads,9,450,en,88.9,88.9,2003,2004,2
gmane.org.creativecommons.licenses,9,450,en,100.0,100.0,2006,2014,1
gmane.org.operators.uknof,9,450,en,88.9,88.9,2013,2016,2
gmane.org.students.paistan,9,450,en,77.8,77.8,2003,2006,2
gmane.org.user-groups.trijug.juglist,9,450,en,100.0,100.0,2003,2010,1
gmane.os.freebsd.chromium,9,450,en,88.9,88.9,2013,2019,2
gmane.os.freebsd.jail,9,450,en,100.0,100.0,2008,2015,1
gmane.politics.democracy.mysociety.general,9,450,en,100.0,100.0,2009,2013,1
gmane.comp.boot-loaders.openfirmware,9,450,en,88.9,88.9,2008,2013,2
gmane.comp.cms.zms.devel,9,450,en,100.0,100.0,2003,2015,1
gmane.comp.emulators.pearpc.devel,9,450,en,88.9,88.9,2004,2007,2
gmane.comp.gis.qlandkartegt.user,9,450,en,100.0,100.0,2012,2018,1
gmane.comp.gnome.apps.shotwell,9,450,en,100.0,100.0,2011,2012,1
gmane.comp.ide.shiftedit.user,9,450,en,100.0,100.0,2012,2015,1
gmane.comp.java.netbeans.modules.projects.devel,9,450,en,100.0,100.0,2001,2003,1
gmane.comp.lib.shoes,9,450,en,100.0,100.0,2008,2009,1
gmane.comp.lib.wvware.user,9,450,en,77.8,77.8,2003,2010,2
gmane.comp.macosx.calendarserver.user,9,450,en,100.0,100.0,2007,2015,1
gmane.comp.mozilla.accessibility,9,450,en,88.9,88.9,2004,2008,2
gmane.comp.mozilla.multizilla,9,450,en,100.0,100.0,2003,2010,1
gmane.comp.python.matplotlib.scm,9,450,en,100.0,100.0,2007,2010,1
gmane.comp.statistics.pspp.devel,9,450,en,100.0,100.0,2007,2017,1
gmane.comp.web.midgard.devel,9,450,en,100.0,100.0,2002,2006,1
gmane.comp.web.oscommerce.features,9,450,en,100.0,100.0,2003,2003,1
gmane.linux.debian.ports.hppa,9,450,en,100.0,100.0,2002,2005,1
gmane.linux.redhat.fedora.india,9,450,en,100.0,100.0,2008,2017,1
gmane.linux.terminal-server.x2go.user,9,450,en,88.9,88.9,2011,2018,2
gmane.mail.qmail.admin,9,450,en,100.0,100.0,2003,2011,1
gmane.network.dns.unbound.user,9,450,en,100.0,100.0,2009,2018,1
gmane.network.end2end,9,450,en,100.0,100.0,2003,2014,1
gmane.network.ripe.policy.address,9,450,en,100.0,100.0,2015,2019,1
gmane.org.operators.sanog,9,450,en,100.0,100.0,2004,2016,1
gmane.org.user-groups.linux.mhvlug,9,450,en,100.0,100.0,2009,2015,1
gmane.os.freebsd.devel.alpha,9,450,en,88.9,88.9,2002,2009,2
gmane.science.biology.samtools.general,9,450,en,100.0,100.0,2014,2018,1
gmane.comp.boot-loaders.grub.user,9,450,en,100.0,100.0,2012,2017,1
gmane.comp.editors.editplus.general,9,450,en,100.0,100.0,2004,2016,1
gmane.comp.gis.openstreetmap.region.ch,9,450,de,66.7,22.2,2009,2017,3
gmane.comp.gnome.devel,9,450,en,100.0,100.0,2002,2009,1
gmane.comp.gnome.internationalization.czech,9,450,cs,100.0,0.0,2010,2018,1
gmane.comp.gnu.bayonne.announce,9,450,en,88.9,88.9,2006,2006,2
gmane.comp.java.gridsphere.devel,9,450,en,100.0,100.0,2003,2005,1
gmane.comp.java.xfire.devel,9,450,en,88.9,88.9,2006,2010,2
gmane.comp.kde.tellico.general,9,450,en,100.0,100.0,2005,2014,1
gmane.comp.lang.realbasic.german,9,450,de,77.8,22.2,2007,2017,2
gmane.comp.misc.translate.pootle,9,450,en,100.0,100.0,2006,2015,1
gmane.comp.mozilla.devel.plugins,9,450,en,88.9,88.9,2003,2014,2
gmane.comp.tex.gregorio.user,9,450,en,100.0,100.0,2009,2017,1
gmane.comp.web.html-tidy.tracker,9,450,en,100.0,100.0,2005,2010,1
gmane.comp.web.zope.plone.setup,9,450,en,100.0,100.0,2005,2013,1
gmane.culture.sf.literature,9,450,en,100.0,100.0,2003,2018,1
gmane.games.fps.halflife.devel,9,450,en,100.0,100.0,2009,2010,1
gmane.ietf.ospf,9,450,en,100.0,100.0,2008,2016,1
gmane.linux.colinux.general,9,450,en,100.0,100.0,2004,2015,1
gmane.linux.ports.alpha,9,450,en,100.0,100.0,2006,2019,1
gmane.linux.ubuntu.user.edubuntu,9,450,en,100.0,100.0,2007,2013,1
gmane.mail.postfix.devel,9,450,en,100.0,100.0,2005,2015,1
gmane.mail.sylpheed.general.japanese,9,450,ja,88.9,11.1,2003,2010,2
gmane.network.slrn.user,9,450,en,100.0,100.0,2002,2016,1
gmane.org.user-groups.linux.mlug.montreal,9,450,en,88.9,88.9,2009,2017,2
gmane.recreation.motorcycles.bajajpulsar,9,450,en,100.0,100.0,2007,2011,1
gmane.science.nmr.relax.user,9,450,en,100.0,100.0,2006,2016,1
gmane.text.markdown.general,9,450,en,88.9,88.9,2006,2012,2
gmane.text.xml.xmlsec,9,450,en,100.0,100.0,2003,2013,1
gmane.comp.gnu.dotgnu.developer,9,450,en,100.0,100.0,2003,2006,1
gmane.comp.horde.sync,9,450,en,100.0,100.0,2005,2013,1
gmane.comp.lang.ocaml.games,9,450,UNKNOWN,66.7,33.3,2010,2015,2
gmane.comp.mozilla.identity.devel,9,450,en,100.0,100.0,2012,2016,1
gmane.comp.voip.sip-communicator.user,9,450,en,100.0,100.0,2011,2014,1
gmane.comp.web.webobjects.woproject.cvs,9,450,en,100.0,100.0,2003,2009,1
gmane.editors.oxygen.user,9,450,en,100.0,100.0,2006,2018,1
gmane.emacs.latex.preview.bugs,9,450,en,55.6,55.6,2003,2011,3
gmane.ietf.imapext,9,450,en,100.0,100.0,1999,2012,1
gmane.linux.acpi.ibm-acpi.devel,9,450,en,100.0,100.0,2007,2016,1
gmane.linux.debian.alioth.common-lisp,9,450,en,100.0,100.0,2008,2015,1
gmane.linux.debian.devel.wine,9,450,en,100.0,100.0,2013,2018,1
gmane.linux.file-systems.aufs.user,9,450,en,100.0,100.0,2007,2018,1
gmane.linux.gentoo.proaudio,9,450,en,100.0,100.0,2006,2014,1
gmane.linux.mageia.i18n,9,450,en,100.0,100.0,2010,2018,1
gmane.mail.mh-e.user,9,450,en,100.0,100.0,2002,2009,1
gmane.mail.virus.mailscanner.baruwa.user,9,450,en,100.0,100.0,2011,2014,1
gmane.network.peer-to-peer.p2p-hackers,9,450,en,100.0,100.0,2006,2013,1
gmane.network.samba-tng.cvs,9,450,en,100.0,100.0,2000,2006,1
gmane.os.ecos.cvs,9,450,en,100.0,100.0,2002,2011,1
gmane.os.illumos.general,9,450,en,88.9,88.9,2011,2017,2
gmane.recreation.cars.human-powered.vph,9,450,fr,100.0,0.0,2005,2009,1
gmane.science.biology.gmod.schema,9,450,en,100.0,100.0,2007,2015,1
gmane.user-groups.linux.glcomo,9,450,it,88.9,0.0,2013,2019,2
gmane.comp.emulators.libvirt.ovirt,9,450,en,100.0,100.0,2008,2009,1
gmane.comp.encryption.cryptlib,9,450,en,100.0,100.0,2003,2012,1
gmane.comp.gcc.g++.bugs,9,450,UNKNOWN,44.4,44.4,2003,2005,3
gmane.comp.java.prevayler,9,450,en,100.0,100.0,2003,2009,1
gmane.comp.java.xwt.general,9,450,en,100.0,100.0,2002,2003,1
gmane.comp.lib.eigen,9,450,en,100.0,100.0,2010,2018,1
gmane.comp.lib.wvware.devel,9,450,en,77.8,77.8,2003,2017,2
gmane.comp.macosx.business,9,450,en,88.9,88.9,2010,2016,2
gmane.comp.php.cvs.daily,9,450,en,33.3,33.3,2003,2009,7
gmane.comp.web.htdig.general,9,450,en,88.9,88.9,2002,2008,2
gmane.ietf.rohc,9,450,en,100.0,100.0,2002,2007,1
gmane.linux.altlinux.desktop,9,450,ru,100.0,0.0,2007,2009,1
gmane.linux.gentoo.user.russian,9,450,ru,77.8,11.1,2007,2011,3
gmane.mail.imap.courier.server,9,450,en,100.0,100.0,2005,2019,1
gmane.mail.spam.spf.devel,9,450,en,100.0,100.0,2004,2007,1
gmane.org.user-groups.linux.gslug,9,450,en,100.0,100.0,2007,2018,1
gmane.os.freebsd.devel.standards,9,450,en,100.0,100.0,2002,2018,1
gmane.comp.version-control.subversion.rapidsvn.devel,9,450,en,100.0,100.0,2005,2008,1
gmane.comp.voip.linphone.devel,9,450,en,100.0,100.0,2013,2017,1
gmane.comp.web.click.devel,9,450,en,77.8,77.8,2006,2011,2
gmane.comp.web.wiki.pmwiki.devel,9,450,en,100.0,100.0,2006,2013,1
gmane.linux.debian.cloud,9,450,en,100.0,100.0,2012,2018,1
gmane.linux.debian.ports.ia64,9,450,en,100.0,100.0,2003,2018,1
gmane.linux.suse.arm,9,450,en,100.0,100.0,2014,2019,1
gmane.linux.suse.sles-e,9,450,en,100.0,100.0,2004,2007,1
gmane.linux.ubuntu.bugsquad,9,450,en,77.8,77.8,2006,2014,3
gmane.mail.becky.users,9,450,en,88.9,88.9,2005,2015,2
gmane.mail.exmh.user,9,450,en,100.0,100.0,2002,2010,1
gmane.org.w3c.accessibility.tools,9,450,en,100.0,100.0,2002,2014,1
gmane.os.solaris.opensolaris.tools.general,9,450,en,100.0,100.0,2006,2009,1
gmane.comp.java.hsqldb.user,9,450,en,100.0,100.0,2004,2009,1
gmane.comp.java.logback.user,9,450,en,100.0,100.0,2009,2017,1
gmane.comp.lang.ceylon.devel,9,450,en,88.9,88.9,2012,2014,2
gmane.comp.lang.ruby.mongrel.general,9,450,en,100.0,100.0,2006,2010,1
gmane.comp.version-control.mercurial.tortoisehg.user,9,450,en,100.0,100.0,2009,2013,1
gmane.comp.video.lumiera.general,9,450,en,88.9,88.9,2008,2011,2
gmane.linux.debian.devel.french,9,450,fr,77.8,22.2,2002,2014,2
gmane.mail.spam.rbl.surbl,9,450,en,100.0,100.0,2004,2007,1
gmane.network.bit-torrent.general,9,450,en,100.0,100.0,2002,2004,1
gmane.network.socketcan.devel,9,450,en,100.0,100.0,2009,2011,1
gmane.network.vpn.shrew.user,9,450,en,100.0,100.0,2010,2018,1
gmane.comp.apache.community,9,450,en,100.0,100.0,2003,2011,1
gmane.comp.desktop.trinity.user,9,450,en,100.0,100.0,2011,2019,1
gmane.comp.gnu.m4.cvs,9,450,en,77.8,77.8,2003,2007,2
gmane.comp.graphics.plplot.devel,9,450,en,100.0,100.0,2010,2018,1
gmane.comp.python.ctypes,9,450,en,100.0,100.0,2003,2009,1
gmane.linux.redhat.fedora.buildsystem,9,450,en,100.0,100.0,2006,2011,1
gmane.linux.suse.opensuse.marketing,9,450,en,100.0,100.0,2010,2015,1
gmane.os.freebsd.devel.pkg,9,450,en,88.9,88.9,2014,2018,2
gmane.science.linguistics.wikipedia.translators,9,450,en,100.0,100.0,2005,2018,1
gmane.comp.graphics.crystalspace.devel,9,450,en,100.0,100.0,2004,2012,1
gmane.comp.graphics.lesstif,9,450,en,44.4,44.4,2006,2007,4
gmane.comp.security.sguil.general,9,450,en,100.0,100.0,2005,2013,1
gmane.comp.web.xforms,9,450,en,100.0,100.0,2002,2008,1
gmane.linux.linuxfr.announce,9,450,fr,100.0,0.0,2005,2017,1
gmane.network.vnc.ultravnc.general,9,450,en,88.9,88.9,2003,2005,2
gmane.org.facil.general,9,450,fr,77.8,0.0,2004,2014,2
gmane.comp.freedesktop.release-wranglers,9,450,en,100.0,100.0,2004,2005,1
gmane.comp.kde.solaris,9,450,en,100.0,100.0,2002,2009,1
gmane.comp.java.xwt.core,9,450,en,88.9,88.9,2003,2004,2
gmane.comp.web.zope.websites,9,450,en,100.0,100.0,2002,2006,1
gmane.org.wikimedia.labs,9,450,en,100.0,100.0,2012,2017,1
gmane.os.freebsd.region.russian,9,450,ru,100.0,0.0,2005,2006,1
gmane.comp.version-control.mercurial.hgsubversion,9,450,en,100.0,100.0,2010,2016,1
gmane.comp.apache.logging,8,400,en,100.0,100.0,2004,2018,1
gmane.comp.apache.openoffice.l10n,8,400,en,100.0,100.0,2013,2018,1
gmane.comp.cms.jahia.devel,8,400,en,100.0,100.0,2004,2007,1
gmane.comp.compilers.gpc,8,400,en,100.0,100.0,2003,2004,1
gmane.comp.gis.osgeo.osgeo4w,8,400,en,100.0,100.0,2011,2019,1
gmane.comp.gnu.mingw.msys,8,400,en,100.0,100.0,2002,2007,1
gmane.comp.handhelds.openmoko.thirdparty,8,400,en,87.5,87.5,2007,2008,2
gmane.comp.handhelds.shr.devel,8,400,en,100.0,100.0,2009,2011,1
gmane.comp.isp.datacenter.opendcim.discussion,8,400,en,100.0,100.0,2014,2019,1
gmane.comp.java.openjdk.general,8,400,en,100.0,100.0,2007,2017,1
gmane.comp.lang.e.general,8,400,en,100.0,100.0,2004,2012,1
gmane.comp.lang.javascript.nodejs.libuv,8,400,en,100.0,100.0,2013,2017,1
gmane.comp.lang.perl.macosx,8,400,en,87.5,87.5,2004,2009,2
gmane.comp.lang.ruby.rails.german,8,400,de,100.0,0.0,2007,2012,1
gmane.comp.lang.smalltalk.squeak.squeakland,8,400,en,100.0,100.0,2005,2010,1
gmane.comp.lib.wxwidgets.wxlua.user,8,400,en,100.0,100.0,2006,2013,1
gmane.comp.programming.tools.specflow,8,400,en,100.0,100.0,2014,2017,1
gmane.comp.python.db,8,400,en,87.5,87.5,2002,2018,2
gmane.comp.python.tkinter,8,400,en,100.0,100.0,2004,2018,1
gmane.comp.python.twisted.web,8,400,en,100.0,100.0,2004,2008,1
gmane.comp.video.graphicsmagick.cvs,8,400,en,87.5,87.5,2003,2017,2
gmane.comp.video.openexr.devel,8,400,en,100.0,100.0,2003,2017,1
gmane.comp.voip.twinkle,8,400,en,75.0,75.0,2007,2018,3
gmane.comp.web.zope.repoze.devel,8,400,en,75.0,75.0,2008,2013,3
gmane.comp.window-managers.stumpwm.devel,8,400,en,100.0,100.0,2007,2014,1
gmane.emacs.emacspeak.general,8,400,en,100.0,100.0,2006,2018,1
gmane.ietf.mboned,8,400,en,100.0,100.0,2003,2017,1
gmane.law.tos-dr,8,400,en,87.5,87.5,2012,2015,2
gmane.linux.distributions.grml.user,8,400,en,100.0,100.0,2006,2010,1
gmane.linux.drivers.mesh.open80211s,8,400,en,100.0,100.0,2010,2014,1
gmane.linux.gentoo.desktop,8,400,en,100.0,100.0,2004,2012,1
gmane.linux.kernel.drbd.devel,8,400,en,100.0,100.0,2006,2018,1
gmane.linux.mandrake.plf.announce,8,400,en,100.0,100.0,2004,2011,1
gmane.linux.ports.ppc.mol.general,8,400,en,75.0,75.0,2003,2006,2
gmane.linux.printing.fsg,8,400,en,100.0,100.0,2007,2019,1
gmane.linux.redhat.kickstart,8,400,en,62.5,62.5,2005,2006,2
gmane.linux.suse.amd64,8,400,en,87.5,87.5,2004,2007,2
gmane.network.etherlab.user,8,400,en,100.0,100.0,2008,2016,1
gmane.network.smokeping.user,8,400,en,100.0,100.0,2004,2013,1
gmane.org.user-groups.linux.depaul-lug,8,400,en,100.0,100.0,2005,2010,1
gmane.text.xml.xerces-j.user,8,400,en,100.0,100.0,2003,2012,1
gmane.user-groups.foss.brasil.curitiba,8,400,pt,87.5,0.0,2013,2017,2
gmane.comp.apache.mod-auth-kerb.general,8,400,en,100.0,100.0,2004,2014,1
gmane.comp.bug-tracking.eventum.user,8,400,en,100.0,100.0,2006,2009,1
gmane.comp.db.mysql.mycc,8,400,en,100.0,100.0,2002,2005,1
gmane.comp.desktop.xfce.thunar.devel,8,400,en,87.5,87.5,2006,2008,2
gmane.comp.embedded.freewrt.cvs,8,400,en,100.0,100.0,2006,2010,1
gmane.comp.emulators.chameleon64,8,400,en,100.0,100.0,2011,2017,1
gmane.comp.encryption.kerberos.snapshots,8,400,en,87.5,87.5,2003,2017,2
gmane.comp.fonts.fontforge.user,8,400,en,100.0,100.0,2004,2019,1
gmane.comp.gnome.internationalization.turk,8,400,tr,62.5,25.0,2002,2011,3
gmane.comp.gnu.mingw.cross-env,8,400,en,100.0,100.0,2011,2015,1
gmane.comp.handhelds.android.building,8,400,en,100.0,100.0,2014,2018,1
gmane.comp.handhelds.ipaq.boot-loader,8,400,en,87.5,87.5,2001,2006,2
gmane.comp.java.audit.checkstyle.devel,8,400,en,100.0,100.0,2004,2012,1
gmane.comp.java.keel.devel,8,400,en,100.0,100.0,2003,2005,1
gmane.comp.java.picocontainer.devel,8,400,en,87.5,87.5,2004,2013,2
gmane.comp.java.thinlet.user,8,400,en,100.0,100.0,2004,2005,1
gmane.comp.lang.perl.par,8,400,en,100.0,100.0,2004,2012,1
gmane.comp.lang.perl.perl6.user,8,400,en,87.5,87.5,2011,2019,2
gmane.comp.lib.gecode.user,8,400,en,100.0,100.0,2004,2016,1
gmane.comp.linux.perfmon2.devel,8,400,en,100.0,100.0,2008,2010,1
gmane.comp.mozilla.conkeror,8,400,en,100.0,100.0,2006,2013,1
gmane.comp.python.scrapy.user,8,400,en,100.0,100.0,2013,2016,1
gmane.comp.security.firewalls.pfsense.portuguese,8,400,pt,87.5,12.5,2011,2018,2
gmane.comp.sysutils.staf.user,8,400,en,100.0,100.0,2008,2013,1
gmane.comp.web.analog.general,8,400,en,100.0,100.0,2003,2008,1
gmane.comp.web.fonts,8,400,en,100.0,100.0,2009,2011,1
gmane.emacs.auctex.diffs,8,400,en,100.0,100.0,2006,2017,1
gmane.games.devel.opengl,8,400,en,100.0,100.0,2002,2003,1
gmane.ietf.hybi,8,400,en,100.0,100.0,2011,2015,1
gmane.ietf.nntp,8,400,en,100.0,100.0,2003,2019,1
gmane.linux.debian.user.testing,8,400,en,100.0,100.0,2004,2019,1
gmane.linux.redhat.fedora.ruby-sig,8,400,en,100.0,100.0,2010,2018,1
gmane.linux.ubuntu.release,8,400,en,100.0,100.0,2013,2017,1
gmane.mail.zoe.general,8,400,en,100.0,100.0,2002,2004,1
gmane.music.equipment.bass,8,400,en,100.0,100.0,2002,2009,1
gmane.network.snmp4j.general,8,400,en,87.5,87.5,2009,2016,2
gmane.network.tinc.user,8,400,en,100.0,100.0,2006,2018,1
gmane.org.wikimedia.australia,8,400,en,100.0,100.0,2008,2016,1
gmane.user-groups.foss.libreplanet,8,400,en,87.5,87.5,2012,2018,2
gmane.comp.ai.machine-learning.shogun,8,400,en,100.0,100.0,2008,2014,1
gmane.comp.apache.arrow.scm,8,400,en,75.0,75.0,2018,2019,2
gmane.comp.audio.icecast.devel,8,400,en,100.0,100.0,2003,2016,1
gmane.comp.compilers.pcc,8,400,en,100.0,100.0,2007,2014,1
gmane.comp.db.dataperfect.general,8,400,en,87.5,87.5,2007,2017,2
gmane.comp.documentfoundation.libreoffice.user.brazilian,8,400,pt,100.0,0.0,2012,2018,1
gmane.comp.embedded.ethersex,8,400,de,100.0,0.0,2010,2014,1
gmane.comp.encryption.gpg.libgcrypt.devel,8,400,en,100.0,100.0,2012,2017,1
gmane.comp.gnu.gnuzilla,8,400,en,100.0,100.0,2006,2019,1
gmane.comp.gnu.httptunnel.bugs,8,400,ja,50.0,25.0,2005,2006,4
gmane.comp.information-retrieval.bcs-irsg,8,400,en,87.5,87.5,2011,2019,2
gmane.comp.java.lejos,8,400,en,75.0,75.0,2002,2009,2
gmane.comp.kde.kiosk,8,400,en,100.0,100.0,2002,2008,1
gmane.comp.lang.mercury.devel,8,400,en,100.0,100.0,2004,2017,1
gmane.comp.lib.gsl.bugs,8,400,en,100.0,100.0,2005,2013,1
gmane.comp.mozilla.devel.macosx,8,400,en,100.0,100.0,2002,2004,1
gmane.comp.php.gtk+.documentation,8,400,en,87.5,87.5,2002,2007,2
gmane.comp.security.virus,8,400,en,100.0,100.0,2002,2006,1
gmane.comp.video.cinepaint.devel,8,400,en,87.5,87.5,2004,2006,2
gmane.comp.web.chromium.apps,8,400,en,87.5,87.5,2014,2019,2
gmane.comp.web.zope.coders,8,400,en,100.0,100.0,2002,2004,1
gmane.comp.web.zope.plone.bugs,8,400,en,87.5,87.5,2004,2010,2
gmane.culture.internet.history,8,400,en,100.0,100.0,2011,2019,1
gmane.editors.conglomerate.devel,8,400,en,75.0,75.0,2003,2004,3
gmane.education.sociology.teachsoc,8,400,en,87.5,87.5,2006,2009,2
gmane.emacs.auctex.cvs,8,400,de,62.5,37.5,2005,2018,2
gmane.emacs.gnus.commits,8,400,en,87.5,87.5,2003,2008,2
gmane.linux.debian.devel.dak,8,400,en,100.0,100.0,2009,2018,1
gmane.linux.debian.ports.s390,8,400,en,87.5,87.5,2002,2017,2
gmane.linux.hardware.sony.librie,8,400,en,100.0,100.0,2005,2008,1
gmane.linux.mandrake.cooker.internationalization,8,400,en,75.0,75.0,2003,2011,3
gmane.linux.ubuntu.juju.devel,8,400,en,100.0,100.0,2013,2016,1
gmane.org.clubs.gobiodiesel,8,400,en,100.0,100.0,2003,2007,1
gmane.org.user-groups.linux.tcwug,8,400,en,100.0,100.0,2005,2009,1
gmane.org.w3.ontology.devel,8,400,en,100.0,100.0,2006,2016,1
gmane.org.w3c.webapi,8,400,en,100.0,100.0,2006,2008,1
gmane.os.hurd.l4,8,400,en,100.0,100.0,2003,2007,1
gmane.comp.ai.machine-learning.pymvpa,8,400,en,100.0,100.0,2008,2017,1
gmane.comp.archivers.amanda.devel,8,400,en,100.0,100.0,2003,2012,1
gmane.comp.clustering.xcat.user,8,400,en,100.0,100.0,2014,2018,1
gmane.comp.db.sequoia.cvs,8,400,en,100.0,100.0,2005,2008,1
gmane.comp.encryption.kerberos.heimdal.general,8,400,en,100.0,100.0,2005,2017,1
gmane.comp.gnome.lib.xslt,8,400,en,100.0,100.0,2003,2006,1
gmane.comp.gnome.web,8,400,en,100.0,100.0,2006,2017,1
gmane.comp.handhelds.meego.community,8,400,en,100.0,100.0,2010,2011,1
gmane.comp.ide.eclipse.platform.swt.devel,8,400,en,100.0,100.0,2006,2014,1
gmane.comp.kde.devel.active,8,400,en,100.0,100.0,2012,2013,1
gmane.comp.krysalis.devel,8,400,en,62.5,62.5,2003,2007,3
gmane.comp.lang.perl.xml,8,400,en,100.0,100.0,2002,2009,1
gmane.comp.package-management.openpkg.user,8,400,en,100.0,100.0,2002,2010,1
gmane.comp.programming.modeling.topcased.users,8,400,en,100.0,100.0,2007,2012,1
gmane.comp.telephony.freetel.codec2,8,400,en,100.0,100.0,2010,2019,1
gmane.comp.video.dr-geo.bugs,8,400,en,75.0,75.0,2002,2006,3
gmane.comp.voip.qutecom.devel,8,400,en,87.5,87.5,2008,2011,2
gmane.games.crossfire.general,8,400,en,100.0,100.0,2006,2012,1
gmane.games.ttdpatch.general,8,400,en,100.0,100.0,2003,2004,1
gmane.ietf.p2psip,8,400,en,100.0,100.0,2008,2010,1
gmane.linux.centos.documentation,8,400,en,100.0,100.0,2010,2015,1
gmane.linux.distributions.lunar.general,8,400,en,100.0,100.0,2006,2015,1
gmane.linux.rpm.elrepo.user,8,400,en,100.0,100.0,2013,2017,1
gmane.linux.rsbac,8,400,en,100.0,100.0,2003,2008,1
gmane.network.jabber.operators,8,400,en,100.0,100.0,2008,2015,1
gmane.os.freebsd.newbies,8,400,en,100.0,100.0,2003,2004,1
gmane.os.hurd.web.devel,8,400,et,37.5,37.5,2003,2005,4
gmane.comp.audio.music-dsp,8,400,en,100.0,100.0,2010,2015,1
gmane.comp.audio.streamripper.general,8,400,en,50.0,50.0,2004,2010,4
gmane.comp.cms.hippocms.devel,8,400,en,75.0,75.0,2008,2010,3
gmane.comp.compilers.distcc,8,400,en,100.0,100.0,2002,2011,1
gmane.comp.compilers.tinycc.devel,8,400,en,100.0,100.0,2013,2016,1
gmane.comp.gnu.rcs,8,400,en,100.0,100.0,2003,2013,1
gmane.comp.java.aspectwerkz.user,8,400,en,100.0,100.0,2003,2005,1
gmane.comp.kde.gwenview,8,400,en,87.5,87.5,2004,2008,2
gmane.comp.lang.mercury.general,8,400,en,100.0,100.0,2006,2014,1
gmane.comp.lib.ncurses.general,8,400,en,75.0,75.0,2004,2007,3
gmane.comp.lib.openal.devel,8,400,en,100.0,100.0,2005,2012,1
gmane.comp.lib.qt.qml,8,400,en,100.0,100.0,2010,2011,1
gmane.comp.python.tulip,8,400,en,100.0,100.0,2013,2015,1
gmane.comp.web.fastcgi.devel,8,400,en,100.0,100.0,2004,2008,1
gmane.culture.language.esperanto.denmark,8,400,et,37.5,0.0,2007,2017,5
gmane.culture.language.esperanto.tradukado,8,400,es,37.5,12.5,2008,2013,5
gmane.ietf.simple,8,400,en,100.0,100.0,2004,2011,1
gmane.linux.drivers.spca50x.devel,8,400,en,100.0,100.0,2004,2007,1
gmane.linux.kernel.firewire.user,8,400,en,100.0,100.0,2005,2009,1
gmane.linux.kernel.openipmi,8,400,en,100.0,100.0,2007,2019,1
gmane.network.openldap.bugs,8,400,en,87.5,87.5,2015,2019,2
gmane.org.user-groups.linux.gusl,8,400,es,100.0,0.0,2008,2011,1
gmane.comp.apache.incubator.drill.scm,8,400,en,75.0,75.0,2014,2018,2
gmane.comp.compilers.mtasc,8,400,en,100.0,100.0,2005,2006,1
gmane.comp.horde.sork,8,400,en,100.0,100.0,2003,2009,1
gmane.comp.lib.glibc.user,8,400,en,100.0,100.0,2009,2016,1
gmane.comp.misc.opensync.user,8,400,en,100.0,100.0,2005,2012,1
gmane.comp.video.mesa3d.user,8,400,en,87.5,87.5,2004,2017,2
gmane.linux.coreos.devel,8,400,en,100.0,100.0,2014,2016,1
gmane.linux.debian.security.tracker,8,400,en,100.0,100.0,2008,2017,1
gmane.linux.distributions.dynebolic.user,8,400,en,100.0,100.0,2006,2010,1
gmane.linux.isdn.i4l.devel,8,400,en,87.5,87.5,2004,2010,2
gmane.linux.lfs.livecd,8,400,en,100.0,100.0,2005,2006,1
gmane.org.user-groups.linux.ehu.itsas,8,400,es,87.5,0.0,2006,2013,2
gmane.org.user-groups.linux.nmglug,8,400,en,100.0,100.0,2004,2019,1
gmane.org.wikimedia.bangladesh,8,400,bn,50.0,50.0,2010,2015,2
gmane.user-groups.linux.lugmen.org,8,400,es,100.0,0.0,2007,2010,1
gmane.comp.apache.incubator.odf.devel,8,400,en,75.0,75.0,2011,2017,2
gmane.comp.gnu.chess.bugs,8,400,UNKNOWN,50.0,37.5,2002,2005,3
gmane.comp.handhelds.android.challenge,8,400,en,87.5,87.5,2008,2008,2
gmane.comp.handhelds.meego.kernel,8,400,en,100.0,100.0,2010,2011,1
gmane.comp.java.jdnc.general,8,400,en,100.0,100.0,2005,2009,1
gmane.comp.misc.linkstation.linux,8,400,en,87.5,87.5,2004,2008,2
gmane.comp.python.db.psycopg.devel,8,400,en,100.0,100.0,2002,2009,1
gmane.comp.python.lxml.cvs,8,400,en,100.0,100.0,2005,2009,1
gmane.comp.web.spip.english,8,400,en,87.5,87.5,2005,2010,2
gmane.ietf.pce,8,400,en,100.0,100.0,2007,2019,1
gmane.linux.ubuntu.user.swedish,8,400,sv,100.0,0.0,2008,2016,1
gmane.mail.imap.binc.general,8,400,en,100.0,100.0,2003,2005,1
gmane.network.e-smith.devel,8,400,en,100.0,100.0,2002,2003,1
gmane.network.irc.blitzed.general,8,400,en,100.0,100.0,2001,2005,1
gmane.network.nsp.foundry,8,400,en,100.0,100.0,2004,2017,1
gmane.network.vnc.tigervnc.devel,8,400,en,100.0,100.0,2010,2012,1
gmane.org.wikimedia.toolserver,8,400,en,100.0,100.0,2006,2013,1
gmane.user-groups.linux.france.grenoble,8,400,fr,100.0,0.0,2005,2006,1
gmane.comp.java.blojsom.user,8,400,en,100.0,100.0,2004,2007,1
gmane.comp.java.izpack.devel,8,400,en,100.0,100.0,2004,2007,1
gmane.comp.lang.perl.perl-mongers.houston,8,400,en,100.0,100.0,2006,2015,1
gmane.comp.lib.capnproto.general,8,400,en,100.0,100.0,2014,2017,1
gmane.linux.distributions.kurumin.general,8,400,pt,87.5,0.0,2005,2013,2
gmane.linux.fprint,8,400,en,100.0,100.0,2008,2018,1
gmane.linux.kernel.pcmcia.devel,8,400,en,100.0,100.0,2007,2012,1
gmane.linux.redhat.fedora.italian,8,400,it,87.5,12.5,2008,2014,2
gmane.lisp.web.weblocks,8,400,en,100.0,100.0,2008,2011,1
gmane.comp.java.netbeans.modules.mdr.user,8,400,en,100.0,100.0,2002,2005,1
gmane.comp.kde.k3b,8,400,en,100.0,100.0,2004,2006,1
gmane.comp.programming.xtend,8,400,en,100.0,100.0,2011,2018,1
gmane.comp.video.image-magick.bugs,8,400,en,100.0,100.0,2002,2009,1
gmane.culture.bicycle.shift,8,400,en,100.0,100.0,2009,2018,1
gmane.education.libraries.medlib,8,400,en,100.0,100.0,2005,2006,1
gmane.emacs.w3.devel,8,400,en,62.5,62.5,2005,2007,3
gmane.org.operators.tuna.general,8,400,en,37.5,37.5,2013,2019,3
gmane.science.astronomy.lsst-data,8,400,en,100.0,100.0,2006,2008,1
gmane.comp.java.openjms.user,8,400,en,87.5,87.5,2003,2006,2
gmane.comp.security.shorewall.devel,8,400,en,100.0,100.0,2007,2015,1
gmane.culture.internet.nettime-announce,8,400,en,100.0,100.0,2006,2015,1
gmane.linux.drivers.ndiswrapper.general,8,400,en,100.0,100.0,2004,2006,1
gmane.mail.spam.dmarc,8,400,en,100.0,100.0,2012,2014,1
gmane.os.freebsd.devel.xfce,8,400,en,87.5,87.5,2011,2017,2
gmane.text.xml.soap.gsoap,8,400,en,87.5,87.5,2008,2018,2
gmane.comp.jakarta.turbine.maven.mevenide.devel,8,400,en,100.0,100.0,2005,2008,1
gmane.comp.java.cglib.devel,8,400,en,100.0,100.0,2003,2013,1
gmane.comp.statistics.rkward.devel,8,400,en,100.0,100.0,2007,2016,1
gmane.comp.sysutils.upstart.devel,8,400,en,100.0,100.0,2007,2013,1
gmane.comp.web.wordpress.polyglots,8,400,en,100.0,100.0,2006,2010,1
gmane.linux.drivers.harmony.devel,8,400,en,100.0,100.0,2008,2014,1
gmane.org.user-groups.linux.balinux,8,400,id,100.0,0.0,2004,2010,1
gmane.user-groups.linux.scottish,8,400,en,100.0,100.0,2003,2009,1
gmane.comp.lang.ruby.datamapper,8,400,en,100.0,100.0,2008,2013,1
gmane.mail.opensmtpd.general,8,400,en,100.0,100.0,2013,2018,1
gmane.recreation.radio.hardware.bc250d,8,400,en,100.0,100.0,2003,2014,1
gmane.comp.java.mx4j.devel,8,400,en,100.0,100.0,2003,2009,1
gmane.comp.version-control.gitorious,8,400,en,87.5,87.5,2009,2012,2
gmane.user-groups.linux.france.val-libre,8,400,fr,87.5,12.5,2005,2011,2
gmane.comp.gnome.infrastructure,8,400,en,87.5,87.5,2007,2018,2
gmane.comp.misc.crysol,8,400,es,100.0,0.0,2005,2011,1
gmane.ietf.xmpp,8,400,en,100.0,100.0,2002,2014,1
gmane.network.leafnode,8,400,en,100.0,100.0,2002,2005,1
gmane.comp.java.javagroups.devel,8,400,en,100.0,100.0,2002,2017,1
gmane.comp.hardware.motorola.microcontrollers,8,400,en,100.0,100.0,2002,2007,1
gmane.comp.openoffice.users.portuguese-br,8,400,pt,100.0,0.0,2009,2011,1
gmane.comp.apache.ode.user,7,350,en,100.0,100.0,2008,2016,1
gmane.comp.audio.clam.devel,7,350,en,100.0,100.0,2007,2010,1
gmane.comp.cms.open-xchange.general,7,350,en,100.0,100.0,2004,2006,1
gmane.comp.db.monetdb.devel,7,350,en,100.0,100.0,2007,2009,1
gmane.comp.db.postgresql.announce,7,350,en,100.0,100.0,2003,2014,1
gmane.comp.debugging.archer,7,350,en,100.0,100.0,2008,2013,1
gmane.comp.distributed-net.rc5,7,350,en,100.0,100.0,2002,2012,1
gmane.comp.fonts.dejavu,7,350,en,100.0,100.0,2005,2006,1
gmane.comp.gnome.accessibility.devel,7,350,en,100.0,100.0,2002,2013,1
gmane.comp.gnome.bugsquad,7,350,en,100.0,100.0,2002,2012,1
gmane.comp.gnome.gdm.general,7,350,en,100.0,100.0,2007,2015,1
gmane.comp.handhelds.opie.devel,7,350,en,100.0,100.0,2003,2007,1
gmane.comp.hardware.libftdi.general,7,350,en,100.0,100.0,2009,2013,1
gmane.comp.ide.eclipse.nebula.devel,7,350,en,100.0,100.0,2009,2018,1
gmane.comp.internationalization.arabeyes.general,7,350,en,100.0,100.0,2003,2006,1
gmane.comp.java.hadoop.pig.user,7,350,en,85.7,85.7,2013,2016,2
gmane.comp.java.open-symphony.cvs,7,350,en,100.0,100.0,2003,2003,1
gmane.comp.java.scarab.devel,7,350,en,100.0,100.0,2005,2008,1
gmane.comp.java.wso2.commons.devel,7,350,en,100.0,100.0,2007,2009,1
gmane.comp.java.xfire.user,7,350,en,100.0,100.0,2006,2007,1
gmane.comp.kde.devel.knode,7,350,en,85.7,85.7,2002,2010,2
gmane.comp.lang.haskell.hugs.bugs,7,350,en,100.0,100.0,2003,2018,1
gmane.comp.lang.nasm.cvs,7,350,en,100.0,100.0,2007,2018,1
gmane.comp.lang.tcl.starkit,7,350,en,100.0,100.0,2002,2009,1
gmane.comp.lang.uml.argouml.devel,7,350,en,100.0,100.0,2007,2011,1
gmane.comp.lib.ev,7,350,en,100.0,100.0,2008,2012,1
gmane.comp.lib.iup.user,7,350,en,85.7,85.7,2013,2018,2
gmane.comp.lib.thrift.user,7,350,en,100.0,100.0,2010,2017,1
gmane.comp.misc.pape.general,7,350,en,85.7,85.7,2003,2010,2
gmane.comp.misc.translate.devel,7,350,en,100.0,100.0,2004,2018,1
gmane.comp.mobile.syncevolution,7,350,en,100.0,100.0,2009,2016,1
gmane.comp.monitoring.ganglia.general,7,350,en,100.0,100.0,2009,2017,1
gmane.comp.parsers.bison.patches,7,350,en,100.0,100.0,2003,2018,1
gmane.comp.programming.sicp.exercises,7,350,en,85.7,85.7,2008,2017,2
gmane.comp.python.cheetah,7,350,en,100.0,100.0,2003,2006,1
gmane.comp.security.openvas.devel,7,350,en,100.0,100.0,2007,2013,1
gmane.comp.sysutils.autoconf.archive-maintainers,7,350,en,100.0,100.0,2005,2015,1
gmane.comp.sysutils.docker.devel,7,350,en,100.0,100.0,2013,2015,1
gmane.comp.tex.xdvi.devel,7,350,en,100.0,100.0,2002,2009,1
gmane.comp.version-control.cvs.bugs,7,350,en,85.7,85.7,2002,2004,2
gmane.comp.video.panorama.devel,7,350,en,28.6,28.6,2002,2006,4
gmane.comp.windows.gui4cli,7,350,en,100.0,100.0,2004,2008,1
gmane.culture.science.cryogenics,7,350,en,100.0,100.0,2003,2010,1
gmane.education.english.engfor,7,350,en,100.0,100.0,2005,2012,1
gmane.emacs.auctex.devel,7,350,en,100.0,100.0,2005,2018,1
gmane.games.diplomacy.worldmasters.results.wm2004,7,350,en,100.0,100.0,2005,2006,1
gmane.ietf.uta,7,350,en,100.0,100.0,2014,2019,1
gmane.linux.rpm.rpmforge.user,7,350,en,100.0,100.0,2009,2011,1
gmane.linux.ubuntu.loco.us.california,7,350,en,100.0,100.0,2008,2018,1
gmane.mail.spam.dspam.devel,7,350,en,100.0,100.0,2004,2007,1
gmane.network.lftp.user,7,350,en,100.0,100.0,2004,2016,1
gmane.network.routing.aqm,7,350,en,100.0,100.0,2014,2017,1
gmane.network.samba.general.italian,7,350,it,85.7,14.3,2006,2008,2
gmane.org.user-groups.linux.twincling,7,350,en,100.0,100.0,2006,2016,1
gmane.org.user-groups.sage.ireland,7,350,en,100.0,100.0,2005,2008,1
gmane.os.freebsd.performance,7,350,en,100.0,100.0,2005,2017,1
gmane.os.freebsd.test,7,350,en,71.4,71.4,2002,2008,3
gmane.politics.software.free-software.manchester,7,350,en,100.0,100.0,2007,2014,1
gmane.science.analysis.gwyddion.user,7,350,en,100.0,100.0,2008,2017,1
gmane.text.xml.distributed,7,350,en,100.0,100.0,2002,2007,1
gmane.user-groups.linux.france.alpinux,7,350,fr,100.0,0.0,2004,2015,1
gmane.comp.apache.excalibur.devel,7,350,en,100.0,100.0,2004,2008,1
gmane.comp.corba.jacorb.bugs,7,350,en,85.7,85.7,2002,2006,2
gmane.comp.finance.ledger.hledger,7,350,en,100.0,100.0,2011,2019,1
gmane.comp.gnome.apps.evince.general,7,350,en,100.0,100.0,2009,2016,1
gmane.comp.gnu.www.scm,7,350,UNKNOWN,28.6,28.6,2010,2011,4
gmane.comp.kde.devel.community,7,350,en,100.0,100.0,2013,2019,1
gmane.comp.kde.kimdaba,7,350,en,100.0,100.0,2003,2007,1
gmane.comp.lang.as400.c,7,350,en,100.0,100.0,2002,2019,1
gmane.comp.lang.ats.questions,7,350,en,85.7,85.7,2014,2018,2
gmane.comp.lang.groovy.jsr,7,350,en,100.0,100.0,2004,2007,1
gmane.comp.lang.nemerle.devel,7,350,en,100.0,100.0,2004,2007,1
gmane.comp.lib.glibc.ports,7,350,en,100.0,100.0,2009,2012,1
gmane.comp.lib.nanomsg,7,350,en,100.0,100.0,2013,2015,1
gmane.comp.misc.translate.bulgarian,7,350,bg,100.0,0.0,2007,2015,1
gmane.comp.mozilla.jobs,7,350,en,71.4,71.4,2003,2013,3
gmane.comp.multimedia.matroska.user,7,350,en,85.7,85.7,2005,2010,2
gmane.comp.programming.fluxus,7,350,en,100.0,100.0,2009,2012,1
gmane.comp.python.py2exe,7,350,en,100.0,100.0,2005,2010,1
gmane.comp.security.ntbugtraq,7,350,en,100.0,100.0,2003,2006,1
gmane.comp.sysutils.backup.dar.support,7,350,en,100.0,100.0,2005,2016,1
gmane.comp.tex.pdftex,7,350,en,100.0,100.0,2003,2008,1
gmane.comp.web.curl.www.cvs,7,350,en,100.0,100.0,2003,2005,1
gmane.comp.web.services.ws-arch,7,350,en,100.0,100.0,2002,2003,1
gmane.comp.web.zope.database,7,350,en,100.0,100.0,2002,2015,1
gmane.compw.window-managers.windowmaker.user,7,350,en,100.0,100.0,2003,2005,1
gmane.emacs.w3.announce,7,350,ja,71.4,28.6,2006,2007,2
gmane.ietf.dns-privacy,7,350,en,100.0,100.0,2014,2016,1
gmane.ietf.tools,7,350,en,100.0,100.0,2006,2015,1
gmane.linux.distributions.smartpm.general,7,350,en,100.0,100.0,2005,2011,1
gmane.linux.drivers.em28xx,7,350,en,100.0,100.0,2007,2009,1
gmane.linux.drivers.openchrome.user,7,350,en,100.0,100.0,2008,2018,1
gmane.linux.freshmeat.announce,7,350,en,100.0,100.0,2003,2008,1
gmane.linux.gentoo.java,7,350,en,100.0,100.0,2004,2018,1
gmane.linux.ipv6.usagi.cvs,7,350,en,85.7,85.7,2002,2005,2
gmane.linux.kernel.year-2038,7,350,en,100.0,100.0,2016,2019,1
gmane.linux.mandrake.plf.general,7,350,en,85.7,85.7,2004,2008,2
gmane.linux.skolelinux.www-int,7,350,en,100.0,100.0,2007,2019,1
gmane.mail.exim.exiscan.user,7,350,en,100.0,100.0,2003,2004,1
gmane.network.centericq,7,350,en,100.0,100.0,2003,2007,1
gmane.org.user-groups.debian.parana,7,350,pt,100.0,0.0,2004,2010,1
gmane.org.user-groups.linux.chlug,7,350,en,85.7,85.7,2002,2004,2
gmane.org.wikimedia.community.announce,7,350,en,100.0,100.0,2010,2017,1
gmane.os.dragonfly-bsd.user,7,350,en,100.0,100.0,2013,2015,1
gmane.comp.apache.ctakes.devel,7,350,en,100.0,100.0,2013,2019,1
gmane.comp.education.sugar.live,7,350,en,100.0,100.0,2010,2018,1
gmane.comp.file-systems.jfs.general,7,350,en,100.0,100.0,2003,2014,1
gmane.comp.finance.quickfix.user,7,350,en,100.0,100.0,2004,2009,1
gmane.comp.gis.openstreetmap.imports,7,350,en,85.7,85.7,2012,2018,2
gmane.comp.gnu.oleo.bugs,7,350,en,57.1,57.1,2005,2006,3
gmane.comp.gnu.parted.devel,7,350,en,100.0,100.0,2006,2018,1
gmane.comp.graphics.chromium.cvs,7,350,en,100.0,100.0,2004,2005,1
gmane.comp.java.continuum.devel,7,350,en,85.7,85.7,2007,2010,2
gmane.comp.java.netbeans.j2ee,7,350,en,100.0,100.0,2006,2011,1
gmane.comp.java.portlets,7,350,en,100.0,100.0,2006,2008,1
gmane.comp.java.vexi.scm,7,350,en,100.0,100.0,2007,2011,1
gmane.comp.kde.debian,7,350,en,85.7,85.7,2004,2004,2
gmane.comp.lang.batchworld,7,350,en,100.0,100.0,2004,2006,1
gmane.comp.lang.perl.moose,7,350,en,100.0,100.0,2008,2013,1
gmane.comp.lang.r.general.spanish,7,350,es,85.7,14.3,2014,2015,2
gmane.comp.lang.ruby.unicorn.general,7,350,en,100.0,100.0,2009,2018,1
gmane.comp.lib.openal,7,350,en,100.0,100.0,2004,2013,1
gmane.comp.licenses.spdx.devel,7,350,en,100.0,100.0,2011,2018,1
gmane.comp.log.sec.user,7,350,en,100.0,100.0,2010,2018,1
gmane.comp.php.xdebug.general,7,350,en,100.0,100.0,2004,2013,1
gmane.comp.printing.ghostscript.patches,7,350,en,100.0,100.0,2002,2006,1
gmane.comp.programming.aspect.general,7,350,en,100.0,100.0,2002,2008,1
gmane.comp.programming.software-craftsmanship,7,350,en,100.0,100.0,2009,2016,1
gmane.comp.python.pypy.bugs,7,350,en,100.0,100.0,2012,2018,1
gmane.comp.speech.praat.user,7,350,en,100.0,100.0,2010,2017,1
gmane.comp.storage.fio,7,350,en,100.0,100.0,2014,2017,1
gmane.comp.sysutils.cfengine.bugs,7,350,en,100.0,100.0,2002,2008,1
gmane.comp.version-control.cvs.windows-nt.cvs,7,350,en,85.7,85.7,2008,2014,2
gmane.comp.web.mathematics,7,350,en,100.0,100.0,2002,2014,1
gmane.comp.web.zope.plone.documentation,7,350,en,100.0,100.0,2002,2011,1
gmane.comp.web.zope.plone.internationalization,7,350,en,100.0,100.0,2002,2010,1
gmane.comp.windows.devel.dotnet.cx,7,350,en,100.0,100.0,2003,2007,1
gmane.linux.debian.user.brazilian,7,350,pt,100.0,0.0,2002,2005,1
gmane.linux.drivers.unichrome.user,7,350,en,100.0,100.0,2004,2009,1
gmane.linux.lids,7,350,en,85.7,85.7,2004,2016,2
gmane.linux.network.modemmanager.devel,7,350,en,100.0,100.0,2016,2019,1
gmane.linux.ubuntu.user.philippines,7,350,en,85.7,85.7,2005,2009,2
gmane.lisp.elephant.devel,7,350,en,100.0,100.0,2007,2008,1
gmane.network.ipsec.tools.devel,7,350,en,100.0,100.0,2008,2015,1
gmane.network.syndication.podcast.gpodder.devel,7,350,en,85.7,85.7,2007,2011,2
gmane.os.ecos.devel,7,350,en,100.0,100.0,2003,2009,1
gmane.text.xml.rfc,7,350,en,85.7,85.7,2005,2019,2
gmane.comp.apache.bugs,7,350,UNKNOWN,100.0,0.0,2002,2003,1
gmane.comp.apache.ode.scm,7,350,en,100.0,100.0,2008,2017,1
gmane.comp.apache.shale.user,7,350,en,100.0,100.0,2006,2008,1
gmane.comp.embedded.neuros.dm320,7,350,en,100.0,100.0,2007,2010,1
gmane.comp.emulators.virtio.devel,7,350,en,100.0,100.0,2013,2018,1
gmane.comp.graphics.ocropus,7,350,en,85.7,85.7,2009,2011,2
gmane.comp.ipod.gtkpod.user,7,350,en,100.0,100.0,2006,2010,1
gmane.comp.java.objectweb.jonas,7,350,en,100.0,100.0,2005,2011,1
gmane.comp.java.rife.user,7,350,en,100.0,100.0,2004,2009,1
gmane.comp.lang.forth.amforth,7,350,en,100.0,100.0,2010,2015,1
gmane.comp.lang.haskell.web,7,350,en,100.0,100.0,2010,2013,1
gmane.comp.lang.idris.general,7,350,en,100.0,100.0,2012,2018,1
gmane.comp.misc.persiancomputing,7,350,en,100.0,100.0,2000,2014,1
gmane.comp.mozilla.devel.directory,7,350,en,100.0,100.0,2002,2011,1
gmane.comp.mozilla.firefox.https-everywhere,7,350,en,100.0,100.0,2010,2012,1
gmane.comp.multimedia.matroska.devel,7,350,en,100.0,100.0,2003,2011,1
gmane.comp.php.nusoap.general,7,350,en,100.0,100.0,2004,2006,1
gmane.comp.php.simpletest.general,7,350,en,100.0,100.0,2005,2007,1
gmane.comp.python.ironpython.user,7,350,en,100.0,100.0,2004,2016,1
gmane.comp.python.peak,7,350,en,100.0,100.0,2003,2008,1
gmane.comp.terminal-emulators.tmux.scm,7,350,en,85.7,85.7,2010,2019,2
gmane.comp.video.opengl.sample.cvs,7,350,en,71.4,71.4,2002,2007,3
gmane.comp.web.server.aida,7,350,en,100.0,100.0,2008,2012,1
gmane.editors.conglomerate.cvs,7,350,en,100.0,100.0,2003,2008,1
gmane.ietf.kitten,7,350,en,100.0,100.0,2005,2013,1
gmane.ietf.midcom,7,350,en,100.0,100.0,2002,2004,1
gmane.linux.c-programming,7,350,en,100.0,100.0,2004,2012,1
gmane.linux.debian.devel.emacsen,7,350,en,100.0,100.0,2002,2019,1
gmane.linux.embedded.yocto.meta-virtualization,7,350,en,100.0,100.0,2013,2018,1
gmane.linux.laptop.olpc.brasil,7,350,pt,100.0,0.0,2007,2008,1
gmane.mail.postfix.policyd,7,350,en,100.0,100.0,2007,2014,1
gmane.mail.spam.spamdyke.user,7,350,en,100.0,100.0,2007,2016,1
gmane.music.equipment.slimdevices.jive.scm,7,350,en,85.7,85.7,2008,2012,2
gmane.network.rsync.cvs,7,350,en,85.7,85.7,2005,2009,2
gmane.org.user-groups.linux.gzlug,7,350,zh-cn,57.1,28.6,2013,2014,3
gmane.org.wikimedia.france,7,350,fr,85.7,0.0,2005,2013,2
gmane.os.freebsd.devel.office,7,350,en,85.7,85.7,2012,2017,2
gmane.os.openbsd.sparc,7,350,en,100.0,100.0,2002,2011,1
gmane.politics.oekonux.english,7,350,en,100.0,100.0,2004,2010,1
gmane.recreation.dance.tango.champaign-urbana,7,350,en,100.0,100.0,2006,2018,1
gmane.technology.electronics.simulation.ltspice,7,350,en,100.0,100.0,2005,2006,1
gmane.user-groups.linux.ottawa.board,7,350,en,100.0,100.0,2004,2010,1
gmane.comp.encryption.pass,7,350,en,100.0,100.0,2015,2018,1
gmane.comp.freedesktop.fonts,7,350,en,100.0,100.0,2006,2009,1
gmane.comp.gnome.gtk+.ada,7,350,en,100.0,100.0,2000,2014,1
gmane.comp.java.jnode.scm,7,350,en,100.0,100.0,2007,2009,1
gmane.comp.lang.mozart.user,7,350,en,100.0,100.0,2006,2009,1
gmane.comp.lang.nice.cvs,7,350,en,71.4,71.4,2003,2005,3
gmane.comp.lang.smalltalk.squeak.magma,7,350,en,100.0,100.0,2006,2010,1
gmane.comp.lib.openimageio.devel,7,350,en,100.0,100.0,2012,2019,1
gmane.comp.mathematics.gap.user,7,350,en,100.0,100.0,2006,2017,1
gmane.comp.mozilla.documentation,7,350,en,100.0,100.0,2003,2005,1
gmane.comp.shells.bash.help,7,350,en,100.0,100.0,2012,2019,1
gmane.ietf.zeroconf,7,350,en,100.0,100.0,2002,2003,1
gmane.linux.redhat.rpm.atrpms.devel,7,350,en,85.7,85.7,2004,2013,2
gmane.linux.ubuntu.marketing,7,350,en,100.0,100.0,2006,2010,1
gmane.music.bluegrass.cz,7,350,ja,57.1,0.0,2005,2006,3
gmane.network.vpn.openconnect.devel,7,350,en,100.0,100.0,2012,2018,1
gmane.org.user-groups.linux.brazil.linux-board,7,350,pt,100.0,0.0,2007,2008,1
gmane.org.user-groups.linux.kplug.newbie,7,350,en,100.0,100.0,2005,2008,1
gmane.org.wikimedia.kenya,7,350,en,100.0,100.0,2010,2012,1
gmane.os.openbsd.newbies,7,350,en,100.0,100.0,2006,2013,1
gmane.os.tunes,7,350,en,100.0,100.0,1996,2003,1
gmane.recreation.radio.hardware.uniden.bc245xlt,7,350,en,100.0,100.0,2003,2008,1
gmane.comp.gnome.gtk+.internationalization,7,350,en,100.0,100.0,2002,2017,1
gmane.comp.graphics.scribus.devel,7,350,en,100.0,100.0,2008,2015,1
gmane.comp.isp.french.ovh.api,7,350,fr,85.7,14.3,2016,2018,2
gmane.comp.lang.d.gnu,7,350,en,100.0,100.0,2010,2015,1
gmane.comp.lang.ruby.gems.devel,7,350,en,100.0,100.0,2006,2011,1
gmane.comp.mathematics.sage.notebook,7,350,en,100.0,100.0,2012,2015,1
gmane.comp.mozilla.project-owners,7,350,en,100.0,100.0,2006,2013,1
gmane.comp.networking.cpp-netlib.devel,7,350,en,100.0,100.0,2011,2015,1
gmane.comp.php.zend.framework.db,7,350,en,100.0,100.0,2006,2011,1
gmane.comp.tools.mnemosyne.devel,7,350,en,100.0,100.0,2009,2017,1
gmane.comp.web.nikola,7,350,en,100.0,100.0,2013,2017,1
gmane.ietf.idnabis,7,350,en,100.0,100.0,2008,2015,1
gmane.ietf.ppvpn,7,350,en,85.7,85.7,2002,2003,2
gmane.linux.audio.announce,7,350,en,100.0,100.0,2003,2018,1
gmane.linux.backports,7,350,en,100.0,100.0,2013,2016,1
gmane.linux.debian.packages.adduser.devel,7,350,en,85.7,85.7,2005,2012,2
gmane.lisp.asdf.devel,7,350,en,100.0,100.0,2010,2014,1
gmane.network.gnutella.limewire.translate,7,350,en,71.4,71.4,2004,2006,2
gmane.org.region.ukraine.devtalk,7,350,ru,85.7,0.0,2005,2009,2
gmane.org.user-groups.linux.madurai.general,7,350,en,100.0,100.0,2005,2007,1
gmane.os.netbsd.ports.hpcmips,7,350,en,100.0,100.0,2002,2014,1
gmane.text.xml.xalan.c++.user,7,350,en,85.7,85.7,2003,2009,2
gmane.comp.boot-loaders.grub.cvs,7,350,en,100.0,100.0,2006,2009,1
gmane.comp.gis.openstreetmap.region.de.dresden,7,350,de,100.0,0.0,2010,2016,1
gmane.comp.graphics.openjpeg,7,350,en,85.7,85.7,2013,2017,2
gmane.comp.graphics.otb.devel,7,350,en,100.0,100.0,2013,2017,1
gmane.comp.hardware.netscreen.general,7,350,en,100.0,100.0,2004,2008,1
gmane.comp.lib.libevent.user,7,350,en,100.0,100.0,2009,2016,1
gmane.comp.mathematics.pari.user,7,350,en,85.7,85.7,2002,2017,2
gmane.comp.sysutils.go-cd,7,350,en,100.0,100.0,2015,2019,1
gmane.comp.tex.texlive.build,7,350,en,100.0,100.0,2009,2018,1
gmane.culture.sf.greek,7,350,en,42.9,42.9,2002,2011,5
gmane.ietf.lemonade,7,350,en,100.0,100.0,2007,2012,1
gmane.ietf.opsawg,7,350,en,100.0,100.0,2008,2018,1
gmane.network.opennms.install,7,350,en,100.0,100.0,2002,2007,1
gmane.network.vpn.libreswan.devel,7,350,en,100.0,100.0,2014,2017,1
gmane.comp.audio.beets.user,7,350,en,85.7,85.7,2014,2016,2
gmane.comp.distributed.etcd,7,350,en,100.0,100.0,2014,2019,1
gmane.comp.gis.openstreetmap.region.se,7,350,sv,71.4,28.6,2007,2012,2
gmane.comp.gnu.gift.bugs,7,350,en,85.7,85.7,2002,2007,2
gmane.comp.gnu.gne.announce,7,350,en,85.7,85.7,2006,2007,2
gmane.comp.gnu.pdf.devel,7,350,en,100.0,100.0,2008,2010,1
gmane.comp.ide.eclipse.plugins.eclipseshell.devel,7,350,zh-cn,100.0,0.0,2007,2009,1
gmane.comp.lang.lua.kepler-project,7,350,en,100.0,100.0,2007,2011,1
gmane.comp.printing.ghostscript.devel,7,350,en,100.0,100.0,2003,2009,1
gmane.comp.sysutils.riemann.user,7,350,en,100.0,100.0,2013,2018,1
gmane.comp.tex.pgf.user,7,350,en,100.0,100.0,2007,2013,1
gmane.comp.voip.resiprocate.devel,7,350,en,100.0,100.0,2008,2016,1
gmane.comp.web.dataparksearch.general,7,350,en,57.1,57.1,2005,2007,2
gmane.comp.web.openid.specs,7,350,en,100.0,100.0,2006,2008,1
gmane.comp.windows.dotnet.nhibernate.devel,7,350,en,85.7,85.7,2005,2008,2
gmane.comp.windows.powertools,7,350,en,100.0,100.0,2005,2008,1
gmane.linux.ipv6.usagi.users,7,350,en,100.0,100.0,2002,2007,1
gmane.linux.laptop.olpc.open,7,350,en,100.0,100.0,2007,2011,1
gmane.linux.lsb.specification,7,350,en,100.0,100.0,2002,2005,1
gmane.linux.ports.riscv,7,350,en,100.0,100.0,2018,2019,1
gmane.network.zebra.bugs,7,350,ja,42.9,14.3,2002,2006,5
gmane.org.wikimedia.wikisource,7,350,en,85.7,85.7,2006,2018,2
gmane.os.helenos.devel,7,350,en,100.0,100.0,2012,2018,1
gmane.comp.boot-loaders.fastboot.general,7,350,en,100.0,100.0,2002,2007,1
gmane.comp.gnu.health.devel,7,350,en,100.0,100.0,2014,2017,1
gmane.comp.handhelds.maemo.community,7,350,en,100.0,100.0,2008,2012,1
gmane.comp.lang.prothon.user,7,350,en,100.0,100.0,2004,2004,1
gmane.comp.ldap.umich,7,350,en,100.0,100.0,2005,2012,1
gmane.comp.otrs.devel,7,350,en,100.0,100.0,2007,2013,1
gmane.comp.web.interchange.cvs,7,350,en,85.7,85.7,2003,2012,2
gmane.education.region.romania.operating-systems,7,350,ro,100.0,0.0,2003,2008,1
gmane.ietf.woes,7,350,en,100.0,100.0,2011,2015,1
gmane.linux.suse.programming,7,350,de,100.0,0.0,2004,2010,1
gmane.comp.cloud.openstack.announce,7,350,en,100.0,100.0,2015,2019,1
gmane.comp.lib.cppcms.user,7,350,en,100.0,100.0,2010,2014,1
gmane.comp.telephony.pbx.asterisk.bsd,7,350,en,100.0,100.0,2005,2009,1
gmane.culture.people.tayama-takanawa,7,350,ru,100.0,0.0,2004,2008,1
gmane.network.etherboot.gpxe,7,350,en,85.7,85.7,2010,2011,2
gmane.os.solaris.opensolaris.userland,7,350,en,100.0,100.0,2011,2012,1
gmane.comp.gnome.mono.aspnet,7,350,en,100.0,100.0,2009,2015,1
gmane.comp.handhelds.nokia.770,7,350,ru,100.0,0.0,2009,2009,1
gmane.ietf.spring,7,350,en,100.0,100.0,2014,2019,1
gmane.linux.debian.devel.beowulf,7,350,en,71.4,71.4,2002,2006,3
gmane.org.user-groups.linux.quebec.general,7,350,fr,71.4,28.6,2000,2005,2
gmane.org.user-groups.termisoc,7,350,en,100.0,100.0,2007,2009,1
gmane.comp.gis.mapnik.user,7,350,en,100.0,100.0,2008,2011,1
gmane.comp.hardware.roku.technical,7,350,en,85.7,85.7,2003,2004,2
gmane.comp.video.tuxbox.scm,7,350,en,85.7,85.7,2009,2011,2
gmane.linux.hardware.blackfin.u-boot.scm,7,350,UNKNOWN,100.0,0.0,2008,2013,1
gmane.user-groups.foss.assoli,7,350,it,100.0,0.0,2010,2018,1
gmane.comp.graphics.scribus.scm,7,350,en,100.0,100.0,2016,2017,1
gmane.comp.ide.komodo.general,7,350,en,100.0,100.0,2003,2009,1
gmane.comp.security.ids.prelude.user,7,350,en,100.0,100.0,2003,2006,1
gmane.linux.centos.virtualization,7,350,en,100.0,100.0,2011,2018,1
gmane.linux.redhat.k12ltsp,7,350,ja,42.9,28.6,2006,2012,4
gmane.comp.mathematics.reliable-computing,7,350,en,100.0,100.0,2008,2015,1
gmane.user-groups.linux.tehlug.general,7,350,fa,100.0,0.0,2012,2017,1
gmane.comp.cms.aplaws.devel,7,350,en,100.0,100.0,2004,2007,1
gmane.ietf.grow,7,350,en,100.0,100.0,2013,2019,1
gmane.comp.apache.httpclient.user,6,300,en,100.0,100.0,2011,2019,1
gmane.comp.bug-tracking.mantis.general,6,300,en,66.7,66.7,2004,2014,3
gmane.comp.clustering.maui.user,6,300,en,83.3,83.3,2006,2011,2
gmane.comp.cms.hula.devel,6,300,en,100.0,100.0,2005,2006,1
gmane.comp.cryptography.moderncrypto.messaging,6,300,en,83.3,83.3,2014,2016,2
gmane.comp.db.monetdb.user,6,300,en,100.0,100.0,2009,2009,1
gmane.comp.debugging.insight,6,300,en,100.0,100.0,2003,2015,1
gmane.comp.encryption.tpmdd.devel,6,300,en,100.0,100.0,2016,2017,1
gmane.comp.file-systems.pvfs2.devel,6,300,en,100.0,100.0,2006,2011,1
gmane.comp.file-systems.s3ql,6,300,en,100.0,100.0,2013,2018,1
gmane.comp.handhelds.tizen.general,6,300,en,100.0,100.0,2012,2016,1
gmane.comp.java.ejbca.devel,6,300,en,100.0,100.0,2004,2019,1
gmane.comp.java.jax-rpc.devel,6,300,en,100.0,100.0,2005,2006,1
gmane.comp.java.maven-plugins.mojo.user,6,300,en,100.0,100.0,2008,2012,1
gmane.comp.java.openlaszlo.user,6,300,en,100.0,100.0,2006,2010,1
gmane.comp.java.tacos.devel,6,300,en,83.3,83.3,2005,2006,2
gmane.comp.lang.delphi.synapse.public,6,300,en,100.0,100.0,2006,2011,1
gmane.comp.lang.erlang.russian,6,300,ru,100.0,0.0,2015,2016,1
gmane.comp.lang.pure.devel,6,300,en,100.0,100.0,2012,2013,1
gmane.comp.lib.common-c++.bugs,6,300,en,100.0,100.0,2002,2004,1
gmane.comp.lib.gsl.general,6,300,en,100.0,100.0,2005,2013,1
gmane.comp.lib.netcdf,6,300,en,100.0,100.0,2011,2018,1
gmane.comp.mozilla.devel.layout.xslt,6,300,en,100.0,100.0,2003,2006,1
gmane.comp.multimedia.ogg.theora.general,6,300,en,100.0,100.0,2004,2010,1
gmane.comp.php.gtk+.devel,6,300,en,100.0,100.0,2003,2007,1
gmane.comp.php.oxid.general,6,300,en,100.0,100.0,2009,2016,1
gmane.comp.php.phptal.general,6,300,en,100.0,100.0,2009,2011,1
gmane.comp.python.db.pysqlite.user,6,300,en,83.3,83.3,2003,2008,2
gmane.comp.python.fab.user,6,300,en,100.0,100.0,2009,2018,1
gmane.comp.python.tryton.catalan,6,300,ca,66.7,16.7,2013,2015,3
gmane.comp.security.firewalls.pfsense.user,6,300,en,100.0,100.0,2005,2008,1
gmane.comp.security.sqlmap,6,300,en,100.0,100.0,2010,2017,1
gmane.comp.tex.latex.latex3,6,300,en,100.0,100.0,2006,2014,1
gmane.comp.version-control.subversion.javasvn.user,6,300,en,100.0,100.0,2010,2014,1
gmane.comp.version-control.subversion.vss2svn.user,6,300,en,100.0,100.0,2004,2008,1
gmane.comp.web.bluegriffon.devel,6,300,en,100.0,100.0,2012,2014,1
gmane.comp.web.webobjects.general,6,300,en,100.0,100.0,2002,2007,1
gmane.comp.web.wiki.phpwiki.talk,6,300,en,100.0,100.0,2004,2005,1
gmane.comp.window-managers.enlightenment.i18n,6,300,en,83.3,83.3,2009,2014,2
gmane.culture.arts.artsdelarue,6,300,fr,100.0,0.0,2011,2012,1
gmane.culture.hackers.israel,6,300,en,100.0,100.0,2002,2009,1
gmane.culture.tv.buffy-the-vampire-slayer,6,300,en,100.0,100.0,2002,2006,1
gmane.games.wesnoth-fr,6,300,fr,100.0,0.0,2004,2006,1
gmane.ietf.krb-wg,6,300,en,100.0,100.0,2002,2005,1
gmane.ietf.rtg-bfd,6,300,en,100.0,100.0,2015,2019,1
gmane.linux.cluster.openmosix.devel,6,300,en,100.0,100.0,2003,2006,1
gmane.linux.debian.devel.letsencrypt,6,300,en,83.3,83.3,2015,2018,2
gmane.linux.distributions.64studio.user,6,300,en,100.0,100.0,2008,2010,1
gmane.linux.distributions.gobo.devel,6,300,en,100.0,100.0,2006,2008,1
gmane.linux.drivers.openchrome.devel,6,300,en,83.3,83.3,2011,2018,2
gmane.linux.drivers.pvrusb2,6,300,en,100.0,100.0,2006,2009,1
gmane.linux.fam,6,300,en,50.0,50.0,2002,2007,2
gmane.linux.file-systems.yaffs,6,300,en,100.0,100.0,2005,2016,1
gmane.linux.foreman.devel,6,300,en,100.0,100.0,2015,2017,1
gmane.linux.gentoo.documentation.cvs,6,300,en,100.0,100.0,2005,2007,1
gmane.linux.irda.general,6,300,en,100.0,100.0,2005,2012,1
gmane.linux.redhat.fedora.test.announce,6,300,en,100.0,100.0,2009,2019,1
gmane.lisp.scheme.plt.devel,6,300,en,100.0,100.0,2009,2010,1
gmane.network.ssh.windows,6,300,en,100.0,100.0,2002,2008,1
gmane.org.conferences.lvee,6,300,ru,100.0,0.0,2009,2009,1
gmane.org.fsf.gfsd,6,300,en,83.3,83.3,2002,2006,2
gmane.org.google.api.data,6,300,en,100.0,100.0,2007,2009,1
gmane.org.operators.apops,6,300,en,83.3,83.3,2004,2019,2
gmane.org.user-groups.linux.turkey.deneme,6,300,en,83.3,83.3,2009,2013,2
gmane.org.wikimedia.langcom,6,300,en,100.0,100.0,2016,2018,1
gmane.os.freebsd.embedded,6,300,en,100.0,100.0,2007,2013,1
gmane.os.netbsd.devel.soc.cvs,6,300,en,100.0,100.0,2006,2008,1
gmane.os.solaris.pca,6,300,en,100.0,100.0,2008,2013,1
gmane.recreation.radio.hardware.yaesu.vr-5000,6,300,en,100.0,100.0,2003,2011,1
gmane.science.robotics.orocos.user,6,300,en,100.0,100.0,2002,2007,1
gmane.user-groups.linux.gusolt.general,6,300,es,83.3,0.0,2005,2006,2
gmane.comp.ai.mallet.devel,6,300,en,83.3,83.3,2007,2011,2
gmane.comp.apache.mod-ssl.user,6,300,en,100.0,100.0,2002,2007,1
gmane.comp.audio.fractal,6,300,en,100.0,100.0,2005,2008,1
gmane.comp.compilers.llvm.branches.scm,6,300,en,100.0,100.0,2015,2016,1
gmane.comp.documentfoundation.libreoffice.projects,6,300,en,83.3,83.3,2011,2019,2
gmane.comp.gis.openstreetmap.osmosis.devel,6,300,en,100.0,100.0,2009,2018,1
gmane.comp.gnu.dev-cpp.user,6,300,en,100.0,100.0,2004,2009,1
gmane.comp.gnu.libmicrohttpd,6,300,en,100.0,100.0,2011,2017,1
gmane.comp.handhelds.linux.kernel,6,300,en,100.0,100.0,2004,2007,1
gmane.comp.java.webwork.user,6,300,en,83.3,83.3,2002,2016,2
gmane.comp.kde.krusader.devel,6,300,en,83.3,83.3,2005,2009,2
gmane.comp.lang.ada.macosx,6,300,en,100.0,100.0,2009,2017,1
gmane.comp.lang.haskell.happs,6,300,en,100.0,100.0,2009,2013,1
gmane.comp.lang.ruby.camping.general,6,300,en,100.0,100.0,2007,2012,1
gmane.comp.lib.deltacloud.devel,6,300,en,100.0,100.0,2010,2010,1
gmane.comp.lib.vmtk.user,6,300,en,100.0,100.0,2008,2013,1
gmane.comp.programming.tools.omake.cvs,6,300,en,66.7,66.7,2005,2007,2
gmane.comp.python.pyqtgraph,6,300,en,100.0,100.0,2014,2015,1
gmane.comp.security.ids.prelude.devel,6,300,en,100.0,100.0,2003,2004,1
gmane.comp.security.metasploit,6,300,en,100.0,100.0,2008,2012,1
gmane.comp.security.pgp-n-gpg,6,300,ru,83.3,16.7,2003,2003,2
gmane.comp.telephony.yate,6,300,en,100.0,100.0,2005,2016,1
gmane.comp.tex.linguistics,6,300,en,100.0,100.0,2006,2011,1
gmane.comp.video.kino.devel,6,300,en,100.0,100.0,2003,2008,1
gmane.comp.video.mplayer.nut.devel,6,300,en,100.0,100.0,2006,2008,1
gmane.comp.web.albatross.general,6,300,en,100.0,100.0,2003,2005,1
gmane.comp.web.dreamwidth.scm,6,300,en,100.0,100.0,2009,2010,1
gmane.comp.web.wiki.wikia.general,6,300,en,100.0,100.0,2007,2008,1
gmane.comp.web.zope.plone.ngo.brazil,6,300,pt,100.0,0.0,2014,2018,1
gmane.linux.cluster.ssic.user,6,300,en,100.0,100.0,2003,2006,1
gmane.linux.distributions.gnewsense.devel,6,300,en,100.0,100.0,2009,2015,1
gmane.linux.kernel.kbuild,6,300,en,100.0,100.0,2014,2015,1
gmane.linux.kernel.profiling,6,300,en,66.7,66.7,2003,2007,2
gmane.linux.kernel.tracing,6,300,en,100.0,100.0,2003,2007,1
gmane.linux.ports.arm.cirrus,6,300,en,100.0,100.0,2006,2009,1
gmane.linux.ports.h2200,6,300,en,83.3,83.3,2005,2008,2
gmane.linux.redhat.fedora.server,6,300,en,100.0,100.0,2009,2018,1
gmane.linux.ubuntu.devel.gnome,6,300,en,100.0,100.0,2014,2016,1
gmane.network.mana.bugs,6,300,en,83.3,83.3,2002,2006,2
gmane.network.protocols.rpl,6,300,en,100.0,100.0,2011,2018,1
gmane.org.user-groups.realraum,6,300,de,100.0,0.0,2011,2014,1
gmane.org.wikimedia.wikinews,6,300,en,83.3,83.3,2007,2011,2
gmane.os.freebsd.devel.toolchain,6,300,en,100.0,100.0,2013,2018,1
gmane.os.netbsd.devel.security,6,300,en,100.0,100.0,2002,2014,1
gmane.os.opendarwin.webkit.qt,6,300,en,100.0,100.0,2010,2017,1
gmane.os.solaris.at-home,6,300,en,100.0,100.0,2002,2008,1
gmane.os.solaris.opensolaris.performance,6,300,en,100.0,100.0,2007,2010,1
gmane.comp.apache.tiles.devel,6,300,en,100.0,100.0,2011,2018,1
gmane.comp.bug-tracking.abrt.devel,6,300,en,100.0,100.0,2010,2013,1
gmane.comp.db.postgresql.pljava,6,300,en,100.0,100.0,2005,2013,1
gmane.comp.gis.freegis,6,300,en,83.3,83.3,2003,2011,2
gmane.comp.gis.openstreetmap.region.de.bayern,6,300,de,100.0,0.0,2010,2015,1
gmane.comp.gnome.love,6,300,en,100.0,100.0,2002,2011,1
gmane.comp.gnu.gawk.bugs,6,300,en,100.0,100.0,2012,2019,1
gmane.comp.ide.eclipse.orion.devel,6,300,en,100.0,100.0,2011,2014,1
gmane.comp.java.classpath.cvs,6,300,en,83.3,83.3,2002,2004,2
gmane.comp.java.openjdk.bsd.devel,6,300,en,66.7,66.7,2010,2018,2
gmane.comp.java.vm.languages,6,300,en,100.0,100.0,2008,2016,1
gmane.comp.java.wso2.esb.devel,6,300,en,100.0,100.0,2008,2009,1
gmane.comp.lang.haskell.platform,6,300,en,100.0,100.0,2009,2015,1
gmane.comp.lib.qt.qtce,6,300,en,66.7,66.7,2008,2010,2
gmane.comp.multimedia.ogg.theora.devel,6,300,en,100.0,100.0,2004,2011,1
gmane.comp.php.propel.devel,6,300,en,100.0,100.0,2005,2007,1
gmane.comp.programming.tools.tup.user,6,300,en,83.3,83.3,2012,2015,2
gmane.comp.python.sqlelixir,6,300,en,100.0,100.0,2007,2011,1
gmane.comp.shells.bash.completion.scm,6,300,en,83.3,83.3,2009,2011,2
gmane.comp.statistics.s-news,6,300,en,83.3,83.3,2006,2010,2
gmane.comp.sysutils.noflushd.devel,6,300,en,50.0,50.0,2004,2008,4
gmane.comp.tex.texinfo.pretest,6,300,en,83.3,83.3,1999,2004,2
gmane.comp.video.gstreamer.daily,6,300,en,83.3,83.3,2002,2003,2
gmane.comp.video.image-magick.devel,6,300,en,100.0,100.0,2002,2009,1
gmane.comp.video.libquicktime.devel,6,300,en,100.0,100.0,2005,2018,1
gmane.comp.video.marvel,6,300,en,50.0,50.0,2002,2010,3
gmane.comp.video.videolan.vlc.scm,6,300,en,83.3,83.3,2010,2011,2
gmane.comp.voip.security.voipsa,6,300,en,100.0,100.0,2005,2009,1
gmane.comp.volt.nuts,6,300,en,100.0,100.0,2013,2017,1
gmane.comp.web.dancer.user,6,300,en,100.0,100.0,2014,2016,1
gmane.comp.web.kupu.commits,6,300,en,100.0,100.0,2004,2010,1
gmane.comp.web.oscommerce.devel,6,300,en,100.0,100.0,2002,2003,1
gmane.comp.web.services.general,6,300,en,100.0,100.0,2002,2007,1
gmane.comp.web.webobjects.woproject.devel,6,300,en,100.0,100.0,2005,2009,1
gmane.comp.web.zope.z3base.cvs,6,300,en,50.0,50.0,2005,2009,2
gmane.comp.window-managers.fluxbox.user,6,300,en,100.0,100.0,2003,2009,1
gmane.culture.religion.muslim.progressive,6,300,en,83.3,83.3,2003,2004,2
gmane.culture.sf.delany,6,300,en,100.0,100.0,2002,2011,1
gmane.education.english.learningenglish,6,300,en,100.0,100.0,2005,2007,1
gmane.emacs.semantic,6,300,en,100.0,100.0,2004,2013,1
gmane.ietf.ace,6,300,en,100.0,100.0,2016,2018,1
gmane.ietf.rsvp,6,300,UNKNOWN,33.3,16.7,2002,2002,4
gmane.linux.blind.russian,6,300,ru,100.0,0.0,2008,2010,1
gmane.linux.cryptography,6,300,en,100.0,100.0,2004,2009,1
gmane.linux.mandrake.newbie.german,6,300,de,83.3,16.7,2004,2006,2
gmane.linux.ports.mactel.user,6,300,en,83.3,83.3,2006,2008,2
gmane.linux.ubuntu.devel.changes.hoary,6,300,en,83.3,83.3,2004,2005,2
gmane.lisp.cffi.devel,6,300,en,100.0,100.0,2005,2013,1
gmane.lisp.clsql.general,6,300,en,100.0,100.0,2004,2017,1
gmane.network.freenet.frost.cvs,6,300,en,100.0,100.0,2004,2007,1
gmane.network.jabber.delta-affinix,6,300,en,100.0,100.0,2005,2010,1
gmane.network.protocols.obex.openobex.user,6,300,en,100.0,100.0,2006,2011,1
gmane.network.volkszaehler.devel,6,300,de,83.3,0.0,2012,2019,2
gmane.org.google.api.contacts,6,300,en,100.0,100.0,2009,2012,1
gmane.org.region.indoexpat.uk,6,300,id,83.3,16.7,2006,2013,2
gmane.org.user-groups.linux.gloucs,6,300,en,100.0,100.0,2005,2011,1
gmane.org.wikimedia.wikivideo,6,300,en,83.3,83.3,2012,2014,2
gmane.os.solaris.opensolaris.sysadmin,6,300,en,100.0,100.0,2006,2007,1
gmane.os.solaris.opensolaris.xen,6,300,en,100.0,100.0,2006,2009,1
gmane.science.chemistry.avogadro.devel,6,300,en,100.0,100.0,2011,2018,1
gmane.science.linguistics.lojban.jboske,6,300,en,66.7,66.7,2002,2003,3
gmane.comp.apache.opennlp.devel,6,300,en,83.3,83.3,2015,2017,2
gmane.comp.file-systems.ext2.devel,6,300,en,100.0,100.0,2002,2006,1
gmane.comp.gdb.bugs.general,6,300,UNKNOWN,50.0,16.7,2002,2002,4
gmane.comp.gnome.bindings.java,6,300,en,100.0,100.0,2004,2011,1
gmane.comp.handhelds.android.security.discuss,6,300,en,100.0,100.0,2010,2015,1
gmane.comp.horde.gollem,6,300,en,100.0,100.0,2003,2013,1
gmane.comp.ide.boa-constructor.user,6,300,en,83.3,83.3,2004,2011,2
gmane.comp.lang.javascript.prototype-scriptaculous,6,300,en,100.0,100.0,2010,2015,1
gmane.comp.lang.lisaac.devel,6,300,en,83.3,83.3,2009,2010,2
gmane.comp.lang.perl.daily.news,6,300,en,100.0,100.0,2002,2009,1
gmane.comp.lang.ur,6,300,en,100.0,100.0,2010,2012,1
gmane.comp.sysutils.chef.user,6,300,en,100.0,100.0,2011,2014,1
gmane.comp.version-control.subversion.ankhsvn.general,6,300,en,100.0,100.0,2005,2007,1
gmane.comp.web.annotator,6,300,en,100.0,100.0,2011,2015,1
gmane.comp.web.freemarker.user,6,300,en,100.0,100.0,2004,2007,1
gmane.comp.web.laconica.devel,6,300,en,100.0,100.0,2008,2009,1
gmane.culture.language.word-of-the-day,6,300,en,100.0,100.0,2002,2007,1
gmane.culture.literature.e-books.fbreader,6,300,en,100.0,100.0,2009,2011,1
gmane.education.colombia.slec,6,300,es,83.3,16.7,2000,2014,2
gmane.ietf.rai.speermint,6,300,en,100.0,100.0,2006,2006,1
gmane.ietf.rtgwg,6,300,en,83.3,83.3,2011,2017,2
gmane.linux.foresight.devel,6,300,en,100.0,100.0,2009,2014,1
gmane.linux.leaf.scm,6,300,en,100.0,100.0,2012,2019,1
gmane.linux.ports.mips,6,300,en,100.0,100.0,2019,2019,1
gmane.mail.ezmlm,6,300,en,100.0,100.0,2002,2007,1
gmane.network.jabber.py-transports,6,300,en,100.0,100.0,2005,2010,1
gmane.network.licq.devel,6,300,en,100.0,100.0,2003,2007,1
gmane.org.user-groups.slug.festivities,6,300,en,100.0,100.0,2003,2014,1
gmane.os.openbsd.changes.weekly,6,300,en,100.0,100.0,2007,2015,1
gmane.os.opendarwin.webkit.gtk,6,300,en,100.0,100.0,2010,2018,1
gmane.science.biology.informatics.bulletin,6,300,en,100.0,100.0,2005,2007,1
gmane.science.general.global-change,6,300,en,100.0,100.0,2007,2010,1
gmane.science.robotics.fawkes.scm,6,300,en,100.0,100.0,2011,2019,1
gmane.technology.sustainable.urban,6,300,en,100.0,100.0,2005,2008,1
gmane.user-groups.linux.lugfi.general,6,300,es,83.3,0.0,2007,2008,2
gmane.comp.cms.sakai.oae.devel,6,300,en,100.0,100.0,2012,2013,1
gmane.comp.db.mysql.announce,6,300,en,100.0,100.0,2002,2019,1
gmane.comp.gis.roadmap.general,6,300,en,83.3,83.3,2006,2015,2
gmane.comp.gnu.utils,6,300,en,100.0,100.0,2004,2008,1
gmane.comp.hardware.keyboards.layout.dvorak-fr,6,300,fr,100.0,0.0,2007,2010,1
gmane.comp.java.springframework.acegisecurity.devel,6,300,en,100.0,100.0,2005,2008,1
gmane.comp.lang.rexx.oorexx.user,6,300,en,100.0,100.0,2012,2019,1
gmane.comp.lang.smalltalk.gnu.bugs,6,300,en,100.0,100.0,2005,2006,1
gmane.comp.mozilla.devel.svg,6,300,en,83.3,83.3,2002,2007,2
gmane.comp.python.numba.user,6,300,en,100.0,100.0,2014,2016,1
gmane.comp.python.twisted.bugs,6,300,en,100.0,100.0,2005,2008,1
gmane.comp.security.ids.snort.bleedingsnort,6,300,en,100.0,100.0,2005,2007,1
gmane.comp.version-control.cvs.viewcvs.devel,6,300,en,83.3,83.3,2003,2009,2
gmane.comp.version-control.rcs.bugs,6,300,en,33.3,33.3,2002,2014,5
gmane.comp.web.tellurium.user,6,300,en,100.0,100.0,2009,2011,1
gmane.comp.web.wordpress.documentation,6,300,en,100.0,100.0,2008,2013,1
gmane.comp.web.zope.opencore.bugs,6,300,en,66.7,66.7,2007,2009,3
gmane.ietf.aaa,6,300,en,100.0,100.0,2002,2004,1
gmane.linux.debian.user.dutch,6,300,nl,100.0,0.0,2009,2016,1
gmane.linux.embedded.yocto.meta-xilinx,6,300,en,100.0,100.0,2016,2019,1
gmane.linux.gentoo.documentation,6,300,en,100.0,100.0,2003,2008,1
gmane.linux.real-time.rtnet.user,6,300,en,83.3,83.3,2004,2010,2
gmane.linux.redhat.et-mgmt-tools,6,300,en,100.0,100.0,2007,2008,1
gmane.network.nfsen.general,6,300,en,100.0,100.0,2007,2019,1
gmane.network.rdesktop.devel,6,300,en,100.0,100.0,2004,2011,1
gmane.org.creativecommons.italy.community,6,300,it,100.0,0.0,2005,2012,1
gmane.org.w3c.validator.feed,6,300,en,66.7,66.7,2007,2017,2
gmane.org.wikimedia.ghana,6,300,en,100.0,100.0,2014,2016,1
gmane.os.netbsd.ports.cobalt,6,300,en,100.0,100.0,2005,2007,1
gmane.text.refdb.general,6,300,en,100.0,100.0,2003,2007,1
gmane.text.xml.xindice.user,6,300,en,100.0,100.0,2002,2004,1
gmane.user-groups.foss.cluj-napoca,6,300,ro,100.0,0.0,2008,2011,1
gmane.user-groups.linux.el-salvador.opensuse,6,300,es,100.0,0.0,2011,2013,1
gmane.comp.apache.httpd.test.devel,6,300,en,83.3,83.3,2002,2004,2
gmane.comp.apache.labs.devel,6,300,en,66.7,66.7,2007,2017,2
gmane.comp.audio.easytag.general,6,300,en,100.0,100.0,2012,2016,1
gmane.comp.db.mysql.cluster,6,300,en,83.3,83.3,2009,2012,2
gmane.comp.gnu.inetutils.bugs,6,300,en,100.0,100.0,2005,2015,1
gmane.comp.java.cargo.user,6,300,en,83.3,83.3,2007,2013,2
gmane.comp.lang.haskell.cvs.fptools,6,300,en,83.3,83.3,2002,2005,2
gmane.comp.lang.r.datatable,6,300,en,100.0,100.0,2011,2018,1
gmane.comp.multimedia.ogg.devel,6,300,en,100.0,100.0,2005,2008,1
gmane.comp.php.sabredav,6,300,en,100.0,100.0,2013,2015,1
gmane.comp.programming.tools.ast.devel,6,300,en,100.0,100.0,2012,2015,1
gmane.comp.python.cherrypy.devel,6,300,en,100.0,100.0,2008,2010,1
gmane.comp.security.dshield.unisog,6,300,en,100.0,100.0,2004,2006,1
gmane.comp.version-control.bazaar-ng.gtk,6,300,en,100.0,100.0,2008,2009,1
gmane.comp.web.zope.epoz,6,300,en,83.3,83.3,2004,2009,2
gmane.editors.bitflux.cvs,6,300,en,83.3,83.3,2003,2011,2
gmane.editors.texmacs.user,6,300,en,100.0,100.0,2003,2011,1
gmane.emacs.code-browser,6,300,en,100.0,100.0,2003,2006,1
gmane.ietf.calsify,6,300,en,100.0,100.0,2005,2019,1
gmane.ietf.eap,6,300,en,100.0,100.0,2002,2007,1
gmane.linux.debian.devel.debtags,6,300,en,100.0,100.0,2005,2011,1
gmane.linux.debian.devel.exim4.user,6,300,en,100.0,100.0,2005,2011,1
gmane.linux.utilities.smartmontools.database,6,300,en,100.0,100.0,2008,2014,1
gmane.lisp.lib.tbnl.general,6,300,en,100.0,100.0,2006,2014,1
gmane.mail.bogofilter.devel,6,300,en,100.0,100.0,2002,2008,1
gmane.network.freerdp.devel,6,300,en,100.0,100.0,2011,2019,1
gmane.org.freifunk.potsdam,6,300,de,100.0,0.0,2010,2017,1
gmane.org.netlabs.genmac.user,6,300,en,100.0,100.0,2006,2010,1
gmane.os.freebsd.devel.smp,6,300,en,100.0,100.0,2002,2003,1
gmane.text.yaml.general,6,300,en,100.0,100.0,2003,2009,1
gmane.comp.embedded.ezx.general,6,300,en,83.3,83.3,2006,2013,2
gmane.comp.horde.ingo,6,300,en,100.0,100.0,2004,2014,1
gmane.comp.init.initng.general,6,300,en,100.0,100.0,2005,2008,1
gmane.comp.java.openlaszlo.reviews,6,300,en,100.0,100.0,2009,2010,1
gmane.comp.java.sun.ejb.general,6,300,en,100.0,100.0,2000,2004,1
gmane.comp.lib.qt.qbs,6,300,en,100.0,100.0,2014,2018,1
gmane.comp.programming.scrum.agilo,6,300,en,100.0,100.0,2009,2012,1
gmane.comp.python.dotnet,6,300,en,100.0,100.0,2005,2017,1
gmane.comp.web.kss.scm,6,300,en,83.3,83.3,2007,2009,2
gmane.law.gpl.violations.legal,6,300,en,100.0,100.0,2005,2013,1
gmane.linux.kernel.autotest.virt-test,6,300,en,100.0,100.0,2012,2015,1
gmane.linux.pam,6,300,en,100.0,100.0,2002,2010,1
gmane.lisp.web.uncommonweb.devel,6,300,en,100.0,100.0,2005,2007,1
gmane.network.netdisco.user,6,300,en,100.0,100.0,2014,2017,1
gmane.network.thin-clients.openthinclient.user,6,300,en,100.0,100.0,2010,2014,1
gmane.org.clubs.nwbiodiesel.general,6,300,en,100.0,100.0,2004,2011,1
gmane.org.fsf.announce,6,300,en,100.0,100.0,2002,2012,1
gmane.org.user-groups.linux.venezuela.linux,6,300,es,100.0,0.0,2009,2012,1
gmane.org.user-groups.ruby.phoenix,6,300,en,100.0,100.0,2008,2015,1
gmane.org.w3c.public-iri,6,300,en,100.0,100.0,2005,2012,1
gmane.os.freebsd.xen,6,300,en,100.0,100.0,2010,2016,1
gmane.comp.db.postgresql.devel.win32,6,300,en,100.0,100.0,2004,2005,1
gmane.comp.graphics.qwt.general,6,300,en,100.0,100.0,2008,2014,1
gmane.comp.java.jpos.devel,6,300,en,100.0,100.0,2004,2007,1
gmane.comp.lang.d.dmd.beta,6,300,en,100.0,100.0,2011,2013,1
gmane.comp.php.zend.framework.contributors,6,300,en,100.0,100.0,2009,2011,1
gmane.comp.python.idle,6,300,en,100.0,100.0,2002,2019,1
gmane.comp.tex.bibtex.bibdesk.devel,6,300,en,100.0,100.0,2007,2014,1
gmane.comp.tex.tugindia,6,300,en,100.0,100.0,2003,2018,1
gmane.comp.version-control.cvs.utils,6,300,en,66.7,66.7,2003,2005,2
gmane.linux.debian.alioth.pkg-gnupg.general,6,300,en,100.0,100.0,2015,2019,1
gmane.linux.kernel.virtualization.lguest,6,300,en,100.0,100.0,2008,2017,1
gmane.linux.lib.dietlibc,6,300,en,100.0,100.0,2004,2007,1
gmane.org.user-groups.linux.owl,6,300,de,100.0,0.0,2008,2010,1
gmane.science.linguistics.wikipedia.castellano,6,300,es,100.0,0.0,2004,2019,1
gmane.comp.cms.infoglue.devel,6,300,en,100.0,100.0,2005,2009,1
gmane.comp.graphics.directfb.user,6,300,en,100.0,100.0,2008,2012,1
gmane.comp.handhelds.ipaq.ipaqworld,6,300,en,100.0,100.0,2006,2008,1
gmane.comp.lang.stratego.user,6,300,en,100.0,100.0,2007,2014,1
gmane.comp.mozilla.devel.testpilot,6,300,en,100.0,100.0,2011,2011,1
gmane.comp.mozilla.sage,6,300,en,100.0,100.0,2004,2006,1
gmane.comp.python.windows-ce,6,300,en,100.0,100.0,2002,2009,1
gmane.ietf.6tisch,6,300,en,100.0,100.0,2015,2018,1
gmane.ietf.mipshop,6,300,en,100.0,100.0,2005,2010,1
gmane.linux.cluster.oscar.devel,6,300,en,100.0,100.0,2006,2013,1
gmane.linux.debian.alioth.pkg-mozext-maintainers,6,300,en,100.0,100.0,2015,2018,1
gmane.linux.pld.bugs,6,300,en,33.3,33.3,2004,2013,4
gmane.os.cygwin.devel,6,300,en,100.0,100.0,2011,2018,1
gmane.os.reactos.general,6,300,en,83.3,83.3,2003,2017,2
gmane.comp.audio.hydrogen.devel,6,300,en,100.0,100.0,2009,2017,1
gmane.comp.audio.madman.general,6,300,en,83.3,83.3,2003,2009,2
gmane.comp.emulators.qemu.user,6,300,en,100.0,100.0,2015,2019,1
gmane.comp.gcc.cross-compiling.arm,6,300,en,100.0,100.0,2006,2009,1
gmane.comp.gnu.mll2html.bugs,6,300,en,50.0,50.0,2004,2006,4
gmane.comp.java.xstream.devel,6,300,en,100.0,100.0,2005,2009,1
gmane.comp.openoffice.releases,6,300,en,83.3,83.3,2006,2010,2
gmane.comp.web.kupu.devel,6,300,en,100.0,100.0,2004,2007,1
gmane.education.publications.bryn-mawr-classical-review,6,300,en,100.0,100.0,2004,2007,1
gmane.linux.arch.projects,6,300,en,100.0,100.0,2011,2017,1
gmane.linux.kernel.arc,6,300,en,83.3,83.3,2016,2019,2
gmane.linux.redhat.fedora.core.announce,6,300,en,100.0,100.0,2005,2011,1
gmane.linux.redhat.rhl.devel,6,300,en,100.0,100.0,2003,2003,1
gmane.linux.redhat.sound,6,300,en,83.3,83.3,2002,2004,2
gmane.comp.gnome.liferea.devel,6,300,en,100.0,100.0,2007,2012,1
gmane.comp.gnu.libtool.cvs,6,300,en,83.3,83.3,2003,2014,2
gmane.comp.java.openjdk.i18n.devel,6,300,en,100.0,100.0,2012,2019,1
gmane.comp.lang.perl.ports.vms,6,300,en,100.0,100.0,2003,2010,1
gmane.comp.telephony.pbx.asterisk.iaxclient.devel,6,300,en,100.0,100.0,2004,2007,1
gmane.comp.tex.luatex,6,300,en,100.0,100.0,2009,2018,1
gmane.linux.debian.devel.ipv6,6,300,en,66.7,66.7,2002,2016,3
gmane.linux.redhat.fedora.devel.announce,6,300,en,100.0,100.0,2009,2019,1
gmane.mail.mahogany.devel,6,300,en,100.0,100.0,2003,2007,1
gmane.org.user-groups.linux.livlug,6,300,en,83.3,83.3,2013,2018,2
gmane.comp.finance.ledger.smb.scm,6,300,en,100.0,100.0,2011,2012,1
gmane.comp.lang.javascript.commonjs,6,300,en,100.0,100.0,2010,2010,1
gmane.comp.tex.tex4ht,6,300,en,100.0,100.0,2013,2018,1
gmane.ietf.newtrk,6,300,en,100.0,100.0,2004,2006,1
gmane.linux.laptop.olpc.debian.devel,6,300,it,33.3,33.3,2010,2017,4
gmane.linux.mandrake.cooker.urpm,6,300,en,100.0,100.0,2005,2007,1
gmane.linux.oracle.el-errata,6,300,en,100.0,100.0,2013,2016,1
gmane.network.federated.mediagoblin,6,300,en,100.0,100.0,2011,2015,1
gmane.network.mldonkey.bugs,6,300,en,100.0,100.0,2004,2008,1
gmane.comp.gnome.dashboard.devel,6,300,en,100.0,100.0,2004,2007,1
gmane.comp.gnu.oleo.general,6,300,en,83.3,83.3,2006,2007,2
gmane.comp.handhelds.linux.jornada,6,300,en,100.0,100.0,2002,2007,1
gmane.comp.hardware.avr.avrdude.devel,6,300,en,100.0,100.0,2007,2013,1
gmane.comp.kde.devel.cygwin,6,300,en,100.0,100.0,2003,2005,1
gmane.comp.mozilla.devel.layout,6,300,en,100.0,100.0,2004,2007,1
gmane.comp.web.rdfweb,6,300,en,100.0,100.0,2002,2010,1
gmane.linux.kernel.modules,6,300,en,100.0,100.0,2009,2016,1
gmane.comp.crm.obm.general,6,300,fr,83.3,16.7,2008,2017,2
gmane.comp.embedded.freewrt.devel,6,300,en,100.0,100.0,2006,2007,1
gmane.linux.debian.devel.spanish,6,300,es,50.0,50.0,2002,2013,2
gmane.linux.distributions.rock.devel,6,300,en,83.3,83.3,2004,2008,2
gmane.comp.mozilla.devel.servo,6,300,en,83.3,83.3,2013,2019,2
gmane.comp.programming.goos,6,300,en,100.0,100.0,2011,2013,1
gmane.linux.lfs.clfs.support,6,300,en,100.0,100.0,2006,2014,1
gmane.os.openbsd.ppc,6,300,en,100.0,100.0,2003,2011,1
gmane.comp.db.postgresql.ports,6,300,en,100.0,100.0,2004,2006,1
gmane.emacs.planner.general,6,300,en,100.0,100.0,2006,2009,1
gmane.network.onion-routing.ornetradar,6,300,UNKNOWN,66.7,16.7,2015,2019,3
gmane.comp.mozilla.phoenix,6,300,ja,33.3,16.7,2004,2006,4
gmane.org.user-groups.dotnet.altnetconf,6,300,en,100.0,100.0,2007,2008,1
gmane.comp.apache.archiva.user,6,300,en,100.0,100.0,2009,2015,1
gmane.comp.apache.shiro.devel,6,300,en,66.7,66.7,2012,2019,2
gmane.comp.gnome.gaim.bugs,6,300,en,100.0,100.0,2007,2007,1
gmane.comp.java.enhydra.barracuda.general,6,300,en,100.0,100.0,2002,2003,1
gmane.comp.misc.racktables.user,6,300,en,100.0,100.0,2012,2018,1
gmane.org.user-groups.linux.hawkes-bay,6,300,en,100.0,100.0,2004,2009,1
gmane.comp.audio.clementine,6,300,en,100.0,100.0,2014,2018,1
gmane.comp.web.crosswalk.help,6,300,en,100.0,100.0,2014,2016,1
gmane.mail.spam.razor.user,6,300,en,100.0,100.0,2002,2002,1
gmane.science.robotics.playerstage.gazebo,6,300,en,100.0,100.0,2006,2014,1
gmane.comp.apache.logging.log4cxx.user,6,300,en,100.0,100.0,2004,2017,1
gmane.science.linguistics.wikipedia.arabic,6,300,ar,100.0,0.0,2009,2018,1
gmane.comp.gdb.top-level.cvs,6,300,en,83.3,83.3,2003,2015,2
gmane.comp.apache.builds,5,250,en,80.0,80.0,2014,2019,2
gmane.comp.cloud.crowbar,5,250,en,100.0,100.0,2013,2014,1
gmane.comp.db.postgresql.dbdpg.cvs,5,250,en,100.0,100.0,2005,2017,1
gmane.comp.documentfoundation.libreoffice.marketing.us,5,250,en,100.0,100.0,2011,2018,1
gmane.comp.erp.openbravo.devel,5,250,en,100.0,100.0,2008,2014,1
gmane.comp.finance.jbilling.user,5,250,en,100.0,100.0,2009,2009,1
gmane.comp.freedesktop.xlibs.cvs,5,250,en,100.0,100.0,2004,2007,1
gmane.comp.gcc.devel,5,250,en,100.0,100.0,2002,2002,1
gmane.comp.gis.mapproxy.user,5,250,en,100.0,100.0,2011,2017,1
gmane.comp.gnome.ximian.openoffice,5,250,en,80.0,80.0,2006,2010,2
gmane.comp.java.abbot.user,5,250,en,100.0,100.0,2005,2006,1
gmane.comp.java.jasperreports.general,5,250,en,100.0,100.0,2006,2012,1
gmane.comp.lang.ats.user,5,250,en,100.0,100.0,2009,2014,1
gmane.comp.lang.chapel.devel,5,250,en,100.0,100.0,2014,2017,1
gmane.comp.lang.jruby.extras.devel,5,250,UNKNOWN,80.0,20.0,2007,2008,2
gmane.comp.lang.lightweight,5,250,en,100.0,100.0,2003,2005,1
gmane.comp.lang.ocaml.lib.devel,5,250,en,80.0,80.0,2004,2009,2
gmane.comp.lang.perl.modules.ldap,5,250,en,100.0,100.0,2003,2013,1
gmane.comp.macosx.calendarserver.devel,5,250,en,100.0,100.0,2008,2016,1
gmane.comp.networking.perfsonar.user,5,250,en,100.0,100.0,2014,2018,1
gmane.comp.openoffice.users.dutch,5,250,nl,100.0,0.0,2005,2010,1
gmane.comp.php.xdebug.devel,5,250,en,80.0,80.0,2006,2019,2
gmane.comp.python.opencl,5,250,en,80.0,80.0,2013,2019,2
gmane.comp.python.pypa.devel,5,250,en,100.0,100.0,2014,2016,1
gmane.comp.science.opengate.user,5,250,en,100.0,100.0,2009,2011,1
gmane.comp.science.photonic-bands,5,250,en,80.0,80.0,2002,2012,2
gmane.comp.security.phc,5,250,en,100.0,100.0,2014,2015,1
gmane.comp.systems.as400.code,5,250,en,100.0,100.0,2003,2008,1
gmane.comp.sysutils.pim.taskcoach,5,250,en,100.0,100.0,2008,2011,1
gmane.comp.telephony.pbx.openpbx.users,5,250,en,100.0,100.0,2006,2009,1
gmane.comp.tex.texinfo.general,5,250,en,100.0,100.0,2003,2019,1
gmane.comp.video.videodb.devel,5,250,en,100.0,100.0,2004,2008,1
gmane.comp.web.maverick.general,5,250,en,100.0,100.0,2002,2012,1
gmane.comp.web.web-polygraph.user,5,250,en,100.0,100.0,2001,2017,1
gmane.comp.window-managers.openbox,5,250,en,100.0,100.0,2006,2018,1
gmane.culture.discuss.conspiracy,5,250,en,100.0,100.0,2005,2011,1
gmane.culture.media.idc,5,250,en,100.0,100.0,2008,2010,1
gmane.education.libraries.koha.patches,5,250,en,100.0,100.0,2011,2015,1
gmane.ietf.bmwg,5,250,en,100.0,100.0,2004,2018,1
gmane.ietf.opsec,5,250,en,100.0,100.0,2014,2017,1
gmane.ietf.perpass,5,250,en,100.0,100.0,2013,2014,1
gmane.linux.assembly,5,250,en,100.0,100.0,2002,2006,1
gmane.linux.debian.devel.toolchain,5,250,en,60.0,60.0,2015,2017,2
gmane.linux.distributions.ltib.general,5,250,en,80.0,80.0,2011,2013,2
gmane.linux.gentoo.newbies,5,250,en,100.0,100.0,2002,2002,1
gmane.linux.kernel.announce,5,250,en,100.0,100.0,2013,2019,1
gmane.linux.laptop.olpc.sur,5,250,es,60.0,40.0,2011,2016,2
gmane.linux.redhat.piranha,5,250,fr,40.0,40.0,2002,2006,3
gmane.linux.redhat.release.rhel6,5,250,en,100.0,100.0,2010,2013,1
gmane.mail.mlmmj.general,5,250,en,100.0,100.0,2007,2014,1
gmane.mail.perdition.user,5,250,en,100.0,100.0,2003,2009,1
gmane.mail.zoe.devel,5,250,en,60.0,60.0,2009,2015,2
gmane.music.equipment.slimdevices.jive,5,250,en,100.0,100.0,2008,2010,1
gmane.network.bit-torrent.rtorrent.devel,5,250,en,100.0,100.0,2006,2008,1
gmane.network.jabber.ekg2.devel,5,250,pl,100.0,0.0,2007,2009,1
gmane.network.routing.codel,5,250,en,100.0,100.0,2012,2016,1
gmane.org.user-groups.linux.luga,5,250,de,100.0,0.0,2006,2010,1
gmane.org.user-groups.php.nyphp.joomla,5,250,en,100.0,100.0,2007,2013,1
gmane.org.wikimedia.multimedia,5,250,en,100.0,100.0,2014,2014,1
gmane.os.apple.fink.core,5,250,en,80.0,80.0,2005,2008,2
gmane.recreation.cars.nissan.tech,5,250,en,100.0,100.0,2004,2006,1
gmane.recreation.photography.equipment.kiev88,5,250,en,100.0,100.0,2005,2008,1
gmane.user-groups.foss.india.fosscomm,5,250,en,80.0,80.0,2009,2012,2
gmane.user-groups.linux.india.general,5,250,en,100.0,100.0,2003,2005,1
gmane.comp.apache.infrastructure.devel,5,250,en,100.0,100.0,2009,2015,1
gmane.comp.apache.mod-security.owasp-crs,5,250,en,100.0,100.0,2011,2017,1
gmane.comp.apache.shale.issues,5,250,en,80.0,80.0,2006,2007,2
gmane.comp.audio.zinf.devel,5,250,en,100.0,100.0,2003,2003,1
gmane.comp.cms.jahia.install,5,250,en,100.0,100.0,2004,2006,1
gmane.comp.db.mckoi,5,250,en,100.0,100.0,2004,2005,1
gmane.comp.embedded.eldk,5,250,en,100.0,100.0,2009,2013,1
gmane.comp.file-systems.camlistore,5,250,en,100.0,100.0,2014,2016,1
gmane.comp.graphics.panotools.ng,5,250,en,100.0,100.0,2006,2006,1
gmane.comp.handhelds.tungsten-t,5,250,en,100.0,100.0,2004,2006,1
gmane.comp.java.io.netty,5,250,en,100.0,100.0,2014,2019,1
gmane.comp.java.mauve.general,5,250,en,100.0,100.0,2004,2005,1
gmane.comp.java.terracotta.devel,5,250,en,100.0,100.0,2007,2009,1
gmane.comp.kde.devel.utils,5,250,en,80.0,80.0,2010,2017,2
gmane.comp.kde.internationalization.hebrew,5,250,he,60.0,20.0,2004,2009,3
gmane.comp.lang.as400.mi,5,250,en,100.0,100.0,2004,2010,1
gmane.comp.lang.c++.odb.user,5,250,en,100.0,100.0,2013,2015,1
gmane.comp.lang.ruby.documentation,5,250,en,100.0,100.0,2004,2011,1
gmane.comp.openoffice.scm.allsvn,5,250,en,100.0,100.0,2009,2009,1
gmane.comp.package-management.opkg.devel,5,250,en,100.0,100.0,2012,2017,1
gmane.comp.python.pyjamas.devel,5,250,en,100.0,100.0,2012,2012,1
gmane.comp.python.pythoncard,5,250,en,100.0,100.0,2004,2009,1
gmane.comp.security.firewalls.tiny,5,250,en,60.0,60.0,2007,2015,3
gmane.comp.sysutils.backup.bareos.user,5,250,en,100.0,100.0,2013,2017,1
gmane.comp.tex.latex.beamer.general,5,250,en,100.0,100.0,2008,2012,1
gmane.comp.text.mods,5,250,en,80.0,80.0,2010,2018,2
gmane.comp.web.planet.devel,5,250,en,100.0,100.0,2006,2009,1
gmane.comp.web.varnish.dev,5,250,en,100.0,100.0,2010,2014,1
gmane.comp.window-managers.wmi.devel,5,250,en,100.0,100.0,2004,2005,1
gmane.comp.windows.unattended.devel,5,250,en,100.0,100.0,2006,2012,1
gmane.comp.xfree86.forum,5,250,en,100.0,100.0,2003,2006,1
gmane.games.roguelike.tome,5,250,en,100.0,100.0,2008,2017,1
gmane.ietf.lisp,5,250,en,100.0,100.0,2011,2017,1
gmane.ietf.pim,5,250,en,100.0,100.0,2003,2018,1
gmane.ietf.sacred,5,250,en,100.0,100.0,2000,2002,1
gmane.linux.admin.managers,5,250,en,100.0,100.0,2003,2004,1
gmane.lisp.scheme.ikarus.user,5,250,en,100.0,100.0,2009,2010,1
gmane.network.jabber.user,5,250,en,100.0,100.0,2002,2008,1
gmane.network.mldonkey.cvs,5,250,en,60.0,60.0,2005,2005,2
gmane.org.comp.owasp.malaysia,5,250,en,60.0,60.0,2011,2015,2
gmane.org.netlabs.ecups.devel,5,250,en,100.0,100.0,2009,2012,1
gmane.org.wikimedia.foundation.switzerland,5,250,de,60.0,20.0,2006,2014,3
gmane.org.wikimedia.portugal,5,250,pt,100.0,0.0,2010,2013,1
gmane.politics.organizations.demexp.devel,5,250,en,100.0,100.0,2004,2007,1
gmane.science.biology.informatics.base.users,5,250,en,100.0,100.0,2006,2011,1
gmane.user-groups.linux.euglug,5,250,en,100.0,100.0,2008,2011,1
gmane.comp.db.leveldb,5,250,en,100.0,100.0,2011,2013,1
gmane.comp.desktop.xfce.goodies.devel,5,250,en,60.0,60.0,2004,2005,2
gmane.comp.games.mud.devel,5,250,en,100.0,100.0,2004,2005,1
gmane.comp.gis.openstreetmap.region.de.mecklenburg-vorpommern,5,250,de,100.0,0.0,2009,2013,1
gmane.comp.gis.openstreetmap.region.fr.devel,5,250,fr,100.0,0.0,2011,2015,1
gmane.comp.gnome.orbit.c++,5,250,en,80.0,80.0,2002,2016,2
gmane.comp.gnu.dotgnu.devel,5,250,en,60.0,60.0,2006,2006,3
gmane.comp.gnu.m4.bugs,5,250,en,100.0,100.0,2004,2011,1
gmane.comp.gnu.radius.general,5,250,en,60.0,60.0,2002,2016,3
gmane.comp.graphics.gnuplot.bugs,5,250,en,80.0,80.0,2007,2010,2
gmane.comp.graphics.omnigraffle.user,5,250,en,100.0,100.0,2004,2007,1
gmane.comp.hardware.altkeyboards,5,250,en,100.0,100.0,2002,2009,1
gmane.comp.hardware.keyboards.layout.nordtast,5,250,de,100.0,0.0,2011,2016,1
gmane.comp.java.netbeans.reviewers,5,250,en,100.0,100.0,2002,2009,1
gmane.comp.kde.devel.kget,5,250,en,80.0,80.0,2007,2013,2
gmane.comp.lib.clutter,5,250,en,100.0,100.0,2008,2009,1
gmane.comp.monitoring.opsview.devel,5,250,UNKNOWN,100.0,0.0,2010,2013,1
gmane.comp.mozilla.performance,5,250,en,100.0,100.0,2002,2007,1
gmane.comp.python.wxglade,5,250,en,100.0,100.0,2004,2009,1
gmane.comp.sysutils.dejagnu.general,5,250,en,80.0,80.0,2003,2007,2
gmane.comp.voip.minisip.user,5,250,en,100.0,100.0,2005,2008,1
gmane.comp.web.mason.devel,5,250,en,100.0,100.0,2002,2007,1
gmane.comp.window-managers.i3.general,5,250,en,100.0,100.0,2012,2017,1
gmane.culture.templar.rosemont,5,250,en,100.0,100.0,2008,2017,1
gmane.education.misc.noragging,5,250,en,80.0,80.0,2005,2009,2
gmane.linux.arch.releng,5,250,en,100.0,100.0,2011,2013,1
gmane.linux.debian.devel.webapps,5,250,en,100.0,100.0,2005,2014,1
gmane.network.irc.blitzed.web,5,250,en,60.0,60.0,2002,2005,2
gmane.network.jabber.ekg2.cvs,5,250,en,100.0,100.0,2007,2010,1
gmane.network.jabber.jabberd2,5,250,en,100.0,100.0,2008,2013,1
gmane.network.miranda-im.devel,5,250,en,100.0,100.0,2006,2008,1
gmane.network.opendaylight.sfc.devel,5,250,en,100.0,100.0,2016,2018,1
gmane.os.freebsd.devel.openoffice,5,250,en,80.0,80.0,2005,2009,2
gmane.text.xml.xerces-c.user,5,250,en,80.0,80.0,2007,2013,2
gmane.comp.apache.commons.general,5,250,en,100.0,100.0,2005,2013,1
gmane.comp.apache.mod-python.devel,5,250,en,100.0,100.0,2005,2006,1
gmane.comp.cms.meshcms.general,5,250,en,100.0,100.0,2006,2006,1
gmane.comp.gnu.gettext.bugs,5,250,en,100.0,100.0,2014,2018,1
gmane.comp.ide.eclipse.mylar.devel,5,250,en,100.0,100.0,2007,2017,1
gmane.comp.java.clojure.aleph,5,250,en,100.0,100.0,2012,2014,1
gmane.comp.java.jcontainer.cvs,5,250,en,100.0,100.0,2003,2003,1
gmane.comp.java.wadi.cvs,5,250,UNKNOWN,60.0,40.0,2005,2008,2
gmane.comp.lang.d.runtime,5,250,en,80.0,80.0,2010,2013,2
gmane.comp.lang.nasm.devel,5,250,en,100.0,100.0,2008,2016,1
gmane.comp.lang.realbasic.plugins,5,250,en,100.0,100.0,2006,2008,1
gmane.comp.lang.ruby.sinatra.general,5,250,en,100.0,100.0,2010,2011,1
gmane.comp.mozilla.devel.mobile,5,250,en,100.0,100.0,2013,2016,1
gmane.comp.printing.hplip.user,5,250,en,100.0,100.0,2006,2007,1
gmane.comp.python.cx-freeze.user,5,250,en,100.0,100.0,2011,2014,1
gmane.comp.python.django.oscar,5,250,en,100.0,100.0,2015,2018,1
gmane.comp.python.wwwsearch.general,5,250,en,80.0,80.0,2006,2008,2
gmane.comp.sysutils.pim.taskcoach.devel,5,250,en,100.0,100.0,2008,2012,1
gmane.comp.window-managers.ctwm,5,250,en,100.0,100.0,2005,2017,1
gmane.comp.windows.dotnet.nunit.cvs,5,250,en,100.0,100.0,2008,2009,1
gmane.education.schools.virtual-university,5,250,en,100.0,100.0,2004,2009,1
gmane.emacs.nxml.general,5,250,en,100.0,100.0,2004,2016,1
gmane.games.devel.mud.rom,5,250,en,100.0,100.0,2004,2006,1
gmane.games.scrabble.quackle,5,250,en,100.0,100.0,2006,2015,1
gmane.linux.lfs.clfs.devel,5,250,en,100.0,100.0,2007,2013,1
gmane.linux.redhat.taroon,5,250,en,100.0,100.0,2003,2003,1
gmane.linux.slackware.armedslack,5,250,en,100.0,100.0,2009,2013,1
gmane.mail.mailman.user,5,250,en,100.0,100.0,1999,1999,1
gmane.network.nav.user,5,250,en,100.0,100.0,2006,2017,1
gmane.network.openchange.devel,5,250,en,100.0,100.0,2007,2010,1
gmane.network.opendaylight.openflowplugin.devel,5,250,en,100.0,100.0,2016,2017,1
gmane.org.freifunk.hannover,5,250,de,100.0,0.0,2015,2018,1
gmane.org.google.api.docs,5,250,en,80.0,80.0,2009,2018,2
gmane.org.misc.hcoop.general,5,250,en,100.0,100.0,2006,2009,1
gmane.org.user-groups.linux.blu.hardware,5,250,en,100.0,100.0,2011,2015,1
gmane.os.freebsd.devel.rc,5,250,en,100.0,100.0,2011,2014,1
gmane.science.biology.xplor-nih.general,5,250,en,100.0,100.0,2007,2014,1
gmane.text.xml.xmlbeans.devel,5,250,en,100.0,100.0,2006,2012,1
gmane.user-groups.foss.libreplanet.sao-paulo,5,250,pt,80.0,0.0,2013,2017,2
gmane.comp.distributed.condor.devel,5,250,en,100.0,100.0,2005,2013,1
gmane.comp.embedded.ptxdist.oselas.community,5,250,en,100.0,100.0,2011,2016,1
gmane.comp.gnome.bindings.java.devel,5,250,en,100.0,100.0,2005,2009,1
gmane.comp.gnome.glade.devel,5,250,en,100.0,100.0,2004,2010,1
gmane.comp.hardware.arduino.teachers,5,250,en,80.0,80.0,2012,2018,2
gmane.comp.ide.eclipse.rap.devel,5,250,en,100.0,100.0,2011,2015,1
gmane.comp.jakarta.alexandria.devel,5,250,en,80.0,80.0,2002,2002,2
gmane.comp.jakarta.lucene.hadoop.general,5,250,en,100.0,100.0,2014,2018,1
gmane.comp.jakarta.turbine.jcs.devel,5,250,en,100.0,100.0,2004,2006,1
gmane.comp.lang.haskell.arch-linux,5,250,en,100.0,100.0,2010,2015,1
gmane.comp.lang.haskell.diagrams,5,250,en,100.0,100.0,2013,2015,1
gmane.comp.lang.perl.qotw.discuss,5,250,en,100.0,100.0,2002,2004,1
gmane.comp.lib.libusbx.devel,5,250,en,100.0,100.0,2012,2014,1
gmane.comp.mathematics.scilab.devel,5,250,en,100.0,100.0,2008,2018,1
gmane.comp.multimedia.xmms.devel,5,250,en,100.0,100.0,1999,2001,1
gmane.comp.python.cuda,5,250,en,100.0,100.0,2009,2014,1
gmane.comp.security.ids.oisf.devel,5,250,en,100.0,100.0,2012,2019,1
gmane.comp.security.scapy.general,5,250,en,60.0,60.0,2006,2013,2
gmane.comp.serendipity.trackers,5,250,en,100.0,100.0,2004,2007,1
gmane.comp.video.blender.user,5,250,en,100.0,100.0,2002,2011,1
gmane.education.cis,5,250,en,100.0,100.0,2003,2005,1
gmane.education.policy.acupa,5,250,en,100.0,100.0,2014,2015,1
gmane.ietf.anima,5,250,en,100.0,100.0,2016,2018,1
gmane.linux.debian.devel.dkms,5,250,en,80.0,80.0,2009,2016,2
gmane.linux.debian.women,5,250,en,80.0,80.0,2004,2017,2
gmane.linux.redhat.fedora.freeworld,5,250,en,100.0,100.0,2006,2008,1
gmane.linux.sound,5,250,en,100.0,100.0,2006,2018,1
gmane.linux.suse.m17n,5,250,en,100.0,100.0,2004,2006,1
gmane.linux.ubuntu.translators.gl,5,250,es,60.0,20.0,2009,2010,3
gmane.mail.spam.crm114.devel,5,250,en,100.0,100.0,2004,2008,1
gmane.org.clubs.dba.bargelife,5,250,en,80.0,80.0,2013,2015,2
gmane.org.fsf.proofreaders,5,250,en,40.0,40.0,2004,2005,3
gmane.org.user-groups.linux.albacete,5,250,es,100.0,0.0,2007,2012,1
gmane.org.user-groups.zope.zugod.general,5,250,en,100.0,100.0,2007,2011,1
gmane.org.w3c.uri,5,250,en,100.0,100.0,2007,2012,1
gmane.os.netbsd.ports.powerpc,5,250,en,100.0,100.0,2004,2015,1
gmane.os.solaris.opencsw.user,5,250,en,100.0,100.0,2010,2019,1
gmane.comp.ai.machine-learning.vowpal-wabbit,5,250,en,100.0,100.0,2015,2017,1
gmane.comp.archivers.archives-space,5,250,en,100.0,100.0,2012,2016,1
gmane.comp.gnu.stow.bugs,5,250,en,60.0,60.0,2002,2006,3
gmane.comp.graphics.cel.general,5,250,en,100.0,100.0,2003,2008,1
gmane.comp.java.scarab.issues,5,250,en,100.0,100.0,2006,2008,1
gmane.comp.lang.ocaml.lib.gtk,5,250,en,60.0,60.0,2003,2012,3
gmane.comp.lang.r.sequencing,5,250,en,100.0,100.0,2009,2010,1
gmane.comp.lang.sml.smlnj,5,250,en,100.0,100.0,2007,2009,1
gmane.comp.lib.unwind.devel,5,250,en,100.0,100.0,2007,2019,1
gmane.comp.mozilla.devel.java,5,250,en,100.0,100.0,2002,2007,1
gmane.comp.parsers.spirit.devel,5,250,en,100.0,100.0,2003,2012,1
gmane.comp.python.cryptography,5,250,en,100.0,100.0,2002,2015,1
gmane.comp.storage.libstoragemgmt.devel,5,250,en,100.0,100.0,2013,2014,1
gmane.comp.web.ming.general,5,250,en,80.0,80.0,2002,2003,2
gmane.comp.web.zope.page-templates,5,250,en,100.0,100.0,2002,2004,1
gmane.ietf.ldup,5,250,en,100.0,100.0,1998,2003,1
gmane.linux.agnula.devel,5,250,en,80.0,80.0,2004,2006,2
gmane.linux.debian.alioth.build-common,5,250,en,80.0,80.0,2013,2017,2
gmane.linux.drivers.dxr3.devel,5,250,en,100.0,100.0,2004,2006,1
gmane.linux.gentoo.kernel,5,250,en,100.0,100.0,2007,2016,1
gmane.linux.hardware.blackfin.toolchain.devel,5,250,en,100.0,100.0,2007,2011,1
gmane.linux.redhat.xfree86,5,250,en,80.0,80.0,2003,2003,2
gmane.linux.suse.opensuse.wiki,5,250,en,100.0,100.0,2009,2014,1
gmane.linux.terminal-server.devel,5,250,en,100.0,100.0,2003,2011,1
gmane.lisp.region.brazil,5,250,pt,80.0,20.0,2007,2009,2
gmane.mail.spam.spambayes.devel,5,250,en,100.0,100.0,2003,2006,1
gmane.network.gnunet.devel,5,250,en,100.0,100.0,2002,2018,1
gmane.network.instant-messaging.sim.scm,5,250,en,100.0,100.0,2006,2008,1
gmane.network.nagios.plugins.cvs,5,250,en,80.0,80.0,2005,2009,2
gmane.network.vpnc.devel,5,250,en,100.0,100.0,2007,2011,1
gmane.org.creativecommons.poland,5,250,pl,80.0,20.0,2005,2012,2
gmane.org.user-groups.linux.rglug,5,250,no,60.0,0.0,2005,2009,3
gmane.org.user-groups.openmoko.spain,5,250,es,100.0,0.0,2008,2010,1
gmane.org.wikimedia.education,5,250,en,100.0,100.0,2012,2015,1
gmane.science.tts.festival,5,250,en,100.0,100.0,2005,2007,1
gmane.text.xml.cellml.general,5,250,en,80.0,80.0,2006,2018,2
gmane.comp.ai.conceptual-graphs,5,250,en,100.0,100.0,2005,2006,1
gmane.comp.cms.oscom,5,250,en,100.0,100.0,2004,2006,1
gmane.comp.freedesktop.devicekit.devel,5,250,en,100.0,100.0,2009,2013,1
gmane.comp.gis.qgis.community-team,5,250,en,100.0,100.0,2014,2019,1
gmane.comp.ide.eclipse.pde.devel,5,250,en,80.0,80.0,2008,2016,2
gmane.comp.java.anthill,5,250,en,100.0,100.0,2002,2004,1
gmane.comp.java.jsch,5,250,en,80.0,80.0,2007,2012,2
gmane.comp.lang.c++.perfometer,5,250,en,100.0,100.0,2008,2015,1
gmane.comp.lib.gnulib.cvs,5,250,en,100.0,100.0,2005,2006,1
gmane.comp.linux.lvs.devel,5,250,en,80.0,80.0,2010,2015,2
gmane.comp.linux.vfio.user,5,250,en,100.0,100.0,2015,2016,1
gmane.comp.python.pywebsvcs.general,5,250,en,100.0,100.0,2005,2007,1
gmane.comp.python.weewx.devel,5,250,en,100.0,100.0,2016,2018,1
gmane.comp.security.forensics,5,250,en,100.0,100.0,2003,2014,1
gmane.comp.security.otr.user,5,250,en,80.0,80.0,2006,2013,2
gmane.comp.sysutils.backup.duplicity.tracker,5,250,en,100.0,100.0,2007,2009,1
gmane.comp.sysutils.bakefile.devel,5,250,en,100.0,100.0,2004,2008,1
gmane.comp.terminal-emulators.rxvt-unicode.general,5,250,en,80.0,80.0,2008,2014,2
gmane.comp.video.mplayer.cygwin,5,250,en,100.0,100.0,2004,2007,1
gmane.comp.video.videolan.libdvdcss.devel,5,250,en,100.0,100.0,2004,2014,1
gmane.comp.web.oscommerce.tips,5,250,en,100.0,100.0,2003,2003,1
gmane.linux.redhat.openshift.user,5,250,en,100.0,100.0,2016,2016,1
gmane.science.simulation.dumux,5,250,en,100.0,100.0,2014,2019,1
gmane.comp.apache.falcon.scm,5,250,en,100.0,100.0,2015,2016,1
gmane.comp.cad.geda.bugs,5,250,en,100.0,100.0,2007,2011,1
gmane.comp.cms.infoglue.user,5,250,en,100.0,100.0,2006,2018,1
gmane.comp.cms.jahia.french,5,250,fr,60.0,0.0,2006,2006,2
gmane.comp.db.postgresql.cygwin,5,250,en,100.0,100.0,2003,2004,1
gmane.comp.db.soci.user,5,250,en,100.0,100.0,2010,2013,1
gmane.comp.file-systems.afs.standardization,5,250,en,100.0,100.0,2009,2012,1
gmane.comp.gnome.powermanager.devel,5,250,en,100.0,100.0,2005,2006,1
gmane.comp.gnu.gzip.bugs,5,250,en,100.0,100.0,2009,2015,1
gmane.comp.gnu.stow.devel,5,250,ja,40.0,40.0,2006,2007,3
gmane.comp.java.robocode,5,250,en,100.0,100.0,2003,2016,1
gmane.comp.kde.devel.quality,5,250,en,100.0,100.0,2005,2009,1
gmane.comp.lang.ml.polyml.general,5,250,en,100.0,100.0,2009,2017,1
gmane.comp.mozilla.jrex,5,250,en,100.0,100.0,2004,2006,1
gmane.comp.peer-to-peer.mute.general,5,250,en,100.0,100.0,2004,2011,1
gmane.comp.php.pear.qa,5,250,en,100.0,100.0,2005,2010,1
gmane.comp.python.boto,5,250,en,100.0,100.0,2009,2013,1
gmane.comp.python.tryton.announce,5,250,UNKNOWN,60.0,40.0,2015,2018,2
gmane.comp.version-control.cgit,5,250,en,100.0,100.0,2011,2018,1
gmane.ietf.dane,5,250,en,100.0,100.0,2013,2015,1
gmane.ietf.mxcomp,5,250,en,100.0,100.0,2004,2005,1
gmane.ietf.therightkey,5,250,en,100.0,100.0,2012,2018,1
gmane.linux.debian.alioth.selinux,5,250,en,100.0,100.0,2015,2019,1
gmane.linux.distributions.lunar.bugs,5,250,en,100.0,100.0,2006,2008,1
gmane.linux.ports.hexagon,5,250,en,100.0,100.0,2014,2019,1
gmane.linux.post-wait,5,250,en,80.0,80.0,2007,2007,2
gmane.linux.redhat.fedora.rpmfusion.user,5,250,en,60.0,60.0,2010,2018,3
gmane.mail.spam.tmda.cvs,5,250,en,100.0,100.0,2001,2002,1
gmane.network.serveez.general,5,250,en,60.0,60.0,2006,2007,3
gmane.comp.db.postgresql.jobs,5,250,en,80.0,80.0,2005,2012,2
gmane.comp.debugging.sigrok.devel,5,250,en,100.0,100.0,2013,2018,1
gmane.comp.hardware.arm.at91sam,5,250,en,100.0,100.0,2007,2009,1
gmane.comp.java.jbehave.user,5,250,en,100.0,100.0,2010,2014,1
gmane.comp.lang.concatenative,5,250,en,100.0,100.0,2003,2008,1
gmane.comp.version-control.cvs.test-results,5,250,en,100.0,100.0,2005,2005,1
gmane.comp.web.bluefish.user,5,250,en,100.0,100.0,2010,2016,1
gmane.linux.redhat.rhn.satellite.user,5,250,en,100.0,100.0,2007,2011,1
gmane.os.netbsd.advocacy,5,250,en,80.0,80.0,2003,2013,2
gmane.os.netbsd.ports.mac68k,5,250,en,100.0,100.0,2002,2005,1
gmane.comp.emulators.winex.devel,5,250,en,100.0,100.0,2003,2005,1
gmane.comp.file-systems.ifolder.devel,5,250,en,100.0,100.0,2006,2009,1
gmane.comp.gnome.apps.muine.general,5,250,en,100.0,100.0,2005,2008,1
gmane.comp.gnome.vfs.general,5,250,en,100.0,100.0,2002,2007,1
gmane.comp.gnu.aspell.user,5,250,en,100.0,100.0,2005,2011,1
gmane.comp.gnu.readline,5,250,en,100.0,100.0,2010,2014,1
gmane.comp.java.vm.sablevm.cvs,5,250,en,100.0,100.0,2004,2006,1
gmane.comp.lang.lambda-prolog,5,250,en,100.0,100.0,2008,2010,1
gmane.comp.lang.nasm.bugs,5,250,en,100.0,100.0,2008,2011,1
gmane.comp.openoffice.devel.localization,5,250,en,100.0,100.0,2005,2010,1
gmane.comp.security.ids.tomahawk.devel,5,250,en,40.0,40.0,2007,2018,3
gmane.comp.tex.lualatex.devel,5,250,en,100.0,100.0,2010,2013,1
gmane.editors.pdfedit.user,5,250,en,100.0,100.0,2007,2011,1
gmane.linux.ports.x8086,5,250,en,100.0,100.0,2002,2017,1
gmane.linux.redhat.fedora.autoqa.devel,5,250,en,100.0,100.0,2011,2011,1
gmane.lisp.readable-lisp,5,250,en,100.0,100.0,2007,2014,1
gmane.org.user-groups.flug.tech,5,250,da,100.0,0.0,2003,2005,1
gmane.org.user-groups.python.ireland,5,250,en,100.0,100.0,2008,2010,1
gmane.os.apple.homebrew.devel,5,250,en,80.0,80.0,2011,2015,2
gmane.comp.mobile.mbuni.user,5,250,en,100.0,100.0,2006,2013,1
gmane.comp.mozilla.devel.windows,5,250,en,80.0,80.0,2003,2005,2
gmane.comp.science.kwant.user,5,250,en,80.0,80.0,2015,2016,2
gmane.comp.tex.context.devel,5,250,en,80.0,80.0,2007,2012,2
gmane.comp.web.galeon.devel,5,250,en,100.0,100.0,2002,2004,1
gmane.games.diplomacy.cat23.all-chat,5,250,en,80.0,80.0,2004,2005,2
gmane.ietf.opes,5,250,en,100.0,100.0,2002,2005,1
gmane.ietf.rddp,5,250,en,100.0,100.0,2002,2004,1
gmane.linux.debian.user.mirrors,5,250,en,100.0,100.0,2008,2017,1
gmane.linux.gentoo.announce,5,250,en,100.0,100.0,2007,2016,1
gmane.linux.kernel.wimax,5,250,en,100.0,100.0,2008,2013,1
gmane.linux.redhat.rpm.devel,5,250,en,100.0,100.0,2005,2007,1
gmane.linux.suse.domino,5,250,en,100.0,100.0,2002,2004,1
gmane.linux.ubuntu.loco.ec,5,250,es,100.0,0.0,2007,2015,1
gmane.lisp.scheme.reports.wg2,5,250,en,100.0,100.0,2010,2019,1
gmane.network.nagios.nagvis.scm,5,250,en,100.0,100.0,2008,2015,1
gmane.org.netlabs.odin.user,5,250,en,100.0,100.0,2005,2007,1
gmane.os.apple.fink.gnome,5,250,en,100.0,100.0,2003,2008,1
gmane.sports.disc.eurodisc,5,250,en,100.0,100.0,2008,2016,1
gmane.comp.audio.netmd.devel,5,250,en,100.0,100.0,2002,2003,1
gmane.comp.db.soci.devel,5,250,en,100.0,100.0,2006,2017,1
gmane.comp.emulators.ovirt.vdsm.devel,5,250,en,80.0,80.0,2011,2013,2
gmane.comp.finance.quotesplus,5,250,en,100.0,100.0,2006,2009,1
gmane.comp.lang.r.gui,5,250,en,100.0,100.0,2005,2012,1
gmane.comp.lang.uml.astade.devel,5,250,en,100.0,100.0,2008,2015,1
gmane.linux.drivers.rt2x00.user,5,250,en,80.0,80.0,2011,2014,2
gmane.mail.majordomo.majordomo2.devel,5,250,en,80.0,80.0,2003,2005,2
gmane.network.genieacs.user,5,250,en,100.0,100.0,2016,2018,1
gmane.org.netlabs.xworkplace.general,5,250,en,100.0,100.0,2005,2010,1
gmane.org.user-groups.linux.alug.technical,5,250,en,100.0,100.0,2008,2012,1
gmane.text.xml.expat.general,5,250,en,100.0,100.0,2004,2007,1
gmane.comp.lang.clean,5,250,en,100.0,100.0,2004,2014,1
gmane.comp.lang.perl.modules.lwp,5,250,en,100.0,100.0,2003,2009,1
gmane.comp.lib.boost.documentation,5,250,en,100.0,100.0,2009,2016,1
gmane.comp.parsers.htmlparser.user,5,250,en,80.0,80.0,2004,2010,2
gmane.comp.python.bottle.general,5,250,en,100.0,100.0,2011,2016,1
gmane.comp.voip.nist-sip,5,250,en,100.0,100.0,2004,2007,1
gmane.mail.maildrop,5,250,en,100.0,100.0,2004,2010,1
gmane.mail.mailman.i18n,5,250,en,100.0,100.0,2001,2003,1
gmane.comp.bitcoin.btcd.scm,5,250,en,100.0,100.0,2014,2016,1
gmane.comp.internationalization.punjabi,5,250,en,100.0,100.0,2008,2016,1
gmane.comp.lang.haskell.gtk2hs,5,250,en,100.0,100.0,2007,2016,1
gmane.comp.lib.vos.devel,5,250,en,100.0,100.0,2005,2007,1
gmane.comp.search.xapian.devel,5,250,en,100.0,100.0,2003,2013,1
gmane.comp.version-control.bitkeeper.user,5,250,en,100.0,100.0,2003,2004,1
gmane.comp.web.openid.board,5,250,en,100.0,100.0,2008,2013,1
gmane.comp.web.zenloadbalancer.user,5,250,en,100.0,100.0,2012,2016,1
gmane.ietf.magma,5,250,en,100.0,100.0,2002,2010,1
gmane.linux.acpi.support,5,250,en,100.0,100.0,2003,2003,1
gmane.linux.debian.gis,5,250,en,100.0,100.0,2013,2018,1
gmane.org.user-groups.linux.svlug.volunteers,5,250,en,80.0,80.0,2007,2015,2
gmane.org.wikimedia.austria,5,250,de,100.0,0.0,2012,2014,1
gmane.science.linguistics.wikipedia.hungarian,5,250,hu,100.0,0.0,2006,2018,1
gmane.comp.audio.mp3.encoders,5,250,en,80.0,80.0,2002,2014,2
gmane.comp.java.netbeans.mobility.user,5,250,en,100.0,100.0,2006,2017,1
gmane.comp.kde.devel.optimize,5,250,en,100.0,100.0,2003,2004,1
gmane.comp.multimedia.matroska.cvs,5,250,en,60.0,60.0,2003,2005,2
gmane.linux.debian.alioth.vdr.devel,5,250,en,60.0,60.0,2014,2017,3
gmane.linux.debian.devel.wb-team,5,250,en,100.0,100.0,2009,2018,1
gmane.linux.ubuntu.laptop.testing,5,250,en,80.0,80.0,2006,2009,2
gmane.network.trn.general,5,250,en,100.0,100.0,2003,2008,1
gmane.science.biology.informatics.clusters,5,250,en,80.0,80.0,2002,2006,2
gmane.text.xml.swfmill,5,250,en,100.0,100.0,2006,2008,1
gmane.user-groups.linux.bariloche.gulbar,5,250,es,80.0,0.0,2013,2014,2
gmane.comp.apache.maven.devel,5,250,en,60.0,60.0,2004,2005,3
gmane.linux.ubuntu.devel.mobile,5,250,en,100.0,100.0,2007,2010,1
gmane.text.xml.commons.devel,5,250,en,80.0,80.0,2003,2009,2
gmane.comp.devicetree.compiler,5,250,en,80.0,80.0,2015,2018,2
gmane.comp.lib.gnustep.webmasters,5,250,en,100.0,100.0,2004,2009,1
gmane.culture.transportation.humanpowered.velomobile,5,250,en,100.0,100.0,2005,2006,1
gmane.lisp.cl-lispbuilder.general,5,250,en,100.0,100.0,2006,2010,1
gmane.org.user-groups.nuug.kart,5,250,no,100.0,0.0,2014,2018,1
gmane.comp.ai.user-modeling,5,250,en,100.0,100.0,2011,2018,1
gmane.comp.java.french.general,5,250,fr,100.0,0.0,2009,2011,1
gmane.comp.php.cowiki.devel,5,250,en,100.0,100.0,2003,2005,1
gmane.comp.video.ogle.user,5,250,en,80.0,80.0,2002,2004,2
gmane.lisp.mcl.general,5,250,en,100.0,100.0,2005,2019,1
gmane.network.gnutls.general,5,250,en,100.0,100.0,2003,2015,1
gmane.comp.programming.software-qa,5,250,en,100.0,100.0,2005,2009,1
gmane.ietf.dmarc,5,250,en,100.0,100.0,2014,2018,1
gmane.comp.python.myhdl,5,250,en,100.0,100.0,2008,2016,1
gmane.culture.discuss.boundary-point-point,5,250,en,100.0,100.0,2007,2011,1
gmane.comp.apache.serf.devel,4,200,en,100.0,100.0,2015,2015,1
gmane.comp.db.postgresql.pgbouncer.general,4,200,en,100.0,100.0,2008,2016,1
gmane.comp.editors.bbedit.general,4,200,en,100.0,100.0,2006,2008,1
gmane.comp.encryption.gpg.aegypten.cvs,4,200,en,100.0,100.0,2002,2003,1
gmane.comp.gis.openstreetmap.region.us.imports,4,200,en,75.0,75.0,2013,2013,2
gmane.comp.gnome.system-tools,4,200,en,100.0,100.0,2004,2005,1
gmane.comp.graphics.rawstudio.user,4,200,en,100.0,100.0,2009,2011,1
gmane.comp.java.jackson.user,4,200,en,100.0,100.0,2015,2019,1
gmane.comp.java.objectweb.asm,4,200,en,100.0,100.0,2010,2016,1
gmane.comp.kde.devel.kommander.general,4,200,en,100.0,100.0,2004,2008,1
gmane.comp.lib.qt.releasing,4,200,en,100.0,100.0,2012,2015,1
gmane.comp.linux.ptp.user,4,200,en,100.0,100.0,2013,2018,1
gmane.comp.mozilla.devel.jsdebugger,4,200,en,100.0,100.0,2005,2011,1
gmane.comp.mozilla.devel.xml,4,200,en,100.0,100.0,2003,2005,1
gmane.comp.networking.opencontrail.devel,4,200,en,100.0,100.0,2015,2017,1
gmane.comp.sysutils.backup.dirvish.general,4,200,en,100.0,100.0,2008,2017,1
gmane.comp.sysutils.supervision.general,4,200,en,100.0,100.0,2004,2008,1
gmane.comp.tv.freeguide-tv.user,4,200,en,100.0,100.0,2004,2009,1
gmane.comp.version-control.home-dir,4,200,en,75.0,75.0,2007,2011,2
gmane.comp.video.mjpeg.devel,4,200,en,100.0,100.0,2004,2005,1
gmane.comp.web.htdig.devel,4,200,en,75.0,75.0,2002,2004,2
gmane.culture.language.klingon.swedish,4,200,en,75.0,75.0,2004,2005,2
gmane.education.brazil.dcc.ufmg.grad041,4,200,pt,100.0,0.0,2010,2010,1
gmane.emacs.wiki.general,4,200,en,100.0,100.0,2004,2005,1
gmane.games.rpg.fate,4,200,en,100.0,100.0,2013,2014,1
gmane.games.rubiks.zbmethod,4,200,en,50.0,50.0,2008,2015,2
gmane.ietf.acme,4,200,en,100.0,100.0,2015,2017,1
gmane.ietf.emu,4,200,en,100.0,100.0,2006,2019,1
gmane.linux.debian.alioth.utnubu.general,4,200,en,100.0,100.0,2007,2010,1
gmane.linux.drivers.atmel-wlan,4,200,en,100.0,100.0,2003,2005,1
gmane.linux.drivers.vortex.devel,4,200,en,100.0,100.0,2002,2005,1
gmane.linux.gentoo.catalyst,4,200,en,100.0,100.0,2005,2013,1
gmane.linux.ports.x86-64.general,4,200,en,100.0,100.0,2006,2006,1
gmane.linux.region.israel.ivrix.discuss,4,200,en,75.0,75.0,2003,2005,2
gmane.linux.suse.opensuse.support,4,200,en,100.0,100.0,2018,2019,1
gmane.linux.suse.programming-e,4,200,en,100.0,100.0,2005,2012,1
gmane.lisp.clocc.devel,4,200,en,100.0,100.0,2002,2004,1
gmane.mail.postfix.sqlgrey,4,200,en,100.0,100.0,2005,2011,1
gmane.network.jabber.prosody.user,4,200,en,100.0,100.0,2014,2015,1
gmane.network.netatalk.user,4,200,en,100.0,100.0,1993,1998,1
gmane.network.spread.user,4,200,en,100.0,100.0,2003,2005,1
gmane.network.tin.devel,4,200,en,100.0,100.0,2003,2010,1
gmane.network.zabbix.user,4,200,en,100.0,100.0,2007,2017,1
gmane.org.user-groups.bsd.romanian.rofug.general,4,200,ro,75.0,25.0,2004,2007,2
gmane.org.user-groups.linux.balug,4,200,en,100.0,100.0,2004,2017,1
gmane.org.user-groups.linux.brazil.suse-linux,4,200,pt,50.0,0.0,2004,2011,2
gmane.org.w3c.specifications,4,200,en,100.0,100.0,2011,2014,1
gmane.org.w3c.validator.css,4,200,en,100.0,100.0,2006,2012,1
gmane.org.wikimedia.daily-image,4,200,de,25.0,0.0,2007,2018,4
gmane.os.midnightbsd.user,4,200,UNKNOWN,100.0,0.0,2010,2013,1
gmane.os.netbsd.ports.dreamcast,4,200,en,100.0,100.0,2002,2003,1
gmane.science.linguistics.wikipedia.bengali,4,200,bn,50.0,50.0,2011,2015,2
gmane.science.simulation.sumo.devel,4,200,en,100.0,100.0,2009,2014,1
gmane.text.xml.xforms.chiba.devel,4,200,en,75.0,75.0,2004,2011,2
gmane.comp.cms.sakai.production,4,200,en,100.0,100.0,2010,2012,1
gmane.comp.cms.wyona.user,4,200,en,100.0,100.0,2002,2003,1
gmane.comp.db.drizzle.general,4,200,en,100.0,100.0,2009,2011,1
gmane.comp.documentfoundation.moderators,4,200,en,100.0,100.0,2011,2018,1
gmane.comp.encryption.trousers.devel,4,200,en,100.0,100.0,2006,2014,1
gmane.comp.gis.openstreetmap.historic,4,200,en,100.0,100.0,2013,2017,1
gmane.comp.gnu.cegcc.devel,4,200,en,100.0,100.0,2007,2010,1
gmane.comp.gnu.make.windows,4,200,en,100.0,100.0,2003,2016,1
gmane.comp.gnu.screen,4,200,en,100.0,100.0,2002,2004,1
gmane.comp.graphics.shoebot.devel,4,200,en,100.0,100.0,2008,2014,1
gmane.comp.groupware.mira.devel,4,200,en,100.0,100.0,2007,2010,1
gmane.comp.ide.eclipse.cdo.scm,4,200,en,100.0,100.0,2011,2013,1
gmane.comp.ide.eclipse.tycho.devel,4,200,en,100.0,100.0,2012,2014,1
gmane.comp.jakarta.bcel.devel,4,200,en,75.0,75.0,2003,2005,2
gmane.comp.java.graphhopper.devel,4,200,en,100.0,100.0,2014,2015,1
gmane.comp.java.netbeans.modules.javacvs.devel,4,200,en,100.0,100.0,2000,2003,1
gmane.comp.lang.smalltalk.squeak.german,4,200,de,100.0,0.0,2007,2012,1
gmane.comp.lib.jemalloc,4,200,en,100.0,100.0,2013,2015,1
gmane.comp.mathematics.ginac.general,4,200,en,100.0,100.0,2005,2013,1
gmane.comp.security.firewalls.firestarter.user,4,200,en,100.0,100.0,2006,2007,1
gmane.comp.sysutils.backup.tarsnap.user,4,200,en,100.0,100.0,2010,2017,1
gmane.comp.tex.metapost,4,200,en,100.0,100.0,2008,2013,1
gmane.comp.version-control.subversion.subclipse.devel,4,200,en,100.0,100.0,2006,2009,1
gmane.comp.web.rdf.redland.devel,4,200,en,100.0,100.0,2008,2012,1
gmane.culture.literature.classics,4,200,en,100.0,100.0,2011,2015,1
gmane.games.freeciv.ai,4,200,en,100.0,100.0,2002,2004,1
gmane.ietf.mailsig,4,200,en,100.0,100.0,2005,2005,1
gmane.linux.lfs.cross,4,200,en,75.0,75.0,2006,2007,2
gmane.linux.ports.ultrapenguin,4,200,en,100.0,100.0,2004,2006,1
gmane.mail.exmh.devel,4,200,en,100.0,100.0,2002,2018,1
gmane.mail.mahogany.user,4,200,en,100.0,100.0,2003,2007,1
gmane.network.aoe.aoetools.general,4,200,en,100.0,100.0,2006,2009,1
gmane.network.freenet.technical,4,200,en,100.0,100.0,2005,2007,1
gmane.org.region.usa.cdp.puna.participants,4,200,en,100.0,100.0,2008,2010,1
gmane.org.user-groups.asterisk.toronto.taug.business,4,200,en,100.0,100.0,2008,2009,1
gmane.org.user-groups.linux.gluc,4,200,es,100.0,0.0,2007,2011,1
gmane.org.user-groups.linux.pdxlug,4,200,en,100.0,100.0,2004,2005,1
gmane.org.user-groups.linux.unixtech,4,200,fr,75.0,25.0,2005,2006,2
gmane.org.w3c.html.public,4,200,en,100.0,100.0,2010,2014,1
gmane.os.freebsd.freesbie,4,200,en,100.0,100.0,2003,2006,1
gmane.politics.zapatista.chiapas95,4,200,es,50.0,50.0,2007,2007,2
gmane.science.analysis.nlopt.general,4,200,en,100.0,100.0,2011,2015,1
gmane.science.cryptography.a51,4,200,en,100.0,100.0,2010,2012,1
gmane.comp.audio.jokosher.devel,4,200,en,100.0,100.0,2007,2008,1
gmane.comp.cms.hula.general,4,200,en,100.0,100.0,2005,2006,1
gmane.comp.corba.mico.devel,4,200,en,100.0,100.0,2006,2011,1
gmane.comp.emulators.rpcemu.general,4,200,en,100.0,100.0,2008,2018,1
gmane.comp.gcc.g++.general,4,200,en,100.0,100.0,2004,2008,1
gmane.comp.gnome.apps.gkrellm,4,200,en,75.0,75.0,2004,2019,2
gmane.comp.gnome.apps.planner.devel,4,200,en,75.0,75.0,2004,2011,2
gmane.comp.hardware.ipmitool.devel,4,200,en,100.0,100.0,2006,2014,1
gmane.comp.ide.lazarus.brazil,4,200,pt,75.0,0.0,2010,2011,2
gmane.comp.internationalization.belarusian,4,200,en,75.0,75.0,2004,2010,2
gmane.comp.internationalization.input-methods,4,200,en,100.0,100.0,2004,2006,1
gmane.comp.java.beanshell.user,4,200,en,100.0,100.0,2003,2004,1
gmane.comp.kde.devel.guidelines,4,200,en,100.0,100.0,2013,2013,1
gmane.comp.lang.erlang.erlware.devel,4,200,en,100.0,100.0,2008,2011,1
gmane.comp.lang.frege.general,4,200,en,75.0,75.0,2014,2016,2
gmane.comp.lang.javascript.vega,4,200,en,100.0,100.0,2015,2018,1
gmane.comp.lang.xul.general,4,200,en,100.0,100.0,2004,2005,1
gmane.comp.linux.progeny.cl,4,200,en,100.0,100.0,2004,2005,1
gmane.comp.mozilla.license,4,200,en,75.0,75.0,2003,2008,2
gmane.comp.neostats.devel,4,200,en,100.0,100.0,2005,2005,1
gmane.comp.openoffice.dba.user,4,200,en,100.0,100.0,2005,2006,1
gmane.comp.python.sphinx.user,4,200,en,100.0,100.0,2013,2016,1
gmane.comp.python.zope.erp5.general,4,200,en,75.0,75.0,2004,2008,2
gmane.comp.security.ids.hlbr,4,200,pt,100.0,0.0,2006,2009,1
gmane.comp.security.openca.user,4,200,fr,75.0,25.0,2009,2013,2
gmane.comp.video.gephex.user,4,200,en,100.0,100.0,2004,2007,1
gmane.comp.video.picogui.devel,4,200,en,100.0,100.0,2004,2004,1
gmane.comp.video.xine.codec.devel,4,200,en,75.0,75.0,2003,2004,2
gmane.comp.voip.sflphone,4,200,en,100.0,100.0,2012,2016,1
gmane.comp.web.links,4,200,en,100.0,100.0,2002,2007,1
gmane.comp.web.phpopentracker.cvs,4,200,en,100.0,100.0,2003,2005,1
gmane.comp.web.pylons.devel,4,200,en,100.0,100.0,2007,2013,1
gmane.comp.web.voice,4,200,en,100.0,100.0,2004,2014,1
gmane.comp.window-managers.larswm.devel,4,200,en,100.0,100.0,2007,2016,1
gmane.comp.windows.ce.devel,4,200,en,75.0,75.0,2005,2010,2
gmane.comp.xfree86.fonts,4,200,en,100.0,100.0,2002,2004,1
gmane.games.sb-boardgamers,4,200,en,100.0,100.0,2006,2013,1
gmane.ietf.ediint,4,200,en,100.0,100.0,1996,2005,1
gmane.ietf.ldapext,4,200,en,100.0,100.0,2004,2014,1
gmane.linux.admin,4,200,en,100.0,100.0,2002,2005,1
gmane.linux.debian.internationalization.hellas,4,200,en,75.0,75.0,2005,2012,2
gmane.linux.drivers.freebob.devel,4,200,en,100.0,100.0,2007,2008,1
gmane.linux.power-management.lesswatts.general,4,200,en,100.0,100.0,2008,2012,1
gmane.linux.redhat.ccm.general,4,200,en,100.0,100.0,2003,2004,1
gmane.linux.stgt,4,200,en,100.0,100.0,2013,2016,1
gmane.lisp.armedbear.devel,4,200,en,100.0,100.0,2009,2015,1
gmane.mail.apple-mail.gpgpmail.user,4,200,en,100.0,100.0,2010,2012,1
gmane.mail.spam.hashcash,4,200,en,100.0,100.0,2004,2011,1
gmane.mail.squirrelmail.internationalization,4,200,en,100.0,100.0,2002,2010,1
gmane.network.dns.french,4,200,fr,100.0,0.0,2010,2018,1
gmane.network.tcpreplay.user,4,200,en,100.0,100.0,2011,2014,1
gmane.org.google.containers,4,200,en,100.0,100.0,2016,2016,1
gmane.org.operators.voice,4,200,en,100.0,100.0,2015,2019,1
gmane.os.haiku.web,4,200,en,100.0,100.0,2010,2015,1
gmane.science.linguistics.wikipedia.technical.ambassadors,4,200,en,100.0,100.0,2012,2014,1
gmane.comp.desktop.winswitch.user,4,200,en,100.0,100.0,2013,2017,1
gmane.comp.emulators.libvirt.cim,4,200,en,100.0,100.0,2013,2014,1
gmane.comp.gnome.apps.gedit,4,200,en,100.0,100.0,2009,2011,1
gmane.comp.gnome.foundation.announce,4,200,en,100.0,100.0,2003,2011,1
gmane.comp.gnome.internationalization.dutch,4,200,en,50.0,50.0,2008,2017,3
gmane.comp.gnome.multimedia,4,200,en,100.0,100.0,2004,2012,1
gmane.comp.gnome.orbit.general,4,200,en,100.0,100.0,2002,2004,1
gmane.comp.graphics.lensfun,4,200,en,100.0,100.0,2011,2015,1
gmane.comp.handhelds.openmoko.neo1973,4,200,en,75.0,75.0,2008,2008,2
gmane.comp.lang.ruby.ramaze.general,4,200,en,100.0,100.0,2008,2011,1
gmane.comp.mozilla.devel.jseng.internals,4,200,en,100.0,100.0,2013,2017,1
gmane.comp.multimedia.librefm,4,200,en,100.0,100.0,2009,2015,1
gmane.comp.openoffice.devel.api,4,200,en,100.0,100.0,2005,2010,1
gmane.comp.php.cvs.smarty,4,200,en,100.0,100.0,2002,2003,1
gmane.comp.python.gis,4,200,en,100.0,100.0,2009,2014,1
gmane.comp.python.mime.devel,4,200,en,100.0,100.0,2002,2008,1
gmane.comp.python.pyusb.user,4,200,en,100.0,100.0,2011,2019,1
gmane.comp.security.sun,4,200,en,100.0,100.0,2002,2004,1
gmane.comp.version-control.git.magit,4,200,en,100.0,100.0,2011,2015,1
gmane.comp.voip.sems.user,4,200,en,100.0,100.0,2008,2011,1
gmane.comp.web.pyblosxom.user,4,200,en,100.0,100.0,2004,2007,1
gmane.comp.web.rdf.logic,4,200,en,100.0,100.0,2005,2012,1
gmane.linux.debian.soc-coordination,4,200,en,75.0,75.0,2011,2013,2
gmane.linux.debian.user.danish,4,200,da,100.0,0.0,2003,2005,1
gmane.linux.drivers.vlan,4,200,en,100.0,100.0,2003,2006,1
gmane.linux.gentoo.documentation.russian,4,200,ru,100.0,0.0,2004,2007,1
gmane.linux.gentoo.nfp,4,200,en,100.0,100.0,2005,2008,1
gmane.linux.gentoo.user.hungarian,4,200,hu,100.0,0.0,2004,2013,1
gmane.linux.lsb.test-suite,4,200,en,100.0,100.0,2004,2005,1
gmane.linux.pardus.devel.turkish,4,200,tr,100.0,0.0,2010,2011,1
gmane.linux.uclinux.nios2.devel,4,200,en,100.0,100.0,2011,2013,1
gmane.mail.qmail.user.turkish,4,200,tr,100.0,0.0,2005,2006,1
gmane.music.equipment.kawai.k5,4,200,en,100.0,100.0,2007,2017,1
gmane.network.jabber.ekg2.user,4,200,pl,100.0,0.0,2005,2007,1
gmane.network.samba.general.french,4,200,fr,100.0,0.0,2007,2009,1
gmane.network.snabb.devel,4,200,en,100.0,100.0,2014,2015,1
gmane.org.netlabs.libc.user,4,200,en,100.0,100.0,2006,2009,1
gmane.org.operators.trnog,4,200,tr,75.0,25.0,2014,2016,2
gmane.os.netbsd.devel.smp,4,200,en,100.0,100.0,2002,2005,1
gmane.politics.politech,4,200,en,100.0,100.0,2003,2006,1
gmane.science.cryptography.bletchley-park,4,200,en,100.0,100.0,2003,2006,1
gmane.text.doxygen.devel,4,200,en,100.0,100.0,2003,2013,1
gmane.comp.audio.lmms.user,4,200,en,100.0,100.0,2011,2014,1
gmane.comp.audio.musicpd.devel,4,200,en,100.0,100.0,2010,2015,1
gmane.comp.cms.open-xchange.user,4,200,en,75.0,75.0,2004,2006,2
gmane.comp.gis.grass.pkg.general,4,200,en,100.0,100.0,2005,2010,1
gmane.comp.java.sun.javamail.general,4,200,en,100.0,100.0,2005,2008,1
gmane.comp.lib.gnustep.user,4,200,en,100.0,100.0,2004,2009,1
gmane.comp.misc.opensync.devel,4,200,en,100.0,100.0,2005,2007,1
gmane.comp.monitoring.frysk.general,4,200,en,100.0,100.0,2007,2008,1
gmane.comp.mozilla.sync.devel,4,200,en,100.0,100.0,2013,2017,1
gmane.comp.printing.ghostscript.windows,4,200,en,75.0,75.0,2002,2003,2
gmane.comp.python.db.pygresql,4,200,en,75.0,75.0,2006,2015,2
gmane.comp.python.django.internationalization.portuguese,4,200,pt,75.0,25.0,2008,2010,2
gmane.comp.python.ldap,4,200,en,100.0,100.0,2009,2016,1
gmane.comp.search.namazu.devel.japanese,4,200,ja,100.0,0.0,2005,2007,1
gmane.comp.tex.music,4,200,en,100.0,100.0,2011,2016,1
gmane.comp.version-control.aegis.user,4,200,en,100.0,100.0,2003,2009,1
gmane.comp.web.weblate,4,200,en,100.0,100.0,2015,2017,1
gmane.education.rpi.ossp,4,200,en,100.0,100.0,2009,2011,1
gmane.games.igaming,4,200,en,100.0,100.0,2006,2009,1
gmane.games.torcs.general,4,200,en,100.0,100.0,2005,2017,1
gmane.ietf.curdle,4,200,en,100.0,100.0,2016,2018,1
gmane.linux.debian.conference.video,4,200,en,100.0,100.0,2007,2016,1
gmane.linux.debian.devel.desktop,4,200,en,100.0,100.0,2007,2017,1
gmane.linux.drivers.madwifi.cvs,4,200,en,100.0,100.0,2006,2008,1
gmane.linux.pxes.devel,4,200,en,100.0,100.0,2003,2004,1
gmane.lisp.mcclim.cvs,4,200,en,100.0,100.0,2006,2007,1
gmane.mail.mutt.mutt-ng.devel,4,200,en,100.0,100.0,2005,2005,1
gmane.mail.pine.general,4,200,en,100.0,100.0,2003,2005,1
gmane.network.dns.c-ares,4,200,en,100.0,100.0,2011,2017,1
gmane.network.ripe.anti-abuse,4,200,en,100.0,100.0,2014,2015,1
gmane.network.unison.devel,4,200,en,100.0,100.0,2003,2012,1
gmane.org.wikimedia.textbook,4,200,en,75.0,75.0,2003,2008,2
gmane.politics.mideast.israel,4,200,en,100.0,100.0,2003,2005,1
gmane.comp.apache.incubator.apex.user,4,200,en,100.0,100.0,2016,2017,1
gmane.comp.cad.pythonocc.user,4,200,en,100.0,100.0,2010,2012,1
gmane.comp.containers.kubernetes.user,4,200,en,50.0,50.0,2018,2018,3
gmane.comp.desktop.cde.devel,4,200,en,100.0,100.0,2012,2018,1
gmane.comp.encryption.gpg.gpgweb.cvs,4,200,en,100.0,100.0,2002,2003,1
gmane.comp.freedesktop.xorg.xkb,4,200,en,75.0,75.0,2015,2018,2
gmane.comp.gis.openstreetmap.merkaartor,4,200,en,100.0,100.0,2009,2010,1
gmane.comp.gnu.chess.announce,4,200,en,50.0,50.0,2004,2014,2
gmane.comp.gnu.fileutils.bugs,4,200,en,100.0,100.0,2002,2003,1
gmane.comp.gnu.m4.adhoc,4,200,UNKNOWN,50.0,0.0,2003,2006,3
gmane.comp.graphics.spm.marsbar,4,200,en,75.0,75.0,2005,2015,2
gmane.comp.handhelds.general,4,200,en,100.0,100.0,2002,2005,1
gmane.comp.java.enhydra.xmlc,4,200,en,100.0,100.0,2002,2003,1
gmane.comp.lang.javascript.express,4,200,en,100.0,100.0,2012,2015,1
gmane.comp.multimedia.puredata.announce,4,200,en,100.0,100.0,2007,2012,1
gmane.comp.python.french,4,200,fr,75.0,25.0,2005,2010,2
gmane.comp.version-control.subversion.cvs2svn.user,4,200,en,100.0,100.0,2005,2011,1
gmane.comp.video.panorama,4,200,en,50.0,50.0,2004,2006,3
gmane.comp.video.videolan.libbluray.devel,4,200,en,100.0,100.0,2012,2016,1
gmane.comp.web.chromium.certificate-transparency,4,200,en,100.0,100.0,2015,2018,1
gmane.comp.web.crosswalk.devel,4,200,en,100.0,100.0,2013,2015,1
gmane.comp.web.ebox.user,4,200,en,100.0,100.0,2007,2008,1
gmane.games.piecepack,4,200,en,100.0,100.0,2004,2010,1
gmane.ietf.urn,4,200,en,100.0,100.0,2012,2016,1
gmane.ietf.websec,4,200,en,100.0,100.0,2012,2013,1
gmane.linux.gentoo.documentation.french,4,200,en,75.0,75.0,2004,2005,2
gmane.lisp.mcclim.devel,4,200,en,100.0,100.0,2004,2006,1
gmane.mail.neomail.general,4,200,en,100.0,100.0,2002,2003,1
gmane.network.ekg.scm,4,200,pl,75.0,25.0,2002,2006,2
gmane.network.zabbix.announce,4,200,en,100.0,100.0,2008,2014,1
gmane.org.osaf.chandler.user,4,200,en,100.0,100.0,2009,2014,1
gmane.org.w3c.working-groups.websecurity,4,200,en,100.0,100.0,2012,2015,1
gmane.os.miros.mksh,4,200,en,75.0,75.0,2013,2015,2
gmane.os.openbsd.misc.ua,4,200,ru,75.0,0.0,2008,2010,2
gmane.os.solaris.opensolaris.cifs-server,4,200,en,100.0,100.0,2009,2009,1
gmane.science.analysis.notiamca,4,200,en,75.0,75.0,2008,2014,2
gmane.comp.audio.pulseaudio.scm,4,200,en,100.0,100.0,2007,2017,1
gmane.comp.db.postgresql.pgpool.scm,4,200,en,50.0,50.0,2009,2010,3
gmane.comp.db.unixodbc.devel,4,200,en,100.0,100.0,2003,2006,1
gmane.comp.emulators.winex.cvs,4,200,en,75.0,75.0,2004,2007,2
gmane.comp.fonts.fontlinge.devel,4,200,de,100.0,0.0,2004,2004,1
gmane.comp.gnome.apps.tinymail.devel,4,200,en,100.0,100.0,2007,2008,1
gmane.comp.handhelds.palm.progect,4,200,en,100.0,100.0,2004,2010,1
gmane.comp.ide.jessie.general,4,200,en,75.0,75.0,2007,2008,2
gmane.comp.internationalization.nynorsk,4,200,en,100.0,100.0,2004,2014,1
gmane.comp.java.joda-time.user,4,200,en,100.0,100.0,2008,2012,1
gmane.comp.lang.forth.spf,4,200,ru,100.0,0.0,2006,2008,1
gmane.comp.mozilla.delicious,4,200,en,100.0,100.0,2006,2009,1
gmane.comp.mozilla.devel.mathml,4,200,en,100.0,100.0,2003,2015,1
gmane.comp.python.django.french,4,200,fr,100.0,0.0,2012,2012,1
gmane.comp.search.yubnub,4,200,en,100.0,100.0,2006,2007,1
gmane.comp.telephony.pbx.asterisk.user.taiwan,4,200,ko,50.0,25.0,2012,2013,3
gmane.comp.video.gimp.web,4,200,en,100.0,100.0,2004,2015,1
gmane.comp.windows.dotnet.mbunit.user,4,200,en,100.0,100.0,2005,2011,1
gmane.culture.arts.dorkbot.kolab,4,200,es,75.0,25.0,2007,2013,2
gmane.ietf.dnssd,4,200,en,100.0,100.0,2017,2018,1
gmane.ietf.hip,4,200,en,100.0,100.0,2014,2016,1
gmane.ietf.imaa,4,200,en,100.0,100.0,2003,2004,1
gmane.ietf.precis,4,200,en,100.0,100.0,2012,2015,1
gmane.linux.kernel.numa,4,200,en,100.0,100.0,2010,2010,1
gmane.linux.ubuntu.devel.distributed,4,200,en,100.0,100.0,2009,2010,1
gmane.org.user-groups.linux.gnhlug.announce,4,200,en,100.0,100.0,2005,2017,1
gmane.org.user-groups.linux.rav,4,200,de,75.0,25.0,2011,2019,2
gmane.science.mathematics.logic.lean.user,4,200,en,100.0,100.0,2016,2017,1
gmane.user-groups.linux.lugmen.novatos,4,200,es,100.0,0.0,2008,2012,1
gmane.comp.emulators.xen.pv.win,4,200,en,100.0,100.0,2015,2018,1
gmane.comp.games.clanlib.cvs,4,200,en,100.0,100.0,2005,2006,1
gmane.comp.gis.openstreetmap.transit,4,200,en,100.0,100.0,2010,2018,1
gmane.comp.graphics.ipe.general,4,200,en,100.0,100.0,2006,2014,1
gmane.comp.handhelds.palm.lifedrive,4,200,en,100.0,100.0,2006,2008,1
gmane.comp.ide.anthemion,4,200,en,100.0,100.0,2009,2012,1
gmane.comp.java.imagej.devel,4,200,en,100.0,100.0,2012,2015,1
gmane.comp.lang.c++.cint,4,200,en,100.0,100.0,2004,2012,1
gmane.comp.lang.neko.general,4,200,en,75.0,75.0,2007,2009,2
gmane.comp.lang.perl.modules.dbi.rose-db-object,4,200,en,100.0,100.0,2006,2007,1
gmane.comp.lib.libchipcard.devel,4,200,de,75.0,25.0,2003,2006,2
gmane.comp.mathematics.sage.gitworkflow,4,200,en,100.0,100.0,2013,2013,1
gmane.comp.php.phpesp,4,200,en,100.0,100.0,2005,2008,1
gmane.comp.python.pytables.user,4,200,en,100.0,100.0,2006,2012,1
gmane.comp.telephony.farsight.devel,4,200,en,100.0,100.0,2005,2018,1
gmane.comp.web.chromium.security.devel,4,200,en,100.0,100.0,2015,2016,1
gmane.comp.web.ezcomponents.devel,4,200,en,100.0,100.0,2006,2008,1
gmane.comp.web.httpunit.devel,4,200,en,100.0,100.0,2005,2006,1
gmane.comp.web.zope.plone.getpaid.devel,4,200,en,100.0,100.0,2008,2010,1
gmane.editors.lyx.french,4,200,fr,100.0,0.0,2009,2016,1
gmane.games.devel.general,4,200,en,100.0,100.0,2003,2006,1
gmane.ietf.ldapbis,4,200,en,100.0,100.0,2003,2005,1
gmane.linux.mer.general,4,200,en,100.0,100.0,2012,2013,1
gmane.linux.ubuntu.devel.technical-board,4,200,en,100.0,100.0,2011,2018,1
gmane.linux.usability.annoyances,4,200,en,100.0,100.0,2003,2003,1
gmane.network.dns.maradns.general,4,200,en,100.0,100.0,2004,2011,1
gmane.network.nagios.omd.user,4,200,en,100.0,100.0,2012,2016,1
gmane.text.publishing.pollen,4,200,en,75.0,75.0,2016,2019,2
gmane.text.xml.soap.devel,4,200,en,100.0,100.0,2002,2005,1
gmane.comp.bug-tracking.tracks.general,4,200,en,100.0,100.0,2007,2008,1
gmane.comp.compilers.ccache,4,200,en,100.0,100.0,2007,2014,1
gmane.comp.compilers.scratchbox.user,4,200,en,100.0,100.0,2006,2010,1
gmane.comp.db.couchbase.user,4,200,en,100.0,100.0,2013,2015,1
gmane.comp.db.postgresql.dbdpg,4,200,en,100.0,100.0,2003,2006,1
gmane.comp.gis.arches,4,200,en,100.0,100.0,2013,2015,1
gmane.comp.gnu.gift.general,4,200,en,100.0,100.0,2002,2007,1
gmane.comp.hardware.lego.robotics,4,200,en,100.0,100.0,2003,2009,1
gmane.comp.ide.eclipse.dash.devel,4,200,en,100.0,100.0,2009,2012,1
gmane.comp.internationalization.po4a.devel,4,200,en,75.0,75.0,2007,2018,2
gmane.comp.java.luntbuild.user,4,200,en,100.0,100.0,2006,2007,1
gmane.comp.kde.devel.accessibility,4,200,en,100.0,100.0,2012,2013,1
gmane.comp.kde.knetworkmanager,4,200,en,100.0,100.0,2010,2010,1
gmane.comp.lang.perl.modules.tk.beginners,4,200,UNKNOWN,50.0,50.0,2011,2015,2
gmane.comp.lib.wxwidgets.wxart2d,4,200,en,100.0,100.0,2007,2010,1
gmane.comp.misc.pptpclient.devel,4,200,en,100.0,100.0,2005,2008,1
gmane.comp.openoffice.nativelanguage,4,200,en,100.0,100.0,2005,2010,1
gmane.comp.php.phpdocumentor.general,4,200,en,100.0,100.0,2007,2009,1
gmane.comp.python.zope.erp5.devel,4,200,en,100.0,100.0,2006,2007,1
gmane.comp.security.seandroid,4,200,en,100.0,100.0,2014,2015,1
gmane.comp.systems.ibmi.pctech,4,200,en,100.0,100.0,2015,2019,1
gmane.comp.sysutils.g4u.user,4,200,en,100.0,100.0,2005,2007,1
gmane.comp.web.zope.zetadb,4,200,en,100.0,100.0,2005,2009,1
gmane.linux.file-systems.cachefs.general,4,200,en,75.0,75.0,2006,2014,2
gmane.linux.morphix.cvs,4,200,en,50.0,50.0,2004,2007,3
gmane.linux.redhat.fedora.func,4,200,en,100.0,100.0,2008,2010,1
gmane.linux.suse.isdn,4,200,de,75.0,25.0,2004,2012,2
gmane.linux.ubuntu.rosetta,4,200,en,100.0,100.0,2005,2006,1
gmane.mail.qmail.toaster.devel,4,200,en,100.0,100.0,2009,2012,1
gmane.network.jabber.jingle,4,200,en,100.0,100.0,2008,2013,1
gmane.org.google.wave.api,4,200,en,100.0,100.0,2009,2010,1
gmane.org.user-groups.linux.italian.brigx,4,200,it,100.0,0.0,2016,2018,1
gmane.org.wikimedia.wikidata.technical,4,200,en,100.0,100.0,2013,2019,1
gmane.os.haiku.ports.devel,4,200,en,100.0,100.0,2009,2014,1
gmane.politics.comp.cryptome,4,200,en,100.0,100.0,2013,2015,1
gmane.science.gmat.scm,4,200,en,100.0,100.0,2011,2013,1
gmane.science.mathematics.algtop,4,200,en,100.0,100.0,2012,2019,1
gmane.text.xml.rpc.specification,4,200,en,100.0,100.0,2002,2006,1
gmane.comp.emulators.marss86,4,200,en,100.0,100.0,2011,2012,1
gmane.comp.encryption.trousers.scm,4,200,en,100.0,100.0,2005,2007,1
gmane.comp.gis.osgeo.ubuntu,4,200,en,100.0,100.0,2013,2018,1
gmane.comp.handhelds.general.brazil,4,200,pt,100.0,0.0,2005,2005,1
gmane.comp.lib.qt.jambi,4,200,en,100.0,100.0,2008,2012,1
gmane.comp.mozilla.devel.media,4,200,en,100.0,100.0,2013,2016,1
gmane.comp.video.vdr.softdevice,4,200,en,100.0,100.0,2006,2009,1
gmane.comp.web.html-tidy.user,4,200,en,100.0,100.0,2003,2015,1
gmane.comp.windows.dotnet.nunit.devel,4,200,en,100.0,100.0,2004,2008,1
gmane.ietf.mext,4,200,en,100.0,100.0,2014,2017,1
gmane.linux.enbd.general,4,200,en,100.0,100.0,2003,2006,1
gmane.linux.gentoo.devel.announce,4,200,en,75.0,75.0,2012,2016,2
gmane.linux.rpm.metadata,4,200,en,100.0,100.0,2003,2010,1
gmane.org.openstandaarden.general,4,200,nl,100.0,0.0,2004,2008,1
gmane.org.user-groups.linux.hllug,4,200,en,100.0,100.0,2008,2012,1
gmane.science.linguistics.wikipedia.wikitext,4,200,en,100.0,100.0,2011,2016,1
gmane.science.robotics.playerstage,4,200,en,100.0,100.0,2005,2009,1
gmane.comp.db.postgresql.pgpool.general,4,200,en,100.0,100.0,2010,2011,1
gmane.comp.freedesktop.xserver,4,200,en,100.0,100.0,2004,2004,1
gmane.comp.gis.openstreetmap.region.de.bonn-rhein-sieg,4,200,de,100.0,0.0,2010,2012,1
gmane.comp.java.ant-contrib.devel,4,200,en,100.0,100.0,2004,2008,1
gmane.comp.lang.haskell.hakyll,4,200,en,100.0,100.0,2013,2017,1
gmane.comp.python.db.sqlite.user,4,200,en,100.0,100.0,2010,2011,1
gmane.comp.version-control.viewvc.issues,4,200,en,100.0,100.0,2006,2012,1
gmane.comp.web.oscommerce.suggestions,4,200,en,100.0,100.0,2002,2003,1
gmane.linux.c1,4,200,en,75.0,75.0,2006,2006,2
gmane.linux.debian.alioth.reportbug.scm,4,200,en,100.0,100.0,2008,2011,1
gmane.linux.debian.devel.lsb,4,200,en,75.0,75.0,2005,2019,2
gmane.linux.distributions.64studio,4,200,en,100.0,100.0,2007,2009,1
gmane.linux.isdn.capisuite.user,4,200,en,75.0,75.0,2003,2005,2
gmane.linux.kernel.dkms.devel,4,200,en,100.0,100.0,2007,2011,1
gmane.linux.redhat.fedora.ocaml,4,200,en,100.0,100.0,2008,2011,1
gmane.linux.ubuntu.devel.announce,4,200,en,100.0,100.0,2008,2015,1
gmane.network.enterasys.user,4,200,en,100.0,100.0,2009,2013,1
gmane.network.winpcap.user,4,200,en,100.0,100.0,2010,2012,1
gmane.org.clubs.dba.waterways.gb,4,200,en,100.0,100.0,2014,2016,1
gmane.org.user-groups.linux.hungarian.expert,4,200,hu,75.0,0.0,2004,2005,2
gmane.org.user-groups.oss.nooss.general,4,200,en,100.0,100.0,2010,2014,1
gmane.os.hurd.web.translators.spanish,4,200,es,100.0,0.0,2003,2007,1
gmane.os.openbsd.advocacy,4,200,en,75.0,75.0,2002,2011,2
gmane.os.pcbsd.pbi-dev,4,200,en,75.0,75.0,2007,2011,2
gmane.politics.activism.carfree-network,4,200,en,75.0,75.0,2003,2005,2
gmane.science.biology.wormbase.general,4,200,en,75.0,75.0,2004,2005,2
gmane.comp.games.freecol.devel,4,200,en,100.0,100.0,2012,2017,1
gmane.comp.graphics.rawstudio.devel,4,200,en,100.0,100.0,2007,2011,1
gmane.comp.hardware.avr.avra,4,200,en,100.0,100.0,2014,2015,1
gmane.comp.hardware.sdr.hackrf.devel,4,200,en,100.0,100.0,2016,2018,1
gmane.comp.java.clojure.leiningen,4,200,en,100.0,100.0,2012,2015,1
gmane.comp.python.opengl.devel,4,200,en,100.0,100.0,2004,2008,1
gmane.comp.video.mplayer.user.dvb,4,200,en,100.0,100.0,2003,2004,1
gmane.emacs.cc-mode.general,4,200,en,100.0,100.0,2005,2007,1
gmane.linux.drivers.prism54.user,4,200,en,100.0,100.0,2003,2005,1
gmane.linux.kernel.driver-loader,4,200,en,100.0,100.0,2004,2006,1
gmane.linux.printing.japanese,4,200,en,50.0,50.0,2007,2009,2
gmane.linux.redhat.fedora.virtualization,4,200,en,100.0,100.0,2013,2015,1
gmane.mail.sendmail.dkim-milter.general,4,200,en,100.0,100.0,2007,2011,1
gmane.org.operators.tuna.mirrors,4,200,en,75.0,75.0,2013,2017,2
gmane.org.user-groups.linux.bxlug.devel,4,200,fr,100.0,0.0,2005,2006,1
gmane.comp.apache.mod-survey.general,4,200,en,100.0,100.0,2003,2007,1
gmane.comp.lang.r.knitr,4,200,en,100.0,100.0,2012,2014,1
gmane.comp.lib.fann.general,4,200,en,75.0,75.0,2005,2007,2
gmane.comp.linux.papi,4,200,en,100.0,100.0,2013,2015,1
gmane.comp.monitoring.bigsister.general,4,200,en,100.0,100.0,2002,2008,1
gmane.comp.mozilla.devel.mstone,4,200,UNKNOWN,50.0,0.0,2002,2003,3
gmane.comp.security.firewalls.fw1-gurus,4,200,en,100.0,100.0,2005,2008,1
gmane.linux.distributions.gnu-linux-libre,4,200,en,100.0,100.0,2010,2019,1
gmane.linux.redhat.release.seawolf,4,200,en,75.0,75.0,2002,2002,2
gmane.mail.exchange.discuss,4,200,UNKNOWN,50.0,50.0,2008,2013,2
gmane.network.socks.dante.general,4,200,en,100.0,100.0,2006,2013,1
gmane.org.user-groups.linux.troisdorf,4,200,de,75.0,0.0,2010,2014,2
gmane.science.geophysics.seisan,4,200,en,100.0,100.0,2011,2013,1
gmane.text.xml.xfc.general,4,200,en,75.0,75.0,2003,2013,2
gmane.comp.apache.bloodhound.devel,4,200,en,100.0,100.0,2013,2018,1
gmane.comp.encryption.cipe,4,200,en,100.0,100.0,2002,2003,1
gmane.comp.file-systems.s3.s3tools,4,200,en,100.0,100.0,2008,2013,1
gmane.comp.graphics.plplot.user,4,200,en,100.0,100.0,2014,2019,1
gmane.comp.ide.eclipse.p2.devel,4,200,en,100.0,100.0,2011,2012,1
gmane.comp.java.tn5250j.general,4,200,en,100.0,100.0,2004,2005,1
gmane.comp.lang.scala.ide.user,4,200,en,100.0,100.0,2010,2016,1
gmane.comp.video.gmerlin.general,4,200,en,100.0,100.0,2010,2011,1
gmane.comp.web.zope.plone.blogging.quills,4,200,en,100.0,100.0,2006,2008,1
gmane.culture.region.turkish,4,200,UNKNOWN,50.0,50.0,2006,2013,2
gmane.linux.debian.devel.changes.lts,4,200,en,75.0,75.0,2014,2018,2
gmane.network.ipv6.hackers,4,200,en,100.0,100.0,2012,2013,1
gmane.network.netdot.devel,4,200,en,100.0,100.0,2012,2013,1
gmane.os.netbsd.documentation,4,200,en,100.0,100.0,2005,2008,1
gmane.os.opendarwin.webkit.user,4,200,en,100.0,100.0,2011,2013,1
gmane.comp.freedesktop.avahi,4,200,en,100.0,100.0,2007,2017,1
gmane.comp.ide.eclipse.phpeclipse.devel,4,200,en,100.0,100.0,2005,2006,1
gmane.comp.jakarta.pluto.user,4,200,en,100.0,100.0,2004,2006,1
gmane.comp.java.vm.sablevm.devel,4,200,en,100.0,100.0,2003,2006,1
gmane.comp.lang.tcl.tcllib.bugs,4,200,en,100.0,100.0,2015,2019,1
gmane.comp.mozilla.devel.netlib,4,200,en,75.0,75.0,2002,2013,2
gmane.comp.video.graphicsmagick.core,4,200,en,100.0,100.0,2003,2007,1
gmane.editors.nano.general,4,200,en,100.0,100.0,2003,2017,1
gmane.emacs.latex.preview.devel,4,200,en,75.0,75.0,2002,2004,2
gmane.user-groups.linux.belfast,4,200,en,100.0,100.0,2012,2014,1
gmane.comp.corba.orbacus,4,200,en,100.0,100.0,2003,2004,1
gmane.comp.java.tapestry.cvs,4,200,en,75.0,75.0,2002,2003,2
gmane.comp.kde.kwintv,4,200,en,100.0,100.0,2003,2005,1
gmane.comp.openoffice.users.french,4,200,fr,100.0,0.0,2005,2010,1
gmane.comp.web.zope.formulator.general,4,200,en,100.0,100.0,2008,2010,1
gmane.comp.web.zope.plone.website,4,200,en,100.0,100.0,2005,2012,1
gmane.linux.kernel.trace.user,4,200,en,100.0,100.0,2010,2018,1
gmane.linux.ubuntu.devel.sugar,4,200,en,50.0,50.0,2010,2017,2
gmane.org.w3c.sparql.devel,4,200,en,100.0,100.0,2008,2015,1
gmane.org.wikimedia.sanfrancisco,4,200,en,100.0,100.0,2013,2016,1
gmane.os.netbsd.ports.sgimips,4,200,en,100.0,100.0,2004,2015,1
gmane.user-groups.linux.lugmen.grouchesque,4,200,es,100.0,0.0,2007,2007,1
gmane.comp.audio.jamin.devel,4,200,en,100.0,100.0,2004,2008,1
gmane.comp.handhelds.openmoko.android-freerunner,4,200,en,100.0,100.0,2009,2009,1
gmane.comp.kde.akregator.user,4,200,en,100.0,100.0,2007,2009,1
gmane.comp.lang.haskell.cvs.hugs,4,200,en,100.0,100.0,2003,2005,1
gmane.comp.mozilla.firefox.user,4,200,en,100.0,100.0,2018,2018,1
gmane.linux.bbc.general,4,200,en,100.0,100.0,2003,2007,1
gmane.linux.redhat.fedora.internationalization,4,200,en,100.0,100.0,2005,2012,1
gmane.politics.activism.permaculture.finger-lakes,4,200,en,100.0,100.0,2008,2019,1
gmane.science.biology.adun.scm,4,200,en,75.0,75.0,2008,2012,2
gmane.comp.audio.linuxsampler.devel,4,200,en,100.0,100.0,2008,2018,1
gmane.comp.lang.ruby.ruote,4,200,en,100.0,100.0,2010,2013,1
gmane.comp.micro-kernel.adeos.general,4,200,en,75.0,75.0,2003,2006,2
gmane.comp.monitoring.opsview.user,4,200,en,100.0,100.0,2010,2011,1
gmane.comp.mozilla.devel.jseng.rhino,4,200,en,100.0,100.0,2008,2009,1
gmane.comp.openoffice.dba.devel,4,200,en,100.0,100.0,2005,2010,1
gmane.comp.sysutils.backup.arkeia.users,4,200,en,100.0,100.0,2006,2008,1
gmane.emacs.python-mode,4,200,en,100.0,100.0,2006,2012,1
gmane.linux.altlinux.backports,4,200,ru,100.0,0.0,2005,2006,1
gmane.comp.finance.sql-ledger123.user,4,200,en,100.0,100.0,2011,2013,1
gmane.comp.gis.openstreetmap.region.hr,4,200,hr,75.0,25.0,2009,2011,2
gmane.comp.high-availability.veritas.ha,4,200,en,100.0,100.0,2007,2007,1
gmane.ietf.ops,4,200,en,100.0,100.0,2008,2010,1
gmane.ietf.paws,4,200,en,100.0,100.0,2012,2014,1
gmane.org.user-groups.zaralinux,4,200,es,100.0,0.0,2003,2003,1
gmane.comp.lang.perl.modules.html-template,4,200,en,100.0,100.0,2003,2016,1
gmane.comp.tv.rivatv.user,4,200,en,75.0,75.0,2004,2010,2
gmane.comp.web.wiki.pmwiki.user.de,4,200,de,100.0,0.0,2005,2007,1
gmane.ietf.multi6,4,200,en,100.0,100.0,2002,2003,1
gmane.linux.debian.alioth.pkg-clojure-maintainers,4,200,en,100.0,100.0,2017,2019,1
gmane.os.freedos.devel,4,200,en,100.0,100.0,2002,2002,1
gmane.comp.printing.a2ps.bugs,4,200,ja,75.0,25.0,2004,2005,2
gmane.ietf.pppext,4,200,en,100.0,100.0,2003,2011,1
gmane.network.jabber.prosody.devel,4,200,en,100.0,100.0,2013,2017,1
gmane.org.misc.hcoop.help,4,200,en,100.0,100.0,2008,2009,1
gmane.comp.file-systems.ntfs-3g.devel,4,200,en,100.0,100.0,2008,2013,1
gmane.comp.games.clanlib.general,4,200,en,100.0,100.0,2005,2006,1
gmane.comp.gnu.config.patches,4,200,en,100.0,100.0,2013,2018,1
gmane.comp.ipod.gtkpod.cvs,4,200,en,100.0,100.0,2006,2009,1
gmane.comp.hardware.opencores.cores,4,200,en,100.0,100.0,2005,2008,1
gmane.comp.python.org.seattle,4,200,en,100.0,100.0,2012,2013,1
gmane.comp.version-control.quilt.devel,4,200,en,100.0,100.0,2009,2018,1
gmane.comp.monitoring.pmacct,4,200,en,100.0,100.0,2017,2019,1
gmane.comp.php.zend.framework.documentation,4,200,en,75.0,75.0,2006,2008,2
gmane.network.shinken.devel,4,200,en,100.0,100.0,2010,2015,1
gmane.text.xml.xslt.extensions,4,200,en,100.0,100.0,2005,2008,1
gmane.comp.gnu.gift.snakecharmer.general,4,200,en,75.0,75.0,2005,2006,2
gmane.comp.internationalization.sami,4,200,no,50.0,25.0,2003,2010,3
gmane.comp.java.jbehave.scm,4,200,en,75.0,75.0,2009,2013,2
gmane.ietf.6lo,4,200,en,100.0,100.0,2016,2019,1
gmane.network.directoryadmin,4,200,en,75.0,75.0,2003,2005,2
gmane.comp.web.myghty.user,4,200,en,100.0,100.0,2004,2006,1
gmane.emacs.dvc.devel,4,200,en,100.0,100.0,2006,2007,1
gmane.mail.spam.dsbl.admin,4,200,en,100.0,100.0,2005,2005,1
gmane.network.fidolook,4,200,en,100.0,100.0,2004,2009,1
gmane.comp.security.otr.devel,4,200,en,100.0,100.0,2007,2014,1
gmane.comp.web.server.perlbal.general,4,200,en,100.0,100.0,2007,2008,1
gmane.org.creativecommons.devel,4,200,en,100.0,100.0,2005,2014,1
gmane.comp.graphics.y.devel,4,200,en,100.0,100.0,2004,2004,1
gmane.comp.tex.tetex.general,4,200,en,100.0,100.0,2003,2006,1
gmane.comp.web.smil,4,200,UNKNOWN,50.0,50.0,2002,2010,2
gmane.org.wikimedia.cascadia,4,200,en,75.0,75.0,2015,2016,2
gmane.comp.audio.speak-freely.general,3,150,en,100.0,100.0,2003,2008,1
gmane.comp.bug-tracking.gnats.bugs,3,150,en,100.0,100.0,2003,2004,1
gmane.comp.bug-tracking.scmbug.user,3,150,en,100.0,100.0,2007,2008,1
gmane.comp.cms.bitflux.general.german,3,150,de,66.7,33.3,2002,2005,2
gmane.comp.cms.croogo,3,150,en,100.0,100.0,2013,2013,1
gmane.comp.compression.xz.devel,3,150,en,100.0,100.0,2016,2019,1
gmane.comp.emulators.vmware.tools.devel,3,150,en,100.0,100.0,2009,2017,1
gmane.comp.encryption.kerberos.windows.devel,3,150,en,100.0,100.0,2008,2012,1
gmane.comp.gcc.jit,3,150,en,100.0,100.0,2014,2015,1
gmane.comp.gnome.apps.geary,3,150,en,100.0,100.0,2013,2017,1
gmane.comp.gnome.mono.gendarme,3,150,en,100.0,100.0,2008,2011,1
gmane.comp.gnome.user.french,3,150,fr,100.0,0.0,2007,2010,1
gmane.comp.gnu.diffutils.bugs,3,150,en,100.0,100.0,2010,2012,1
gmane.comp.gnu.m4.patches,3,150,en,100.0,100.0,2003,2011,1
gmane.comp.gnu.prolog.bugs,3,150,en,100.0,100.0,2003,2008,1
gmane.comp.hardware.microcontrollers.avr.general,3,150,fr,100.0,0.0,2006,2009,1
gmane.comp.hardware.openrisc,3,150,en,100.0,100.0,2012,2014,1
gmane.comp.ide.eclipse.atf.devel,3,150,en,100.0,100.0,2007,2012,1
gmane.comp.jakarta.oro.user,3,150,en,100.0,100.0,2002,2005,1
gmane.comp.java.spice.cvs,3,150,en,66.7,66.7,2003,2003,2
gmane.comp.java.wadi.devel,3,150,en,100.0,100.0,2005,2007,1
gmane.comp.krysalis.cvs,3,150,en,66.7,66.7,2004,2004,2
gmane.comp.lang.perl.modules.class-dbi,3,150,en,100.0,100.0,2005,2007,1
gmane.comp.lang.r.manipulatr,3,150,en,100.0,100.0,2014,2014,1
gmane.comp.lang.ruby.region.portland,3,150,en,100.0,100.0,2006,2007,1
gmane.comp.lang.smalltalk.croquet.devel,3,150,en,100.0,100.0,2004,2006,1
gmane.comp.lex.flex.general,3,150,en,100.0,100.0,2004,2005,1
gmane.comp.lib.phil,3,150,en,100.0,100.0,2003,2004,1
gmane.comp.macosx.letters.general,3,150,en,100.0,100.0,2010,2010,1
gmane.comp.mathematics.mizar,3,150,en,100.0,100.0,2003,2010,1
gmane.comp.micro-kernel.l4.sel4.devel,3,150,en,100.0,100.0,2015,2017,1
gmane.comp.misc.free-software-business,3,150,en,100.0,100.0,2002,2004,1
gmane.comp.mozilla.devel.editor,3,150,en,66.7,66.7,2003,2014,2
gmane.comp.openoffice.devel.porting,3,150,en,100.0,100.0,2005,2006,1
gmane.comp.programming.tools.omake.general,3,150,en,100.0,100.0,2005,2008,1
gmane.comp.python.py.devel,3,150,en,100.0,100.0,2005,2010,1
gmane.comp.tex.getfo+texml,3,150,ja,100.0,0.0,2007,2007,1
gmane.comp.video.cinepaint.user,3,150,en,100.0,100.0,2006,2008,1
gmane.comp.video.motion.user,3,150,en,100.0,100.0,2015,2017,1
gmane.comp.video.xvid.user,3,150,en,100.0,100.0,2003,2006,1
gmane.comp.web.edbrowse.devel,3,150,en,100.0,100.0,2014,2016,1
gmane.comp.web.jifty.devel,3,150,en,100.0,100.0,2008,2010,1
gmane.comp.web.pinboard.devel,3,150,en,100.0,100.0,2011,2012,1
gmane.education.libraries.open-ils.documentation,3,150,en,100.0,100.0,2009,2012,1
gmane.games.freeciv.data,3,150,en,100.0,100.0,2000,2000,1
gmane.ietf.forces,3,150,en,100.0,100.0,2004,2007,1
gmane.ietf.xml-mime,3,150,en,100.0,100.0,1999,2010,1
gmane.linux.conectiva.apt-rpm,3,150,en,100.0,100.0,2002,2004,1
gmane.linux.debian.internationalization.hungarian,3,150,es,33.3,33.3,2006,2011,3
gmane.linux.distributions.blag.noise,3,150,en,100.0,100.0,2008,2008,1
gmane.linux.gentoo.ppc,3,150,en,100.0,100.0,2003,2007,1
gmane.linux.kernel.malware,3,150,en,66.7,66.7,2008,2013,2
gmane.linux.linux-wlan.user,3,150,en,66.7,66.7,2003,2004,2
gmane.linux.voidlinux,3,150,en,100.0,100.0,2015,2015,1
gmane.lisp.wxcl.devel,3,150,en,100.0,100.0,2005,2009,1
gmane.network.dns.ddclient.forum,3,150,en,100.0,100.0,2008,2008,1
gmane.network.protocols.alljoyn.core,3,150,en,100.0,100.0,2016,2016,1
gmane.network.wireless.cu-wireless.devel,3,150,en,100.0,100.0,2005,2006,1
gmane.org.google.gwt.maven,3,150,en,100.0,100.0,2009,2009,1
gmane.org.user-groups.linux.brazil.linuxdicas,3,150,pt,100.0,0.0,2007,2007,1
gmane.org.user-groups.linux.cbe,3,150,en,100.0,100.0,2007,2010,1
gmane.org.user-groups.linux.italian.tigullio,3,150,it,100.0,0.0,2007,2008,1
gmane.org.w3c.mw4d,3,150,en,100.0,100.0,2009,2009,1
gmane.org.wikimedia.iberocoop,3,150,es,100.0,0.0,2016,2017,1
gmane.os.netbsd.regional.nyc,3,150,en,66.7,66.7,2005,2008,2
gmane.os.openbeos.kernel.devel,3,150,en,100.0,100.0,2002,2006,1
gmane.science.tts.festvox,3,150,en,100.0,100.0,2007,2010,1
gmane.comp.ai.prolog.yap.general,3,150,en,100.0,100.0,2010,2011,1
gmane.comp.apache.incubator.ranger.scm,3,150,en,100.0,100.0,2016,2018,1
gmane.comp.audio.musedit,3,150,en,100.0,100.0,2011,2014,1
gmane.comp.cryptography.viff.devel,3,150,en,100.0,100.0,2007,2009,1
gmane.comp.desktop.mate.devel,3,150,en,100.0,100.0,2014,2016,1
gmane.comp.gnu.tuxpaint.devel,3,150,en,100.0,100.0,2010,2010,1
gmane.comp.graphics.libmv.devel,3,150,en,100.0,100.0,2010,2011,1
gmane.comp.hardware.microcontrollers.gnupic,3,150,en,100.0,100.0,2005,2005,1
gmane.comp.information-retrieval.webir,3,150,en,100.0,100.0,2004,2006,1
gmane.comp.java.grizzly.devel,3,150,en,100.0,100.0,2009,2011,1
gmane.comp.java.jabref.user,3,150,en,100.0,100.0,2015,2016,1
gmane.comp.kde.devel.graphics,3,150,en,100.0,100.0,2011,2014,1
gmane.comp.lang.fortress.general,3,150,en,100.0,100.0,2009,2010,1
gmane.comp.lib.pocl,3,150,en,100.0,100.0,2012,2014,1
gmane.comp.mozilla.firefox.pentadactyl,3,150,en,100.0,100.0,2010,2012,1
gmane.comp.python.org.europe.improve,3,150,en,100.0,100.0,2008,2012,1
gmane.comp.python.wheel-builders,3,150,en,100.0,100.0,2016,2019,1
gmane.comp.sysutils.backup.fsvs.devel,3,150,en,100.0,100.0,2008,2011,1
gmane.comp.video.videolan.libdvbpsi.devel,3,150,en,100.0,100.0,2003,2013,1
gmane.culture.language.esperanto.britain,3,150,en,33.3,33.3,2005,2011,3
gmane.emacs.multi-tty,3,150,en,100.0,100.0,2005,2007,1
gmane.ietf.mobike,3,150,en,100.0,100.0,2005,2005,1
gmane.ietf.types,3,150,en,66.7,66.7,2004,2009,2
gmane.linux.debian.devel.3com-pilot,3,150,en,100.0,100.0,2003,2004,1
gmane.linux.distributions.openfiler.user,3,150,en,100.0,100.0,2006,2008,1
gmane.linux.documentation.tldp,3,150,en,100.0,100.0,2009,2011,1
gmane.linux.kernel.adeos.general,3,150,en,100.0,100.0,2006,2011,1
gmane.mail.djigzo.user,3,150,en,100.0,100.0,2012,2015,1
gmane.mail.masqmail,3,150,en,100.0,100.0,2002,2010,1
gmane.mail.postfix.user.indonesian,3,150,id,66.7,33.3,2004,2004,2
gmane.network.dns.knotdns.user,3,150,en,100.0,100.0,2016,2017,1
gmane.network.flow-tools.user,3,150,en,100.0,100.0,2005,2007,1
gmane.network.jabber.google-talk.user,3,150,en,100.0,100.0,2007,2008,1
gmane.network.peer-to-peer.netsukuku,3,150,en,100.0,100.0,2006,2011,1
gmane.network.vpn.libreswan.user,3,150,en,100.0,100.0,2015,2018,1
gmane.org.operators.memog,3,150,en,100.0,100.0,2011,2014,1
gmane.org.user-groups.linux.beijing,3,150,en,66.7,66.7,2003,2004,2
gmane.org.wikimedia.usa.general,3,150,en,100.0,100.0,2011,2017,1
gmane.os.mirage.devel,3,150,en,100.0,100.0,2015,2016,1
gmane.science.geophysics.msnoise,3,150,en,100.0,100.0,2015,2017,1
gmane.text.reference-manager.users,3,150,en,100.0,100.0,2005,2006,1
gmane.text.xml.sedna,3,150,en,100.0,100.0,2011,2015,1
gmane.comp.audio.audacity.translation,3,150,en,100.0,100.0,2012,2013,1
gmane.comp.audio.darkice,3,150,en,66.7,66.7,2012,2013,2
gmane.comp.audio.mpc.devel,3,150,en,66.7,66.7,2003,2003,2
gmane.comp.audio.musicpd.sonata.general,3,150,en,100.0,100.0,2009,2014,1
gmane.comp.cms.sakai.announce,3,150,en,100.0,100.0,2011,2017,1
gmane.comp.db.metakit,3,150,en,100.0,100.0,2001,2002,1
gmane.comp.games.shogi,3,150,en,66.7,66.7,2004,2006,2
gmane.comp.gis.openstreetmap.region.it.lazio,3,150,it,66.7,33.3,2014,2016,2
gmane.comp.gis.osgeo.foss-gps,3,150,en,100.0,100.0,2013,2015,1
gmane.comp.handhelds.blackberry.barry.devel,3,150,en,100.0,100.0,2008,2012,1
gmane.comp.hardware.minnowboard.user,3,150,en,100.0,100.0,2014,2016,1
gmane.comp.ide.eclipse.platform.debug.devel,3,150,en,66.7,66.7,2006,2010,2
gmane.comp.java.jacoco.user,3,150,en,100.0,100.0,2015,2016,1
gmane.comp.lang.scala.android,3,150,en,100.0,100.0,2014,2014,1
gmane.comp.lang.scala.ide.devel,3,150,en,100.0,100.0,2011,2014,1
gmane.comp.lang.smalltalk.exupery,3,150,en,100.0,100.0,2007,2008,1
gmane.comp.lang.sml.smlnj.commits,3,150,en,66.7,66.7,2004,2005,2
gmane.comp.lib.agar.scm,3,150,en,66.7,66.7,2008,2015,2
gmane.comp.lx-office.erp.user,3,150,de,100.0,0.0,2007,2014,1
gmane.comp.mathematics.viennacl.devel,3,150,en,100.0,100.0,2014,2014,1
gmane.comp.monitoring.bigsister.cvslog,3,150,en,66.7,66.7,2005,2006,2
gmane.comp.mozilla.devel.webapps,3,150,en,100.0,100.0,2013,2014,1
gmane.comp.openoffice.french.quality-assurance,3,150,fr,100.0,0.0,2010,2010,1
gmane.comp.php.internationalization,3,150,en,100.0,100.0,2004,2008,1
gmane.comp.python.django.mayan-edms,3,150,en,100.0,100.0,2014,2015,1
gmane.comp.python.org.netherlands,3,150,en,66.7,66.7,2010,2014,2
gmane.comp.radio.linrad,3,150,en,100.0,100.0,2006,2007,1
gmane.comp.tools.jam,3,150,en,100.0,100.0,2000,2003,1
gmane.comp.tools.sudo.devel,3,150,en,100.0,100.0,2008,2017,1
gmane.comp.version-control.fossil-scm.devel,3,150,en,100.0,100.0,2015,2016,1
gmane.comp.version-control.subversion.rapidsvn.issues,3,150,en,100.0,100.0,2005,2008,1
gmane.comp.version-control.subversion.websvn.devel,3,150,en,100.0,100.0,2010,2013,1
gmane.comp.windows.dotnet.nhibernate.fluentnhibernate,3,150,en,100.0,100.0,2011,2012,1
gmane.culture.war.guerrelec,3,150,fr,100.0,0.0,2006,2006,1
gmane.emacs.viewmail,3,150,en,100.0,100.0,2012,2013,1
gmane.emacs.yasnippet.devel,3,150,en,100.0,100.0,2009,2012,1
gmane.games.diplomacy.cat23.results.eleven-hundred,3,150,en,100.0,100.0,2004,2004,1
gmane.ietf.disman,3,150,en,100.0,100.0,2002,2006,1
gmane.linux.drivers.acx100,3,150,en,100.0,100.0,2005,2013,1
gmane.linux.lsb.discuss,3,150,en,100.0,100.0,2002,2004,1
gmane.linux.misc.lost,3,150,en,100.0,100.0,2004,2004,1
gmane.linux.rpm.rpmforge.packagers,3,150,en,100.0,100.0,2011,2014,1
gmane.linux.suse.opensuse.french,3,150,fr,100.0,0.0,2009,2011,1
gmane.linux.ubuntu.translators.de,3,150,de,100.0,0.0,2009,2010,1
gmane.lisp.scheme.geiser,3,150,en,100.0,100.0,2013,2014,1
gmane.lisp.usocket.devel,3,150,en,100.0,100.0,2008,2011,1
gmane.mail.bluemind.general,3,150,fr,66.7,33.3,2014,2019,2
gmane.music.otr.lostees,3,150,en,100.0,100.0,2004,2005,1
gmane.network.netsaint.user,3,150,en,100.0,100.0,2002,2004,1
gmane.org.user-groups.asterisk.winnipeg,3,150,en,100.0,100.0,2005,2010,1
gmane.os.cygwin.cygnome2.devel,3,150,en,66.7,66.7,2008,2010,2
gmane.os.freebsd.italian.traduzioni,3,150,it,33.3,33.3,2004,2012,3
gmane.os.openbsd.arm,3,150,en,100.0,100.0,2007,2016,1
gmane.politics.organizations.demexp.fr,3,150,fr,100.0,0.0,2005,2009,1
gmane.user-groups.foss.opensourcetreffen.discuss,3,150,de,100.0,0.0,2010,2016,1
gmane.comp.apache.mod-xml.general,3,150,en,100.0,100.0,2009,2015,1
gmane.comp.configuration-management.users,3,150,en,100.0,100.0,2006,2006,1
gmane.comp.db.postgresql.pgpool.devel,3,150,en,100.0,100.0,2007,2011,1
gmane.comp.desktop.lxde.pcmanfm,3,150,en,100.0,100.0,2011,2012,1
gmane.comp.handhelds.linux.axim50,3,150,en,66.7,66.7,2005,2007,2
gmane.comp.internationalization.oooes.translation,3,150,es,100.0,0.0,2012,2012,1
gmane.comp.java.scarab.cvs,3,150,en,100.0,100.0,2005,2007,1
gmane.comp.java.terracotta.user,3,150,en,100.0,100.0,2007,2010,1
gmane.comp.lang.r.debian,3,150,en,100.0,100.0,2010,2018,1
gmane.comp.lang.r.ggplot2.devel,3,150,en,100.0,100.0,2012,2012,1
gmane.comp.monitoring.fusion-inventory.user,3,150,en,100.0,100.0,2011,2014,1
gmane.comp.programming.extreme-customering,3,150,en,66.7,66.7,2002,2003,2
gmane.comp.python.f2py.user,3,150,en,100.0,100.0,2006,2008,1
gmane.comp.search.namazu.user.japanese,3,150,ja,100.0,0.0,2005,2013,1
gmane.comp.security.denyhosts.user,3,150,en,100.0,100.0,2008,2015,1
gmane.comp.security.passwordsafe.devel,3,150,en,100.0,100.0,2003,2010,1
gmane.comp.security.webauth.info,3,150,en,100.0,100.0,2007,2009,1
gmane.comp.sysutils.mcollective.user,3,150,en,100.0,100.0,2014,2017,1
gmane.comp.sysutils.ranger,3,150,en,100.0,100.0,2013,2016,1
gmane.comp.video.lscube.scm,3,150,en,100.0,100.0,2008,2011,1
gmane.comp.video.mplayer.documentation,3,150,en,100.0,100.0,2008,2013,1
gmane.comp.web.microformats.new,3,150,en,100.0,100.0,2007,2008,1
gmane.comp.web.skunkweb,3,150,en,66.7,66.7,2005,2007,2
gmane.law.gpl.violations.technical,3,150,en,100.0,100.0,2009,2013,1
gmane.linux.arklinux.general,3,150,en,100.0,100.0,2003,2004,1
gmane.linux.aurora.devel,3,150,en,100.0,100.0,2002,2003,1
gmane.linux.redhat.fedora.laptop,3,150,en,100.0,100.0,2007,2014,1
gmane.linux.redhat.fedora.music,3,150,en,100.0,100.0,2010,2012,1
gmane.mail.qmail.simscan,3,150,en,100.0,100.0,2011,2011,1
gmane.org.user-groups.debian.saopaulo,3,150,pt,100.0,0.0,2003,2010,1
gmane.org.user-groups.wifi.huwico,3,150,hu,66.7,0.0,2004,2005,2
gmane.os.bsd.certification,3,150,en,100.0,100.0,2005,2006,1
gmane.os.freebsd.devel.libh,3,150,en,100.0,100.0,2002,2002,1
gmane.sports.autoracing.f1-racing,3,150,en,100.0,100.0,2007,2007,1
gmane.text.xml.xtm.tmql,3,150,en,100.0,100.0,2004,2007,1
gmane.comp.emulators.xen.ppc,3,150,en,100.0,100.0,2006,2007,1
gmane.comp.fonts.dejavu.scm,3,150,ca,66.7,0.0,2006,2007,2
gmane.comp.gis.openstreetmap.region.de.niederbayern,3,150,de,100.0,0.0,2013,2015,1
gmane.comp.gis.openstreetmap.region.ie,3,150,en,100.0,100.0,2017,2018,1
gmane.comp.gis.openstreetmap.region.za,3,150,en,100.0,100.0,2007,2009,1
gmane.comp.gnome.apps.mr-project.user,3,150,en,100.0,100.0,2003,2003,1
gmane.comp.ide.eclipse.tptp.tracing-profiling.devel,3,150,en,100.0,100.0,2009,2010,1
gmane.comp.java.netbeans.modules.apisupport.devel,3,150,en,100.0,100.0,2005,2006,1
gmane.comp.java.xdoclet-plugins,3,150,en,66.7,66.7,2005,2008,2
gmane.comp.kde.devel.atlantik,3,150,en,100.0,100.0,2002,2003,1
gmane.comp.lang.alloy.general,3,150,en,100.0,100.0,2005,2008,1
gmane.comp.lang.r.hpc,3,150,en,100.0,100.0,2011,2014,1
gmane.comp.lang.ruby.rails.locomotive.user,3,150,en,100.0,100.0,2006,2007,1
gmane.comp.ldap.gosa,3,150,en,100.0,100.0,2010,2011,1
gmane.comp.lib.hpx.user,3,150,en,100.0,100.0,2016,2017,1
gmane.comp.mozilla.crash-data,3,150,en,100.0,100.0,2002,2003,1
gmane.comp.multimedia.ddj.user,3,150,ru,66.7,33.3,2008,2015,2
gmane.comp.php.tcphp,3,150,en,100.0,100.0,2005,2005,1
gmane.comp.printing.ghostscript.display.devel,3,150,da,66.7,0.0,2003,2003,2
gmane.comp.python.pyzo,3,150,en,100.0,100.0,2013,2018,1
gmane.comp.security.ossim.support,3,150,en,100.0,100.0,2006,2007,1
gmane.comp.tools.dyninst-api,3,150,en,100.0,100.0,2012,2016,1
gmane.comp.tools.xdotool,3,150,en,100.0,100.0,2015,2016,1
gmane.comp.video.graphicsmagick.help,3,150,en,100.0,100.0,2009,2018,1
gmane.comp.web.zope.zdp,3,150,en,66.7,66.7,2002,2004,2
gmane.games.devel.windows,3,150,en,100.0,100.0,2002,2007,1
gmane.ietf.http-auth,3,150,en,100.0,100.0,2013,2014,1
gmane.ietf.tokbind,3,150,en,100.0,100.0,2016,2018,1
gmane.linux.debian.kde.talk,3,150,en,100.0,100.0,2009,2018,1
gmane.linux.drivers.hpofficejet.devel,3,150,en,100.0,100.0,2003,2004,1
gmane.linux.lockmeter,3,150,en,100.0,100.0,2002,2007,1
gmane.lisp.scheme.scheme48,3,150,en,100.0,100.0,2008,2011,1
gmane.network.i2p,3,150,en,100.0,100.0,2005,2006,1
gmane.network.samba.vms,3,150,en,100.0,100.0,2003,2007,1
gmane.org.user-groups.python.pysv.general,3,150,de,100.0,0.0,2012,2013,1
gmane.os.apple.xquartz.devel,3,150,en,100.0,100.0,2012,2016,1
gmane.os.sharpos.devel,3,150,en,100.0,100.0,2007,2008,1
gmane.politics.leftists.monkeyfist,3,150,en,66.7,66.7,2001,2002,2
gmane.comp.apache.incubator.whirr.user,3,150,en,100.0,100.0,2012,2013,1
gmane.comp.apache.wave.devel,3,150,en,100.0,100.0,2015,2016,1
gmane.comp.bios.tianocore.buildtools.devel,3,150,en,100.0,100.0,2013,2014,1
gmane.comp.encryption.opencryptoki.tech,3,150,en,100.0,100.0,2010,2010,1
gmane.comp.file-systems.sfs.general,3,150,en,100.0,100.0,2003,2005,1
gmane.comp.file-systems.unionfs.general,3,150,en,100.0,100.0,2005,2006,1
gmane.comp.gnome.apps.eog,3,150,en,100.0,100.0,2005,2009,1
gmane.comp.hardware.freeipmi.user,3,150,en,100.0,100.0,2011,2014,1
gmane.comp.jakarta.avalon.apps.devel,3,150,en,100.0,100.0,2002,2003,1
gmane.comp.java.helma.general,3,150,en,100.0,100.0,2002,2006,1
gmane.comp.java.jxta.user,3,150,en,100.0,100.0,2005,2005,1
gmane.comp.java.openjdk.javadoc.devel,3,150,en,100.0,100.0,2014,2018,1
gmane.comp.kde.devel.k3b,3,150,en,100.0,100.0,2014,2019,1
gmane.comp.kde.scm-interest,3,150,en,100.0,100.0,2007,2010,1
gmane.comp.lang.curry,3,150,en,100.0,100.0,2009,2015,1
gmane.comp.lang.eiffel.gobo.general,3,150,en,100.0,100.0,2002,2007,1
gmane.comp.lang.nice.devel,3,150,en,100.0,100.0,2002,2005,1
gmane.comp.lib.elektra.devel,3,150,en,100.0,100.0,2006,2008,1
gmane.comp.mathematics.csc,3,150,en,100.0,100.0,2007,2015,1
gmane.comp.misc.foicica,3,150,en,100.0,100.0,2017,2018,1
gmane.comp.openoffice.devel.documentation,3,150,en,100.0,100.0,2005,2010,1
gmane.comp.php.phpdocumentor.devel,3,150,en,100.0,100.0,2005,2010,1
gmane.comp.python.pyro,3,150,en,100.0,100.0,2008,2014,1
gmane.comp.security.ids.oisf.user,3,150,en,100.0,100.0,2011,2013,1
gmane.comp.systems.beaker.devel,3,150,en,100.0,100.0,2009,2013,1
gmane.comp.telephony.h323plus,3,150,en,100.0,100.0,2008,2017,1
gmane.comp.telephony.pbx.asterisk.doc,3,150,en,100.0,100.0,2006,2011,1
gmane.comp.web.html-tidy.devel,3,150,en,100.0,100.0,2003,2003,1
gmane.comp.windows.dotnet.gentle.devel,3,150,en,100.0,100.0,2005,2005,1
gmane.culture.libraries.bak,3,150,de,100.0,0.0,2013,2017,1
gmane.games.diplomacy.judge.dp.discussion,3,150,en,100.0,100.0,2004,2006,1
gmane.ietf.lwig,3,150,en,100.0,100.0,2012,2014,1
gmane.linux.altlinux.devel.hpc,3,150,ru,100.0,0.0,2007,2007,1
gmane.linux.debian.internationalization.danish,3,150,en,100.0,100.0,2010,2012,1
gmane.linux.redhat.fedora.fonts,3,150,en,100.0,100.0,2007,2011,1
gmane.linux.ubuntu.user.tamil,3,150,ta,100.0,0.0,2007,2012,1
gmane.lisp.scheme.plt.schematics,3,150,en,100.0,100.0,2004,2007,1
gmane.mail.imap.courier.sqwebmail,3,150,en,100.0,100.0,2006,2014,1
gmane.network.licq.general,3,150,en,100.0,100.0,2002,2005,1
gmane.network.ntp.pool,3,150,en,100.0,100.0,2014,2016,1
gmane.network.opennms.bugs,3,150,en,100.0,100.0,2003,2008,1
gmane.network.openswan.devel,3,150,en,100.0,100.0,2006,2010,1
gmane.org.user-groups.linux.kiev.openldap,3,150,ru,100.0,0.0,2005,2005,1
gmane.org.user-groups.linux.turkey.insan-kaynaklari,3,150,tr,100.0,0.0,2011,2012,1
gmane.org.wikimedia.search,3,150,en,100.0,100.0,2016,2018,1
gmane.org.wikimedia.usa.dc,3,150,en,100.0,100.0,2011,2012,1
gmane.science.biology.gmod.devel,3,150,en,100.0,100.0,2007,2019,1
gmane.science.linguistics.wikipedia.international,3,150,en,100.0,100.0,2003,2003,1
gmane.comp.audio.compression.flac.user,3,150,en,100.0,100.0,2003,2009,1
gmane.comp.editors.vim.latex.devel,3,150,en,100.0,100.0,2007,2014,1
gmane.comp.education.tux4kids.general,3,150,en,66.7,66.7,2009,2015,2
gmane.comp.gnome.performance,3,150,en,100.0,100.0,2005,2006,1
gmane.comp.gnome.wm-spec,3,150,en,100.0,100.0,2003,2019,1
gmane.comp.handhelds.ipaq.synce.devel,3,150,en,100.0,100.0,2007,2008,1
gmane.comp.hardware.gps.qlandkarte.user,3,150,en,100.0,100.0,2008,2010,1
gmane.comp.java.mx4j.cvs,3,150,en,100.0,100.0,2003,2005,1
gmane.comp.java.openjdk.jdk6.devel,3,150,en,100.0,100.0,2013,2014,1
gmane.comp.java.paperclips.general,3,150,ja,66.7,33.3,2006,2006,2
gmane.comp.lang.aldor,3,150,en,100.0,100.0,2006,2008,1
gmane.comp.security.ssl.certificate-transparency.general,3,150,en,100.0,100.0,2015,2017,1
gmane.comp.time.chrony.devel,3,150,en,100.0,100.0,2015,2016,1
gmane.comp.web.zope.bluebream,3,150,en,100.0,100.0,2010,2011,1
gmane.comp.window-managers.enlightenment.release,3,150,en,100.0,100.0,2014,2018,1
gmane.games.netrek.devel,3,150,en,100.0,100.0,2006,2010,1
gmane.linux.debian.devel.italian,3,150,ja,66.7,0.0,2004,2010,2
gmane.linux.debian.devel.phototools,3,150,UNKNOWN,33.3,33.3,2008,2009,3
gmane.linux.debian.devel.sgml,3,150,en,66.7,66.7,2004,2016,2
gmane.linux.debian.internationalization.turkish,3,150,tr,66.7,0.0,2004,2005,2
gmane.linux.debian.volatile,3,150,en,100.0,100.0,2009,2011,1
gmane.linux.file-systems.ext3cow.devel,3,150,en,100.0,100.0,2005,2007,1
gmane.linux.kernel.aio.posix,3,150,en,100.0,100.0,2007,2008,1
gmane.linux.redhat.rpm.grab,3,150,en,100.0,100.0,2003,2003,1
gmane.linux.region.costa-rica.events,3,150,es,100.0,0.0,2003,2004,1
gmane.mail.postfix.policyd-weight,3,150,en,100.0,100.0,2005,2007,1
gmane.network.beanstalk.general,3,150,en,100.0,100.0,2008,2012,1
gmane.org.wikimedia.advocacy-advisors,3,150,en,100.0,100.0,2015,2016,1
gmane.org.wikimedia.mediawiki.design,3,150,en,100.0,100.0,2014,2017,1
gmane.org.wikimedia.qa,3,150,en,66.7,66.7,2014,2014,2
gmane.org.wikimedia.wiktionary,3,150,en,100.0,100.0,2004,2011,1
gmane.os.solaris.gnusolaris.changes,3,150,en,100.0,100.0,2006,2006,1
gmane.science.ecology.animov,3,150,en,66.7,66.7,2009,2016,2
gmane.science.philosophy.region.france,3,150,fr,100.0,0.0,2005,2011,1
gmane.text.xml.x-query.general,3,150,en,100.0,100.0,2013,2015,1
gmane.comp.apache.webservices.wsif.user,3,150,en,100.0,100.0,2004,2006,1
gmane.comp.bug-tracking.gnats.prs,3,150,en,66.7,66.7,2006,2009,2
gmane.comp.cloud.aeolus.devel,3,150,en,100.0,100.0,2012,2012,1
gmane.comp.ide.eclipse.jetty.devel,3,150,en,100.0,100.0,2010,2016,1
gmane.comp.ipod.ephpod,3,150,en,66.7,66.7,2003,2003,2
gmane.comp.isp.ispman.user,3,150,en,100.0,100.0,2004,2006,1
gmane.comp.java.freemind.devel,3,150,en,100.0,100.0,2007,2009,1
gmane.comp.lang.elm.devel,3,150,en,100.0,100.0,2016,2017,1
gmane.comp.monitoring.ganglia.devel,3,150,en,100.0,100.0,2009,2012,1
gmane.comp.mozilla.devel.nspr,3,150,en,100.0,100.0,2004,2014,1
gmane.comp.multimedia.webm.devel,3,150,en,100.0,100.0,2010,2011,1
gmane.comp.text.xindy.general,3,150,en,100.0,100.0,2007,2008,1
gmane.comp.web.coral.user,3,150,en,100.0,100.0,2005,2005,1
gmane.comp.windows.farmanager.scrhostplugin,3,150,ru,100.0,0.0,2002,2003,1
gmane.culture.theatre.stationtheatre,3,150,en,100.0,100.0,2004,2014,1
gmane.editors.genepi.devel,3,150,en,66.7,66.7,2006,2006,2
gmane.ietf.i2nsf,3,150,en,100.0,100.0,2017,2018,1
gmane.ietf.tsv-area,3,150,en,100.0,100.0,2009,2016,1
gmane.linux.kernel.mptcp,3,150,en,100.0,100.0,2017,2018,1
gmane.linux.trustix.announce,3,150,en,100.0,100.0,2002,2006,1
gmane.linux.ubuntu.motu-mentors,3,150,en,100.0,100.0,2009,2010,1
gmane.mail.the-bat.devel,3,150,en,100.0,100.0,2004,2005,1
gmane.network.rdesktop.user,3,150,en,100.0,100.0,2005,2010,1
gmane.org.clubs.gobiodiesel.mixmasters,3,150,en,100.0,100.0,2006,2007,1
gmane.org.freifunk.hamburg,3,150,de,100.0,0.0,2015,2018,1
gmane.comp.apache.discussion.russian,3,150,ru,100.0,0.0,2004,2004,1
gmane.comp.apache.shale.scm,3,150,en,100.0,100.0,2006,2006,1
gmane.comp.crm.civicrm.devel,3,150,en,100.0,100.0,2006,2018,1
gmane.comp.db.postgresql.skytools.user,3,150,en,100.0,100.0,2009,2012,1
gmane.comp.file-systems.arla.general,3,150,en,100.0,100.0,2006,2008,1
gmane.comp.gnome.gtk2.osx.user,3,150,en,100.0,100.0,2015,2017,1
gmane.comp.graphics.veusz.general,3,150,en,100.0,100.0,2010,2016,1
gmane.comp.hardware.qi.general,3,150,en,100.0,100.0,2013,2014,1
gmane.comp.java.netbeans.modules.profiler.user,3,150,en,100.0,100.0,2005,2010,1
gmane.comp.java.open-symphony.devel,3,150,en,100.0,100.0,2003,2003,1
gmane.comp.java.xplanner.devel,3,150,en,100.0,100.0,2003,2007,1
gmane.comp.kde.devel.kompare,3,150,en,100.0,100.0,2009,2018,1
gmane.comp.lang.delphi.dunit,3,150,en,100.0,100.0,2006,2006,1
gmane.comp.lang.ruby.modules.mechanize.user,3,150,en,100.0,100.0,2008,2010,1
gmane.comp.lang.ruby.rails.insoshi.general,3,150,en,100.0,100.0,2008,2009,1
gmane.comp.lang.scala.sips,3,150,en,100.0,100.0,2012,2014,1
gmane.comp.mozilla.mplayerplug-in,3,150,en,100.0,100.0,2006,2008,1
gmane.comp.security.nessus.devel,3,150,en,66.7,66.7,2003,2004,2
gmane.comp.security.openxpki.scm,3,150,en,100.0,100.0,2007,2008,1
gmane.comp.video.info-inventor.devel,3,150,en,100.0,100.0,2007,2007,1
gmane.comp.video.opengl.virtualgl.user,3,150,en,100.0,100.0,2010,2014,1
gmane.comp.web.perlfect-search,3,150,en,100.0,100.0,2003,2004,1
gmane.comp.web.turbogears.portuguese,3,150,id,33.3,0.0,2006,2015,3
gmane.comp.web.zope.plone.user.spanish,3,150,es,66.7,33.3,2009,2015,2
gmane.ietf.caldav,3,150,en,100.0,100.0,2005,2006,1
gmane.ietf.ngtrans,3,150,en,100.0,100.0,2002,2002,1
gmane.ietf.tictoc,3,150,en,100.0,100.0,2011,2018,1
gmane.ietf.uri-review,3,150,en,100.0,100.0,2006,2016,1
gmane.linux.debian.devel.openstreetmap,3,150,en,100.0,100.0,2012,2014,1
gmane.linux.distributions.theslinux.phantom,3,150,en,100.0,100.0,2013,2013,1
gmane.linux.linaro.validation,3,150,en,100.0,100.0,2012,2012,1
gmane.linux.real-time.rtnet.devel,3,150,en,100.0,100.0,2007,2010,1
gmane.linux.suse.opensuse.contrib,3,150,en,100.0,100.0,2011,2012,1
gmane.mail.sympa.user,3,150,en,100.0,100.0,2010,2016,1
gmane.music.sanlist,3,150,en,100.0,100.0,2011,2012,1
gmane.network.centerim.devel,3,150,en,100.0,100.0,2007,2011,1
gmane.org.google.api.apps,3,150,en,100.0,100.0,2008,2009,1
gmane.org.user-groups.flug.general,3,150,en,66.7,66.7,2003,2007,2
gmane.org.w3c.region.chinese.html5,3,150,ko,33.3,0.0,2013,2014,3
gmane.org.wikimedia.russia,3,150,ru,100.0,0.0,2014,2018,1
gmane.os.netbsd.ports,3,150,en,100.0,100.0,2002,2014,1
gmane.recreation.radio.hardware.yaesu.vr-500,3,150,en,100.0,100.0,2005,2012,1
gmane.science.chemistry.blue-obelisk,3,150,en,100.0,100.0,2007,2009,1
gmane.text.xml.hessian.interest,3,150,en,66.7,66.7,2008,2010,2
gmane.user-groups.linux.france.cenabumix.general,3,150,et,66.7,0.0,2009,2019,2
gmane.comp.desktop.xfce.goodies.devel.version4,3,150,en,100.0,100.0,2010,2018,1
gmane.comp.documentation.synopsis,3,150,en,100.0,100.0,2004,2007,1
gmane.comp.gis.openstreetmap.region.de.stuttgart,3,150,de,100.0,0.0,2013,2016,1
gmane.comp.gnu.enterprise.devel,3,150,en,100.0,100.0,2004,2011,1
gmane.comp.hardware.lasersaur.user,3,150,en,100.0,100.0,2016,2018,1
gmane.comp.ide.eclipse.cbi.devel,3,150,en,100.0,100.0,2013,2015,1
gmane.comp.lang.ruby.god,3,150,en,100.0,100.0,2011,2012,1
gmane.comp.lang.sather.announce,3,150,en,66.7,66.7,2003,2006,2
gmane.comp.lib.qt.qt4,3,150,en,100.0,100.0,2009,2010,1
gmane.comp.python.rdflib.devel,3,150,en,100.0,100.0,2006,2016,1
gmane.comp.python.soap,3,150,en,100.0,100.0,2012,2013,1
gmane.comp.version-control.subversion.cvs2svn.devel,3,150,en,100.0,100.0,2006,2011,1
gmane.comp.window-managers.xwem.devel,3,150,en,100.0,100.0,2004,2005,1
gmane.comp.xfree86.announce,3,150,en,66.7,66.7,2007,2014,2
gmane.linux.cluster.kerrighed.devel,3,150,en,100.0,100.0,2009,2010,1
gmane.linux.drivers.sdhci.devel,3,150,en,100.0,100.0,2006,2007,1
gmane.linux.drivers.uwb,3,150,en,100.0,100.0,2008,2008,1
gmane.linux.redhat.fedora.python,3,150,en,100.0,100.0,2015,2017,1
gmane.network.everybuddy.user,3,150,en,100.0,100.0,2003,2004,1
gmane.network.freenet.wot.cvs,3,150,en,100.0,100.0,2008,2009,1
gmane.network.irc.bopm,3,150,en,100.0,100.0,2003,2005,1
gmane.network.nagios.user.brazil,3,150,pt,100.0,0.0,2006,2011,1
gmane.network.vpn.theory,3,150,zh-cn,100.0,0.0,2006,2007,1
gmane.org.dmca-activists,3,150,en,66.7,66.7,2003,2005,2
gmane.os.solaris.opensolaris.shell,3,150,en,100.0,100.0,2007,2010,1
gmane.comp.apache.logging.log4cxx.devel,3,150,en,100.0,100.0,2007,2015,1
gmane.comp.belts.user,3,150,en,66.7,66.7,2007,2016,2
gmane.comp.cms.cms-forum.general,3,150,en,100.0,100.0,2004,2008,1
gmane.comp.cms.open-xchange.devel,3,150,en,100.0,100.0,2005,2007,1
gmane.comp.compilers.llvm.klee,3,150,en,100.0,100.0,2013,2015,1
gmane.comp.gis.gvsig.devel,3,150,en,100.0,100.0,2011,2016,1
gmane.comp.gis.openstreetmap.region.ht,3,150,id,33.3,33.3,2010,2014,3
gmane.comp.gnu.gnucap.devel,3,150,en,100.0,100.0,2004,2013,1
gmane.comp.graphics.rawstudio.scm,3,150,en,100.0,100.0,2011,2012,1
gmane.comp.handhelds.ipaq.hx4700.linux,3,150,en,66.7,66.7,2006,2009,2
gmane.comp.horde.whups,3,150,en,100.0,100.0,2002,2004,1
gmane.comp.ide.eclipse.ant4eclipse,3,150,tl,33.3,33.3,2009,2009,3
gmane.comp.ide.padre.devel,3,150,en,100.0,100.0,2010,2013,1
gmane.comp.java.quartz.devel,3,150,en,100.0,100.0,2003,2009,1
gmane.comp.kde.nepomuk,3,150,en,100.0,100.0,2009,2013,1
gmane.comp.lang.ada.france,3,150,fr,100.0,0.0,2004,2007,1
gmane.comp.lang.haskell.parallel,3,150,en,100.0,100.0,2013,2018,1
gmane.comp.lang.ml.mlton.user,3,150,en,100.0,100.0,2006,2011,1
gmane.comp.lang.r.deal,3,150,en,100.0,100.0,2007,2011,1
gmane.comp.multimedia.musescore.devel,3,150,en,100.0,100.0,2013,2015,1
gmane.comp.python.peak.cvs,3,150,en,100.0,100.0,2007,2007,1
gmane.comp.time.chrony.user,3,150,en,100.0,100.0,2013,2017,1
gmane.comp.voip.jain-sip.user,3,150,en,100.0,100.0,2010,2017,1
gmane.comp.voip.rtpproxy.user,3,150,en,100.0,100.0,2008,2010,1
gmane.comp.web.egroupware.portuguese,3,150,en,66.7,66.7,2006,2007,2
gmane.culture.talk.share-with-friends,3,150,en,66.7,66.7,2004,2004,2
gmane.emacs.macintosh.carbon-emacs,3,150,en,100.0,100.0,2008,2010,1
gmane.ietf.pana,3,150,en,100.0,100.0,2006,2008,1
gmane.linux.debian.alioth.utnubu.devel,3,150,en,100.0,100.0,2008,2009,1
gmane.linux.debian.user.chinese.big5,3,150,ko,33.3,33.3,2002,2002,3
gmane.linux.redhat.ppp,3,150,en,100.0,100.0,2002,2003,1
gmane.mail.bmf.user,3,150,it,33.3,33.3,2008,2011,3
gmane.network.ssh.sshkeychain.devel,3,150,en,100.0,100.0,2005,2007,1
gmane.org.fsf.france.press,3,150,UNKNOWN,33.3,33.3,2002,2004,3
gmane.os.freebsd.devel.cluster,3,150,da,33.3,33.3,2006,2014,3
gmane.recreation.radio.joe-frank,3,150,en,100.0,100.0,2005,2011,1
gmane.science.linguistics.wikimedia.libraries,3,150,en,100.0,100.0,2014,2018,1
gmane.comp.encryption.gpg.gpa.devel,3,150,en,100.0,100.0,2002,2004,1
gmane.comp.gnu.ccrtp.devel,3,150,en,100.0,100.0,2007,2018,1
gmane.comp.high-availability.veritas.vx,3,150,en,100.0,100.0,2006,2008,1
gmane.comp.jakarta.hivemind.user,3,150,en,100.0,100.0,2004,2006,1
gmane.comp.java.cdi.seam.devel,3,150,en,100.0,100.0,2011,2011,1
gmane.comp.java.wso2.wsas.devel,3,150,en,100.0,100.0,2008,2009,1
gmane.comp.lang.functional.bay-area-users,3,150,en,100.0,100.0,2007,2012,1
gmane.comp.lang.shootout.general,3,150,en,100.0,100.0,2005,2005,1
gmane.comp.lib.opencv.devel,3,150,en,100.0,100.0,2009,2010,1
gmane.comp.macosx.camino.general,3,150,en,100.0,100.0,2006,2008,1
gmane.comp.mozilla.devel.rdf,3,150,en,66.7,66.7,2003,2005,2
gmane.comp.programming.spoon,3,150,en,100.0,100.0,2016,2017,1
gmane.comp.security.visualization.picviz,3,150,en,100.0,100.0,2008,2009,1
gmane.comp.statistics.stan.devel,3,150,en,100.0,100.0,2016,2016,1
gmane.comp.sysutils.puppet.razor,3,150,en,100.0,100.0,2013,2014,1
gmane.comp.version-control.subversion.svnmerge.devel,3,150,en,100.0,100.0,2007,2009,1
gmane.comp.web.dreamwidth.discuss,3,150,en,100.0,100.0,2009,2009,1
gmane.comp.web.lively.general,3,150,en,100.0,100.0,2010,2015,1
gmane.comp.web.zope.plone.qa,3,150,UNKNOWN,66.7,33.3,2012,2013,2
gmane.culture.cars.suzuki.gs500e,3,150,fr,100.0,0.0,2005,2011,1
gmane.ietf.l2tpext,3,150,en,100.0,100.0,2004,2015,1
gmane.linux.kernel.metag,3,150,en,100.0,100.0,2017,2018,1
gmane.linux.mandrake.security.firewall,3,150,en,100.0,100.0,2005,2005,1
gmane.linux.redhat.fedora.xfce,3,150,en,100.0,100.0,2011,2015,1
gmane.linux.ubuntu.doc.cvs,3,150,en,100.0,100.0,2006,2006,1
gmane.mail.public-inbox.general,3,150,en,100.0,100.0,2016,2019,1
gmane.org.netlabs.fm2.devel,3,150,en,100.0,100.0,2010,2014,1
gmane.politics.activism.wsfii.general,3,150,en,100.0,100.0,2006,2008,1
gmane.user-groups.linux.dylug,3,150,en,100.0,100.0,2004,2004,1
gmane.comp.db.postgresql.openfts.general,3,150,en,100.0,100.0,2005,2008,1
gmane.comp.gnome.language-bindings,3,150,en,100.0,100.0,2002,2005,1
gmane.comp.gnu.xlogmaster,3,150,en,66.7,66.7,2005,2006,2
gmane.comp.java.sun.servlet,3,150,en,100.0,100.0,2003,2004,1
gmane.comp.monitoring.orca.devel,3,150,en,100.0,100.0,2002,2005,1
gmane.comp.package-management.pkg-config,3,150,en,100.0,100.0,2010,2013,1
gmane.comp.python.imdbpy.user,3,150,en,100.0,100.0,2010,2013,1
gmane.comp.python.tracker.user,3,150,en,100.0,100.0,2011,2017,1
gmane.comp.python.xarray,3,150,en,100.0,100.0,2016,2018,1
gmane.comp.version-control.arch.devel,3,150,en,100.0,100.0,2005,2005,1
gmane.comp.web.zope.silva.devel,3,150,en,100.0,100.0,2004,2007,1
gmane.games.freeciv.internationalization,3,150,en,100.0,100.0,2003,2016,1
gmane.linux.ataraid,3,150,en,100.0,100.0,2002,2007,1
gmane.linux.distributions.tails.user,3,150,en,100.0,100.0,2014,2016,1
gmane.linux.gentoo.user.indonesia,3,150,es,100.0,0.0,2008,2008,1
gmane.linux.ports.openrisc,3,150,en,100.0,100.0,2012,2012,1
gmane.linux.redhat.katello.devel,3,150,en,66.7,66.7,2012,2013,2
gmane.linux.suse.opensuse.virtual,3,150,en,100.0,100.0,2010,2015,1
gmane.mail.imap.uw.c-client,3,150,en,100.0,100.0,2004,2009,1
gmane.network.dns.bind.announce,3,150,en,100.0,100.0,2006,2014,1
gmane.network.ipsec.tools.user,3,150,zh-cn,33.3,33.3,2009,2014,3
gmane.network.vpn.strongswan.devel,3,150,en,100.0,100.0,2011,2015,1
gmane.org.google.gwt.gwt-log,3,150,en,100.0,100.0,2009,2011,1
gmane.org.w3c.validator.mobileok,3,150,en,100.0,100.0,2007,2015,1
gmane.os.netbsd.devel.installation,3,150,en,100.0,100.0,2009,2012,1
gmane.politics.leninism.international,3,150,es,66.7,33.3,2003,2003,2
gmane.science.linguistics.wikipedia.chinese,3,150,zh-cn,33.3,33.3,2005,2012,3
gmane.user-groups.linux.birmingham,3,150,en,100.0,100.0,2010,2010,1
gmane.comp.emulators.freedos.kernel,3,150,en,66.7,66.7,2004,2011,2
gmane.comp.ide.eclipse.cdt.debug.devel,3,150,en,100.0,100.0,2006,2007,1
gmane.comp.ide.eclipse.eclipseme.user,3,150,en,100.0,100.0,2007,2008,1
gmane.comp.java.picocontainer.user,3,150,en,100.0,100.0,2004,2007,1
gmane.comp.java.sun.javaspaces,3,150,en,100.0,100.0,2003,2004,1
gmane.comp.kde.taskjuggler.user,3,150,en,100.0,100.0,2005,2006,1
gmane.comp.lang.haskell.ffi,3,150,en,66.7,66.7,2002,2004,2
gmane.comp.lang.smalltalk.squeak.seaside.devel,3,150,en,100.0,100.0,2015,2017,1
gmane.comp.misc.nslu2.devel,3,150,en,100.0,100.0,2005,2007,1
gmane.comp.mozilla.devel.mac,3,150,en,100.0,100.0,2003,2006,1
gmane.comp.openoffice.doc.french,3,150,fr,100.0,0.0,2006,2010,1
gmane.comp.sysutils.loganalysis,3,150,en,100.0,100.0,2003,2008,1
gmane.comp.telephony.pbx.openpbx.devel,3,150,en,100.0,100.0,2005,2007,1
gmane.comp.terminal-emulators.mrxvt.devel,3,150,en,100.0,100.0,2008,2008,1
gmane.comp.version-control.cvs.gui.devel,3,150,en,100.0,100.0,2003,2004,1
gmane.comp.video.opengl.compiz.general,3,150,en,100.0,100.0,2006,2007,1
gmane.ietf.mif,3,150,en,100.0,100.0,2012,2013,1
gmane.linux.kernel.mentors,3,150,en,100.0,100.0,2013,2016,1
gmane.linux.redhat.devel,3,150,en,100.0,100.0,2002,2003,1
gmane.linux.x25,3,150,en,100.0,100.0,2006,2011,1
gmane.network.ekg.devel,3,150,pl,100.0,0.0,2002,2003,1
gmane.network.nocat,3,150,en,100.0,100.0,2004,2005,1
gmane.org.netlabs.uniaud.general,3,150,en,100.0,100.0,2008,2008,1
gmane.recreation.radio.hardware.icom.pcr1000,3,150,en,100.0,100.0,2004,2009,1
gmane.user-groups.linux.india.programmers,3,150,en,100.0,100.0,2004,2007,1
gmane.user-groups.linux.tclug.jobs,3,150,en,66.7,66.7,2008,2012,2
gmane.comp.db.postgresql.wal-e,3,150,en,100.0,100.0,2014,2014,1
gmane.comp.desktop.etoile.devel,3,150,en,100.0,100.0,2005,2013,1
gmane.comp.gnome.gtk+.documentation,3,150,en,100.0,100.0,2003,2019,1
gmane.comp.java.sisc.user,3,150,en,100.0,100.0,2004,2005,1
gmane.comp.lang.javascript.spanish,3,150,es,100.0,0.0,2006,2009,1
gmane.comp.lang.ml.devel,3,150,en,100.0,100.0,2002,2015,1
gmane.comp.lang.r.zelig,3,150,en,100.0,100.0,2007,2013,1
gmane.comp.python.capi,3,150,en,100.0,100.0,2012,2018,1
gmane.comp.telephony.pbx.asterisk.app.devel,3,150,en,100.0,100.0,2014,2016,1
gmane.comp.tex.german.aachen,3,150,de,100.0,0.0,2003,2017,1
gmane.games.diplomacy.cat23.new-games,3,150,en,100.0,100.0,2008,2019,1
gmane.linux.installation.system-imager.devel,3,150,en,100.0,100.0,2007,2007,1
gmane.linux.kernel.iovisor,3,150,en,100.0,100.0,2016,2018,1
gmane.linux.mandrake.security.announce,3,150,en,100.0,100.0,2009,2010,1
gmane.linux.openvz.unxsvz.general,3,150,ca,66.7,33.3,2012,2015,2
gmane.linux.stp,3,150,en,100.0,100.0,2007,2007,1
gmane.network.crossroads.devel,3,150,en,100.0,100.0,2012,2012,1
gmane.user-groups.foss.italy.sputnix,3,150,it,100.0,0.0,2009,2013,1
gmane.comp.boot-loaders.yaboot.devel,3,150,en,100.0,100.0,2005,2005,1
gmane.comp.gis.marble.devel,3,150,en,100.0,100.0,2014,2017,1
gmane.comp.gnu.lilypond.announce,3,150,en,100.0,100.0,2004,2013,1
gmane.comp.gnu.prolog.general,3,150,en,100.0,100.0,2003,2004,1
gmane.comp.handhelds.palm.splash,3,150,en,100.0,100.0,2005,2008,1
gmane.comp.lang.perl.modules.log4perl.devel,3,150,en,100.0,100.0,2006,2010,1
gmane.comp.python.logilab,3,150,en,100.0,100.0,2010,2011,1
gmane.comp.python.pyx.users,3,150,en,100.0,100.0,2006,2012,1
gmane.comp.web.qutebrowser,3,150,en,100.0,100.0,2016,2018,1
gmane.emacs.gnus.buildbot,3,150,en,100.0,100.0,2011,2013,1
gmane.games.roguelike.tome.general,3,150,en,100.0,100.0,2008,2008,1
gmane.linux.kernel.libre,3,150,en,100.0,100.0,2008,2018,1
gmane.linux.tao.general,3,150,en,100.0,100.0,2004,2006,1
gmane.lisp.scheme.srfi.srfi-44,3,150,en,100.0,100.0,2003,2003,1
gmane.comp.gis.openstreetmap.region.de.hh,3,150,de,100.0,0.0,2008,2010,1
gmane.comp.gnu.shishi.cvs,3,150,en,100.0,100.0,2005,2009,1
gmane.comp.lang.perl.fun,3,150,en,100.0,100.0,2003,2007,1
gmane.comp.php.phing.user,3,150,en,100.0,100.0,2007,2008,1
gmane.comp.python.org.au.melbourne,3,150,en,100.0,100.0,2013,2018,1
gmane.comp.python.pychecker,3,150,en,66.7,66.7,2005,2007,2
gmane.comp.security.botnet.general,3,150,en,100.0,100.0,2006,2006,1
gmane.comp.web.uzbl.devel,3,150,en,100.0,100.0,2009,2014,1
gmane.emacs.emms.user,3,150,en,100.0,100.0,2007,2010,1
gmane.ietf.captive-portals,3,150,en,100.0,100.0,2015,2017,1
gmane.ietf.mile,3,150,en,100.0,100.0,2017,2018,1
gmane.linux.morphix.devel,3,150,en,100.0,100.0,2006,2010,1
gmane.network.dns.nsd.general,3,150,en,100.0,100.0,2006,2017,1
gmane.org.user-groups.unix.msu,3,150,ru,100.0,0.0,2008,2016,1
gmane.comp.ai.prolog.xsb.devel,3,150,en,100.0,100.0,2005,2008,1
gmane.comp.cms.xaraya.scm,3,150,lt,66.7,33.3,2009,2010,2
gmane.comp.db.postgresql.php,3,150,en,100.0,100.0,2002,2008,1
gmane.comp.graphics.mayavi.user,3,150,en,100.0,100.0,2007,2010,1
gmane.comp.java.placelab.general,3,150,en,100.0,100.0,2004,2005,1
gmane.comp.java.sshtools.user,3,150,en,100.0,100.0,2003,2010,1
gmane.comp.java.zebra.devel,3,150,en,66.7,66.7,2005,2005,2
gmane.comp.kde.women,3,150,en,100.0,100.0,2004,2009,1
gmane.comp.parsers.antlr.devel,3,150,en,100.0,100.0,2008,2010,1
gmane.comp.video.gephex.devel,3,150,en,100.0,100.0,2004,2005,1
gmane.editors.nedit.devel,3,150,en,100.0,100.0,2007,2008,1
gmane.linux.highavailability.ultramonkey,3,150,en,100.0,100.0,2005,2007,1
gmane.linux.parport,3,150,en,100.0,100.0,2002,2005,1
gmane.lisp.cclan.general,3,150,en,100.0,100.0,2002,2008,1
gmane.lisp.scheme.reports.wg1,3,150,en,100.0,100.0,2010,2011,1
gmane.network.dhcp.isc.kea.user,3,150,en,100.0,100.0,2017,2019,1
gmane.network.opendaylight.controller.devel,3,150,en,100.0,100.0,2018,2018,1
gmane.org.user-groups.aclug.linux-help,3,150,en,66.7,66.7,2000,2000,2
gmane.org.wikimedia.serbia,3,150,hr,100.0,0.0,2007,2012,1
gmane.comp.freedesktop.xorg.drivers.geode,3,150,en,100.0,100.0,2009,2013,1
gmane.comp.jakarta.hivemind.devel,3,150,en,100.0,100.0,2005,2006,1
gmane.comp.java.maven-plugins.cvs,3,150,en,66.7,66.7,2004,2006,2
gmane.comp.java.slf4j.user,3,150,en,100.0,100.0,2011,2013,1
gmane.comp.java.xom.interest,3,150,en,100.0,100.0,2005,2012,1
gmane.comp.lang.haskell.wxhaskell.devel,3,150,en,100.0,100.0,2011,2013,1
gmane.comp.lib.s11n.devel,3,150,ja,66.7,33.3,2007,2009,2
gmane.comp.mobile.osmocom.sdr,3,150,en,100.0,100.0,2013,2014,1
gmane.linux.kernel.streams,3,150,en,100.0,100.0,2003,2005,1
gmane.mail.imap.general,3,150,en,100.0,100.0,2004,2014,1
gmane.network.ripe.services,3,150,en,100.0,100.0,2017,2018,1
gmane.user-groups.foss.india.malappuram,3,150,en,100.0,100.0,2009,2011,1
gmane.comp.gis.grass.gui,3,150,en,100.0,100.0,2007,2007,1
gmane.comp.gnome.apps.taxbird.user,3,150,de,100.0,0.0,2005,2006,1
gmane.comp.gnu.aspell.devel,3,150,en,100.0,100.0,2004,2004,1
gmane.comp.ide.anjuta.users,3,150,en,100.0,100.0,2005,2009,1
gmane.comp.lang.smalltalk.squeak.foundation,3,150,en,100.0,100.0,2002,2003,1
gmane.comp.lib.icu.general,3,150,en,100.0,100.0,2003,2005,1
gmane.comp.lib.urwid,3,150,en,100.0,100.0,2005,2013,1
gmane.comp.misc.unmaintained.devel,3,150,en,100.0,100.0,2009,2010,1
gmane.comp.mozilla.fxa.devel,3,150,en,66.7,66.7,2014,2016,2
gmane.comp.programming.aspect.announce,3,150,en,100.0,100.0,2003,2009,1
gmane.comp.python.pyobjc.cvs,3,150,en,100.0,100.0,2004,2009,1
gmane.comp.rumpkernel.user,3,150,en,100.0,100.0,2014,2014,1
gmane.comp.version-control.revctrl,3,150,en,100.0,100.0,2005,2006,1
gmane.comp.web.zope.z3base.five,3,150,en,100.0,100.0,2004,2006,1
gmane.comp.windows.dotnet.dnanalytics.devel,3,150,en,100.0,100.0,2004,2005,1
gmane.linux.debian.devel.secure-testing.announce,3,150,en,100.0,100.0,2008,2010,1
gmane.linux.debian.fai.devel,3,150,en,100.0,100.0,2010,2010,1
gmane.linux.ubuntu.hardened.general,3,150,en,100.0,100.0,2008,2015,1
gmane.network.jabber.jabberd,3,150,en,100.0,100.0,2004,2007,1
gmane.org.user-groups.linux.tyumen,3,150,ru,100.0,0.0,2005,2006,1
gmane.science.linguistics.edict-jmdict,3,150,en,100.0,100.0,2012,2015,1
gmane.comp.handhelds.replicant.devel,3,150,en,100.0,100.0,2014,2017,1
gmane.comp.ide.eclipse.incubation,3,150,en,100.0,100.0,2016,2017,1
gmane.comp.programming.tools.buildr.devel,3,150,en,100.0,100.0,2012,2017,1
gmane.linux.debian.devel.announce,3,150,en,100.0,100.0,2004,2018,1
gmane.linux.embedded.opentom.general,3,150,en,100.0,100.0,2007,2010,1
gmane.linux.kernel.console,3,150,en,100.0,100.0,2004,2009,1
gmane.linux.mepis.devel,3,150,en,100.0,100.0,2004,2005,1
gmane.network.netdot.user,3,150,en,100.0,100.0,2012,2016,1
gmane.network.simulator.ssfnet,3,150,en,100.0,100.0,2005,2012,1
gmane.comp.apache.deltacloud.devel,3,150,en,100.0,100.0,2016,2018,1
gmane.comp.debugging.ltrace.devel,3,150,en,100.0,100.0,2011,2014,1
gmane.comp.java.beanshell.devel,3,150,en,100.0,100.0,2003,2005,1
gmane.comp.python.storm,3,150,en,100.0,100.0,2008,2009,1
gmane.comp.windows.power-pro.beginners,3,150,en,100.0,100.0,2004,2005,1
gmane.games.mazesandminotaurs,3,150,en,100.0,100.0,2010,2013,1
gmane.linux.debian.outreach,3,150,en,100.0,100.0,2018,2018,1
gmane.linux.redhat.fedora.games,3,150,en,100.0,100.0,2008,2017,1
gmane.mail.qmail.jms1-patch,3,150,en,100.0,100.0,2009,2017,1
gmane.os.cygwin.cvs.apps,3,150,en,66.7,66.7,2011,2015,2
gmane.os.freebsd.mono,3,150,en,100.0,100.0,2015,2016,1
gmane.recreation.cars.sevens,3,150,en,100.0,100.0,2003,2003,1
gmane.comp.java.ejb.middlegen.user,3,150,en,100.0,100.0,2003,2005,1
gmane.comp.java.xwt.users,3,150,en,100.0,100.0,2003,2004,1
gmane.comp.kde.users.kexi,3,150,en,100.0,100.0,2006,2009,1
gmane.comp.openoffice.cdrom.german,3,150,de,100.0,0.0,2009,2009,1
gmane.comp.php.suphp.general,3,150,en,100.0,100.0,2007,2010,1
gmane.comp.java.strutscx.user,3,150,en,66.7,66.7,2003,2009,2
gmane.comp.macosx.zfs,3,150,en,100.0,100.0,2013,2013,1
gmane.comp.programming.modeling.emftext.user,3,150,en,100.0,100.0,2011,2013,1
gmane.comp.video.gimp.gui,3,150,en,100.0,100.0,2015,2017,1
gmane.comp.web.zope.opencore.nightlies,3,150,en,100.0,100.0,2007,2007,1
gmane.games.arcade.vector,3,150,en,100.0,100.0,2004,2005,1
gmane.org.gnu.ghm.general,3,150,en,100.0,100.0,2013,2017,1
gmane.org.user-groups.linux.lanux,3,150,es,100.0,0.0,2009,2009,1
gmane.text.xml.cocoon.french,3,150,fr,100.0,0.0,2005,2005,1
gmane.comp.gis.okgis,3,150,en,100.0,100.0,2014,2016,1
gmane.comp.java.wso2.identity.devel,3,150,en,100.0,100.0,2007,2008,1
gmane.comp.python.scikit-image,3,150,en,100.0,100.0,2017,2018,1
gmane.comp.apache.opennlp.user,3,150,en,100.0,100.0,2016,2018,1
gmane.comp.printing.groff.bugs,3,150,UNKNOWN,33.3,33.3,2002,2002,3
gmane.comp.python.django.pinax.user,3,150,en,100.0,100.0,2010,2012,1
gmane.comp.gnu.lightning.general,3,150,en,100.0,100.0,2007,2013,1
gmane.comp.java.dropwizard.devel,3,150,en,100.0,100.0,2014,2016,1
gmane.comp.python.tryton.french,3,150,fr,100.0,0.0,2014,2015,1
gmane.comp.lang.maude.general,3,150,en,100.0,100.0,2014,2018,1
gmane.mail.smartlist.devel,3,150,en,100.0,100.0,2007,2009,1
gmane.recreation.cars.nissan.general,3,150,en,66.7,66.7,2004,2004,2
gmane.science.simulation.opm,3,150,en,100.0,100.0,2013,2018,1
gmane.comp.java.openjdk.beans.devel,3,150,en,100.0,100.0,2015,2018,1
gmane.comp.package-management.easybuild,3,150,en,100.0,100.0,2017,2019,1
gmane.network.protocols.6lowpan,3,150,en,100.0,100.0,2011,2011,1
gmane.os.netbsd.ports.mips.devel,3,150,en,100.0,100.0,2005,2006,1
gmane.user-groups.foss.melbourne,3,150,en,100.0,100.0,2011,2018,1
gmane.comp.db.rekall.general,3,150,id,100.0,0.0,2009,2009,1
gmane.comp.audio.jack.ladish,3,150,en,66.7,66.7,2010,2012,2
gmane.comp.lang.dylan.gwydion.devel,3,150,en,100.0,100.0,2002,2010,1
gmane.comp.security.aide.general,3,150,en,100.0,100.0,2006,2015,1
gmane.comp.version-control.prcs,3,150,en,66.7,66.7,2009,2011,2
gmane.ietf.dots,3,150,en,100.0,100.0,2018,2019,1
gmane.comp.erp.noalyss.general,3,150,fr,100.0,0.0,2014,2018,1
gmane.emacs.xemacs.user.russian,3,150,ru,66.7,0.0,2003,2004,2
gmane.comp.ide.eclipse.platform.devel,3,150,en,100.0,100.0,2012,2018,1
gmane.network.instant-messaging.adium.devel,3,150,en,100.0,100.0,2009,2013,1
gmane.comp.java.clojure.typed,3,150,en,100.0,100.0,2013,2015,1
gmane.comp.apache.incubator.odf.scm,2,100,en,100.0,100.0,2011,2013,1
gmane.comp.clustering.drmaa.wg,2,100,en,100.0,100.0,2010,2011,1
gmane.comp.embedded.jtag.urjtag.devel,2,100,en,100.0,100.0,2009,2011,1
gmane.comp.file-systems.arla.cvs,2,100,en,100.0,100.0,2003,2003,1
gmane.comp.file-systems.fuse.macfuse.devel,2,100,en,100.0,100.0,2007,2008,1
gmane.comp.gnome.apps.jbrout,2,100,en,100.0,100.0,2008,2017,1
gmane.comp.gnome.release.1.4,2,100,so,50.0,50.0,2002,2005,2
gmane.comp.gnu.gradebook.general,2,100,en,100.0,100.0,2005,2006,1
gmane.comp.gnu.inetutils.cvs,2,100,en,50.0,50.0,2006,2008,2
gmane.comp.graphics.openslide.user,2,100,en,100.0,100.0,2013,2014,1
gmane.comp.handhelds.haret,2,100,en,100.0,100.0,2007,2008,1
gmane.comp.ide.eclipse.higgins.devel,2,100,en,100.0,100.0,2010,2010,1
gmane.comp.java.cocoblog.devel,2,100,UNKNOWN,100.0,0.0,2003,2004,1
gmane.comp.java.hedera.general,2,100,en,100.0,100.0,2006,2009,1
gmane.comp.java.imagejyn,2,100,en,100.0,100.0,2007,2007,1
gmane.comp.java.openamf.devel,2,100,en,100.0,100.0,2004,2008,1
gmane.comp.java.placelab.devel,2,100,en,100.0,100.0,2005,2005,1
gmane.comp.kde.devel.kile,2,100,en,100.0,100.0,2007,2013,1
gmane.comp.kde.look,2,100,en,100.0,100.0,2002,2002,1
gmane.comp.lang.ml.general,2,100,en,100.0,100.0,2007,2008,1
gmane.comp.lang.ruby.rails.i18n,2,100,en,100.0,100.0,2006,2007,1
gmane.comp.lang.smalltalk.opencobalt,2,100,en,100.0,100.0,2010,2010,1
gmane.comp.lib.gnustep.ui,2,100,en,100.0,100.0,2005,2005,1
gmane.comp.lib.qt.marketing,2,100,en,100.0,100.0,2012,2013,1
gmane.comp.python.pytest.devel,2,100,en,100.0,100.0,2017,2018,1
gmane.comp.security.cryptography.ach,2,100,de,50.0,50.0,2017,2017,2
gmane.comp.standards.open311,2,100,en,100.0,100.0,2012,2015,1
gmane.comp.statistics.dap.user,2,100,en,100.0,100.0,2006,2006,1
gmane.comp.web.server.waterken,2,100,en,100.0,100.0,2006,2006,1
gmane.comp.web.statusnet.devel,2,100,en,100.0,100.0,2010,2010,1
gmane.comp.windows.devel.dotnet.rotor,2,100,en,100.0,100.0,2002,2003,1
gmane.comp.windows.devel.jawin,2,100,en,100.0,100.0,2003,2005,1
gmane.editors.jed.user,2,100,en,100.0,100.0,2005,2006,1
gmane.linux.altlinux.samba,2,100,ru,100.0,0.0,2005,2008,1
gmane.linux.debian.alioth.pkg-crosswire,2,100,en,100.0,100.0,2011,2015,1
gmane.linux.debian.devel.dictionary,2,100,en,100.0,100.0,2005,2007,1
gmane.linux.lfs.security,2,100,en,100.0,100.0,2002,2003,1
gmane.linux.ports.game-cube.devel,2,100,en,100.0,100.0,2004,2008,1
gmane.linux.tomsrtbt,2,100,en,100.0,100.0,2002,2003,1
gmane.lisp.cl-gardeners,2,100,en,100.0,100.0,2006,2006,1
gmane.mail.eps,2,100,en,100.0,100.0,2002,2004,1
gmane.mail.exim.spamassassin,2,100,en,100.0,100.0,2003,2006,1
gmane.mail.ilohamail.translators,2,100,en,100.0,100.0,2009,2010,1
gmane.mail.spam.active-spam-killer.general,2,100,en,100.0,100.0,2003,2004,1
gmane.network.jabber.djabberd.devel,2,100,en,100.0,100.0,2008,2009,1
gmane.network.mldonkey.tasks,2,100,en,100.0,100.0,2007,2008,1
gmane.org.netlabs.qt.devel,2,100,en,100.0,100.0,2010,2018,1
gmane.org.user-groups.linux.oejlug,2,100,da,100.0,0.0,2005,2007,1
gmane.org.wikimedia.sverige,2,100,sv,100.0,0.0,2008,2011,1
gmane.os.9front.general,2,100,en,100.0,100.0,2016,2018,1
gmane.os.freebsd.devel.isdn,2,100,en,100.0,100.0,2003,2005,1
gmane.politics.activism.turkey-against-internet-censor,2,100,tr,100.0,0.0,2010,2010,1
gmane.science.biology.emboss,2,100,en,100.0,100.0,2006,2011,1
gmane.comp.emulators.xen.bugs,2,100,en,100.0,100.0,2009,2010,1
gmane.comp.gnome.apps.revelation.general,2,100,en,100.0,100.0,2005,2006,1
gmane.comp.gnu.findutils.patches,2,100,en,100.0,100.0,2008,2010,1
gmane.comp.gnu.mailutils.bugs,2,100,en,100.0,100.0,2011,2015,1
gmane.comp.handhelds.palm.french.devel,2,100,fr,100.0,0.0,2005,2017,1
gmane.comp.ide.eclipse.rmf.devel,2,100,en,100.0,100.0,2013,2015,1
gmane.comp.isp.ispman.cvs,2,100,en,100.0,100.0,2006,2006,1
gmane.comp.java.classpath.tools.cvs,2,100,en,50.0,50.0,2003,2004,2
gmane.comp.java.smartfrog.devel,2,100,en,100.0,100.0,2006,2006,1
gmane.comp.java.sun.jtapi,2,100,en,100.0,100.0,2003,2006,1
gmane.comp.lang.groovy.gradle.geb.user,2,100,en,100.0,100.0,2015,2016,1
gmane.comp.lang.x10.user,2,100,en,100.0,100.0,2013,2016,1
gmane.comp.ldap.lam.general,2,100,en,100.0,100.0,2012,2016,1
gmane.comp.misc.freeware,2,100,en,100.0,100.0,2010,2010,1
gmane.comp.php.phpicalendar.devel,2,100,en,100.0,100.0,2004,2006,1
gmane.comp.php.solarphp.general,2,100,en,100.0,100.0,2009,2010,1
gmane.comp.php.zend.framework.core,2,100,en,100.0,100.0,2007,2009,1
gmane.comp.python.db.pypgsql.user,2,100,en,100.0,100.0,2002,2002,1
gmane.comp.python.zope.coreblog.english,2,100,en,50.0,50.0,2005,2006,2
gmane.comp.science.mathematics.dealii.devel,2,100,en,100.0,100.0,2014,2014,1
gmane.comp.security.programming,2,100,en,100.0,100.0,2003,2004,1
gmane.comp.security.securiteam,2,100,en,100.0,100.0,2005,2005,1
gmane.comp.telephony.pbx.asterisk.gui,2,100,en,100.0,100.0,2008,2010,1
gmane.comp.web.flash.tubesock.devel,2,100,en,100.0,100.0,2010,2010,1
gmane.comp.web.zope.plone.zopeskel,2,100,en,100.0,100.0,2010,2010,1
gmane.comp.window-managers.qtile,2,100,en,100.0,100.0,2012,2013,1
gmane.comp.windows.ce.opensource,2,100,en,100.0,100.0,2005,2006,1
gmane.education.javapassion.webservicesprogramming,2,100,en,100.0,100.0,2010,2013,1
gmane.ietf.rmonmib,2,100,en,100.0,100.0,2003,2004,1
gmane.ietf.tcpm,2,100,en,100.0,100.0,2017,2018,1
gmane.linux.debian.collaboration.fsf,2,100,en,50.0,50.0,2012,2012,2
gmane.linux.debian.devel.tcltk,2,100,en,100.0,100.0,2017,2018,1
gmane.linux.debian.user.offtopic,2,100,en,100.0,100.0,2014,2014,1
gmane.linux.drivers.orinoco.user,2,100,en,100.0,100.0,2004,2007,1
gmane.linux.network.bridge.ebtables.devel,2,100,en,100.0,100.0,2004,2013,1
gmane.linux.pld.shadow.cvs,2,100,en,100.0,100.0,2005,2006,1
gmane.linux.suse.fou4s.devel,2,100,en,100.0,100.0,2005,2005,1
gmane.network.gnunet.general,2,100,en,100.0,100.0,2004,2007,1
gmane.network.instant-messaging.ayttm.user,2,100,en,100.0,100.0,2004,2015,1
gmane.network.netflow.nfdump.general,2,100,en,100.0,100.0,2009,2013,1
gmane.org.fsa-bg.general,2,100,bg,50.0,0.0,2005,2005,2
gmane.org.user-groups.linux.luau,2,100,en,100.0,100.0,2006,2007,1
gmane.org.user-groups.python.chennai,2,100,en,100.0,100.0,2016,2018,1
gmane.os.netbsd.ports.pmax,2,100,en,100.0,100.0,2004,2019,1
gmane.politics.democracy.caonod,2,100,ja,100.0,0.0,2015,2016,1
gmane.science.biology.gmod.announce,2,100,en,100.0,100.0,2010,2019,1
gmane.science.biology.informatics.taverna.user,2,100,en,100.0,100.0,2012,2013,1
gmane.comp.cms.orchard.general,2,100,en,100.0,100.0,2011,2012,1
gmane.comp.debugging.breakpad.devel,2,100,en,100.0,100.0,2016,2018,1
gmane.comp.file-systems.openafs.darwin,2,100,en,100.0,100.0,2010,2011,1
gmane.comp.gnome.mono.vb,2,100,en,100.0,100.0,2009,2009,1
gmane.comp.gnome.ximian.beta,2,100,UNKNOWN,100.0,0.0,2002,2002,1
gmane.comp.gnu.tuxpaint.devel.i18n,2,100,en,50.0,50.0,2007,2007,2
gmane.comp.handhelds.openphoenux.user,2,100,en,100.0,100.0,2016,2017,1
gmane.comp.jakarta.log4j.cvs,2,100,en,100.0,100.0,2002,2002,1
gmane.comp.java.ozone.user,2,100,en,100.0,100.0,2003,2005,1
gmane.comp.lang.perl.modules.html-widget.general,2,100,en,100.0,100.0,2006,2007,1
gmane.comp.lang.perl.modules.pdfapi2,2,100,en,100.0,100.0,2004,2007,1
gmane.comp.misc.nslu2.german,2,100,de,100.0,0.0,2005,2006,1
gmane.comp.parsers.peg.general,2,100,en,100.0,100.0,2010,2014,1
gmane.comp.python.asynk,2,100,en,100.0,100.0,2015,2015,1
gmane.comp.security.linux,2,100,en,100.0,100.0,2002,2004,1
gmane.comp.systems.ibmi.opensource,2,100,en,100.0,100.0,2016,2017,1
gmane.comp.sysutils.elftoolchain.scm,2,100,en,100.0,100.0,2016,2016,1
gmane.comp.tex.latex.prosper.user,2,100,en,100.0,100.0,2003,2007,1
gmane.comp.version-control.sourcegear-vault.user,2,100,en,100.0,100.0,2004,2004,1
gmane.comp.video.openexr.user,2,100,en,100.0,100.0,2005,2006,1
gmane.comp.web.openwayback.devel,2,100,en,100.0,100.0,2014,2016,1
gmane.comp.web.sql-ledger.user,2,100,en,100.0,100.0,2002,2006,1
gmane.culture.literature.dutch.coster,2,100,nl,100.0,0.0,2003,2008,1
gmane.editors.poedit.user,2,100,en,100.0,100.0,2007,2007,1
gmane.emacs.conference,2,100,en,100.0,100.0,2012,2013,1
gmane.emacs.emms.patches,2,100,en,100.0,100.0,2006,2006,1
gmane.ietf.tewg,2,100,en,100.0,100.0,2002,2004,1
gmane.ietf.trill,2,100,en,100.0,100.0,2016,2017,1
gmane.ietf.url,2,100,en,100.0,100.0,1997,2001,1
gmane.linux.arch.events,2,100,en,100.0,100.0,2011,2011,1
gmane.linux.debian.hardened.devel,2,100,en,100.0,100.0,2005,2010,1
gmane.linux.distributions.trisquel.devel,2,100,en,100.0,100.0,2010,2014,1
gmane.linux.drivers.gammu.python.scm,2,100,en,100.0,100.0,2007,2007,1
gmane.linux.drivers.m560x.devel,2,100,en,100.0,100.0,2008,2009,1
gmane.linux.gentoo.installer,2,100,en,100.0,100.0,2005,2006,1
gmane.linux.gentoo.user.czech-slovak,2,100,sk,100.0,0.0,2006,2007,1
gmane.linux.highavailability.cvs,2,100,en,100.0,100.0,2005,2006,1
gmane.linux.kernel.grsecurity,2,100,en,100.0,100.0,2005,2006,1
gmane.linux.redhat.security.lspp,2,100,en,100.0,100.0,2006,2007,1
gmane.mail.emailonly,2,100,en,100.0,100.0,2007,2010,1
gmane.mail.eyebrowse.user,2,100,en,100.0,100.0,2004,2004,1
gmane.mail.imap.aox.user,2,100,en,100.0,100.0,2014,2019,1
gmane.mail.s-mailx.general,2,100,en,100.0,100.0,2018,2018,1
gmane.mail.spam.dcc,2,100,en,100.0,100.0,2007,2007,1
gmane.music.4ad,2,100,en,100.0,100.0,2003,2009,1
gmane.network.guarddog,2,100,en,100.0,100.0,2003,2003,1
gmane.network.wireless.zd1211.devel,2,100,en,100.0,100.0,2007,2007,1
gmane.org.hackerspaces.57north,2,100,en,100.0,100.0,2015,2015,1
gmane.org.netlabs.seti-warp.general,2,100,en,100.0,100.0,2006,2009,1
gmane.org.region.romania.tic-lobby,2,100,ro,100.0,0.0,2007,2007,1
gmane.org.user-groups.linux.linuxjournal,2,100,en,100.0,100.0,2009,2010,1
gmane.org.wikimedia.offline,2,100,en,100.0,100.0,2013,2018,1
gmane.os.cygwin.xfree.announce,2,100,en,100.0,100.0,2005,2011,1
gmane.user-groups.linux.ustclug,2,100,zh-cn,100.0,0.0,2016,2016,1
gmane.comp.encryption.pgp.keyserver-folk,2,100,en,100.0,100.0,2004,2004,1
gmane.comp.games.pioneers.devel,2,100,en,100.0,100.0,2006,2006,1
gmane.comp.games.ultima.iris2.scm,2,100,en,50.0,50.0,2008,2011,2
gmane.comp.gnome.print,2,100,en,100.0,100.0,2003,2004,1
gmane.comp.handhelds.i300,2,100,en,100.0,100.0,2004,2004,1
gmane.comp.handhelds.linux.intimate,2,100,UNKNOWN,50.0,50.0,2002,2006,2
gmane.comp.hardware.avr.ada,2,100,en,100.0,100.0,2010,2019,1
gmane.comp.hardware.riscv.debug,2,100,en,100.0,100.0,2017,2017,1
gmane.comp.java.tapestry.devel,2,100,en,100.0,100.0,2002,2003,1
gmane.comp.java.xdoclet2.devel,2,100,en,100.0,100.0,2008,2010,1
gmane.comp.kde.devel.taglib,2,100,en,100.0,100.0,2008,2014,1
gmane.comp.lang.perl.modules.www-mechanize.devel,2,100,en,100.0,100.0,2004,2005,1
gmane.comp.lang.scala.xml,2,100,en,100.0,100.0,2010,2013,1
gmane.comp.lib.libhid.general,2,100,en,100.0,100.0,2007,2010,1
gmane.comp.lib.libtai,2,100,en,100.0,100.0,2002,2011,1
gmane.comp.misc.mechanical-sympathy,2,100,en,100.0,100.0,2017,2019,1
gmane.comp.multimedia.ogg.playogg,2,100,en,100.0,100.0,2009,2010,1
gmane.comp.networking.autobahn,2,100,en,100.0,100.0,2016,2016,1
gmane.comp.programming.extreme-programming.databases.agile,2,100,en,100.0,100.0,2005,2011,1
gmane.comp.programming.test-first-user-interfaces,2,100,en,100.0,100.0,2003,2004,1
gmane.comp.python.documentation,2,100,en,100.0,100.0,2003,2017,1
gmane.comp.python.tryton.german,2,100,de,100.0,0.0,2015,2016,1
gmane.comp.text.citeulike.general,2,100,en,100.0,100.0,2005,2005,1
gmane.comp.tools.mdocml.devel,2,100,en,100.0,100.0,2010,2011,1
gmane.comp.tv.elisa.general,2,100,en,100.0,100.0,2007,2009,1
gmane.comp.video.kaffeine.devel,2,100,en,100.0,100.0,2005,2013,1
gmane.comp.video.piksel.devel,2,100,en,100.0,100.0,2005,2005,1
gmane.comp.video.videolan.libdvdcss,2,100,en,100.0,100.0,2004,2012,1
gmane.comp.web.spip.italian,2,100,it,100.0,0.0,2005,2010,1
gmane.comp.web.zope.z3base.general,2,100,en,100.0,100.0,2011,2012,1
gmane.comp.web.zope.zope3.ecm.general,2,100,en,100.0,100.0,2005,2005,1
gmane.culture.publications.news,2,100,en,100.0,100.0,2005,2006,1
gmane.emacs.vim-emulation,2,100,en,100.0,100.0,2009,2011,1
gmane.games.netrek.cvs,2,100,en,100.0,100.0,2007,2007,1
gmane.ietf.ipoib,2,100,en,100.0,100.0,2002,2005,1
gmane.linux.debian.user.greek,2,100,el,100.0,0.0,2010,2012,1
gmane.linux.devices.ipr.devel,2,100,en,100.0,100.0,2015,2016,1
gmane.linux.mint.user,2,100,en,100.0,100.0,2014,2015,1
gmane.linux.redhat.fedora.relnotes.content,2,100,en,100.0,100.0,2009,2014,1
gmane.linux.smp,2,100,en,100.0,100.0,2002,2003,1
gmane.lisp.allegro,2,100,af,50.0,50.0,2007,2008,2
gmane.music.jane-siberry,2,100,en,100.0,100.0,2003,2006,1
gmane.network.ssh.sshkeychain.user,2,100,en,50.0,50.0,2007,2008,2
gmane.org.opencompute.networking,2,100,en,50.0,50.0,2015,2016,2
gmane.org.wikimedia.india.mangalore,2,100,UNKNOWN,100.0,0.0,2013,2014,1
gmane.org.wikimedia.movementroles,2,100,en,50.0,50.0,2011,2011,2
gmane.org.wikimedia.wikibots,2,100,en,100.0,100.0,2007,2012,1
gmane.os.netbsd.ports.atari,2,100,en,100.0,100.0,2009,2009,1
gmane.recreation.radio.scanning.centexcomm,2,100,en,100.0,100.0,2018,2019,1
gmane.science.robotics.roboptim.scm,2,100,en,100.0,100.0,2011,2011,1
gmane.user-groups.linux.minsk.general,2,100,et,50.0,0.0,2004,2005,2
gmane.comp.apache.ctakes.user,2,100,en,100.0,100.0,2015,2017,1
gmane.comp.cms.opengroupware.discuss.german,2,100,de,100.0,0.0,2003,2003,1
gmane.comp.embedded.carlsbad-cubes,2,100,en,100.0,100.0,2004,2006,1
gmane.comp.embedded.freewrt.bugs,2,100,en,100.0,100.0,2007,2007,1
gmane.comp.gnu.solfege.devel,2,100,en,100.0,100.0,2010,2014,1
gmane.comp.ide.eclipse.plugins.erlide.devel,2,100,en,100.0,100.0,2007,2011,1
gmane.comp.internationalization.input-methods.chewing.devel,2,100,UNKNOWN,50.0,50.0,2012,2013,2
gmane.comp.java.jpublish.devel,2,100,en,100.0,100.0,2003,2004,1
gmane.comp.java.jts.topo-suite.user,2,100,en,100.0,100.0,2015,2016,1
gmane.comp.java.luxor-xul.user,2,100,en,100.0,100.0,2003,2003,1
gmane.comp.java.openprojectservices,2,100,zh-cn,100.0,0.0,2010,2012,1
gmane.comp.java.scarab.user,2,100,en,100.0,100.0,2005,2012,1
gmane.comp.java.vm.sablevm.general,2,100,en,100.0,100.0,2004,2005,1
gmane.comp.lang.chapel.user,2,100,en,100.0,100.0,2015,2015,1
gmane.comp.misc.bilumi.devel,2,100,en,100.0,100.0,2007,2009,1
gmane.comp.misc.suckless.wiki,2,100,en,100.0,100.0,2016,2016,1
gmane.comp.mozilla.devel.geolocation,2,100,en,100.0,100.0,2014,2015,1
gmane.comp.mozilla.internationalization,2,100,UNKNOWN,50.0,50.0,2003,2004,2
gmane.comp.multimedia.ogg.tarkin.devel,2,100,en,100.0,100.0,2002,2002,1
gmane.comp.python.durus,2,100,en,100.0,100.0,2005,2011,1
gmane.comp.video.avisynth3.devel,2,100,en,100.0,100.0,2011,2011,1
gmane.comp.web.agavi.bugs,2,100,en,50.0,50.0,2006,2006,2
gmane.comp.web.metalink.devel,2,100,en,100.0,100.0,2012,2012,1
gmane.comp.web.oscommerce.cvs,2,100,UNKNOWN,50.0,50.0,2002,2005,2
gmane.comp.web.server.shttpd.general,2,100,sv,50.0,50.0,2008,2008,2
gmane.comp.web.webobjects.newbies,2,100,en,100.0,100.0,2003,2006,1
gmane.comp.web.zope.plone.evangelism,2,100,en,100.0,100.0,2008,2009,1
gmane.comp.windows.dotnet.itextsharp.general,2,100,en,100.0,100.0,2009,2009,1
gmane.comp.windows.gnu.user,2,100,en,100.0,100.0,2003,2006,1
gmane.culture.bicycle.shift.mdb.idf,2,100,fr,100.0,0.0,2015,2016,1
gmane.culture.studies.history.slavic,2,100,en,100.0,100.0,2015,2016,1
gmane.ietf.geopriv,2,100,en,100.0,100.0,2006,2010,1
gmane.ietf.ieprep,2,100,en,100.0,100.0,2002,2002,1
gmane.ietf.openpgp,2,100,en,100.0,100.0,1997,1998,1
gmane.linux.debian.devel.buildd-tools,2,100,en,100.0,100.0,2015,2016,1
gmane.linux.isdn.visdn.devel,2,100,en,100.0,100.0,2006,2006,1
gmane.linux.mandrake.kernel,2,100,en,100.0,100.0,2006,2010,1
gmane.linux.redhat.fedora.women,2,100,en,100.0,100.0,2007,2016,1
gmane.linux.ubuntu.user.cypriot,2,100,el,100.0,0.0,2014,2015,1
gmane.lisp.cl-opengl.devel,2,100,en,100.0,100.0,2008,2008,1
gmane.lisp.scheme.chibi,2,100,en,100.0,100.0,2014,2014,1
gmane.mail.vqadmin,2,100,en,100.0,100.0,2005,2011,1
gmane.music.equipment.slimdevices.diy,2,100,en,100.0,100.0,2015,2018,1
gmane.network.ipv6.g6asso.forum,2,100,en,50.0,50.0,2011,2012,2
gmane.network.opennms.devel,2,100,en,100.0,100.0,2011,2017,1
gmane.network.routing.bufferbloat,2,100,en,100.0,100.0,2014,2015,1
gmane.network.spread.cvs,2,100,en,100.0,100.0,2004,2013,1
gmane.org.openrightsgroup.general,2,100,en,100.0,100.0,2015,2017,1
gmane.org.spi.general,2,100,en,100.0,100.0,2007,2008,1
gmane.org.user-groups.debian.austria,2,100,de,100.0,0.0,2010,2015,1
gmane.org.user-groups.linux.fortwaynelug,2,100,en,100.0,100.0,2009,2011,1
gmane.org.user-groups.lisp.munich,2,100,en,100.0,100.0,2009,2009,1
gmane.org.wikimedia.newyork,2,100,en,100.0,100.0,2009,2018,1
gmane.text.xml.xtm.tmapi.general,2,100,en,100.0,100.0,2005,2008,1
gmane.comp.apache.incubator.depot.devel,2,100,en,100.0,100.0,2004,2004,1
gmane.comp.apache.openoffice.marketing,2,100,en,100.0,100.0,2012,2013,1
gmane.comp.apache.shale.devel,2,100,en,100.0,100.0,2006,2006,1
gmane.comp.cms.wyona.devel,2,100,en,100.0,100.0,2002,2003,1
gmane.comp.editors.zathura,2,100,en,100.0,100.0,2012,2013,1
gmane.comp.file-systems.afs.modwaklog.devel,2,100,en,100.0,100.0,2007,2015,1
gmane.comp.gnome.apps.pan.devel,2,100,en,100.0,100.0,2008,2012,1
gmane.comp.gnome.gaim.features,2,100,en,100.0,100.0,2007,2007,1
gmane.comp.gnome.office.general,2,100,en,100.0,100.0,2004,2009,1
gmane.comp.gnu.awacs.general,2,100,tl,100.0,0.0,2005,2005,1
gmane.comp.gnu.screen.devel,2,100,en,100.0,100.0,2010,2015,1
gmane.comp.handhelds.openzaurus.devel,2,100,en,50.0,50.0,2005,2007,2
gmane.comp.java.tynamo.devel,2,100,en,100.0,100.0,2011,2012,1
gmane.comp.lang.perl.modules.mail-box,2,100,en,100.0,100.0,2002,2003,1
gmane.comp.lang.smalltalk.squeak.v3dot10,2,100,en,100.0,100.0,2007,2007,1
gmane.comp.misc.novell.schools,2,100,en,100.0,100.0,2006,2008,1
gmane.comp.php.symfony.devel,2,100,en,100.0,100.0,2012,2012,1
gmane.comp.printing.ghostscript.gsview,2,100,UNKNOWN,100.0,0.0,2003,2003,1
gmane.comp.python.import,2,100,en,100.0,100.0,2012,2012,1
gmane.comp.python.nltk.devel,2,100,en,100.0,100.0,2006,2007,1
gmane.comp.python.pytables.announce,2,100,zh-cn,50.0,50.0,2006,2007,2
gmane.comp.sysutils.likewise.general,2,100,en,100.0,100.0,2009,2009,1
gmane.comp.video.gimp.documentation,2,100,en,100.0,100.0,2010,2018,1
gmane.comp.video.info-inventor.cvs,2,100,UNKNOWN,50.0,50.0,2002,2007,2
gmane.comp.web.dansguardian.general,2,100,en,100.0,100.0,2008,2009,1
gmane.comp.web.mako,2,100,en,100.0,100.0,2007,2012,1
gmane.comp.web.server.caudium.general,2,100,en,100.0,100.0,2010,2011,1
gmane.culture.tv.jackass,2,100,en,50.0,50.0,2003,2016,2
gmane.emacs.muse.cvs,2,100,en,100.0,100.0,2006,2006,1
gmane.games.roguelike.crawl.devel,2,100,en,100.0,100.0,2014,2016,1
gmane.linux.debian.devel.jr,2,100,en,100.0,100.0,2002,2010,1
gmane.linux.drivers.pwc,2,100,en,100.0,100.0,2006,2006,1
gmane.linux.oracle.oss.ovm.x86.errata,2,100,en,100.0,100.0,2014,2015,1
gmane.network.freenet.freenet6.user,2,100,en,100.0,100.0,2004,2004,1
gmane.network.sn,2,100,en,100.0,100.0,2005,2005,1
gmane.org.user-groups.php.dcphp,2,100,UNKNOWN,50.0,50.0,2013,2014,2
gmane.org.wikimedia.india.bangalore,2,100,en,100.0,100.0,2011,2011,1
gmane.os.openbsd.alpha,2,100,en,100.0,100.0,2004,2007,1
gmane.science.chemistry.rdkit.devel,2,100,en,100.0,100.0,2018,2019,1
gmane.user-groups.linux.lugfi.bar,2,100,es,100.0,0.0,2007,2008,1
gmane.comp.audio.faust.user,2,100,en,100.0,100.0,2014,2017,1
gmane.comp.audio.libcdio.devel,2,100,en,100.0,100.0,2006,2012,1
gmane.comp.cad.ktechlab.devel,2,100,en,100.0,100.0,2009,2015,1
gmane.comp.calendars.gcalsync,2,100,en,100.0,100.0,2007,2007,1
gmane.comp.desktop.scim.user,2,100,en,100.0,100.0,2008,2008,1
gmane.comp.gnu.bayonne.devel,2,100,en,100.0,100.0,2004,2005,1
gmane.comp.graphics.ploticus,2,100,en,100.0,100.0,2005,2006,1
gmane.comp.hardware.texas-instruments.msp430.gcc.cvs,2,100,en,100.0,100.0,2008,2009,1
gmane.comp.java.xsite.cvs,2,100,en,50.0,50.0,2009,2011,2
gmane.comp.kde.kbibtex.general,2,100,en,100.0,100.0,2008,2009,1
gmane.comp.lang.c++.abi,2,100,en,100.0,100.0,2014,2015,1
gmane.comp.lang.javascript.mylibrary,2,100,en,100.0,100.0,2010,2011,1
gmane.comp.macosx.skim.announce,2,100,en,100.0,100.0,2013,2018,1
gmane.comp.multimedia.id3v2,2,100,sv,50.0,50.0,2011,2011,2
gmane.comp.security.fail2ban.user,2,100,en,50.0,50.0,2015,2016,2
gmane.comp.sysutils.backup.backuppc.devel,2,100,en,100.0,100.0,2004,2006,1
gmane.comp.version-control.svk.devel,2,100,en,100.0,100.0,2005,2007,1
gmane.comp.video.graphicsmagick.apis,2,100,en,100.0,100.0,2004,2013,1
gmane.comp.video.info-performer.devel,2,100,en,100.0,100.0,2007,2007,1
gmane.comp.video.opengl.compiz-fusion.devel,2,100,en,100.0,100.0,2009,2011,1
gmane.comp.web.amaya.devel,2,100,en,100.0,100.0,2006,2008,1
gmane.comp.web.interchange.business,2,100,en,100.0,100.0,2006,2007,1
gmane.emacs.muse.general,2,100,en,100.0,100.0,2007,2008,1
gmane.linux.debian.devel.gnustep,2,100,en,100.0,100.0,2005,2016,1
gmane.linux.debian.devel.nonprofit,2,100,en,100.0,100.0,2003,2007,1
gmane.linux.kernel.debugging,2,100,en,100.0,100.0,2002,2005,1
gmane.linux.kernel.submount.devel,2,100,en,50.0,50.0,2008,2009,2
gmane.linux.redhat.hwcert.announce,2,100,en,100.0,100.0,2013,2013,1
gmane.linux.redhat.security.watch,2,100,en,100.0,100.0,2002,2004,1
gmane.linux.suse.sparc,2,100,en,100.0,100.0,2002,2002,1
gmane.linux.zynot.zynaut,2,100,en,100.0,100.0,2003,2004,1
gmane.lisp.cl-pro,2,100,en,100.0,100.0,2011,2012,1
gmane.lisp.guile.gtk,2,100,UNKNOWN,50.0,50.0,2006,2006,2
gmane.lisp.scheme.pika.devel,2,100,en,100.0,100.0,2004,2004,1
gmane.mail.mmh,2,100,en,100.0,100.0,2014,2016,1
gmane.mail.rss2email,2,100,en,100.0,100.0,2013,2014,1
gmane.org.apnic.global-v6,2,100,en,100.0,100.0,2003,2003,1
gmane.org.misc.open-knowledge-foundation.help,2,100,en,100.0,100.0,2011,2011,1
gmane.org.region.india.fsug-kochi,2,100,en,50.0,50.0,2004,2006,2
gmane.org.user-groups.linux.india.glugot,2,100,en,100.0,100.0,2014,2015,1
gmane.org.user-groups.linux.mlug,2,100,en,100.0,100.0,2007,2013,1
gmane.org.wikimedia.belgium,2,100,en,100.0,100.0,2012,2013,1
gmane.os.freebsd.announce,2,100,en,100.0,100.0,2006,2011,1
gmane.os.unununium.devel,2,100,en,100.0,100.0,2005,2005,1
gmane.politics.activism.vie-privee.actu,2,100,fr,100.0,0.0,2009,2011,1
gmane.recreation.radio.hardware.icomr5,2,100,en,100.0,100.0,2007,2014,1
gmane.comp.apache.incubator.bigtop.user,2,100,en,100.0,100.0,2012,2015,1
gmane.comp.audio.csound.tekno,2,100,en,100.0,100.0,2003,2004,1
gmane.comp.audio.non-daw,2,100,en,100.0,100.0,2012,2012,1
gmane.comp.cms.xaraya.knowledge-base,2,100,hu,50.0,50.0,2003,2004,2
gmane.comp.emulators.xen.xenserver,2,100,en,100.0,100.0,2013,2015,1
gmane.comp.finance.mifos.functional,2,100,en,100.0,100.0,2007,2008,1
gmane.comp.games.ioquake3,2,100,en,100.0,100.0,2011,2011,1
gmane.comp.gnome.apps.alexandria,2,100,en,100.0,100.0,2004,2007,1
gmane.comp.gnome.apps.multi-gnome-terminal.announce,2,100,af,50.0,50.0,2009,2009,2
gmane.comp.gnome.lib.gconf,2,100,en,100.0,100.0,2003,2008,1
gmane.comp.gnome.pidgin.msn-pecan,2,100,en,100.0,100.0,2008,2010,1
gmane.comp.gnu.bayonne.bugs,2,100,en,100.0,100.0,2004,2006,1
gmane.comp.gnu.make.devel,2,100,en,100.0,100.0,2005,2014,1
gmane.comp.handhelds.matchbox,2,100,en,100.0,100.0,2002,2005,1
gmane.comp.handhelds.meego.touch.devel,2,100,en,100.0,100.0,2011,2011,1
gmane.comp.java.clojure.pedestal.user,2,100,en,100.0,100.0,2013,2013,1
gmane.comp.java.tynamo.user,2,100,en,100.0,100.0,2012,2013,1
gmane.comp.kde.events.french,2,100,fr,100.0,0.0,2014,2015,1
gmane.comp.lang.haskell.snapframework,2,100,en,100.0,100.0,2010,2011,1
gmane.comp.lang.perl.anyevent,2,100,en,100.0,100.0,2015,2016,1
gmane.comp.lang.perl.modules.lucy.devel,2,100,en,100.0,100.0,2013,2015,1
gmane.comp.lang.scala.announce,2,100,UNKNOWN,50.0,50.0,2010,2011,2
gmane.comp.mathematics.open-axiom.devel,2,100,en,100.0,100.0,2008,2011,1
gmane.comp.mathematics.sage.cell,2,100,en,100.0,100.0,2014,2018,1
gmane.comp.php.sca-sdo,2,100,en,100.0,100.0,2007,2008,1
gmane.comp.printing.a2ps.devel,2,100,en,100.0,100.0,2004,2005,1
gmane.comp.python.wsgi.fanstatic,2,100,en,100.0,100.0,2011,2011,1
gmane.comp.sysutils.backup.hdup.general,2,100,en,100.0,100.0,2003,2007,1
gmane.comp.terminal-emulators.mlterm.devel,2,100,en,100.0,100.0,2006,2015,1
gmane.comp.tools.memaid.devel,2,100,en,100.0,100.0,2003,2003,1
gmane.comp.video.apitrace,2,100,en,100.0,100.0,2013,2014,1
gmane.comp.video.dvbcut.user,2,100,en,100.0,100.0,2007,2008,1
gmane.comp.web.elinks.user,2,100,en,100.0,100.0,2004,2008,1
gmane.comp.web.maypole,2,100,en,100.0,100.0,2004,2005,1
gmane.comp.web.server.yaws.general,2,100,en,100.0,100.0,2006,2011,1
gmane.comp.web.zope.plone.cmfmember,2,100,en,100.0,100.0,2004,2005,1
gmane.comp.web.zope.plone.region.conosur,2,100,es,100.0,0.0,2008,2010,1
gmane.editors.conglomerate.general,2,100,en,100.0,100.0,2003,2004,1
gmane.ietf.pilc,2,100,en,50.0,50.0,2002,2003,2
gmane.linux.drivers.at76c503a.user,2,100,en,100.0,100.0,2003,2003,1
gmane.linux.linaro.cross-distro,2,100,en,100.0,100.0,2011,2012,1
gmane.lisp.scheme.mit-scheme.devel,2,100,en,100.0,100.0,2009,2009,1
gmane.lisp.scheme.srfi.srfi-50,2,100,en,100.0,100.0,2004,2004,1
gmane.mail.apple-mail.gpgmail.devel,2,100,en,100.0,100.0,2010,2011,1
gmane.mail.spam.spamprobe.general,2,100,en,100.0,100.0,2004,2004,1
gmane.org.netlabs.warpin.general,2,100,en,100.0,100.0,2007,2007,1
gmane.org.user-groups.linux.kiev.games,2,100,ru,100.0,0.0,2004,2004,1
gmane.org.user-groups.linux.quebec.annonces,2,100,fr,100.0,0.0,2000,2003,1
gmane.org.user-groups.linux.turkey.guvenlik,2,100,tr,100.0,0.0,2010,2010,1
gmane.org.user-groups.programming.delphi.brazil,2,100,pt,100.0,0.0,2005,2006,1
gmane.org.wikimedia.multimedia-alerts,2,100,UNKNOWN,100.0,0.0,2016,2016,1
gmane.os.hurd.web.translators.polish,2,100,pl,50.0,50.0,2003,2005,2
gmane.os.netbsd.regional.de,2,100,de,100.0,0.0,2007,2011,1
gmane.os.openbsd.embedded,2,100,en,100.0,100.0,2002,2002,1
gmane.os.urbit.devel,2,100,en,50.0,50.0,2015,2016,2
gmane.recreation.radio.hardware.icr5,2,100,en,100.0,100.0,2007,2008,1
gmane.user-groups.linux.ilug.south-east,2,100,en,100.0,100.0,2010,2012,1
gmane.user-groups.linux.india.klug,2,100,en,100.0,100.0,2017,2017,1
gmane.comp.apache.incubator.ranger.user,2,100,en,100.0,100.0,2017,2017,1
gmane.comp.audio.mad.devel,2,100,en,100.0,100.0,2004,2004,1
gmane.comp.bug-tracking.request-tracker.rtir,2,100,en,100.0,100.0,2011,2013,1
gmane.comp.cad.leocad.user,2,100,en,100.0,100.0,2014,2016,1
gmane.comp.clustering.xcpu,2,100,en,100.0,100.0,2008,2009,1
gmane.comp.distributed.hail.devel,2,100,en,100.0,100.0,2009,2010,1
gmane.comp.documentfoundation.mirrors,2,100,it,50.0,50.0,2010,2015,2
gmane.comp.emulators.tn5250,2,100,en,100.0,100.0,2006,2009,1
gmane.comp.freedesktop.libdlo,2,100,en,100.0,100.0,2010,2011,1
gmane.comp.gis.gvsig.user.brazilian,2,100,es,50.0,0.0,2011,2012,2
gmane.comp.gnu.libtasn1.scm,2,100,en,100.0,100.0,2013,2014,1
gmane.comp.handhelds.symbian.putty.devel,2,100,en,50.0,50.0,2013,2015,2
gmane.comp.hardware.riscv.software.devel,2,100,en,100.0,100.0,2016,2016,1
gmane.comp.ipod.linux.devel,2,100,en,100.0,100.0,2004,2004,1
gmane.comp.java.werkflow,2,100,en,100.0,100.0,2003,2003,1
gmane.comp.lang.c++.litesql.user,2,100,en,100.0,100.0,2009,2011,1
gmane.comp.lib.boost.proto,2,100,en,100.0,100.0,2010,2012,1
gmane.comp.lib.vovida.vocal,2,100,en,100.0,100.0,2003,2003,1
gmane.comp.log.logwatch.devel,2,100,en,100.0,100.0,2005,2018,1
gmane.comp.mathematics.sage.gsoc,2,100,en,100.0,100.0,2018,2018,1
gmane.comp.php.zend.framework.i18n,2,100,en,100.0,100.0,2007,2007,1
gmane.comp.python.brasil.mg,2,100,pt,100.0,0.0,2014,2015,1
gmane.comp.python.pythonvision,2,100,en,100.0,100.0,2012,2015,1
gmane.comp.python.snake-farm.user,2,100,en,100.0,100.0,2002,2002,1
gmane.comp.sysutils.bitbake.devel,2,100,en,100.0,100.0,2010,2011,1
gmane.comp.web.sitecopy,2,100,en,100.0,100.0,2005,2005,1
gmane.comp.web.utx.general,2,100,ru,100.0,0.0,2005,2005,1
gmane.comp.web.viewml.devel,2,100,en,100.0,100.0,2003,2003,1
gmane.comp.window-managers.gwm.general,2,100,en,50.0,50.0,2005,2006,2
gmane.editors.lyx.spanish,2,100,UNKNOWN,50.0,50.0,2017,2019,2
gmane.linux.debian.devel.portuguese,2,100,pt,100.0,0.0,2015,2017,1
gmane.linux.kernel.ipack,2,100,fr,50.0,50.0,2017,2019,2
gmane.linux.lfs.hardened,2,100,en,100.0,100.0,2008,2010,1
gmane.linux.ngpt.devel,2,100,UNKNOWN,50.0,50.0,2002,2003,2
gmane.linux.rpm.general,2,100,en,100.0,100.0,2011,2014,1
gmane.linux.suse.opensuse.ruby,2,100,en,100.0,100.0,2010,2013,1
gmane.mail.nocc.general,2,100,en,100.0,100.0,2008,2008,1
gmane.network.jabber.user.russian,2,100,ru,100.0,0.0,2004,2004,1
gmane.org.user-groups.linux.openlug,2,100,it,100.0,0.0,2006,2007,1
gmane.org.wikimedia.denmark,2,100,sv,50.0,0.0,2009,2010,2
gmane.org.wikimedia.labs.announce,2,100,en,100.0,100.0,2015,2015,1
gmane.politics.activism.bytesfree.discuss,2,100,en,100.0,100.0,2008,2008,1
gmane.user-groups.foss.india.fsug-calicut,2,100,en,50.0,50.0,2009,2010,2
gmane.comp.cms.phpwebsite.devel,2,100,en,100.0,100.0,2006,2007,1
gmane.comp.cryptography.viff.scm,2,100,en,50.0,50.0,2008,2009,2
gmane.comp.education.tux4kids.tuxtype.devel,2,100,en,100.0,100.0,2009,2012,1
gmane.comp.gis.mapbuilder.user,2,100,en,100.0,100.0,2006,2006,1
gmane.comp.gnome.apps.seahorse.user,2,100,ja,50.0,50.0,2007,2013,2
gmane.comp.ide.eclipse.pdt.devel,2,100,en,100.0,100.0,2011,2016,1
gmane.comp.java.grizzly.user,2,100,en,100.0,100.0,2010,2011,1
gmane.comp.lang.haskell.jhc,2,100,en,100.0,100.0,2009,2012,1
gmane.comp.lang.perl.perlcritic.devel,2,100,en,50.0,50.0,2011,2012,2
gmane.comp.misc.emelfm2,2,100,en,100.0,100.0,2009,2013,1
gmane.comp.mozilla.firefox.wmlbrowser,2,100,en,100.0,100.0,2006,2007,1
gmane.comp.php.phing.cvs,2,100,en,100.0,100.0,2008,2008,1
gmane.comp.programming.creduce.devel,2,100,en,100.0,100.0,2013,2015,1
gmane.comp.python.epd.user,2,100,en,100.0,100.0,2011,2012,1
gmane.comp.security.monkeysphere,2,100,en,100.0,100.0,2010,2018,1
gmane.comp.security.news.securitytracker,2,100,en,100.0,100.0,2012,2015,1
gmane.comp.standards.fhs-discuss,2,100,en,100.0,100.0,2011,2011,1
gmane.comp.web.zope.plone.calendarx.user,2,100,en,100.0,100.0,2005,2005,1
gmane.comp.windows.total-commander.russian,2,100,ru,100.0,0.0,2004,2005,1
gmane.editors.geany.i18n,2,100,en,100.0,100.0,2009,2012,1
gmane.emacs.bongo.devel,2,100,en,100.0,100.0,2007,2007,1
gmane.ietf.yam,2,100,en,100.0,100.0,2010,2011,1
gmane.linux.arklinux.bugs,2,100,da,50.0,50.0,2003,2004,2
gmane.linux.debian.devel.cyrusimapd,2,100,en,100.0,100.0,2009,2011,1
gmane.linux.fbdev.user,2,100,en,100.0,100.0,2005,2008,1
gmane.lisp.clsql.devel,2,100,en,100.0,100.0,2005,2006,1
gmane.lisp.wxcl.ops-,2,100,en,100.0,100.0,2005,2010,1
gmane.mail.sup.devel,2,100,en,100.0,100.0,2010,2011,1
gmane.network.jabber.exodus.devel,2,100,en,100.0,100.0,2004,2005,1
gmane.network.wireless.cu-wireless,2,100,en,100.0,100.0,2004,2005,1
gmane.org.google.wave.protocol,2,100,en,100.0,100.0,2010,2010,1
gmane.org.w3c.accessibility.guidelines,2,100,en,100.0,100.0,2002,2002,1
gmane.os.aeriebsd.general,2,100,en,50.0,50.0,2011,2015,2
gmane.os.freebsd.devel.small,2,100,en,100.0,100.0,2006,2006,1
gmane.politics.parties.green.alaska.discuss,2,100,en,100.0,100.0,2005,2005,1
gmane.text.xml.o-xml,2,100,en,100.0,100.0,2003,2004,1
gmane.comp.bug-tracking.gnats.general,2,100,tl,50.0,50.0,2004,2004,2
gmane.comp.cad.brlcad.announce,2,100,en,100.0,100.0,2011,2012,1
gmane.comp.documentfoundation.libreoffice.accessibility,2,100,en,100.0,100.0,2012,2016,1
gmane.comp.embedded.embtoolkit.bugs,2,100,en,100.0,100.0,2014,2014,1
gmane.comp.gis.openstreetmap.overpass,2,100,en,100.0,100.0,2015,2015,1
gmane.comp.java.sesat.kernel.issues,2,100,en,100.0,100.0,2008,2008,1
gmane.comp.java.ubik.user,2,100,en,100.0,100.0,2009,2009,1
gmane.comp.lang.why3.user,2,100,en,100.0,100.0,2015,2017,1
gmane.comp.lib.boost.cmake,2,100,en,100.0,100.0,2009,2009,1
gmane.comp.mathematics.axiom.user,2,100,en,100.0,100.0,2006,2007,1
gmane.comp.mathematics.sage.education,2,100,en,100.0,100.0,2008,2016,1
gmane.comp.php.standards,2,100,en,100.0,100.0,2014,2016,1
gmane.comp.python.comtypes.user,2,100,en,100.0,100.0,2008,2009,1
gmane.comp.python.django.czech,2,100,cs,50.0,0.0,2013,2013,2
gmane.comp.python.django.italian,2,100,it,100.0,0.0,2016,2018,1
gmane.comp.python.org.uk.northwest,2,100,en,100.0,100.0,2013,2014,1
gmane.ietf.anonsec,2,100,en,100.0,100.0,2005,2007,1
gmane.linux.dazuko.devel,2,100,en,100.0,100.0,2008,2008,1
gmane.linux.debian.internationalization.laespiral,2,100,es,100.0,0.0,2002,2003,1
gmane.linux.suse.multimedia,2,100,en,100.0,100.0,2007,2009,1
gmane.network.dns.powerdns.devel,2,100,en,100.0,100.0,2003,2013,1
gmane.network.jabber.lib.net,2,100,en,100.0,100.0,2007,2008,1
gmane.network.ripe.routing,2,100,en,50.0,50.0,2016,2018,2
gmane.network.wireless.open1x.xsupplicant.general,2,100,en,100.0,100.0,2006,2007,1
gmane.org.user-groups.linux.traunstein,2,100,de,100.0,0.0,2005,2006,1
gmane.org.w3c.working-groups.swbp,2,100,en,100.0,100.0,2006,2006,1
gmane.os.netbsd.devel.ports,2,100,en,100.0,100.0,2002,2002,1
gmane.os.netbsd.ports.hp300,2,100,en,100.0,100.0,2002,2018,1
gmane.os.os2.unixos2,2,100,en,100.0,100.0,2004,2004,1
gmane.recreation.cars.toyota.mods,2,100,en,100.0,100.0,2005,2005,1
gmane.science.biology.ray-genome-assembler,2,100,en,100.0,100.0,2013,2013,1
gmane.technology.stp,2,100,en,100.0,100.0,2002,2005,1
gmane.user-groups.foss.fsug-tsr,2,100,en,100.0,100.0,2009,2009,1
gmane.user-groups.linux.lugfi.org,2,100,es,100.0,0.0,2007,2007,1
gmane.comp.ai.ruleml.reaction,2,100,en,100.0,100.0,2008,2015,1
gmane.comp.cad.electric.discuss,2,100,en,100.0,100.0,2010,2014,1
gmane.comp.db.carob.cvs,2,100,en,100.0,100.0,2006,2006,1
gmane.comp.emulators.ovirt.announce,2,100,en,100.0,100.0,2013,2017,1
gmane.comp.ide.eclipse.plugins.erlide.user,2,100,zh-cn,50.0,50.0,2007,2007,2
gmane.comp.java.jna.user,2,100,en,100.0,100.0,2009,2009,1
gmane.comp.java.ulc.devel,2,100,en,100.0,100.0,2006,2007,1
gmane.comp.lang.chapel.bugs,2,100,en,100.0,100.0,2014,2014,1
gmane.comp.lang.haskell.yhc,2,100,en,100.0,100.0,2006,2007,1
gmane.comp.lang.ocaml.lib.net.devel,2,100,en,100.0,100.0,2008,2016,1
gmane.comp.lang.perl.perl-mongers.madrid,2,100,es,100.0,0.0,2009,2010,1
gmane.comp.multimedia.helix.general,2,100,en,100.0,100.0,2004,2008,1
gmane.comp.parsers.bison.cvs,2,100,de,50.0,50.0,2002,2003,2
gmane.comp.python.org.portland,2,100,en,100.0,100.0,2012,2013,1
gmane.comp.security.libnet,2,100,en,100.0,100.0,2004,2004,1
gmane.comp.sysutils.parallel,2,100,ca,50.0,50.0,2011,2012,2
gmane.comp.version-control.arch.bugs,2,100,en,100.0,100.0,2006,2006,1
gmane.comp.version-control.gitx,2,100,en,100.0,100.0,2010,2010,1
gmane.comp.version-control.tailor,2,100,en,100.0,100.0,2005,2007,1
gmane.comp.web.webgen.user,2,100,en,100.0,100.0,2008,2011,1
gmane.culture.religion.church-of-the-anti-christ,2,100,en,100.0,100.0,2002,2003,1
gmane.ietf.entmib,2,100,en,100.0,100.0,2004,2004,1
gmane.linux.debian.derivatives,2,100,en,50.0,50.0,2016,2016,2
gmane.linux.foresight.marketing,2,100,en,100.0,100.0,2008,2010,1
gmane.lisp.climacs.devel,2,100,en,100.0,100.0,2005,2006,1
gmane.lisp.guile.guile-lib.devel,2,100,en,100.0,100.0,2008,2009,1
gmane.lisp.scheme.bigloo,2,100,en,100.0,100.0,2005,2015,1
gmane.mail.spam.greylist.user,2,100,en,100.0,100.0,2005,2005,1
gmane.os.9front.scm,2,100,en,100.0,100.0,2017,2017,1
gmane.science.aerospace.psas.payload,2,100,en,100.0,100.0,2012,2015,1
gmane.science.astronomy.stellarium.devel,2,100,en,100.0,100.0,2013,2013,1
gmane.science.ecology.ordnews,2,100,en,100.0,100.0,2012,2017,1
gmane.science.opensource.community,2,100,en,100.0,100.0,2005,2010,1
gmane.text.xml.relaxng.discuss,2,100,en,100.0,100.0,2007,2009,1
gmane.comp.apache.sling.user,2,100,en,100.0,100.0,2015,2015,1
gmane.comp.file-systems.openfs.general,2,100,en,100.0,100.0,2004,2005,1
gmane.comp.gis.open-location-code,2,100,en,100.0,100.0,2016,2018,1
gmane.comp.gis.openstreetmap.region.de.wuerzburg,2,100,de,100.0,0.0,2009,2009,1
gmane.comp.gnu.sh-utils.bugs,2,100,en,100.0,100.0,2002,2007,1
gmane.comp.graphics.chromium.user,2,100,en,100.0,100.0,2004,2005,1
gmane.comp.java.netbeans.modules.jackpot.devel,2,100,en,100.0,100.0,2006,2009,1
gmane.comp.java.open-symphony.osworkflow,2,100,en,100.0,100.0,2005,2008,1
gmane.comp.kde.devel.kmobiletools,2,100,en,100.0,100.0,2007,2007,1
gmane.comp.lang.haskell.shake,2,100,en,100.0,100.0,2018,2018,1
gmane.comp.lang.perl.modules.dbi.sybase,2,100,en,100.0,100.0,2004,2008,1
gmane.comp.lang.ruby.rails.engines.user,2,100,en,100.0,100.0,2006,2008,1
gmane.comp.lang.scala.scalaz,2,100,en,100.0,100.0,2014,2015,1
gmane.comp.lang.smalltalk.moose.devel,2,100,en,100.0,100.0,2016,2016,1
gmane.comp.lib.ultimate++,2,100,en,100.0,100.0,2005,2005,1
gmane.comp.macosx.wirelessmodem,2,100,en,100.0,100.0,2004,2005,1
gmane.comp.mozilla.devel.qt,2,100,en,100.0,100.0,2002,2002,1
gmane.comp.package-management.vcs-pkg,2,100,en,100.0,100.0,2008,2018,1
gmane.comp.python.org.india.kerala,2,100,en,100.0,100.0,2013,2013,1
gmane.comp.python.stdlib-sig,2,100,en,100.0,100.0,2009,2009,1
gmane.comp.tex.texlive.documentation,2,100,en,100.0,100.0,2009,2012,1
gmane.comp.version-control.gitextensions,2,100,en,100.0,100.0,2015,2016,1
gmane.comp.video.synfig.user,2,100,en,100.0,100.0,2013,2016,1
gmane.comp.web.limesurvey.devel,2,100,en,100.0,100.0,2010,2017,1
gmane.comp.web.zope.plone.ui,2,100,en,100.0,100.0,2005,2013,1
gmane.comp.windows.dotnet.alchemi.user,2,100,en,100.0,100.0,2006,2007,1
gmane.ietf.rpsec,2,100,en,100.0,100.0,2005,2005,1
gmane.linux.debian.internationalization.polish,2,100,en,100.0,100.0,2006,2014,1
gmane.linux.drivers.unichrome.devel,2,100,en,100.0,100.0,2006,2006,1
gmane.linux.file-systems.intermezzo.general,2,100,en,50.0,50.0,2003,2003,2
gmane.linux.kernel.remote-debugging,2,100,en,100.0,100.0,2007,2007,1
gmane.linux.lvm.cvs,2,100,id,50.0,50.0,2003,2004,2
gmane.linux.suse.ppc,2,100,en,100.0,100.0,2002,2014,1
gmane.network.mosh.devel,2,100,de,50.0,0.0,2014,2016,2
gmane.org.user-groups.linux.venezuela.desarrollo,2,100,es,100.0,0.0,2009,2010,1
gmane.os.freebsd.devel.mozilla,2,100,en,100.0,100.0,2003,2004,1
gmane.science.biology.myexperiment.general,2,100,en,100.0,100.0,2007,2009,1
gmane.comp.cad.electric.general,2,100,en,100.0,100.0,2004,2004,1
gmane.comp.db.mdb-tools.devel,2,100,en,100.0,100.0,2005,2006,1
gmane.comp.emulators.ovirt.arch,2,100,en,100.0,100.0,2012,2012,1
gmane.comp.emulators.winetricks.devel,2,100,en,100.0,100.0,2013,2015,1
gmane.comp.encryption.libressl,2,100,en,100.0,100.0,2015,2015,1
gmane.comp.forges.fusionforge.general,2,100,en,100.0,100.0,2013,2014,1
gmane.comp.games.pokersource.user,2,100,en,100.0,100.0,2008,2010,1
gmane.comp.gnu.health.general,2,100,en,100.0,100.0,2017,2018,1
gmane.comp.graphics.panotools.devel,2,100,en,100.0,100.0,2006,2007,1
gmane.comp.handhelds.freecalypso,2,100,en,100.0,100.0,2015,2017,1
gmane.comp.hci.experiencedesign,2,100,en,100.0,100.0,2003,2004,1
gmane.comp.java.openwebbeans.user,2,100,en,100.0,100.0,2014,2015,1
gmane.comp.lang.ruby.german,2,100,de,100.0,0.0,2002,2005,1
gmane.comp.mathematics.openmath.general,2,100,en,100.0,100.0,2009,2012,1
gmane.comp.php.phpmyadmin.user,2,100,en,100.0,100.0,2013,2013,1
gmane.comp.python.cocos2d.user,2,100,en,100.0,100.0,2008,2015,1
gmane.comp.security.ids,2,100,en,100.0,100.0,2002,2002,1
gmane.comp.security.w3af.devel,2,100,en,100.0,100.0,2009,2014,1
gmane.comp.tex.xy-pic,2,100,en,100.0,100.0,2010,2015,1
gmane.comp.web.egroupware.windows,2,100,en,50.0,50.0,2015,2016,2
gmane.comp.web.openid.security,2,100,en,100.0,100.0,2007,2009,1
gmane.comp.web.wiki.dokuwiki.fckglite.general,2,100,en,100.0,100.0,2011,2012,1
gmane.education.libraries.anarchist,2,100,en,100.0,100.0,2008,2009,1
gmane.games.rpg.alar.rpg,2,100,it,100.0,0.0,2007,2008,1
gmane.linux.debian.ports.superh,2,100,en,100.0,100.0,2014,2018,1
gmane.linux.distributions.crux.devel,2,100,en,50.0,50.0,2007,2019,2
gmane.linux.suse.opensuse.xfce,2,100,en,100.0,100.0,2013,2014,1
gmane.lisp.guile.sources,2,100,en,100.0,100.0,2003,2018,1
gmane.lisp.web,2,100,en,100.0,100.0,2003,2006,1
gmane.network.ripe.db.general,2,100,en,100.0,100.0,2016,2018,1
gmane.network.syndication.rss.superfeedr,2,100,en,100.0,100.0,2011,2011,1
gmane.os.netbsd.devel.pkgsrc.wip.review,2,100,en,100.0,100.0,2004,2011,1
gmane.science.linguistics.wikipedia.maps,2,100,en,100.0,100.0,2015,2017,1
gmane.comp.apache.axkit.general,2,100,en,100.0,100.0,2006,2006,1
gmane.comp.apache.tiles.issues,2,100,en,50.0,50.0,2014,2015,2
gmane.comp.encryption.guardian.devel,2,100,en,100.0,100.0,2015,2016,1
gmane.comp.file-systems.fedfs.devel,2,100,en,100.0,100.0,2013,2013,1
gmane.comp.gcc.cgicc.general,2,100,en,100.0,100.0,2009,2013,1
gmane.comp.gis.openstreetmap.region.de.dortmund,2,100,de,100.0,0.0,2009,2013,1
gmane.comp.handhelds.linux.axim30,2,100,en,100.0,100.0,2009,2009,1
gmane.comp.jakarta.wsrp4j.devel,2,100,en,100.0,100.0,2006,2007,1
gmane.comp.java.classpath.extensions.xml,2,100,en,50.0,50.0,2004,2005,2
gmane.comp.java.enhydra.general,2,100,UNKNOWN,50.0,50.0,2003,2005,2
gmane.comp.java.jdbm.general,2,100,ru,50.0,50.0,2014,2016,2
gmane.comp.java.kuali.rice.general,2,100,en,100.0,100.0,2009,2009,1
gmane.comp.java.vm.jato.devel,2,100,en,100.0,100.0,2009,2009,1
gmane.comp.kde.licensing,2,100,en,100.0,100.0,2004,2015,1
gmane.comp.lang.ada.gnoga,2,100,en,100.0,100.0,2014,2018,1
gmane.comp.lang.d.dwt,2,100,en,100.0,100.0,2009,2013,1
gmane.comp.lang.perl.modules.lucy.bugs,2,100,it,50.0,50.0,2015,2015,2
gmane.comp.mobile.umtrx,2,100,en,100.0,100.0,2013,2015,1
gmane.comp.python.buildbot.user,2,100,en,50.0,50.0,2017,2018,2
gmane.comp.systems.as400.security,2,100,en,100.0,100.0,2006,2006,1
gmane.comp.version-control.mercurial.bitbucket.general,2,100,en,100.0,100.0,2010,2010,1
gmane.comp.web.kss.devel,2,100,en,100.0,100.0,2007,2008,1
gmane.comp.web.webobjects.admin,2,100,en,50.0,50.0,2004,2006,2
gmane.comp.web.zope.exuserfolder.user,2,100,ru,50.0,50.0,2008,2009,2
gmane.emacs.xemacs.user.japanese,2,100,UNKNOWN,50.0,50.0,2003,2003,2
gmane.ietf.pop3ext,2,100,en,100.0,100.0,1999,2003,1
gmane.lisp.cl-debian,2,100,en,100.0,100.0,2006,2007,1
gmane.mail.spam.srs.general,2,100,en,100.0,100.0,2004,2004,1
gmane.network.fidolook.russian,2,100,en,100.0,100.0,2004,2004,1
gmane.network.syndication.podcast.hacker-public-radio,2,100,en,100.0,100.0,2014,2017,1
gmane.org.user-groups.gull.annonce,2,100,fr,100.0,0.0,2009,2010,1
gmane.org.user-groups.slug.coders,2,100,en,100.0,100.0,2006,2008,1
gmane.os.bitrig.scm,2,100,en,100.0,100.0,2014,2016,1
gmane.text.clearsilver.general,2,100,en,100.0,100.0,2005,2009,1
gmane.user-groups.linux.ottawa.www,2,100,en,100.0,100.0,2005,2008,1
gmane.comp.audio.acoustid,2,100,en,100.0,100.0,2012,2016,1
gmane.comp.gcc.gnat,2,100,tl,100.0,0.0,2006,2006,1
gmane.comp.gis.openstreetmap.region.tr,2,100,tr,100.0,0.0,2007,2007,1
gmane.comp.gnu.myserver.bugs,2,100,en,100.0,100.0,2008,2009,1
gmane.comp.hardware.opencores.pci,2,100,en,100.0,100.0,2004,2005,1
gmane.comp.ide.eclipse.emf.devel,2,100,en,100.0,100.0,2013,2014,1
gmane.comp.java.orm.simpleorm,2,100,en,100.0,100.0,2004,2006,1
gmane.comp.kde.devel.mobile,2,100,en,100.0,100.0,2011,2011,1
gmane.comp.lang.harbour.user,2,100,en,100.0,100.0,2009,2009,1
gmane.comp.lang.r.rosuda.devel,2,100,en,100.0,100.0,2007,2011,1
gmane.comp.lib.boost.langbinding,2,100,en,100.0,100.0,2009,2009,1
gmane.comp.lib.fluid.general,2,100,en,100.0,100.0,2008,2009,1
gmane.comp.lib.libseccomp.general,2,100,UNKNOWN,50.0,50.0,2013,2013,2
gmane.comp.lib.uclibc-ng,2,100,en,100.0,100.0,2017,2018,1
gmane.comp.sysutils.autoconf.cvs,2,100,de,50.0,50.0,2003,2008,2
gmane.comp.tools.cgen.devel,2,100,ro,50.0,50.0,2002,2002,2
gmane.comp.video.dvdnav.general,2,100,en,100.0,100.0,2007,2009,1
gmane.culture.drugs.cannabis.action,2,100,en,100.0,100.0,2008,2009,1
gmane.emacs.buildstatus,2,100,en,100.0,100.0,2012,2019,1
gmane.emacs.jabber.general,2,100,en,100.0,100.0,2005,2009,1
gmane.linux.debian.devel.audit,2,100,en,100.0,100.0,2006,2006,1
gmane.linux.debian.devel.openstreetmap.scm,2,100,en,100.0,100.0,2011,2013,1
gmane.lisp.clg.devel,2,100,en,100.0,100.0,2008,2008,1
gmane.lisp.quicklisp,2,100,en,100.0,100.0,2011,2014,1
gmane.network.bit-torrent.btqueue.general,2,100,en,100.0,100.0,2004,2005,1
gmane.network.nntp.cleaners,2,100,lv,50.0,50.0,2006,2011,2
gmane.network.samba.announce,2,100,en,100.0,100.0,2012,2014,1
gmane.org.snowdrift.design,2,100,en,100.0,100.0,2016,2016,1
gmane.org.user-groups.linux.gulcr.newbies,2,100,es,100.0,0.0,2004,2005,1
gmane.org.w3c.announce,2,100,en,100.0,100.0,2007,2009,1
gmane.os.openbsd.bsdanywhere.scm,2,100,en,100.0,100.0,2009,2009,1
gmane.os.solaris.opensolaris.distribution,2,100,en,100.0,100.0,2011,2011,1
gmane.os.solaris.opensolaris.ksh93-integration,2,100,en,100.0,100.0,2011,2011,1
gmane.technology.rocketry.altusmetrum,2,100,en,100.0,100.0,2014,2014,1
gmane.user-groups.linux.egypt,2,100,en,100.0,100.0,2009,2010,1
gmane.comp.debugging.address-sanitizer,2,100,en,100.0,100.0,2012,2015,1
gmane.comp.emulators.sid.devel,2,100,en,100.0,100.0,2005,2007,1
gmane.comp.gnome.apps.conduit,2,100,en,100.0,100.0,2008,2010,1
gmane.comp.gnu.psychosynth.devel,2,100,en,100.0,100.0,2009,2009,1
gmane.comp.graphics.voreen.general,2,100,en,100.0,100.0,2011,2011,1
gmane.comp.lang.javascript.prototype.window,2,100,en,100.0,100.0,2007,2007,1
gmane.comp.lib.wxwidgets.wxcode.user,2,100,en,100.0,100.0,2009,2013,1
gmane.comp.mathematics.elemental.maint,2,100,en,100.0,100.0,2015,2016,1
gmane.comp.otrs.addon.scm,2,100,en,100.0,100.0,2013,2014,1
gmane.comp.php.zend.framework.gdata,2,100,en,100.0,100.0,2008,2013,1
gmane.comp.python.django.feincms,2,100,en,100.0,100.0,2013,2013,1
gmane.comp.python.egenix.user,2,100,en,100.0,100.0,2002,2011,1
gmane.comp.python.pymoney.general,2,100,en,100.0,100.0,2005,2009,1
gmane.comp.security.cryptography.competitions,2,100,en,100.0,100.0,2015,2016,1
gmane.comp.security.openxpki.devel,2,100,en,100.0,100.0,2007,2009,1
gmane.comp.security.virus.clamav.sanesecurity,2,100,en,100.0,100.0,2009,2010,1
gmane.comp.shells.dash,2,100,en,100.0,100.0,2010,2016,1
gmane.comp.sysutils.backup.clonezilla.live,2,100,pl,50.0,50.0,2010,2015,2
gmane.comp.telephony.pbx.asterisk.video,2,100,en,100.0,100.0,2009,2010,1
gmane.comp.tex.tex-k,2,100,en,100.0,100.0,2011,2018,1
gmane.comp.web.openvisp.devel,2,100,en,100.0,100.0,2008,2010,1
gmane.comp.web.zope.announce,2,100,en,100.0,100.0,2003,2005,1
gmane.culture.internet.goldstein-news,2,100,en,100.0,100.0,2003,2004,1
gmane.culture.literature.e-books.gutenberg.announce.weekly,2,100,en,100.0,100.0,2005,2005,1
gmane.linux.debian.devel.collab-qa.scm,2,100,en,100.0,100.0,2009,2011,1
gmane.linux.distributions.freeduc-sup.general,2,100,fr,100.0,0.0,2005,2011,1
gmane.linux.redhat.openshift.devel,2,100,en,100.0,100.0,2016,2016,1
gmane.network.grenouille.devel,2,100,en,50.0,50.0,2013,2015,2
gmane.network.ipv6.nautilus6.general,2,100,en,100.0,100.0,2009,2012,1
gmane.network.libgadu.devel,2,100,pl,100.0,0.0,2008,2009,1
gmane.org.fsf.croatia,2,100,hr,100.0,0.0,2011,2011,1
gmane.org.user-groups.java.phxjug,2,100,en,100.0,100.0,2014,2014,1
gmane.org.wikimedia.india.chennai,2,100,en,100.0,100.0,2014,2014,1
gmane.os.cygwin.ports.general,2,100,en,100.0,100.0,2006,2009,1
gmane.science.biology.methods-reagents,2,100,en,100.0,100.0,2010,2012,1
gmane.comp.audio.timidity++.general,2,100,en,100.0,100.0,2005,2007,1
gmane.comp.compilers.cil.user,2,100,it,50.0,50.0,2009,2010,2
gmane.comp.db.mysql.perl,2,100,en,100.0,100.0,2003,2004,1
gmane.comp.gnome.apps.bluetooth,2,100,en,100.0,100.0,2005,2008,1
gmane.comp.gnome.apps.pilot,2,100,en,100.0,100.0,2002,2005,1
gmane.comp.gnome.ximian.gtk+.html,2,100,en,100.0,100.0,2002,2002,1
gmane.comp.gnu.libidn.cvs,2,100,en,100.0,100.0,2005,2012,1
gmane.comp.horde.chora,2,100,en,100.0,100.0,2004,2004,1
gmane.comp.kde.testing,2,100,en,100.0,100.0,2012,2012,1
gmane.comp.lang.delphi.topaz,2,100,en,100.0,100.0,2003,2003,1
gmane.comp.lang.ruby.rails.deployment,2,100,en,100.0,100.0,2007,2007,1
gmane.comp.lib.colorer,2,100,en,100.0,100.0,2003,2007,1
gmane.comp.linux.lsb,2,100,en,100.0,100.0,2016,2017,1
gmane.comp.pythin.pyds.devel,2,100,en,100.0,100.0,2003,2004,1
gmane.comp.python.floatcanvas,2,100,en,100.0,100.0,2008,2014,1
gmane.comp.tools.mdocml.user,2,100,en,100.0,100.0,2011,2015,1
gmane.comp.version-control.viewvc.devel,2,100,en,100.0,100.0,2007,2012,1
gmane.comp.web.pixory,2,100,en,100.0,100.0,2003,2003,1
gmane.comp.web.zope.pas,2,100,en,100.0,100.0,2004,2007,1
gmane.culture.arts.dorkbot.boston,2,100,en,100.0,100.0,2011,2012,1
gmane.emacs.xemacs.mule,2,100,en,100.0,100.0,2002,2003,1
gmane.games.board-game-design,2,100,en,100.0,100.0,2007,2010,1
gmane.ietf.ipcdn,2,100,en,100.0,100.0,2004,2005,1
gmane.ietf.sfl,2,100,en,100.0,100.0,1998,2001,1
gmane.linux.bbc.devel,2,100,en,100.0,100.0,2003,2004,1
gmane.linux.debian.alioth.pkg-scala,2,100,en,50.0,50.0,2013,2013,2
gmane.linux.gentoo.pms,2,100,en,100.0,100.0,2009,2012,1
gmane.network.askemos.general,2,100,en,100.0,100.0,2009,2009,1
gmane.org.user-groups.utn-so,2,100,es,100.0,0.0,2005,2005,1
gmane.org.wikimedia.usa.colorado,2,100,en,100.0,100.0,2013,2016,1
gmane.os.freebsd.bugbusters,2,100,en,100.0,100.0,2006,2009,1
gmane.os.plan9.nine-grid,2,100,en,100.0,100.0,2003,2003,1
gmane.text.xml.expat.bugs,2,100,en,100.0,100.0,2004,2004,1
gmane.comp.audio.midi.jsynthlib.devel,2,100,en,100.0,100.0,2011,2011,1
gmane.comp.cms.bluexml.user,2,100,en,100.0,100.0,2005,2006,1
gmane.comp.compilers.cyclone.general,2,100,en,100.0,100.0,2005,2007,1
gmane.comp.db.postgresql.russian,2,100,ru,100.0,0.0,2011,2016,1
gmane.comp.games.lincity-ng.devel,2,100,en,100.0,100.0,2009,2011,1
gmane.comp.gnome.apps.multisync.user,2,100,en,100.0,100.0,2003,2004,1
gmane.comp.gnome.mono.documentation,2,100,en,100.0,100.0,2003,2004,1
gmane.comp.gnu.global.bugs,2,100,en,100.0,100.0,2005,2011,1
gmane.comp.gnu.savannah.user,2,100,en,100.0,100.0,2012,2014,1
gmane.comp.graphics.crystalspace.crystalcore,2,100,en,100.0,100.0,2004,2005,1
gmane.comp.handhelds.android.commonsware,2,100,en,100.0,100.0,2011,2011,1
gmane.comp.ide.eclipse.plugins.radrails,2,100,en,100.0,100.0,2006,2006,1
gmane.comp.java.aop.composestar,2,100,zh-cn,50.0,50.0,2008,2009,2
gmane.comp.java.openamf.cvs,2,100,en,100.0,100.0,2003,2004,1
gmane.comp.java.sablecc.general,2,100,en,100.0,100.0,2004,2004,1
gmane.comp.kde.extra-gear,2,100,en,100.0,100.0,2005,2012,1
gmane.comp.kde.india,2,100,en,100.0,100.0,2006,2006,1
gmane.comp.lib.assimp.general,2,100,en,100.0,100.0,2012,2014,1
gmane.comp.openoffice.general.japanese,2,100,ja,100.0,0.0,2010,2010,1
gmane.comp.programming.lock-free,2,100,en,100.0,100.0,2015,2017,1
gmane.comp.sysutils.isconf.devel,2,100,en,100.0,100.0,2010,2010,1
gmane.comp.tex.latex2html,2,100,en,100.0,100.0,2006,2017,1
gmane.comp.version-control.viewvc.cvs,2,100,en,100.0,100.0,2006,2014,1
gmane.comp.video.linux.movies,2,100,en,100.0,100.0,2004,2006,1
gmane.comp.web.server.caudium.devel,2,100,en,100.0,100.0,2007,2011,1
gmane.comp.web.wiki.wikia.vim,2,100,en,100.0,100.0,2007,2008,1
gmane.ietf.dccp,2,100,en,100.0,100.0,2007,2007,1
gmane.linux.distributions.gnewsense.art,2,100,en,100.0,100.0,2008,2011,1
gmane.linux.redhat.fedora.legal,2,100,en,100.0,100.0,2009,2017,1
gmane.linux.zynot.devel,2,100,en,100.0,100.0,2003,2003,1
gmane.mail.postfix.postgrey,2,100,en,100.0,100.0,2006,2007,1
gmane.network.jabber.exodus.user,2,100,UNKNOWN,50.0,50.0,2005,2005,2
gmane.network.vnc.tigervnc.user,2,100,en,100.0,100.0,2013,2014,1
gmane.org.user-group.linux.avlug,2,100,en,100.0,100.0,2010,2010,1
gmane.org.user-groups.austin.ieeecs,2,100,en,100.0,100.0,2017,2018,1
gmane.org.wikimedia.education.collab,2,100,en,100.0,100.0,2015,2018,1
gmane.org.wikimedia.mediawiki.enterprise,2,100,en,100.0,100.0,2013,2013,1
gmane.user-groups.linux.glugcen.general,2,100,es,100.0,0.0,2009,2014,1
gmane.comp.apache.directory.api,2,100,en,100.0,100.0,2010,2012,1
gmane.comp.fonts.frunge.devel,2,100,de,100.0,0.0,2009,2009,1
gmane.comp.freedesktop.lightdm,2,100,en,100.0,100.0,2014,2015,1
gmane.comp.gnu.xboard.devel,2,100,en,100.0,100.0,2011,2016,1
gmane.comp.handhelds.android.acra,2,100,en,100.0,100.0,2011,2012,1
gmane.comp.ide.eclipse.virgo.devel,2,100,UNKNOWN,100.0,0.0,2016,2016,1
gmane.comp.kde.devel.konq-e,2,100,en,100.0,100.0,2007,2008,1
gmane.comp.lang.haskell.gtk2hs.devel,2,100,en,100.0,100.0,2010,2010,1
gmane.comp.php.zzoss.installer.cvs,2,100,en,100.0,100.0,2004,2004,1
gmane.comp.programming.msvc,2,100,en,100.0,100.0,2005,2005,1
gmane.comp.python.snake-farm.reports,2,100,en,100.0,100.0,2002,2003,1
gmane.comp.security.intrusions,2,100,en,100.0,100.0,2004,2004,1
gmane.comp.security.oauth.general,2,100,en,100.0,100.0,2010,2013,1
gmane.comp.sysutils.chef.devel,2,100,en,100.0,100.0,2011,2011,1
gmane.comp.web.zope.plone.installers,2,100,en,100.0,100.0,2010,2019,1
gmane.education.scholarships.nis,2,100,en,100.0,100.0,2002,2002,1
gmane.ietf.taps,2,100,en,100.0,100.0,2017,2017,1
gmane.linux.network.bridge.ebtables.user,2,100,en,100.0,100.0,2003,2003,1
gmane.linux.power-management.powertop,2,100,en,50.0,50.0,2008,2012,2
gmane.mail.jamm.user,2,100,en,100.0,100.0,2004,2005,1
gmane.music.region.san-francisco.brutalsfx,2,100,en,100.0,100.0,2014,2014,1
gmane.network.instant-messaging.sim.general,2,100,en,100.0,100.0,2007,2011,1
gmane.network.ssh.libssh.general,2,100,en,100.0,100.0,2011,2019,1
gmane.org.netlabs.wlan.general,2,100,en,100.0,100.0,2007,2009,1
gmane.org.user-groups.taiwan.tossug.hojia,2,100,ko,100.0,0.0,2005,2006,1
gmane.comp.audio.gtab.devel,2,100,en,50.0,50.0,2007,2010,2
gmane.comp.compilers.clang.user,2,100,en,100.0,100.0,2014,2014,1
gmane.comp.freedesktop.pm-utils,2,100,en,100.0,100.0,2008,2009,1
gmane.comp.gis.liblas.devel,2,100,en,100.0,100.0,2010,2010,1
gmane.comp.gis.openstreetmap.routing,2,100,en,50.0,50.0,2008,2010,2
gmane.comp.gnu.debbugs,2,100,en,100.0,100.0,2015,2016,1
gmane.comp.handhelds.palm.iconmgr,2,100,en,100.0,100.0,2004,2004,1
gmane.comp.ide.eclipse.plugins.pydev.general,2,100,en,100.0,100.0,2009,2011,1
gmane.comp.java.netbeans.general.french,2,100,fr,100.0,0.0,2003,2007,1
gmane.comp.lang.d.debugger,2,100,en,100.0,100.0,2017,2018,1
gmane.comp.lang.j.source,2,100,en,100.0,100.0,2016,2016,1
gmane.comp.mozilla.devel.builds,2,100,en,100.0,100.0,2015,2018,1
gmane.comp.speech.espeak,2,100,en,100.0,100.0,2013,2014,1
gmane.comp.video.thoggen.devel,2,100,en,100.0,100.0,2005,2006,1
gmane.comp.web.dom.test-suites.general,2,100,en,100.0,100.0,2004,2004,1
gmane.comp.web.rdf.redland.scm,2,100,de,50.0,50.0,2009,2010,2
gmane.ietf.seamoby,2,100,en,100.0,100.0,2002,2003,1
gmane.linux.printing.canon,2,100,en,100.0,100.0,2006,2006,1
gmane.mail.davmail.user,2,100,en,100.0,100.0,2011,2013,1
gmane.mail.imap.imapfilter.devel,2,100,en,100.0,100.0,2007,2010,1
gmane.os.netbsd.ports.amiga,2,100,en,100.0,100.0,2010,2015,1
gmane.text.xml.xframe.xsddoc,2,100,en,100.0,100.0,2004,2006,1
gmane.user-groups.foss.canrug,2,100,en,100.0,100.0,2009,2010,1
gmane.comp.apache.outoforder.modules,2,100,en,100.0,100.0,2009,2011,1
gmane.comp.cms.bitflux.general,2,100,en,100.0,100.0,2005,2005,1
gmane.comp.emulators.pearpc.general,2,100,en,100.0,100.0,2004,2004,1
gmane.comp.file-systems.avfs.fuse.devel,2,100,en,100.0,100.0,2004,2004,1
gmane.comp.gnome.gaim.forums,2,100,en,100.0,100.0,2007,2007,1
gmane.comp.ide.eclipse.spindle.user,2,100,en,100.0,100.0,2015,2015,1
gmane.comp.java.jsr310.devel,2,100,en,100.0,100.0,2010,2010,1
gmane.comp.cms.hula.cvs,2,100,en,100.0,100.0,2005,2005,1
gmane.comp.editors.vim.vim-ruby.devel,2,100,en,100.0,100.0,2005,2005,1
gmane.comp.freedesktop.dri-egl,2,100,en,100.0,100.0,2005,2005,1
gmane.comp.gnome.build-status,2,100,en,100.0,100.0,2003,2003,1
gmane.comp.gnome.gossip.devel,2,100,en,100.0,100.0,2004,2005,1
gmane.comp.lang.ocaml.godi,2,100,en,100.0,100.0,2008,2013,1
gmane.comp.ldap.padl.nss,2,100,en,100.0,100.0,2005,2006,1
gmane.comp.mathematics.ginac.devel,2,100,en,100.0,100.0,2009,2015,1
gmane.comp.mathematics.nemo.devel,2,100,en,100.0,100.0,2017,2018,1
gmane.comp.mathematics.sundials.user,2,100,en,100.0,100.0,2009,2019,1
gmane.comp.mozilla.librejs.bugs,2,100,en,100.0,100.0,2015,2015,1
gmane.comp.programming.tools.ast.user,2,100,en,100.0,100.0,2013,2013,1
gmane.comp.python.hachoir,2,100,en,100.0,100.0,2007,2009,1
gmane.comp.security.ids.snort.inline,2,100,en,100.0,100.0,2006,2008,1
gmane.linux.altlinux.community.talk-room,2,100,ru,100.0,0.0,2005,2005,1
gmane.linux.userlinux.general,2,100,en,100.0,100.0,2004,2005,1
gmane.lisp.iolib.devel,2,100,en,100.0,100.0,2009,2009,1
gmane.org.comp.auto-hebergement.help,2,100,fr,100.0,0.0,2011,2013,1
gmane.org.user-groups.region.india.twincling,2,100,en,100.0,100.0,2009,2009,1
gmane.science.linguistics.wikipedia.hebrew.daily-article,2,100,en,100.0,100.0,2014,2017,1
gmane.comp.apache.jcp-open,2,100,en,100.0,100.0,2007,2008,1
gmane.comp.gis.gvsig.tsc,2,100,es,100.0,0.0,2011,2011,1
gmane.comp.gnome.meld.general,2,100,en,100.0,100.0,2009,2009,1
gmane.comp.handhelds.openmoko.hardware,2,100,fr,50.0,50.0,2009,2009,2
gmane.comp.ide.eclipse.modeling.pmc,2,100,en,100.0,100.0,2017,2018,1
gmane.comp.jakarta.bcel.user,2,100,en,100.0,100.0,2003,2005,1
gmane.comp.java.mandarax.general,2,100,en,100.0,100.0,2004,2006,1
gmane.comp.lang.perl.perl-mongers.kiev,2,100,ru,100.0,0.0,2012,2016,1
gmane.comp.lib.opencv.user,2,100,en,100.0,100.0,2010,2010,1
gmane.comp.mozilla.companion,2,100,tl,50.0,50.0,2004,2004,2
gmane.comp.openoffice.devel.user-experience,2,100,en,100.0,100.0,2007,2010,1
gmane.comp.php.propel.user,2,100,en,100.0,100.0,2005,2005,1
gmane.comp.python.porting,2,100,en,100.0,100.0,2012,2014,1
gmane.comp.python.quotient.dev,2,100,en,100.0,100.0,2006,2008,1
gmane.comp.resource-policy.murphy.devel,2,100,en,100.0,100.0,2015,2018,1
gmane.comp.tex.french,2,100,pt,50.0,0.0,2010,2011,2
gmane.comp.version-control.packaging,2,100,en,100.0,100.0,2008,2008,1
gmane.comp.web.jwebunit.devel,2,100,en,100.0,100.0,2005,2008,1
gmane.comp.windows.dotnet.nvelocity,2,100,es,50.0,50.0,2006,2007,2
gmane.culture.templar.history,2,100,en,100.0,100.0,2012,2015,1
gmane.games.torcs.devel,2,100,es,50.0,50.0,2009,2010,2
gmane.ietf.marf,2,100,en,100.0,100.0,2011,2012,1
gmane.linux.lfs.cross-lfs,2,100,en,100.0,100.0,2005,2005,1
gmane.network.tor.mirrors,2,100,en,100.0,100.0,2014,2014,1
gmane.network.wwwoffle.user,2,100,en,100.0,100.0,2004,2005,1
gmane.comp.apache.mime4j.devel,2,100,en,100.0,100.0,2013,2014,1
gmane.comp.gdb.general,2,100,en,100.0,100.0,2003,2007,1
gmane.comp.gnu.textutils.bugs,2,100,en,100.0,100.0,2003,2005,1
gmane.comp.java.aspectwerkz.devel,2,100,it,100.0,0.0,2007,2007,1
gmane.comp.java.openjdk.quality,2,100,en,100.0,100.0,2013,2016,1
gmane.comp.lang.haskell.bio,2,100,en,100.0,100.0,2011,2016,1
gmane.comp.lang.perl.modules.cgi-session.user,2,100,en,100.0,100.0,2005,2005,1
gmane.comp.lib.ffi.general,2,100,en,100.0,100.0,2014,2015,1
gmane.comp.voip.blink.general,2,100,en,100.0,100.0,2015,2016,1
gmane.comp.web.dom.wdf,2,100,en,100.0,100.0,2002,2003,1
gmane.comp.web.varnish.dist,2,100,en,100.0,100.0,2007,2009,1
gmane.education.english.english-practice-istanbul,2,100,en,100.0,100.0,2009,2011,1
gmane.emacs.easymacs.user,2,100,en,100.0,100.0,2008,2009,1
gmane.games.devel.pipmak.devel,2,100,en,100.0,100.0,2005,2006,1
gmane.ietf.provreg,2,100,en,100.0,100.0,2007,2013,1
gmane.linux.altlinux.devel.newbies,2,100,ru,50.0,50.0,2010,2017,2
gmane.linux.gentoo.perl,2,100,en,100.0,100.0,2006,2009,1
gmane.linux.mandrake.security.general,2,100,en,100.0,100.0,2004,2006,1
gmane.linux.redhat.general.german,2,100,de,100.0,0.0,2004,2007,1
gmane.linux.suse.security.announce,2,100,en,100.0,100.0,2005,2006,1
gmane.org.freifunk.wlantalk,2,100,de,100.0,0.0,2014,2015,1
gmane.comp.calendars.remind.general,2,100,en,100.0,100.0,2006,2013,1
gmane.comp.file-systems.jfs.cvs,2,100,en,50.0,50.0,2004,2004,2
gmane.comp.graphics.xcircuit.devel,2,100,en,100.0,100.0,2008,2010,1
gmane.comp.java.restlet.devel,2,100,en,100.0,100.0,2008,2009,1
gmane.comp.lang.smalltalk.tweak,2,100,en,100.0,100.0,2005,2005,1
gmane.comp.multimedia.quodlibet,2,100,en,50.0,50.0,2008,2009,2
gmane.comp.openoffice.devel.tools,2,100,en,100.0,100.0,2010,2010,1
gmane.comp.python.formencode,2,100,en,100.0,100.0,2006,2006,1
gmane.comp.python.sqlalchemy.alembic,2,100,en,100.0,100.0,2016,2017,1
gmane.comp.tv.bleb,2,100,en,100.0,100.0,2005,2006,1
gmane.comp.web.zope.cps.general,2,100,en,100.0,100.0,2005,2006,1
gmane.comp.web.zope.plone.marketing,2,100,en,100.0,100.0,2005,2007,1
gmane.emacs.xemacs.general,2,100,en,100.0,100.0,2003,2003,1
gmane.emacs.xslt-process.general,2,100,en,100.0,100.0,2006,2007,1
gmane.games.diplomacy.cat23.game-chat,2,100,en,100.0,100.0,2004,2006,1
gmane.ietf.sming,2,100,en,100.0,100.0,2002,2007,1
gmane.linux.gentoo.cluster,2,100,en,100.0,100.0,2006,2006,1
gmane.network.vnc.tigervnc.scm,2,100,en,100.0,100.0,2011,2013,1
gmane.org.w3c.webperf,2,100,en,100.0,100.0,2014,2014,1
gmane.science.linguistics.wikipedia.kannada,2,100,en,100.0,100.0,2011,2016,1
gmane.comp.education.lon-capa.user,2,100,en,50.0,50.0,2013,2018,2
gmane.comp.emulators.ovirt.board,2,100,en,100.0,100.0,2013,2014,1
gmane.comp.games.xconq.general,2,100,es,50.0,50.0,2004,2004,2
gmane.comp.gnu.mingw.msys2,2,100,en,100.0,100.0,2014,2014,1
gmane.comp.java.ant.xmltask,2,100,en,100.0,100.0,2008,2009,1
gmane.comp.lang.perl.modules.extutils-makemaker.devel,2,100,en,100.0,100.0,2003,2005,1
gmane.comp.misc.infrastructures,2,100,en,100.0,100.0,2004,2005,1
gmane.comp.misc.openmodelica,2,100,en,100.0,100.0,2012,2014,1
gmane.comp.php.phpunit.scm,2,100,en,100.0,100.0,2009,2010,1
gmane.comp.python.buildout.devel,2,100,en,100.0,100.0,2012,2012,1
gmane.comp.web.mavnet.user,2,100,en,100.0,100.0,2008,2009,1
gmane.culture.colombia.vexillology,2,100,es,100.0,0.0,2004,2017,1
gmane.culture.law.network-lawyers,2,100,en,100.0,100.0,2003,2003,1
gmane.linux.altlinux.devel.configurator,2,100,bg,50.0,0.0,2008,2008,2
gmane.linux.mandrake.livecd.user,2,100,en,100.0,100.0,2006,2006,1
gmane.org.fsf.france.science,2,100,en,100.0,100.0,2004,2005,1
gmane.science.biology.informatics.devel,2,100,en,100.0,100.0,2008,2009,1
gmane.comp.gnu.gengetopt.general,2,100,en,100.0,100.0,2007,2008,1
gmane.comp.kde.devel.basket,2,100,en,100.0,100.0,2009,2010,1
gmane.comp.lang.haskell.hat,2,100,en,100.0,100.0,2003,2004,1
gmane.comp.python.pywinauto.user,2,100,en,100.0,100.0,2006,2006,1
gmane.comp.python.spyne.user,2,100,en,100.0,100.0,2016,2018,1
gmane.comp.security.code-crunchers,2,100,en,100.0,100.0,2007,2010,1
gmane.comp.video.info-inventor.general,2,100,en,50.0,50.0,2007,2007,2
gmane.editors.tex.texniccenter.general,2,100,en,100.0,100.0,2006,2006,1
gmane.linux.gentoo.documentation.greek,2,100,el,100.0,0.0,2005,2010,1
gmane.linux.hardware.thinkpad.x31,2,100,en,100.0,100.0,2005,2005,1
gmane.linux.kernel.bproc.user,2,100,en,100.0,100.0,2004,2007,1
gmane.linux.redhat.freeipa.interest,2,100,en,100.0,100.0,2010,2013,1
gmane.org.wikimedia.mediawiki.announce,2,100,en,100.0,100.0,2005,2018,1
gmane.os.freebsd.devel.audit,2,100,en,100.0,100.0,2002,2003,1
gmane.os.netbsd.ports.prep,2,100,en,100.0,100.0,2006,2012,1
gmane.science.biology.biodas,2,100,en,100.0,100.0,2009,2010,1
gmane.comp.apache.avro.user,2,100,en,100.0,100.0,2013,2013,1
gmane.comp.audio.netjuke.user,2,100,en,100.0,100.0,2003,2003,1
gmane.comp.db.postgresql.german,2,100,de,100.0,0.0,2006,2006,1
gmane.comp.encryption.openssl.project,2,100,en,100.0,100.0,2018,2018,1
gmane.comp.lang.haskell.llvm,2,100,en,100.0,100.0,2013,2013,1
gmane.comp.lang.haskell.wxhaskell.general,2,100,en,100.0,100.0,2007,2012,1
gmane.comp.medical.hl7,2,100,en,50.0,50.0,2010,2012,2
gmane.comp.peer-to-peer.p2p-foundation,2,100,en,100.0,100.0,2012,2013,1
gmane.comp.web.sitemesh.general,2,100,en,100.0,100.0,2002,2005,1
gmane.culture.language.tokipona,2,100,en,50.0,50.0,2008,2009,2
gmane.ietf.sacm,2,100,en,100.0,100.0,2016,2016,1
gmane.linux.drivers.hdaps.devel,2,100,en,100.0,100.0,2006,2007,1
gmane.linux.redhat.fedora.olpc,2,100,en,100.0,100.0,2010,2010,1
gmane.network.owncloud.devel,2,100,en,100.0,100.0,2015,2016,1
gmane.org.wikimedia.india.hyderabad,2,100,en,100.0,100.0,2013,2014,1
gmane.science.mathematics.frogs,2,100,en,100.0,100.0,2005,2012,1
gmane.comp.cms.launchpad.user,2,100,en,100.0,100.0,2008,2008,1
gmane.comp.cms.opengroupware.discuss.general,2,100,en,100.0,100.0,2005,2005,1
gmane.comp.gis.geonode,2,100,en,100.0,100.0,2010,2011,1
gmane.comp.handhelds.meego.qa,2,100,en,100.0,100.0,2011,2011,1
gmane.comp.java.jcontainer.interest,2,100,en,100.0,100.0,2003,2004,1
gmane.comp.licenses.spdx.business,2,100,en,100.0,100.0,2012,2014,1
gmane.culture.tv.twin-peaks,2,100,en,100.0,100.0,2002,2004,1
gmane.emacs.erc.general,2,100,en,100.0,100.0,2004,2007,1
gmane.games.roguelike.angband.vanilla.cvs,2,100,en,100.0,100.0,2009,2009,1
gmane.ietf.rmt,2,100,en,100.0,100.0,2004,2014,1
gmane.linux.debian.kde.cvs,2,100,en,100.0,100.0,2004,2004,1
gmane.linux.debian.user.news.portuguese,2,100,pt,100.0,0.0,2002,2005,1
gmane.linux.distributions.rimelse.devel,2,100,en,100.0,100.0,2007,2007,1
gmane.mail.spam.spf.webmasters,2,100,en,100.0,100.0,2005,2006,1
gmane.network.iperf.user,2,100,en,100.0,100.0,2009,2017,1
gmane.network.irc.undernet-ircu.cvs,2,100,en,100.0,100.0,2005,2006,1
gmane.org.snowdrift.user,2,100,en,100.0,100.0,2017,2017,1
gmane.os.netbsd.ports.hpcsh,2,100,en,100.0,100.0,2002,2005,1
gmane.os.smartos.general,2,100,en,100.0,100.0,2012,2015,1
gmane.science.linguistics.wikipedia.urdu,2,100,ur,100.0,0.0,2008,2009,1
gmane.comp.encryption.nettle.bugs,2,100,en,100.0,100.0,2011,2011,1
gmane.comp.python.distributed-objects,2,100,sv,50.0,50.0,2002,2002,2
gmane.comp.sysutils.backup.faubackup.general,2,100,de,50.0,50.0,2010,2016,2
gmane.network.instant-messaging.libmsn.cvs,2,100,en,100.0,100.0,2004,2005,1
gmane.science.robotics.cob.user,2,100,en,100.0,100.0,2010,2011,1
gmane.comp.embedded.embtoolkit.scm,2,100,en,100.0,100.0,2012,2014,1
gmane.comp.lib.eglibc.commits,2,100,en,100.0,100.0,2012,2013,1
gmane.comp.video.videolan.vls.devel,2,100,en,50.0,50.0,2002,2003,2
gmane.comp.web.nvu.general,2,100,en,100.0,100.0,2005,2005,1
gmane.linux.skolelinux.administrators.general,2,100,en,100.0,100.0,2006,2009,1
gmane.os.netbsd.ports.m68k,2,100,en,50.0,50.0,2002,2015,2
gmane.comp.misc.workrave.user,2,100,en,100.0,100.0,2008,2009,1
gmane.culture.language.portuguese.translators,2,100,pt,50.0,50.0,2008,2008,2
gmane.emacs.xemacs.design,2,100,en,100.0,100.0,2002,2004,1
gmane.org.wikimedia.medicine,2,100,en,100.0,100.0,2015,2019,1
gmane.os.freebsd.devel.firewire,2,100,en,100.0,100.0,2005,2009,1
gmane.science.chemistry.avogadro.general,2,100,en,100.0,100.0,2011,2014,1
gmane.comp.apache.tika.user,2,100,en,100.0,100.0,2010,2018,1
gmane.comp.ldap.padl.pam-ldap,2,100,en,100.0,100.0,2008,2008,1
gmane.comp.multimedia.libnjb.user,2,100,en,100.0,100.0,2004,2005,1
gmane.comp.search.snowball,2,100,en,100.0,100.0,2004,2007,1
gmane.comp.video.schroedinger.devel,2,100,en,100.0,100.0,2008,2009,1
gmane.linux.gentoo.alpha,2,100,en,100.0,100.0,2003,2004,1
gmane.lisp.librep,2,100,UNKNOWN,100.0,0.0,2003,2004,1
gmane.org.wikimedia.xmldatadumps,2,100,en,100.0,100.0,2012,2012,1
gmane.comp.web.mnogosearch.general,2,100,en,100.0,100.0,2011,2011,1
gmane.linux.altlinux.ports,2,100,ru,100.0,0.0,2008,2009,1
gmane.linux.debian.devel.silc.scm,2,100,en,100.0,100.0,2009,2009,1
gmane.linux.debian.packages.mono,2,100,en,100.0,100.0,2008,2012,1
gmane.linux.redhat.devtools,2,100,en,100.0,100.0,2016,2016,1
gmane.network.ipv6.join,2,100,de,100.0,0.0,2005,2007,1
gmane.org.user-groups.python.leipzig,2,100,de,100.0,0.0,2010,2014,1
gmane.comp.gnome.ximian.setup-tool,2,100,en,100.0,100.0,2003,2009,1
gmane.comp.web.envolution.devel,2,100,en,100.0,100.0,2002,2002,1
gmane.comp.lib.deltacloud.user,2,100,en,100.0,100.0,2010,2010,1
gmane.comp.openoffice.announce.interface,2,100,en,100.0,100.0,2009,2010,1
gmane.comp.audio.osc.devel,1,50,en,100.0,100.0,2008,2008,1
gmane.comp.desktop.lxde.internationalization,1,50,en,100.0,100.0,2009,2009,1
gmane.comp.file-systems.coda.announce,1,50,en,100.0,100.0,2003,2003,1
gmane.comp.freedesktop.libburn,1,50,en,100.0,100.0,2012,2012,1
gmane.comp.gis.openstreetmap.region.de.berlin,1,50,de,100.0,0.0,2009,2009,1
gmane.comp.gnu.libunistring.bugs,1,50,en,100.0,100.0,2010,2010,1
gmane.comp.gnu.shishi.general,1,50,en,100.0,100.0,2006,2006,1
gmane.comp.handhelds.openembedded.stable,1,50,en,100.0,100.0,2008,2008,1
gmane.comp.ide.eclipse.platform.core.devel,1,50,en,100.0,100.0,2008,2008,1
gmane.comp.java.clojure.cascalog,1,50,en,100.0,100.0,2014,2014,1
gmane.comp.java.luntbuild.devel,1,50,en,100.0,100.0,2006,2006,1
gmane.comp.java.openjdk.modules.devel,1,50,UNKNOWN,100.0,0.0,2008,2008,1
gmane.comp.kde.usability.devel,1,50,en,100.0,100.0,2005,2005,1
gmane.comp.lang.ruby.gemcutter,1,50,en,100.0,100.0,2013,2013,1
gmane.comp.lang.ruby.musing,1,50,en,100.0,100.0,2004,2004,1
gmane.comp.lib.boost.interest,1,50,en,100.0,100.0,2011,2011,1
gmane.comp.lib.qt.embedded,1,50,en,100.0,100.0,2008,2008,1
gmane.comp.nlp.acopost,1,50,en,100.0,100.0,2014,2014,1
gmane.comp.openoffice.general.dutch,1,50,nl,100.0,0.0,2005,2005,1
gmane.comp.programming.pept,1,50,en,100.0,100.0,2013,2013,1
gmane.comp.python.joblib,1,50,en,100.0,100.0,2015,2015,1
gmane.comp.python.meta,1,50,en,100.0,100.0,2002,2002,1
gmane.comp.security.firewalls.fwknop.general,1,50,en,100.0,100.0,2014,2014,1
gmane.comp.telephony.dundi.general,1,50,en,100.0,100.0,2017,2017,1
gmane.comp.tex.ppower4,1,50,en,100.0,100.0,2008,2008,1
gmane.comp.version-control.arx.user,1,50,en,100.0,100.0,2005,2005,1
gmane.comp.video.libav.api,1,50,en,100.0,100.0,2015,2015,1
gmane.comp.web.cthumb.general,1,50,UNKNOWN,100.0,0.0,2005,2005,1
gmane.comp.web.evdb.api,1,50,en,100.0,100.0,2007,2007,1
gmane.comp.web.zope.plone.plumi.announce,1,50,en,100.0,100.0,2012,2012,1
gmane.culture.talk.archives,1,50,en,100.0,100.0,2012,2012,1
gmane.editors.bitflux.devel,1,50,en,100.0,100.0,2003,2003,1
gmane.games.devel.scumm.scummc.general,1,50,en,100.0,100.0,2011,2011,1
gmane.linux.altlinux.gnome,1,50,ru,100.0,0.0,2011,2011,1
gmane.linux.drivers.eepro100.devel,1,50,en,100.0,100.0,2002,2002,1
gmane.linux.gentoo.xbox,1,50,en,100.0,100.0,2005,2005,1
gmane.linux.redhat.fedora.security,1,50,en,100.0,100.0,2007,2007,1
gmane.linux.sentinix,1,50,en,100.0,100.0,2003,2003,1
gmane.lisp.common-lisp-net.devel,1,50,en,100.0,100.0,2014,2014,1
gmane.mail.web.nswm,1,50,en,100.0,100.0,2004,2004,1
gmane.network.dns.dotau,1,50,en,100.0,100.0,2016,2016,1
gmane.network.ipv6.general,1,50,en,100.0,100.0,2005,2005,1
gmane.network.irc.bot.wraith.scm,1,50,en,100.0,100.0,2014,2014,1
gmane.network.jabber.ws-xmpp,1,50,en,100.0,100.0,2008,2008,1
gmane.network.up2date.current.devel,1,50,en,100.0,100.0,2003,2003,1
gmane.org.user-groups.linux.ehu.itsas.core,1,50,es,100.0,0.0,2007,2007,1
gmane.org.wikimedia.mediawiki.api.announce,1,50,en,100.0,100.0,2013,2013,1
gmane.os.netbsd.ports.mips,1,50,en,100.0,100.0,2002,2002,1
gmane.recreation.dance.tango.bergen.announce,1,50,no,100.0,0.0,2007,2007,1
gmane.recreation.humor.anekdot.ru,1,50,ru,100.0,0.0,2017,2017,1
gmane.science.mathematics.logic.acl2.user,1,50,en,100.0,100.0,2011,2011,1
gmane.science.philosophy.sok,1,50,cs,100.0,0.0,2018,2018,1
gmane.text.refdb.devel,1,50,en,100.0,100.0,2005,2005,1
gmane.comp.apache.atlas.user,1,50,en,100.0,100.0,2018,2018,1
gmane.comp.apache.metuxmpm,1,50,UNKNOWN,100.0,0.0,2003,2003,1
gmane.comp.audio.soundtracker.general,1,50,en,100.0,100.0,2005,2005,1
gmane.comp.compilers.llvm.ldc,1,50,en,100.0,100.0,2013,2013,1
gmane.comp.db.bancosdedados,1,50,pt,100.0,0.0,2008,2008,1
gmane.comp.db.postgresql.plproxy.user,1,50,en,100.0,100.0,2010,2010,1
gmane.comp.debugging.ltrace.scm,1,50,en,100.0,100.0,2015,2015,1
gmane.comp.emulators.virtio.committee,1,50,en,100.0,100.0,2018,2018,1
gmane.comp.encryption.gpg.russian,1,50,en,100.0,100.0,2015,2015,1
gmane.comp.games.blacknova.devel,1,50,en,100.0,100.0,2006,2006,1
gmane.comp.lang.javascript.clojurescript.reagent,1,50,en,100.0,100.0,2015,2015,1
gmane.comp.lang.ogdl.general,1,50,en,100.0,100.0,2015,2015,1
gmane.comp.mathematics.proofpower,1,50,en,100.0,100.0,2010,2010,1
gmane.comp.misc.nslu2.asterisk,1,50,en,100.0,100.0,2008,2008,1
gmane.comp.mozilla.devel.small-devices,1,50,en,100.0,100.0,2005,2005,1
gmane.comp.openoffice.devel.education,1,50,en,100.0,100.0,2010,2010,1
gmane.comp.proxies.vulture.user,1,50,en,100.0,100.0,2006,2006,1
gmane.comp.python.biggles.general,1,50,en,100.0,100.0,2007,2007,1
gmane.comp.python.wand,1,50,en,100.0,100.0,2015,2015,1
gmane.comp.security.virus.clamav.announce,1,50,en,100.0,100.0,2011,2011,1
gmane.comp.statistics.dap.bugs,1,50,en,100.0,100.0,2005,2005,1
gmane.comp.sysutils.cfg.devel,1,50,en,100.0,100.0,2005,2005,1
gmane.comp.web.blosxom.user,1,50,en,100.0,100.0,2009,2009,1
gmane.comp.web.privoxy.announce,1,50,en,100.0,100.0,2009,2009,1
gmane.comp.web.zope.plone.design,1,50,en,100.0,100.0,2007,2007,1
gmane.culture.people.programmers.jecode,1,50,fr,100.0,0.0,2014,2014,1
gmane.education.english.correct-my-english,1,50,en,100.0,100.0,2008,2008,1
gmane.ietf.idn,1,50,en,100.0,100.0,2005,2005,1
gmane.linux.arklinux.devel,1,50,en,100.0,100.0,2005,2005,1
gmane.linux.debian.devel.astronomy,1,50,en,100.0,100.0,2016,2016,1
gmane.linux.gentoo.python,1,50,en,100.0,100.0,2012,2012,1
gmane.linux.kernel.carrier-grade,1,50,en,100.0,100.0,2003,2003,1
gmane.linux.lkcd.general,1,50,en,100.0,100.0,2002,2002,1
gmane.lisp.movitz.devel,1,50,en,100.0,100.0,2009,2009,1
gmane.network.myrinet.general,1,50,en,100.0,100.0,2001,2001,1
gmane.org.creativecommons.metadata,1,50,en,100.0,100.0,2005,2005,1
gmane.org.user-groups.dfri,1,50,sv,100.0,0.0,2014,2014,1
gmane.org.user-groups.fossis,1,50,en,100.0,100.0,2011,2011,1
gmane.org.user-groups.python.yorksandhumber,1,50,en,100.0,100.0,2015,2015,1
gmane.org.w3c.accessibility.agents,1,50,en,100.0,100.0,2003,2003,1
gmane.org.wikimedia.services,1,50,en,100.0,100.0,2017,2017,1
gmane.os.hurd.boston,1,50,en,100.0,100.0,2006,2006,1
gmane.os.hurd.devel.readers,1,50,en,100.0,100.0,2002,2002,1
gmane.politics.progressive.views,1,50,en,100.0,100.0,2006,2006,1
gmane.comp.apache.mod-layout,1,50,cs,100.0,0.0,2009,2009,1
gmane.comp.audio.irate.devel,1,50,en,100.0,100.0,2004,2004,1
gmane.comp.audio.pykaraoke.general,1,50,en,100.0,100.0,2005,2005,1
gmane.comp.audio.src.general,1,50,en,100.0,100.0,2013,2013,1
gmane.comp.cms.sakai.portal,1,50,en,100.0,100.0,2008,2008,1
gmane.comp.editors.zile.general,1,50,en,100.0,100.0,2016,2016,1
gmane.comp.emulators.vmware.tools.user,1,50,en,100.0,100.0,2010,2010,1
gmane.comp.gis.openlayers.devel,1,50,en,100.0,100.0,2012,2012,1
gmane.comp.handhelds.openmoko.distro,1,50,en,100.0,100.0,2008,2008,1
gmane.comp.java.hedera.cvs,1,50,en,100.0,100.0,2006,2006,1
gmane.comp.java.jswat.announce,1,50,en,100.0,100.0,2005,2005,1
gmane.comp.java.wso2.wsas.user,1,50,en,100.0,100.0,2008,2008,1
gmane.comp.lang.cryptol.user,1,50,en,100.0,100.0,2011,2011,1
gmane.comp.lang.haskell.hopengl,1,50,en,100.0,100.0,2009,2009,1
gmane.comp.lang.moto.devel,1,50,en,100.0,100.0,2003,2003,1
gmane.comp.lang.pnuts.user,1,50,en,100.0,100.0,2006,2006,1
gmane.comp.lang.ruby.rails.plugins.active-warehouse,1,50,en,100.0,100.0,2008,2008,1
gmane.comp.mathematics.maxima.french,1,50,en,100.0,100.0,2010,2010,1
gmane.comp.misc.faerion.devel,1,50,en,100.0,100.0,2004,2004,1
gmane.comp.multimedia.airtime.devel,1,50,en,100.0,100.0,2016,2016,1
gmane.comp.programming.garbage-collection.general,1,50,en,100.0,100.0,2004,2004,1
gmane.comp.python.amqp.carrot.user,1,50,en,100.0,100.0,2014,2014,1
gmane.comp.python.datetime,1,50,en,100.0,100.0,2015,2015,1
gmane.comp.python.marketing.general,1,50,en,100.0,100.0,2004,2004,1
gmane.comp.python.networkx,1,50,en,100.0,100.0,2006,2006,1
gmane.comp.python.opengl.user,1,50,en,100.0,100.0,2016,2016,1
gmane.comp.sysutils.autogen.user,1,50,en,100.0,100.0,2009,2009,1
gmane.comp.type-setting.skribilo.user,1,50,en,100.0,100.0,2013,2013,1
gmane.comp.video.gimp.windows.devel,1,50,en,100.0,100.0,2002,2002,1
gmane.comp.video.graphicsmagick.bugs,1,50,en,100.0,100.0,2015,2015,1
gmane.comp.web.semantic.sioc.devel,1,50,en,100.0,100.0,2010,2010,1
gmane.comp.web.wget.patches,1,50,en,100.0,100.0,2005,2005,1
gmane.comp.web.zope.plone.xm,1,50,en,100.0,100.0,2007,2007,1
gmane.comp.web.zope.zodb.dirstorage,1,50,en,100.0,100.0,2002,2002,1
gmane.comp.window-managers.enlightenment.announce,1,50,en,100.0,100.0,2015,2015,1
gmane.comp.windows.devel.soap.rp,1,50,en,100.0,100.0,2002,2002,1
gmane.comp.windows.dotnet.nprof.devel,1,50,en,100.0,100.0,2004,2004,1
gmane.editors.mlview.devel,1,50,en,100.0,100.0,2004,2004,1
gmane.games.railroad.sfbay-18xx,1,50,en,100.0,100.0,2018,2018,1
gmane.games.seattlespiel,1,50,en,100.0,100.0,2004,2004,1
gmane.ietf.iepg,1,50,en,100.0,100.0,2010,2010,1
gmane.ietf.video-codec,1,50,en,100.0,100.0,2015,2015,1
gmane.linux.altlinux.freemusic,1,50,ru,100.0,0.0,2006,2006,1
gmane.linux.drivers.realtek.user,1,50,en,100.0,100.0,2002,2002,1
gmane.linux.drivers.wbsd.devel,1,50,en,100.0,100.0,2005,2005,1
gmane.linux.ngpt.user,1,50,en,100.0,100.0,2003,2003,1
gmane.linux.vector.devel,1,50,en,100.0,100.0,2012,2012,1
gmane.lisp.hedgehog,1,50,en,100.0,100.0,2005,2005,1
gmane.network.samba.binaries,1,50,en,100.0,100.0,2003,2003,1
gmane.network.socketcan.user,1,50,en,100.0,100.0,2009,2009,1
gmane.org.wikimedia.legal,1,50,en,100.0,100.0,2003,2003,1
gmane.org.wikimedia.toolserver.announce,1,50,en,100.0,100.0,2010,2010,1
gmane.os.netbsd.ports.evbmips,1,50,en,100.0,100.0,2002,2002,1
gmane.os.netbsd.ports.ia64,1,50,en,100.0,100.0,2008,2008,1
gmane.os.openbsd.flashboot,1,50,en,100.0,100.0,2011,2011,1
gmane.text.xml.general,1,50,en,100.0,100.0,2012,2012,1
gmane.user-groups.linux.france.cenabumix.technique,1,50,fr,100.0,0.0,2013,2013,1
gmane.comp.db.brisk.user,1,50,en,100.0,100.0,2013,2013,1
gmane.comp.db.firebird.php,1,50,en,100.0,100.0,2011,2011,1
gmane.comp.djb.syslog,1,50,en,100.0,100.0,2003,2003,1
gmane.comp.embedded.openbricks.devel,1,50,en,100.0,100.0,2011,2011,1
gmane.comp.file-systems.robinhood.user,1,50,en,100.0,100.0,2019,2019,1
gmane.comp.gis.openstreetmap.accessibility,1,50,en,100.0,100.0,2016,2016,1
gmane.comp.handhelds.openembedded.user,1,50,en,100.0,100.0,2008,2008,1
gmane.comp.java.exteca.devel,1,50,en,100.0,100.0,2009,2009,1
gmane.comp.java.maven-plugins.user,1,50,en,100.0,100.0,2007,2007,1
gmane.comp.java.netbeans.marketing,1,50,en,100.0,100.0,2012,2012,1
gmane.comp.java.proxytoys.general,1,50,en,100.0,100.0,2005,2005,1
gmane.comp.lang.perl.cgi.beginners,1,50,en,100.0,100.0,2008,2008,1
gmane.comp.lang.perl.perl-mongers.rostovondon,1,50,ru,100.0,0.0,2016,2016,1
gmane.comp.lang.perl.perl5-summary,1,50,en,100.0,100.0,2016,2016,1
gmane.comp.lang.ruby.rvm,1,50,en,100.0,100.0,2012,2012,1
gmane.comp.mathematics.sage.general,1,50,en,100.0,100.0,2008,2008,1
gmane.comp.networking.opencontrail.announce,1,50,en,100.0,100.0,2018,2018,1
gmane.comp.python.spe.user,1,50,en,100.0,100.0,2006,2006,1
gmane.comp.science.pebl,1,50,en,100.0,100.0,2018,2018,1
gmane.comp.standards.dwarf,1,50,en,100.0,100.0,2016,2016,1
gmane.comp.sysutils.cfengine.devel,1,50,en,100.0,100.0,2015,2015,1
gmane.comp.sysutils.fcron.devel,1,50,en,100.0,100.0,2007,2007,1
gmane.comp.sysutils.incron,1,50,en,100.0,100.0,2011,2011,1
gmane.comp.video.graphicsmagick.announce,1,50,en,100.0,100.0,2011,2011,1
gmane.comp.video.xine.announce,1,50,en,100.0,100.0,2005,2005,1
gmane.comp.web.curl.curlpp.general,1,50,en,100.0,100.0,2010,2010,1
gmane.comp.web.dansguardian.announce,1,50,en,100.0,100.0,2011,2011,1
gmane.education.region.romania.os.security,1,50,en,100.0,100.0,2014,2014,1
gmane.emacs.zenirc.bugs,1,50,en,100.0,100.0,2003,2003,1
gmane.games.crokinole,1,50,en,100.0,100.0,2005,2005,1
gmane.ietf.pki4ipsec,1,50,en,100.0,100.0,2005,2005,1
gmane.linux.distributions.fnux.scm,1,50,en,100.0,100.0,2006,2006,1
gmane.linux.suse.opensuse.doc,1,50,en,100.0,100.0,2018,2018,1
gmane.lisp.scheme.srfi.srfi-1,1,50,en,100.0,100.0,1999,1999,1
gmane.mail.bogofilter.announce,1,50,en,100.0,100.0,2003,2003,1
gmane.mail.libetpan.user,1,50,en,100.0,100.0,2004,2004,1
gmane.network.dhcp.isc.announce,1,50,en,100.0,100.0,2012,2012,1
gmane.network.grenouille.scm,1,50,en,100.0,100.0,2014,2014,1
gmane.network.syndication.rss.feedonfeeds,1,50,en,100.0,100.0,2009,2009,1
gmane.os.apple.palm.german,1,50,de,100.0,0.0,2005,2005,1
gmane.os.jarios.devel,1,50,en,100.0,100.0,2009,2009,1
gmane.os.solaris.opencsw.newpkgs,1,50,en,100.0,100.0,2009,2009,1
gmane.politics.pulp.general,1,50,en,100.0,100.0,2005,2005,1
gmane.recreation.radio.hardware.kenwood.th-f7e,1,50,en,100.0,100.0,2011,2011,1
gmane.user-groups.foss.gothenburg,1,50,sv,100.0,0.0,2018,2018,1
gmane.comp.ai.edm.general,1,50,en,100.0,100.0,2010,2010,1
gmane.comp.audio.dtas.general,1,50,en,100.0,100.0,2016,2016,1
gmane.comp.bug-tracking.eventum.devel,1,50,en,100.0,100.0,2006,2006,1
gmane.comp.emulators.wine.wineconf,1,50,en,100.0,100.0,2011,2011,1
gmane.comp.finance.eekboek.user,1,50,nl,100.0,0.0,2017,2017,1
gmane.comp.gnome.apps.gchemutils,1,50,en,100.0,100.0,2016,2016,1
gmane.comp.graphics.png.announce,1,50,en,100.0,100.0,2011,2011,1
gmane.comp.horde.ansel,1,50,en,100.0,100.0,2009,2009,1
gmane.comp.java.ojts.cvs,1,50,en,100.0,100.0,2004,2004,1
gmane.comp.java.openjdk.jmx.devel,1,50,en,100.0,100.0,2014,2014,1
gmane.comp.java.xooctory.scm,1,50,UNKNOWN,100.0,0.0,2010,2010,1
gmane.comp.lang.ocaml.meta.user,1,50,en,100.0,100.0,2009,2009,1
gmane.comp.lang.ruby.rake,1,50,en,100.0,100.0,2008,2008,1
gmane.comp.lang.sather.bugs,1,50,sl,100.0,0.0,2005,2005,1
gmane.comp.multimedia.qdvdauthor.user,1,50,en,100.0,100.0,2012,2012,1
gmane.comp.networking.netsa.tools,1,50,en,100.0,100.0,2016,2016,1
gmane.comp.programming.splint.general,1,50,en,100.0,100.0,2011,2011,1
gmane.comp.programming.tools.buildr.user,1,50,en,100.0,100.0,2011,2011,1
gmane.comp.python.internationalization,1,50,en,100.0,100.0,2000,2000,1
gmane.comp.python.pyublas,1,50,en,100.0,100.0,2013,2013,1
gmane.comp.python.sybase,1,50,en,100.0,100.0,2011,2011,1
gmane.comp.security.news.linux,1,50,en,100.0,100.0,2008,2008,1
gmane.comp.security.virus.openantivirus.cvs,1,50,en,100.0,100.0,2004,2004,1
gmane.comp.web.egroupware.russian,1,50,ru,100.0,0.0,2006,2006,1
gmane.comp.web.p3p.devel,1,50,en,100.0,100.0,2006,2006,1
gmane.comp.web.xreporter.general,1,50,en,100.0,100.0,2007,2007,1
gmane.comp.window-managers.beryl,1,50,en,100.0,100.0,2007,2007,1
gmane.culture.sf.infinityplus.announce,1,50,en,100.0,100.0,2015,2015,1
gmane.emacs.planner.cvs,1,50,en,100.0,100.0,2008,2008,1
gmane.ietf.plasma,1,50,en,100.0,100.0,2012,2012,1
gmane.linux.distributions.freeduc-sup.devel,1,50,fr,100.0,0.0,2005,2005,1
gmane.linux.pardus.devel,1,50,en,100.0,100.0,2011,2011,1
gmane.linux.ubuntu.devel.x,1,50,en,100.0,100.0,2010,2010,1
gmane.mail.imap.openmailadmin,1,50,en,100.0,100.0,2006,2006,1
gmane.mail.the-bat.french,1,50,fr,100.0,0.0,2007,2007,1
gmane.network.irc.irssi.user,1,50,en,100.0,100.0,2002,2002,1
gmane.network.nagios.nagvis.devel,1,50,en,100.0,100.0,2009,2009,1
gmane.network.opendaylight.devel,1,50,en,100.0,100.0,2016,2016,1
gmane.network.thin-clients.openthinclient.scm,1,50,UNKNOWN,100.0,0.0,2008,2008,1
gmane.org.environment.freecycle.thessaloniki,1,50,en,100.0,100.0,2016,2016,1
gmane.org.hackerspaces.skullspace.announce,1,50,en,100.0,100.0,2013,2013,1
gmane.org.handasarabia.general,1,50,en,100.0,100.0,2003,2003,1
gmane.org.netlabs.lucide.general,1,50,en,100.0,100.0,2006,2006,1
gmane.org.user-groups.linux.parana,1,50,pt,100.0,0.0,2007,2007,1
gmane.science.linguistics.wikipedia.russian.announce,1,50,et,100.0,0.0,2005,2005,1
gmane.science.robotics.srobo.devel,1,50,en,100.0,100.0,2013,2013,1
gmane.comp.ai.ruleml.user,1,50,en,100.0,100.0,2017,2017,1
gmane.comp.apache.excalibur.cvs,1,50,en,100.0,100.0,2004,2004,1
gmane.comp.apache.mod-dav.general,1,50,en,100.0,100.0,2005,2005,1
gmane.comp.db.postgresql.lipqxx,1,50,en,100.0,100.0,2006,2006,1
gmane.comp.db.postgresql.oledb.devel,1,50,en,100.0,100.0,2016,2016,1
gmane.comp.file-systems.tux3,1,50,en,100.0,100.0,2008,2008,1
gmane.comp.freedesktop.distributions,1,50,en,100.0,100.0,2008,2008,1
gmane.comp.freedesktop.p11-glue,1,50,en,100.0,100.0,2016,2016,1
gmane.comp.games.tp.bugs,1,50,en,100.0,100.0,2006,2006,1
gmane.comp.gnome.gnome-os,1,50,en,100.0,100.0,2016,2016,1
gmane.comp.gnu.gift.snakecharmer.bugs,1,50,en,100.0,100.0,2006,2006,1
gmane.comp.handhelds.meego.distribution-tools,1,50,en,100.0,100.0,2013,2013,1
gmane.comp.jakarta.watchdog.devel,1,50,en,100.0,100.0,2002,2002,1
gmane.comp.java.bluecove.user,1,50,en,100.0,100.0,2012,2012,1
gmane.comp.java.mauve.patches,1,50,en,100.0,100.0,2006,2006,1
gmane.comp.java.netbeans.nbentpack.general,1,50,en,100.0,100.0,2010,2010,1
gmane.comp.java.openjms.devel,1,50,en,100.0,100.0,2005,2005,1
gmane.comp.java.qdox.devel,1,50,it,100.0,0.0,2009,2009,1
gmane.comp.kde.kdeprint,1,50,en,100.0,100.0,2007,2007,1
gmane.comp.lang.uml.gaphor,1,50,en,100.0,100.0,2007,2007,1
gmane.comp.mozilla.devel.rhapsody,1,50,en,100.0,100.0,2003,2003,1
gmane.comp.openoffice.devel.interface,1,50,en,100.0,100.0,2010,2010,1
gmane.comp.openoffice.org.devel.french,1,50,fr,100.0,0.0,2010,2010,1
gmane.comp.sysutils.bgware,1,50,en,100.0,100.0,2003,2003,1
gmane.comp.tex.live.debian,1,50,en,100.0,100.0,2006,2006,1
gmane.comp.video.linuxtv-softmpeg,1,50,en,100.0,100.0,2004,2004,1
gmane.comp.windows.ce.freeware,1,50,en,100.0,100.0,2005,2005,1
gmane.editors.nedit.user,1,50,en,100.0,100.0,2011,2011,1
gmane.education.weblabs.general,1,50,en,100.0,100.0,2004,2004,1
gmane.ietf.deltav,1,50,en,100.0,100.0,2006,2006,1
gmane.ietf.ippm,1,50,en,100.0,100.0,2018,2018,1
gmane.ietf.rap,1,50,en,100.0,100.0,2002,2002,1
gmane.linux.mandrake.newbie.russian,1,50,en,100.0,100.0,2004,2004,1
gmane.linux.ports.ia64.gelato,1,50,en,100.0,100.0,2009,2009,1
gmane.linux.ubuntu.region.switzerland,1,50,en,100.0,100.0,2009,2009,1
gmane.lisp.uffi.general,1,50,en,100.0,100.0,2003,2003,1
gmane.mail.exim.announce,1,50,en,100.0,100.0,2004,2004,1
gmane.mail.mew.windows,1,50,en,100.0,100.0,2003,2003,1
gmane.mail.spam.akismet.devel,1,50,en,100.0,100.0,2007,2007,1
gmane.network.kvpn.user,1,50,en,100.0,100.0,2008,2008,1
gmane.os.pcbsd.general,1,50,en,100.0,100.0,2013,2013,1
gmane.science.mathematics.prooftheory,1,50,en,100.0,100.0,2005,2005,1
gmane.science.robotics.fawkes.devel,1,50,en,100.0,100.0,2013,2013,1
gmane.comp.apache.helix.user,1,50,en,100.0,100.0,2015,2015,1
gmane.comp.apache.mod-log-spread.user,1,50,en,100.0,100.0,2002,2002,1
gmane.comp.djb.checkpassword,1,50,en,100.0,100.0,2006,2006,1
gmane.comp.freedesktop.policykit,1,50,en,100.0,100.0,2009,2009,1
gmane.comp.gis.openstreetmap.region.gb.west-midlands,1,50,en,100.0,100.0,2017,2017,1
gmane.comp.gis.viking.devel,1,50,en,100.0,100.0,2015,2015,1
gmane.comp.gnome.apps.bubblemon,1,50,ru,100.0,0.0,2004,2004,1
gmane.comp.gnome.apps.planner.user,1,50,en,100.0,100.0,2004,2004,1
gmane.comp.graphics.ufraw.devel,1,50,en,100.0,100.0,2010,2010,1
gmane.comp.ide.eclipse.gemini.devel,1,50,en,100.0,100.0,2013,2013,1
gmane.comp.ide.eclipse.mylyn.integrators,1,50,en,100.0,100.0,2010,2010,1
gmane.comp.jakarta.oro.devel,1,50,en,100.0,100.0,2010,2010,1
gmane.comp.java.classpath.extensions.discuss,1,50,en,100.0,100.0,2005,2005,1
gmane.comp.java.oness.general,1,50,en,100.0,100.0,2004,2004,1
gmane.comp.java.openamf.user,1,50,en,100.0,100.0,2003,2003,1
gmane.comp.lang.ruby.rainbows.general,1,50,en,100.0,100.0,2010,2010,1
gmane.comp.monitoring.monitorix,1,50,en,100.0,100.0,2019,2019,1
gmane.comp.mozilla.localization.tools,1,50,en,100.0,100.0,2015,2015,1
gmane.comp.python.glueviz,1,50,en,100.0,100.0,2017,2017,1
gmane.comp.security.risks,1,50,en,100.0,100.0,2002,2002,1
gmane.comp.sourceid.sso.user,1,50,en,100.0,100.0,2004,2004,1
gmane.comp.tex.latex.cjk.user,1,50,en,100.0,100.0,2007,2007,1
gmane.comp.web.dosage,1,50,en,100.0,100.0,2008,2008,1
gmane.comp.web.egroupware.translation,1,50,en,100.0,100.0,2006,2006,1
gmane.comp.web.openid.eu,1,50,en,100.0,100.0,2013,2013,1
gmane.comp.web.openid.user,1,50,en,100.0,100.0,2008,2008,1
gmane.comp.web.server.tntnet,1,50,en,100.0,100.0,2012,2012,1
gmane.comp.web.ucd,1,50,en,100.0,100.0,2009,2009,1
gmane.comp.web.vkit,1,50,en,100.0,100.0,2002,2002,1
gmane.comp.web.zope.plone.commerce,1,50,en,100.0,100.0,2005,2005,1
gmane.comp.web.zope.plone.remember,1,50,ja,100.0,0.0,2006,2006,1
gmane.comp.web.zope.zepp,1,50,en,100.0,100.0,2005,2005,1
gmane.culture.bicycle.shift.velorution.paris,1,50,fr,100.0,0.0,2017,2017,1
gmane.education.libraries.zweigbibliothek,1,50,de,100.0,0.0,2016,2016,1
gmane.emacs.erc.cvs,1,50,en,100.0,100.0,2008,2008,1
gmane.ietf.adslmib,1,50,en,100.0,100.0,2003,2003,1
gmane.ietf.wpkops,1,50,en,100.0,100.0,2012,2012,1
gmane.linux.debian.internationalization.korean,1,50,en,100.0,100.0,2017,2017,1
gmane.linux.gentoo.paludis.user,1,50,en,100.0,100.0,2010,2010,1
gmane.linux.ports.ppc.nubus-pmac.users,1,50,en,100.0,100.0,2006,2006,1
gmane.linux.redhat.amd64,1,50,en,100.0,100.0,2006,2006,1
gmane.linux.redhat.copr.devel,1,50,en,100.0,100.0,2018,2018,1
gmane.linux.region.portugal,1,50,pt,100.0,0.0,2005,2005,1
gmane.linux.suse.opensuse.evergreen,1,50,en,100.0,100.0,2016,2016,1
gmane.network.leafnode.leafnode+,1,50,UNKNOWN,100.0,0.0,2015,2015,1
gmane.network.syndication.podcast.lonedominion,1,50,en,100.0,100.0,2007,2007,1
gmane.org.netlabs.sibyl.devel,1,50,de,100.0,0.0,2005,2005,1
gmane.org.user-groups.aclug.announce,1,50,en,100.0,100.0,2004,2004,1
gmane.org.user-groups.linux.nisplug,1,50,en,100.0,100.0,2007,2007,1
gmane.org.user-groups.tlug.english,1,50,vi,100.0,0.0,2004,2004,1
gmane.os.opendarwin.webkit.efl,1,50,en,100.0,100.0,2012,2012,1
gmane.technology.fuel-cell.general,1,50,de,100.0,0.0,2007,2007,1
gmane.user-groups.foss.opensourcetreffen.announce,1,50,de,100.0,0.0,2012,2012,1
gmane.comp.audio.muse.user,1,50,en,100.0,100.0,2012,2012,1
gmane.comp.compilers.scratchbox.devel,1,50,en,100.0,100.0,2006,2006,1
gmane.comp.db.firebird.net-provider,1,50,en,100.0,100.0,2012,2012,1
gmane.comp.editors.biew.general,1,50,UNKNOWN,100.0,0.0,2008,2008,1
gmane.comp.finance.turquaz.devel,1,50,tr,100.0,0.0,2005,2005,1
gmane.comp.fonts.gfontview,1,50,en,100.0,100.0,2009,2009,1
gmane.comp.graphics.dr-geo,1,50,en,100.0,100.0,2003,2003,1
gmane.comp.hardware.mikrotik.routeros,1,50,en,100.0,100.0,2004,2004,1
gmane.comp.jakarta.turbine.maven.mevenide.user,1,50,en,100.0,100.0,2008,2008,1
gmane.comp.java.classpath.extensions.javamail,1,50,en,100.0,100.0,2007,2007,1
gmane.comp.java.jmock.devel,1,50,en,100.0,100.0,2011,2011,1
gmane.comp.java.objectweb.easybeans,1,50,en,100.0,100.0,2006,2006,1
gmane.comp.java.spice.devel,1,50,UNKNOWN,100.0,0.0,2003,2003,1
gmane.comp.kde.bugsquad,1,50,en,100.0,100.0,2009,2009,1
gmane.comp.krysalis.jcharts.user,1,50,en,100.0,100.0,2004,2004,1
gmane.comp.lang.perl.modules.dbd-sqlite,1,50,en,100.0,100.0,2013,2013,1
gmane.comp.lang.ruby.ap4r.user,1,50,en,100.0,100.0,2007,2007,1
gmane.comp.lang.ruby.kgio.general,1,50,en,100.0,100.0,2012,2012,1
gmane.comp.macosx.marcopolo.user,1,50,en,100.0,100.0,2011,2011,1
gmane.comp.monitoring.orca.cvs,1,50,en,100.0,100.0,2002,2002,1
gmane.comp.multimedia.capture.devel,1,50,en,100.0,100.0,2006,2006,1
gmane.comp.openoffice.cvs.distribution,1,50,fr,100.0,0.0,2010,2010,1
gmane.comp.package-management.rpm.ecosystem,1,50,en,100.0,100.0,2016,2016,1
gmane.comp.python.ply,1,50,en,100.0,100.0,2008,2008,1
gmane.comp.security.firewalls.firehol.devel,1,50,en,100.0,100.0,2016,2016,1
gmane.comp.security.virus.vtools,1,50,en,100.0,100.0,2004,2004,1
gmane.comp.storage.quadstor.vtl,1,50,en,100.0,100.0,2018,2018,1
gmane.comp.voip.kphone.devel,1,50,en,100.0,100.0,2007,2007,1
gmane.comp.web.zope.grok.doc,1,50,en,100.0,100.0,2009,2009,1
gmane.comp.web.zope.silva.general,1,50,en,100.0,100.0,2013,2013,1
gmane.culture.language.ancient-hebrew,1,50,en,100.0,100.0,2011,2011,1
gmane.games.wesnoth.devel,1,50,en,100.0,100.0,2013,2013,1
gmane.ietf.apps-tls,1,50,en,100.0,100.0,1998,1998,1
gmane.ietf.hubmib,1,50,en,100.0,100.0,2002,2002,1
gmane.ietf.w3c,1,50,en,100.0,100.0,2010,2010,1
gmane.law.eucd.ukcdr,1,50,en,100.0,100.0,2003,2003,1
gmane.linux.bbc.bugs,1,50,en,100.0,100.0,2003,2003,1
gmane.linux.debian.ports.windows,1,50,en,100.0,100.0,2007,2007,1
gmane.linux.drivers.tulip.general,1,50,en,100.0,100.0,2003,2003,1
gmane.linux.drivers.xboxdrv,1,50,en,100.0,100.0,2015,2015,1
gmane.linux.gentoo.laptop,1,50,en,100.0,100.0,2006,2006,1
gmane.linux.slind.devel,1,50,en,100.0,100.0,2008,2008,1
gmane.linux.suse.schools.usa,1,50,en,100.0,100.0,2007,2007,1
gmane.mail.cone,1,50,en,100.0,100.0,2016,2016,1
gmane.mail.mh.devel,1,50,en,100.0,100.0,2009,2009,1
gmane.mail.the-bat.bayesit,1,50,ru,100.0,0.0,2004,2004,1
gmane.network.conferencing.pentabarf.user,1,50,en,100.0,100.0,2007,2007,1
gmane.network.gnunet.bugs,1,50,en,100.0,100.0,2003,2003,1
gmane.network.ripe.dns,1,50,en,100.0,100.0,2014,2014,1
gmane.org.user-groups.erlang.london,1,50,en,100.0,100.0,2011,2011,1
gmane.org.user-groups.linux.uk.menai,1,50,en,100.0,100.0,2009,2009,1
gmane.org.wikimedia.india.pune,1,50,en,100.0,100.0,2013,2013,1
gmane.os.aeriebsd.scm,1,50,en,100.0,100.0,2010,2010,1
gmane.os.coyotos.devel,1,50,en,100.0,100.0,2006,2006,1
gmane.politics.activism.altrinformazione,1,50,it,100.0,0.0,2005,2005,1
gmane.recreation.radio.hardware.uniden.bc785d,1,50,en,100.0,100.0,2003,2003,1
gmane.comp.ai.fear.devel,1,50,en,100.0,100.0,2009,2009,1
gmane.comp.apache.mod-wackamole.general,1,50,en,100.0,100.0,2007,2007,1
gmane.comp.db.libdbi.drivers,1,50,en,100.0,100.0,2009,2009,1
gmane.comp.desktop.etoile.general,1,50,en,100.0,100.0,2011,2011,1
gmane.comp.editors.vim.eclim.user,1,50,en,100.0,100.0,2014,2014,1
gmane.comp.embedded.crossdev,1,50,en,100.0,100.0,2014,2014,1
gmane.comp.gnome.apps.geeqie.devel,1,50,en,100.0,100.0,2012,2012,1
gmane.comp.gnu.standards,1,50,en,100.0,100.0,2018,2018,1
gmane.comp.handhelds.palm.yanoff,1,50,en,100.0,100.0,2004,2004,1
gmane.comp.ide.freeride.devel,1,50,en,100.0,100.0,2005,2005,1
gmane.comp.java.cdi.weld.devel,1,50,en,100.0,100.0,2010,2010,1
gmane.comp.java.jasig.ssp.devel,1,50,en,100.0,100.0,2013,2013,1
gmane.comp.java.logback.announce,1,50,en,100.0,100.0,2012,2012,1
gmane.comp.kde.devel.perl,1,50,en,100.0,100.0,2004,2004,1
gmane.comp.lang.forth.colorforth,1,50,en,100.0,100.0,2004,2004,1
gmane.comp.lang.xl,1,50,en,100.0,100.0,2007,2007,1
gmane.comp.lib.gee,1,50,en,100.0,100.0,2013,2013,1
gmane.comp.mathematics.lmonade,1,50,en,100.0,100.0,2014,2014,1
gmane.comp.monitoring.mon.general,1,50,en,100.0,100.0,2008,2008,1
gmane.comp.mozilla.thunderbird.region.indonesia,1,50,id,100.0,0.0,2012,2012,1
gmane.comp.multimedia.mvpmc.user,1,50,en,100.0,100.0,2008,2008,1
gmane.comp.programming.patterns.discuss,1,50,en,100.0,100.0,2015,2015,1
gmane.comp.python.compiler,1,50,en,100.0,100.0,2002,2002,1
gmane.comp.python.iris.user,1,50,en,100.0,100.0,2018,2018,1
gmane.comp.python.pocoo.libraries,1,50,en,100.0,100.0,2011,2011,1
gmane.comp.python.pydotorg.general,1,50,en,100.0,100.0,2011,2011,1
gmane.comp.standards.free-standards.printing.spool,1,50,en,100.0,100.0,2005,2005,1
gmane.comp.tex.fonts.lucida,1,50,en,100.0,100.0,2010,2010,1
gmane.comp.web.zope.formulator.devel,1,50,en,100.0,100.0,2005,2005,1
gmane.comp.windows.x11,1,50,en,100.0,100.0,2005,2005,1
gmane.culture.internet.quintessenz-depesche,1,50,de,100.0,0.0,2017,2017,1
gmane.ietf.trust-anchor,1,50,en,100.0,100.0,2007,2007,1
gmane.linux.debian.jobs,1,50,en,100.0,100.0,2013,2013,1
gmane.linux.debian.user.bootcd,1,50,en,100.0,100.0,2007,2007,1
gmane.linux.debian.user.events-na,1,50,en,100.0,100.0,2014,2014,1
gmane.linux.debian.user.japanese,1,50,en,100.0,100.0,2005,2005,1
gmane.linux.distributions.freespire.user,1,50,en,100.0,100.0,2006,2006,1
gmane.linux.installation.system-imager.general,1,50,en,100.0,100.0,2008,2008,1
gmane.linux.slackware.security.announce,1,50,en,100.0,100.0,2014,2014,1
gmane.linux.utilities.sven,1,50,ru,100.0,0.0,2005,2005,1
gmane.lisp.lib.postmodern.devel,1,50,en,100.0,100.0,2012,2012,1
gmane.network.dijjer.devel,1,50,en,100.0,100.0,2009,2009,1
gmane.network.librsync.java.user,1,50,it,100.0,0.0,2010,2010,1
gmane.org.fsf.france.news.english,1,50,en,100.0,100.0,2002,2002,1
gmane.org.region.austria.funkfeuer.wels,1,50,de,100.0,0.0,2010,2010,1
gmane.org.user-groups.linux.hungarian.hardware,1,50,hu,100.0,0.0,2004,2004,1
gmane.org.user-groups.linuxchix.brazil,1,50,pt,100.0,0.0,2007,2007,1
gmane.os.netbsd.ports.mvme68k,1,50,en,100.0,100.0,2002,2002,1
gmane.science.linguistics.turkic.mt,1,50,en,100.0,100.0,2012,2012,1
gmane.science.s2s2.general,1,50,en,100.0,100.0,2006,2006,1
gmane.comp.cms.jaws.general,1,50,en,100.0,100.0,2006,2006,1
gmane.comp.desktop.semantic-desktop,1,50,en,100.0,100.0,2009,2009,1
gmane.comp.distributed-net.hardware,1,50,en,100.0,100.0,2002,2002,1
gmane.comp.emulators.wine.license,1,50,en,100.0,100.0,2002,2002,1
gmane.comp.freedesktop.xesam,1,50,en,100.0,100.0,2008,2008,1
gmane.comp.gis.udig.user,1,50,en,100.0,100.0,2012,2012,1
gmane.comp.gnome.apps.deskbar-applet,1,50,en,100.0,100.0,2006,2006,1
gmane.comp.gnu.gnucap.general,1,50,en,100.0,100.0,2007,2007,1
gmane.comp.graphics.fluidiom,1,50,en,100.0,100.0,2006,2006,1
gmane.comp.java.usb4java.general,1,50,en,100.0,100.0,2015,2015,1
gmane.comp.lang.erlang.eeps,1,50,en,100.0,100.0,2018,2018,1
gmane.comp.lang.fsharp.general,1,50,en,100.0,100.0,2008,2008,1
gmane.comp.lang.haskell.region.french,1,50,fr,100.0,0.0,2010,2010,1
gmane.comp.lib.fann.cvs,1,50,en,100.0,100.0,2007,2007,1
gmane.comp.lib.gnustep.general,1,50,en,100.0,100.0,2000,2000,1
gmane.comp.monitoring.orca.announce,1,50,en,100.0,100.0,1999,1999,1
gmane.comp.python.lupa.devel,1,50,en,100.0,100.0,2014,2014,1
gmane.comp.python.pyode.user,1,50,en,100.0,100.0,2013,2013,1
gmane.comp.python.python-daemon.devel,1,50,en,100.0,100.0,2015,2015,1
gmane.comp.python.schevo.devel,1,50,en,100.0,100.0,2005,2005,1
gmane.comp.sysutils.backup.faubackup.cvs,1,50,en,100.0,100.0,2004,2004,1
gmane.comp.web.sitemesh.sitemesh3.general,1,50,en,100.0,100.0,2011,2011,1
gmane.comp.windows.dotnet.castleproject.user,1,50,en,100.0,100.0,2006,2006,1
gmane.culture.people.kragen.thinking,1,50,en,100.0,100.0,2006,2006,1
gmane.editors.yzis.devel,1,50,en,100.0,100.0,2005,2005,1
gmane.linux.drivers.aacraid.devel,1,50,en,100.0,100.0,2004,2004,1
gmane.linux.french.lea.debats,1,50,fr,100.0,0.0,2013,2013,1
gmane.linux.hardware.zaurus.devel,1,50,en,100.0,100.0,2011,2011,1
gmane.linux.power-management.laptop-mode,1,50,en,100.0,100.0,2011,2011,1
gmane.lisp.cl-l10n.devel,1,50,en,100.0,100.0,2006,2006,1
gmane.lisp.lib.rdnzl.general,1,50,en,100.0,100.0,2006,2006,1
gmane.network.beep.beepcore.java.general,1,50,en,100.0,100.0,2003,2003,1
gmane.network.ipv6.miredo.devel,1,50,en,100.0,100.0,2011,2011,1
gmane.network.tux,1,50,en,100.0,100.0,2003,2003,1
gmane.network.wireless.zaragoza,1,50,es,100.0,0.0,2006,2006,1
gmane.org.user-groups.linux.phoenix.webdev,1,50,en,100.0,100.0,2008,2008,1
gmane.org.user-groups.rlug.whitehat,1,50,ro,100.0,0.0,2003,2003,1
gmane.os.bsd.india,1,50,en,100.0,100.0,2007,2007,1
gmane.os.freebsd.devel.new-bus,1,50,en,100.0,100.0,2005,2005,1
gmane.os.os2.xfree86,1,50,en,100.0,100.0,2004,2004,1
gmane.science.astronomy.splash.user,1,50,en,100.0,100.0,2014,2014,1
gmane.science.medicine.emergency.flightmed,1,50,en,100.0,100.0,2005,2005,1
gmane.technology.ltsp.ru,1,50,ru,100.0,0.0,2005,2005,1
gmane.comp.ai.powerloom,1,50,en,100.0,100.0,2017,2017,1
gmane.comp.crm.citrusdb.user,1,50,en,100.0,100.0,2008,2008,1
gmane.comp.finance.hibiscus.devel,1,50,de,100.0,0.0,2009,2009,1
gmane.comp.gis.openstreetmap.region.de.thueringen,1,50,de,100.0,0.0,2011,2011,1
gmane.comp.gis.openstreetmap.region.it.southtyrol,1,50,en,100.0,100.0,2015,2015,1
gmane.comp.gnome.lib.gamin.general,1,50,en,100.0,100.0,2011,2011,1
gmane.comp.gnu.fiasco.devel,1,50,UNKNOWN,100.0,0.0,2002,2002,1
gmane.comp.gnu.gnash.devel,1,50,en,100.0,100.0,2009,2009,1
gmane.comp.handhelds.cordia.devel,1,50,en,100.0,100.0,2011,2011,1
gmane.comp.java.fornax.devel,1,50,en,100.0,100.0,2008,2008,1
gmane.comp.kde.taskjuggler.devel,1,50,en,100.0,100.0,2006,2006,1
gmane.comp.krysalis.user,1,50,en,100.0,100.0,2008,2008,1
gmane.comp.lang.forth.picforth,1,50,en,100.0,100.0,2004,2004,1
gmane.comp.lang.r.matchit,1,50,en,100.0,100.0,2011,2011,1
gmane.comp.lang.smalltalk.squeak.webteam,1,50,en,100.0,100.0,2007,2007,1
gmane.comp.lib.rtk.user,1,50,en,100.0,100.0,2015,2015,1
gmane.comp.lib.wxwidgets.discuss,1,50,en,100.0,100.0,2006,2006,1
gmane.comp.multimedia.avifile.general,1,50,en,100.0,100.0,2003,2003,1
gmane.comp.package-management.rpm.repoforge.scm,1,50,en,100.0,100.0,2014,2014,1
gmane.comp.python.israel,1,50,en,100.0,100.0,2009,2009,1
gmane.comp.python.soya3d.user,1,50,UNKNOWN,100.0,0.0,2013,2013,1
gmane.comp.sysutils.backup.bareos.devel,1,50,en,100.0,100.0,2013,2013,1
gmane.comp.sysutils.mtools.devel,1,50,en,100.0,100.0,2018,2018,1
gmane.comp.version-control.subversion.rapidsvn.user,1,50,en,100.0,100.0,2008,2008,1
gmane.comp.web.fnord,1,50,en,100.0,100.0,2008,2008,1
gmane.emacs.ruby.rails,1,50,en,100.0,100.0,2010,2010,1
gmane.linux.dvdrtools.user,1,50,en,100.0,100.0,2005,2005,1
gmane.linux.redhat.sysadmin,1,50,en,100.0,100.0,2011,2011,1
gmane.linux.tomoyo.devel.english,1,50,en,100.0,100.0,2011,2011,1
gmane.mail.mercury32,1,50,en,100.0,100.0,2005,2005,1
gmane.network.freenet.frost.devel,1,50,en,100.0,100.0,2007,2007,1
gmane.org.user-groups.linux.wuglug,1,50,en,100.0,100.0,2007,2007,1
gmane.org.wikimedia.incubator,1,50,en,100.0,100.0,2009,2009,1
gmane.recreation.humor.sidesplitters,1,50,en,100.0,100.0,2005,2005,1
gmane.science.linguistics.wikipedia.hindi,1,50,en,100.0,100.0,2012,2012,1
gmane.science.simulation.cactuscode.user,1,50,en,100.0,100.0,2015,2015,1
gmane.technology.building.daysim,1,50,en,100.0,100.0,2013,2013,1
gmane.comp.java.jrpm.devel,1,50,en,100.0,100.0,2008,2008,1
gmane.comp.java.jxta.general,1,50,en,100.0,100.0,2005,2005,1
gmane.comp.java.luxor-xul.announce,1,50,en,100.0,100.0,2002,2002,1
gmane.comp.java.swtbot.user,1,50,en,100.0,100.0,2009,2009,1
gmane.comp.kde.devel.hardware,1,50,en,100.0,100.0,2013,2013,1
gmane.comp.lang.delphi.tiopf.general,1,50,en,100.0,100.0,2010,2010,1
gmane.comp.lang.haskell.xmobar,1,50,en,100.0,100.0,2010,2010,1
gmane.comp.lang.r.db,1,50,en,100.0,100.0,2011,2011,1
gmane.comp.multimedia.ogg.vorbis.tremor,1,50,en,100.0,100.0,2012,2012,1
gmane.comp.php.documentation.windows,1,50,en,100.0,100.0,2004,2004,1
gmane.comp.python.webware.devel,1,50,en,100.0,100.0,2007,2007,1
gmane.comp.tools.lbrc,1,50,en,100.0,100.0,2008,2008,1
gmane.comp.web.query-languages,1,50,en,100.0,100.0,2003,2003,1
gmane.comp.web.wiki.instiki.user,1,50,en,100.0,100.0,2006,2006,1
gmane.comp.web.zope.plone.bibliography,1,50,en,100.0,100.0,2009,2009,1
gmane.comp.windows.devel.vbcom,1,50,en,100.0,100.0,2003,2003,1
gmane.culture.literature.bookworm,1,50,en,100.0,100.0,2006,2006,1
gmane.ietf.asrg.rmx,1,50,en,100.0,100.0,2003,2003,1
gmane.linux.debian.devel.handheld,1,50,tr,100.0,0.0,2004,2004,1
gmane.linux.gentoo.performance,1,50,en,100.0,100.0,2007,2007,1
gmane.linux.ports.sh.general,1,50,en,100.0,100.0,2004,2004,1
gmane.linux.redhat.fedora.gsoc,1,50,en,100.0,100.0,2017,2017,1
gmane.linux.russian.linuxtalk,1,50,ru,100.0,0.0,2005,2005,1
gmane.lisp.scheme.hop,1,50,en,100.0,100.0,2010,2010,1
gmane.mail.archives.mail-archive,1,50,en,100.0,100.0,2004,2004,1
gmane.org.region.san-francisco.noisebridge.rack,1,50,en,100.0,100.0,2014,2014,1
gmane.os.netbsd.devel.crypto,1,50,en,100.0,100.0,2014,2014,1
gmane.os.netbsd.devel.repository,1,50,en,100.0,100.0,2015,2015,1
gmane.os.netbsd.ports.arm26,1,50,en,100.0,100.0,2015,2015,1
gmane.os.opendarwin.webkit.jobs,1,50,en,100.0,100.0,2017,2017,1
gmane.science.history.papyri,1,50,en,100.0,100.0,2007,2007,1
gmane.user-groups.foss.mes-fsug,1,50,en,100.0,100.0,2011,2011,1
gmane.user-groups.linux.tclug.announce,1,50,en,100.0,100.0,2007,2007,1
gmane.comp.archivers.swh,1,50,en,100.0,100.0,2018,2018,1
gmane.comp.cms.haricow,1,50,fr,100.0,0.0,2003,2003,1
gmane.comp.compiere.user,1,50,en,100.0,100.0,2003,2003,1
gmane.comp.gnome.devtools,1,50,en,100.0,100.0,2004,2004,1
gmane.comp.gnome.lib.librsvg.devel,1,50,en,100.0,100.0,2006,2006,1
gmane.comp.java.jnlp.announce,1,50,en,100.0,100.0,2003,2003,1
gmane.comp.java.xsite.user,1,50,en,100.0,100.0,2006,2006,1
gmane.comp.lang.perl.code-review-ladder,1,50,en,100.0,100.0,2003,2003,1
gmane.comp.lang.perl.modules.class-methodmaker,1,50,en,100.0,100.0,2007,2007,1
gmane.comp.lib.ftp-parse,1,50,en,100.0,100.0,2005,2005,1
gmane.comp.misc.ascii.ibcaca,1,50,en,100.0,100.0,2006,2006,1
gmane.comp.misc.natrail,1,50,en,100.0,100.0,2005,2005,1
gmane.comp.php.sonata.user,1,50,en,100.0,100.0,2015,2015,1
gmane.comp.sysutils.puppet.geppetto,1,50,en,100.0,100.0,2012,2012,1
gmane.comp.web.alternc.devel,1,50,fr,100.0,0.0,2003,2003,1
gmane.comp.web.microformats.devel,1,50,en,100.0,100.0,2010,2010,1
gmane.comp.web.mongrel2,1,50,en,100.0,100.0,2012,2012,1
gmane.comp.windows.farmanager.english,1,50,en,100.0,100.0,2005,2005,1
gmane.ietf.xmldsig,1,50,en,100.0,100.0,2002,2002,1
gmane.linux.altlinux.devel.kernel.unsafe,1,50,en,100.0,100.0,2010,2010,1
gmane.linux.distributions.blag.scm,1,50,en,100.0,100.0,2008,2008,1
gmane.linux.openwall.devel,1,50,en,100.0,100.0,2012,2012,1
gmane.linux.oracle.oss.ksplice.rhel5,1,50,en,100.0,100.0,2014,2014,1
gmane.linux.tape,1,50,en,100.0,100.0,2002,2002,1
gmane.lisp.ansi-tests,1,50,en,100.0,100.0,2010,2010,1
gmane.mail.mpop.user,1,50,en,100.0,100.0,2014,2014,1
gmane.mail.postfix.announce,1,50,en,100.0,100.0,2011,2011,1
gmane.network.ripe.discuss,1,50,en,100.0,100.0,2018,2018,1
gmane.network.tor.reports,1,50,en,100.0,100.0,2016,2016,1
gmane.network.wireless.libwireless.general,1,50,en,100.0,100.0,2006,2006,1
gmane.org.operators.co-op,1,50,en,100.0,100.0,2004,2004,1
gmane.org.user-groups.emacs.berlin,1,50,en,100.0,100.0,2014,2014,1
gmane.org.user-groups.linux.canterbury,1,50,en,100.0,100.0,2005,2005,1
gmane.org.w3c.whatwg.html5lib,1,50,en,100.0,100.0,2008,2008,1
gmane.org.wikimedia.africa,1,50,en,100.0,100.0,2017,2017,1
gmane.org.wikimedia.centralnotice-admins,1,50,en,100.0,100.0,2016,2016,1
gmane.org.wikimedia.latvia,1,50,lv,100.0,0.0,2017,2017,1
gmane.os.freebsd.devel.bluetooth,1,50,en,100.0,100.0,2018,2018,1
gmane.os.openbsd.hppa,1,50,en,100.0,100.0,2004,2004,1
gmane.comp.apache.gui,1,50,en,100.0,100.0,2004,2004,1
gmane.comp.apache.mod-survey.devel,1,50,en,100.0,100.0,2005,2005,1
gmane.comp.desktop.architects,1,50,en,100.0,100.0,2007,2007,1
gmane.comp.games.tp.general,1,50,en,100.0,100.0,2006,2006,1
gmane.comp.gis.openaerialmap.general,1,50,en,100.0,100.0,2011,2011,1
gmane.comp.gis.openstreetmap.region.de.hannover,1,50,de,100.0,0.0,2008,2008,1
gmane.comp.gnu.dragora,1,50,en,100.0,100.0,2018,2018,1
gmane.comp.handhelds.android.mobileorg,1,50,en,100.0,100.0,2013,2013,1
gmane.comp.horde.wicked,1,50,en,100.0,100.0,2004,2004,1
gmane.comp.ide.eclipse.swtbot.devel,1,50,en,100.0,100.0,2016,2016,1
gmane.comp.init.initng.tickets,1,50,en,100.0,100.0,2007,2007,1
gmane.comp.java.smartfrog.user,1,50,en,100.0,100.0,2007,2007,1
gmane.comp.kde.devel.kommander.devel,1,50,en,100.0,100.0,2004,2004,1
gmane.comp.lang.ada.emacs,1,50,en,100.0,100.0,2014,2014,1
gmane.comp.lang.d.concurrency,1,50,en,100.0,100.0,2010,2010,1
gmane.comp.lang.r.fedora,1,50,en,100.0,100.0,2018,2018,1
gmane.comp.lang.smalltalk.strongtalk,1,50,en,100.0,100.0,2006,2006,1
gmane.comp.lib.ivtools.announce,1,50,en,100.0,100.0,2002,2002,1
gmane.comp.lib.mpfr.general,1,50,en,100.0,100.0,2018,2018,1
gmane.comp.micro-kernel.l4.l4ka.general,1,50,en,100.0,100.0,2004,2004,1
gmane.comp.mozilla.devel.unix.cvs,1,50,en,100.0,100.0,2003,2003,1
gmane.comp.openoffice.cvs.gsl,1,50,en,100.0,100.0,2006,2006,1
gmane.comp.php.zzoss.installer.general,1,50,en,100.0,100.0,2009,2009,1
gmane.comp.python.chaco.user,1,50,en,100.0,100.0,2009,2009,1
gmane.comp.python.deliverance.devel,1,50,es,100.0,0.0,2011,2011,1
gmane.comp.python.gevent,1,50,en,100.0,100.0,2017,2017,1
gmane.comp.search.semantic-vectors,1,50,en,100.0,100.0,2014,2014,1
gmane.comp.security.mypasswordsafe.devel,1,50,en,100.0,100.0,2004,2004,1
gmane.comp.sysutils.ark.devel,1,50,en,100.0,100.0,2001,2001,1
gmane.culture.people.kragen.discuss,1,50,en,100.0,100.0,2004,2004,1
gmane.editors.joe,1,50,en,100.0,100.0,2009,2009,1
gmane.emacs.macintosh.user,1,50,en,100.0,100.0,2002,2002,1
gmane.linux.audio.yoshimi.user,1,50,en,100.0,100.0,2015,2015,1
gmane.linux.debian.alioth.vdr.scm,1,50,en,100.0,100.0,2014,2014,1
gmane.linux.hardware.blackfin.u-boot.devel,1,50,en,100.0,100.0,2009,2009,1
gmane.linux.redhat.atomic.announce,1,50,en,100.0,100.0,2017,2017,1
gmane.lisp.ilisp.general,1,50,en,100.0,100.0,2003,2003,1
gmane.network.gnutella.limewire.core.devel,1,50,UNKNOWN,100.0,0.0,2004,2004,1
gmane.network.simulator.epfl,1,50,en,100.0,100.0,2004,2004,1
gmane.network.tor.censorship-events,1,50,en,100.0,100.0,2014,2014,1
gmane.network.wireless.devfrancewireless,1,50,en,100.0,100.0,2008,2008,1
gmane.org.google.code.in,1,50,en,100.0,100.0,2013,2013,1
gmane.org.hackerspaces.potteries,1,50,en,100.0,100.0,2015,2015,1
gmane.org.user-groups.linux.turkey.masaustu,1,50,tr,100.0,0.0,2009,2009,1
gmane.org.user-groups.rlug.humor,1,50,ro,100.0,0.0,2003,2003,1
gmane.org.w3c.whatwg.devel,1,50,en,100.0,100.0,2009,2009,1
gmane.science.linguistics.wikipedia.portugues,1,50,pt,100.0,0.0,2008,2008,1
gmane.comp.cms.bongo.devel,1,50,en,100.0,100.0,2009,2009,1
gmane.comp.cms.jaws.devel,1,50,en,100.0,100.0,2007,2007,1
gmane.comp.cms.phpslash.devel,1,50,en,100.0,100.0,2004,2004,1
gmane.comp.distributed.opennebula.devel,1,50,en,100.0,100.0,2014,2014,1
gmane.comp.embedded.stk.gui.devel,1,50,en,100.0,100.0,2003,2003,1
gmane.comp.emulators.vmware.security.announce,1,50,en,100.0,100.0,2014,2014,1
gmane.comp.encryption.gpg.announce,1,50,en,100.0,100.0,2005,2005,1
gmane.comp.file-systems.ecryptfs.general,1,50,en,100.0,100.0,2012,2012,1
gmane.comp.file-systems.gluster.packaging,1,50,en,100.0,100.0,2018,2018,1
gmane.comp.gis.openstreetmap.geocoding,1,50,en,100.0,100.0,2017,2017,1
gmane.comp.graphics.opensg.devel,1,50,en,100.0,100.0,2011,2011,1
gmane.comp.internationalization.cldr,1,50,en,100.0,100.0,2007,2007,1
gmane.comp.java.jasig.announce,1,50,en,100.0,100.0,2013,2013,1
gmane.comp.lang.delphi.jedi,1,50,en,100.0,100.0,2004,2004,1
gmane.comp.lang.haskell.cashew-s.engine.auto,1,50,en,100.0,100.0,2005,2005,1
gmane.comp.lang.perl.documentation,1,50,en,100.0,100.0,2006,2006,1
gmane.comp.licenses.spdx.general,1,50,en,100.0,100.0,2011,2011,1
gmane.comp.openoffice.devel.extensions,1,50,en,100.0,100.0,2010,2010,1
gmane.comp.programming.cppug,1,50,en,100.0,100.0,2003,2003,1
gmane.comp.science.mathematics.logic.poplmark,1,50,en,100.0,100.0,2013,2013,1
gmane.comp.security.metasploit.framework-hackers,1,50,en,100.0,100.0,2009,2009,1
gmane.comp.tex.bibulus.devel,1,50,en,100.0,100.0,2004,2004,1
gmane.comp.windows.devel.dotnet.jobs,1,50,en,100.0,100.0,2003,2003,1
gmane.culture.social.furry.salem-oregon,1,50,en,100.0,100.0,2010,2010,1
gmane.education.libraries.emilda.general,1,50,en,100.0,100.0,2005,2005,1
gmane.games.roguelike.angband.z.cvs,1,50,nl,100.0,0.0,2005,2005,1
gmane.ietf.eos,1,50,en,100.0,100.0,2002,2002,1
gmane.ietf.nat66,1,50,en,100.0,100.0,2009,2009,1
gmane.linux.debian.alioth.maemo.maint,1,50,en,100.0,100.0,2010,2010,1
gmane.linux.linux.scalability,1,50,en,100.0,100.0,2007,2007,1
gmane.linux.redhat.fedora.configuration,1,50,en,100.0,100.0,2005,2005,1
gmane.linux.redhat.fedora.kontributor,1,50,en,100.0,100.0,2011,2011,1
gmane.linux.suse.axp,1,50,en,100.0,100.0,2003,2003,1
gmane.linux.suse.opensuse.announce,1,50,en,100.0,100.0,2016,2016,1
gmane.lisp.uncommon-sql,1,50,en,100.0,100.0,2004,2004,1
gmane.network.jabber.tkabber,1,50,en,100.0,100.0,2005,2005,1
gmane.org.user-groups.linux.alslug.novice,1,50,da,100.0,0.0,2007,2007,1
gmane.org.user-groups.linux.boston.discuss,1,50,en,100.0,100.0,1995,1995,1
gmane.org.w3c.site-comments,1,50,en,100.0,100.0,2013,2013,1
gmane.org.wikimedia.pakistan,1,50,en,100.0,100.0,2017,2017,1
gmane.os.freebsd.desktop,1,50,en,100.0,100.0,2014,2014,1
gmane.os.freebsd.italian.devel,1,50,it,100.0,0.0,2006,2006,1
gmane.os.freebsd.jobs,1,50,en,100.0,100.0,2018,2018,1
gmane.os.freenas.devel,1,50,en,100.0,100.0,2011,2011,1
gmane.os.netbsd.ports.sandpoint,1,50,en,100.0,100.0,2015,2015,1
gmane.science.linguistics.wikipedia.japanese,1,50,ja,100.0,0.0,2012,2012,1
gmane.science.simulation.halmd.devel,1,50,en,100.0,100.0,2013,2013,1
gmane.comp.ai.alicebot.devel,1,50,en,100.0,100.0,2005,2005,1
gmane.comp.audio.libvisual.devel,1,50,en,100.0,100.0,2006,2006,1
gmane.comp.cms.bluexml.devel,1,50,en,100.0,100.0,2006,2006,1
gmane.comp.cms.opengroupware.xmlrpc.devel,1,50,en,100.0,100.0,2003,2003,1
gmane.comp.gnome.mono.monsoon.devel,1,50,en,100.0,100.0,2009,2009,1
gmane.comp.gnu.medical.announce,1,50,en,100.0,100.0,2013,2013,1
gmane.comp.handhelds.android.internals,1,50,en,100.0,100.0,2008,2008,1
gmane.comp.handhelds.meego.handset,1,50,en,100.0,100.0,2010,2010,1
gmane.comp.handhelds.zaurus.devel,1,50,en,100.0,100.0,2003,2003,1
gmane.comp.ide.eclipse.platform.text.devel,1,50,en,100.0,100.0,2012,2012,1
gmane.comp.java.waffle.scm,1,50,UNKNOWN,100.0,0.0,2009,2009,1
gmane.comp.lang.haskell.reactive,1,50,en,100.0,100.0,2010,2010,1
gmane.comp.lang.netlogo.devel,1,50,en,100.0,100.0,2016,2016,1
gmane.comp.lang.ruby.bio,1,50,en,100.0,100.0,2015,2015,1
gmane.comp.lang.ruby.region.croatia,1,50,hr,100.0,0.0,2011,2011,1
gmane.comp.lib.wxwindows.wxnet,1,50,en,100.0,100.0,2006,2006,1
gmane.comp.networking.opensplice.devel,1,50,en,100.0,100.0,2012,2012,1
gmane.comp.openoffice.devel.website,1,50,en,100.0,100.0,2010,2010,1
gmane.comp.python.snakelets.general,1,50,en,100.0,100.0,2004,2004,1
gmane.comp.python.tryton.russian,1,50,ru,100.0,0.0,2014,2014,1
gmane.comp.security.wireless,1,50,en,100.0,100.0,2009,2009,1
gmane.comp.sysutils.ack.user,1,50,en,100.0,100.0,2015,2015,1
gmane.comp.version-control.git.libgit2,1,50,en,100.0,100.0,2011,2011,1
gmane.comp.version-control.subversion.subclipse.announce,1,50,en,100.0,100.0,2009,2009,1
gmane.comp.web.zope.plone.plonepm,1,50,en,100.0,100.0,2007,2007,1
gmane.linux.debian.alioth.pkg-meego,1,50,UNKNOWN,100.0,0.0,2012,2012,1
gmane.linux.debian.packages.ada,1,50,en,100.0,100.0,2014,2014,1
gmane.linux.drivers.thinkfinger,1,50,en,100.0,100.0,2007,2007,1
gmane.linux.ports.amstrad.emailer,1,50,en,100.0,100.0,2019,2019,1
gmane.linux.power-management.powersave,1,50,en,100.0,100.0,2006,2006,1
gmane.linux.redhat.sparc,1,50,en,100.0,100.0,2004,2004,1
gmane.linux.scientific.devel,1,50,en,100.0,100.0,2018,2018,1
gmane.linux.terminal-server.x2go.i18n,1,50,en,100.0,100.0,2012,2012,1
gmane.mail.mew.general,1,50,en,100.0,100.0,2009,2009,1
gmane.mail.trojita.general,1,50,en,100.0,100.0,2013,2013,1
gmane.mail.vuser.cvs,1,50,en,100.0,100.0,2005,2005,1
gmane.network.bb4.devel,1,50,en,100.0,100.0,2004,2004,1
gmane.network.instant-messaging.libmsn.general,1,50,en,100.0,100.0,2008,2008,1
gmane.network.jabber.announce,1,50,en,100.0,100.0,2006,2006,1
gmane.org.user-groups.canada.cluecan.general,1,50,en,100.0,100.0,2007,2007,1
gmane.org.user-groups.linux.nepal,1,50,en,100.0,100.0,2005,2005,1
gmane.org.user-groups.linux.norway.lilug,1,50,no,100.0,0.0,2001,2001,1
gmane.org.wikimedia.wikimetrics,1,50,en,100.0,100.0,2016,2016,1
gmane.os.netbsd.ports.sun3,1,50,en,100.0,100.0,2003,2003,1
gmane.comp.cryptography.viff.patches,1,50,en,100.0,100.0,2009,2009,1
gmane.comp.debugging.dmtcp.general,1,50,en,100.0,100.0,2015,2015,1
gmane.comp.gnu.radio.patch,1,50,en,100.0,100.0,2012,2012,1
gmane.comp.java.jooq.devel,1,50,en,100.0,100.0,2011,2011,1
gmane.comp.java.trails.user,1,50,en,100.0,100.0,2005,2005,1
gmane.comp.java.wicket.stuff.devel,1,50,en,100.0,100.0,2007,2007,1
gmane.comp.kde.krusader.user,1,50,en,100.0,100.0,2014,2014,1
gmane.comp.lang.c++.unittest++.devel,1,50,en,100.0,100.0,2010,2010,1
gmane.comp.lang.ispc.devel,1,50,en,100.0,100.0,2019,2019,1
gmane.comp.lib.qt.components,1,50,en,100.0,100.0,2010,2010,1
gmane.comp.medical.dicom.osirix,1,50,en,100.0,100.0,2007,2007,1
gmane.comp.package-management.project-builder.devel,1,50,en,100.0,100.0,2017,2017,1
gmane.comp.package-management.rpm.user,1,50,en,100.0,100.0,2012,2012,1
gmane.comp.sysutils.ddrescue,1,50,en,100.0,100.0,2014,2014,1
gmane.comp.video.gegl.devel,1,50,en,100.0,100.0,2013,2013,1
gmane.comp.video.gstreamer.embedded,1,50,en,100.0,100.0,2008,2008,1
gmane.comp.video.ogle.devel,1,50,en,100.0,100.0,2003,2003,1
gmane.comp.web.general,1,50,en,100.0,100.0,2008,2008,1
gmane.comp.web.pebble.user,1,50,en,100.0,100.0,2013,2013,1
gmane.comp.web.webmin.devel,1,50,en,100.0,100.0,2002,2002,1
gmane.comp.windows.farmanager.announce,1,50,ru,100.0,0.0,2006,2006,1
gmane.culture.arts.seattle.harvard.roy,1,50,en,100.0,100.0,2009,2009,1
gmane.education.technology.sail.devel,1,50,en,100.0,100.0,2007,2007,1
gmane.ietf.beep,1,50,en,100.0,100.0,2004,2004,1
gmane.linux.debian.quantian.announce,1,50,en,100.0,100.0,2004,2004,1
gmane.linux.debian.user.quebec,1,50,fr,100.0,0.0,2013,2013,1
gmane.linux.kernel.kernel-traffic,1,50,en,100.0,100.0,2004,2004,1
gmane.linux.laptop.olpc.philippines,1,50,en,100.0,100.0,2009,2009,1
gmane.linux.linuxinindia.announce,1,50,en,100.0,100.0,2004,2004,1
gmane.linux.ports.free60.devel,1,50,en,100.0,100.0,2005,2005,1
gmane.linux.sourcemage.user,1,50,en,100.0,100.0,2007,2007,1
gmane.lisp.drakma.devel,1,50,en,100.0,100.0,2011,2011,1
gmane.mail.alpine.alpha,1,50,en,100.0,100.0,2008,2008,1
gmane.mail.spam.spamassassin.devel.de,1,50,de,100.0,0.0,2003,2003,1
gmane.network.bit-torrent.devel,1,50,en,100.0,100.0,2007,2007,1
gmane.network.freenet.general,1,50,en,100.0,100.0,2006,2006,1
gmane.network.jabber.xmppd.devel,1,50,en,100.0,100.0,2012,2012,1
gmane.network.syndication.rss.rssowl.user,1,50,en,100.0,100.0,2005,2005,1
gmane.org.gnu.japan,1,50,et,100.0,0.0,2004,2004,1
gmane.org.netlabs.warpvision.devel,1,50,en,100.0,100.0,2007,2007,1
gmane.science.linguistics.wikipedia.swedish,1,50,sv,100.0,0.0,2010,2010,1
gmane.text.docbook.dblatex.general,1,50,en,100.0,100.0,2015,2015,1
gmane.comp.audio.cd-paranoia.general,1,50,en,100.0,100.0,2004,2004,1
gmane.comp.db.liquibase.user,1,50,en,100.0,100.0,2009,2009,1
gmane.comp.gis.cartoweb.devel,1,50,en,100.0,100.0,2006,2006,1
gmane.comp.gis.openstreetmap.region.de.essen,1,50,de,100.0,0.0,2016,2016,1
gmane.comp.gnome.utopia,1,50,en,100.0,100.0,2006,2006,1
gmane.comp.handhelds.meego.releases,1,50,en,100.0,100.0,2011,2011,1
gmane.comp.handhelds.pimlico,1,50,en,100.0,100.0,2010,2010,1
gmane.comp.java.jenkins.jacoco,1,50,en,100.0,100.0,2013,2013,1
gmane.comp.java.paranamer.devel,1,50,pt,100.0,0.0,2009,2009,1
gmane.comp.java.swtbot.scm,1,50,en,100.0,100.0,2008,2008,1
gmane.comp.lang.perl.modules.xml-compile,1,50,en,100.0,100.0,2014,2014,1
gmane.comp.lang.perl.tk,1,50,en,100.0,100.0,2003,2003,1
gmane.comp.lang.scala.scalanlp,1,50,en,100.0,100.0,2009,2009,1
gmane.comp.lang.tcl.tcllib.devel,1,50,en,100.0,100.0,2019,2019,1
gmane.comp.lib.qt.mobility.general,1,50,en,100.0,100.0,2010,2010,1
gmane.comp.mathematics.elemental.devel,1,50,en,100.0,100.0,2013,2013,1
gmane.comp.mathematics.graph,1,50,en,100.0,100.0,2007,2007,1
gmane.comp.mathematics.sage.flame,1,50,en,100.0,100.0,2014,2014,1
gmane.comp.openoffice.announce.general,1,50,en,100.0,100.0,2011,2011,1
gmane.comp.programming.extreme-programming.xp-explained2,1,50,en,100.0,100.0,2004,2004,1
gmane.comp.python.django.apps,1,50,en,100.0,100.0,2009,2009,1
gmane.comp.type-setting.lout,1,50,en,100.0,100.0,2006,2006,1
gmane.comp.video.lscube.user,1,50,en,100.0,100.0,2009,2009,1
gmane.comp.voip.sipxtapi.devel,1,50,en,100.0,100.0,2007,2007,1
gmane.comp.web.alertbox,1,50,en,100.0,100.0,2009,2009,1
gmane.comp.web.blogv2.devel,1,50,fr,100.0,0.0,2004,2004,1
gmane.comp.web.steamcannon.devel,1,50,en,100.0,100.0,2010,2010,1
gmane.comp.windows.dotnet.nunit.user,1,50,en,100.0,100.0,2005,2005,1
gmane.culture.publications.firstmonday,1,50,en,100.0,100.0,2012,2012,1
gmane.education.libraries.vufind.devel,1,50,en,100.0,100.0,2018,2018,1
gmane.emacs.mule,1,50,en,100.0,100.0,2007,2007,1
gmane.emacs.xemacs.build-reports,1,50,en,100.0,100.0,2009,2009,1
gmane.ietf.pfkey,1,50,en,100.0,100.0,2005,2005,1
gmane.linux.redhat.s390,1,50,en,100.0,100.0,2003,2003,1
gmane.linux.wolk.announce,1,50,en,100.0,100.0,2004,2004,1
gmane.lisp.erlisp.devel,1,50,en,100.0,100.0,2005,2005,1
gmane.lisp.scheme.gauche,1,50,en,100.0,100.0,2010,2010,1
gmane.lisp.scheme.srfi.srfi-9,1,50,en,100.0,100.0,2003,2003,1
gmane.mail.smartlist.user,1,50,en,100.0,100.0,2002,2002,1
gmane.music.list-for-whoever,1,50,en,100.0,100.0,2005,2005,1
gmane.network.irc.ircd-ratbox.user,1,50,en,100.0,100.0,2011,2011,1
gmane.org.handasarabia.ofoq,1,50,en,100.0,100.0,2003,2003,1
gmane.os.netbsd.ports.ofppc,1,50,en,100.0,100.0,2012,2012,1
gmane.science.physics.yade.user,1,50,en,100.0,100.0,2006,2006,1
gmane.comp.db.oracle.devel,1,50,en,100.0,100.0,2003,2003,1
gmane.comp.file-systems.openafs.devel.win32,1,50,en,100.0,100.0,2005,2005,1
gmane.comp.gis.geotiff,1,50,en,100.0,100.0,2013,2013,1
gmane.comp.gnome.devel.announce,1,50,en,100.0,100.0,2011,2011,1
gmane.comp.gnome.geoclue,1,50,en,100.0,100.0,2010,2010,1
gmane.comp.graphics.inkscape.board,1,50,en,100.0,100.0,2019,2019,1
gmane.comp.handhelds.pda-shop,1,50,pt,100.0,0.0,2005,2005,1
gmane.comp.ide.eclipse.tools.devel,1,50,en,100.0,100.0,2009,2009,1
gmane.comp.internationalization.finnish,1,50,fi,100.0,0.0,2004,2004,1
gmane.comp.java.netbeans.webteam,1,50,en,100.0,100.0,2008,2008,1
gmane.comp.lang.haskell.pipes,1,50,en,100.0,100.0,2014,2014,1
gmane.comp.lang.mozart.oz.hackers,1,50,en,100.0,100.0,2011,2011,1
gmane.comp.lang.r.announce,1,50,en,100.0,100.0,2013,2013,1
gmane.comp.lang.r.ropensci,1,50,en,100.0,100.0,2014,2014,1
gmane.comp.lib.libopencm3,1,50,en,100.0,100.0,2017,2017,1
gmane.comp.lib.qt.marketplace,1,50,en,100.0,100.0,2009,2009,1
gmane.comp.monitoring.fusion-inventory.devel,1,50,en,100.0,100.0,2010,2010,1
gmane.comp.openoffice.marketing.art,1,50,en,100.0,100.0,2010,2010,1
gmane.comp.openoffice.users.serbian,1,50,hr,100.0,0.0,2010,2010,1
gmane.comp.python.psf.community,1,50,en,100.0,100.0,2015,2015,1
gmane.comp.python.pyspread.devel,1,50,en,100.0,100.0,2014,2014,1
gmane.comp.security.virus.clamav.win32,1,50,en,100.0,100.0,2007,2007,1
gmane.comp.sysutils.ack.announce,1,50,en,100.0,100.0,2009,2009,1
gmane.comp.web.eprints.general,1,50,en,100.0,100.0,2002,2002,1
gmane.comp.web.wiki.dokuwiki.internationalization,1,50,en,100.0,100.0,2008,2008,1
gmane.comp.web.zope.chinese,1,50,vi,100.0,0.0,2007,2007,1
gmane.editors.lyx.announce,1,50,en,100.0,100.0,2017,2017,1
gmane.games.diplomacy.rtdip,1,50,en,100.0,100.0,2007,2007,1
gmane.ietf.asrg.smtpverify,1,50,en,100.0,100.0,2004,2004,1
gmane.ietf.imap5,1,50,en,100.0,100.0,2012,2012,1
gmane.ietf.iptel,1,50,en,100.0,100.0,2002,2002,1
gmane.ietf.nat,1,50,en,100.0,100.0,2002,2002,1
gmane.linux.debian.infrastructure.announce,1,50,en,100.0,100.0,2014,2014,1
gmane.linux.installation.cobbler.devel,1,50,en,100.0,100.0,2017,2017,1
gmane.lisp.openmcl.announce,1,50,en,100.0,100.0,2012,2012,1
gmane.lisp.scheme.srfi.srfi-106,1,50,en,100.0,100.0,2013,2013,1
gmane.music.aphex-twin,1,50,en,100.0,100.0,2003,2003,1
gmane.network.fire.general,1,50,en,100.0,100.0,2004,2004,1
gmane.network.onion-routing.torservers,1,50,en,100.0,100.0,2013,2013,1
gmane.org.it-ru.germany.general,1,50,ru,100.0,0.0,2004,2004,1
gmane.org.user-groups.linux.fifelug,1,50,en,100.0,100.0,2006,2006,1
gmane.user-groups.linux.lugmen.electronica,1,50,es,100.0,0.0,2009,2009,1
gmane.comp.ai.edm.announce,1,50,en,100.0,100.0,2007,2007,1
gmane.comp.ai.loom,1,50,en,100.0,100.0,2007,2007,1
gmane.comp.bug-tracking.gnats.cvs,1,50,en,100.0,100.0,2005,2005,1
gmane.comp.cad.brlcad.user,1,50,en,100.0,100.0,2009,2009,1
gmane.comp.db.postgresql.bucardo.general,1,50,en,100.0,100.0,2016,2016,1
gmane.comp.file-systems.mogilefs,1,50,en,100.0,100.0,2007,2007,1
gmane.comp.java.springframework.modules.devel,1,50,en,100.0,100.0,2010,2010,1
gmane.comp.lang.perl.perl6.announce,1,50,en,100.0,100.0,2003,2003,1
gmane.comp.lib.gnustep.announce,1,50,en,100.0,100.0,2005,2005,1
gmane.comp.lib.s11n.general,1,50,zh-cn,100.0,0.0,2012,2012,1
gmane.comp.lib.state-threads.devel,1,50,en,100.0,100.0,2005,2005,1
gmane.comp.misc.agile.planning,1,50,en,100.0,100.0,2005,2005,1
gmane.comp.multimedia.ogg.advocacy,1,50,en,100.0,100.0,2009,2009,1
gmane.comp.networking.adito.user,1,50,en,100.0,100.0,2009,2009,1
gmane.comp.python.kiwi,1,50,UNKNOWN,100.0,0.0,2008,2008,1
gmane.comp.python.pudge.general,1,50,en,100.0,100.0,2005,2005,1
gmane.comp.python.xml.generateds.user,1,50,en,100.0,100.0,2015,2015,1
gmane.comp.security.openwall.announce,1,50,en,100.0,100.0,2001,2001,1
gmane.comp.sysutils.supervisor.general,1,50,en,100.0,100.0,2012,2012,1
gmane.comp.tex.thuthesis,1,50,zh-cn,100.0,0.0,2013,2013,1
gmane.comp.video.aravis,1,50,en,100.0,100.0,2012,2012,1
gmane.comp.web.agavi.cvs,1,50,en,100.0,100.0,2005,2005,1
gmane.comp.web.egroupware.core,1,50,en,100.0,100.0,2008,2008,1
gmane.comp.web.links.list,1,50,en,100.0,100.0,2003,2003,1
gmane.comp.web.spip.education,1,50,fr,100.0,0.0,2011,2011,1
gmane.comp.web.zope.perl,1,50,en,100.0,100.0,2005,2005,1
gmane.editors.serna.user,1,50,en,100.0,100.0,2007,2007,1
gmane.education.gcs-pcs,1,50,en,100.0,100.0,2009,2009,1
gmane.emacs.twmode.user,1,50,ja,100.0,0.0,2010,2010,1
gmane.ietf.asrg.filtering,1,50,en,100.0,100.0,2004,2004,1
gmane.ietf.ifare,1,50,en,100.0,100.0,2007,2007,1
gmane.ietf.l1vpn,1,50,en,100.0,100.0,2006,2006,1
gmane.ietf.vnfpool,1,50,en,100.0,100.0,2014,2014,1
gmane.linux.embedded.celinux.devel,1,50,en,100.0,100.0,2012,2012,1
gmane.linux.laptop.olpc.france,1,50,fr,100.0,0.0,2011,2011,1
gmane.linux.linux-wlan.devel,1,50,en,100.0,100.0,2005,2005,1
gmane.linux.umbrello.user,1,50,en,100.0,100.0,2004,2004,1
gmane.lisp.ltk.user,1,50,en,100.0,100.0,2007,2007,1
gmane.mail.mutt.announce,1,50,en,100.0,100.0,2019,2019,1
gmane.network.silc.user,1,50,en,100.0,100.0,2008,2008,1
gmane.network.vpn.opennhrp.devel,1,50,en,100.0,100.0,2017,2017,1
gmane.org.clubs.lasc,1,50,en,100.0,100.0,2005,2005,1
gmane.os.netbsd.ports.hpcarm,1,50,en,100.0,100.0,2005,2005,1
gmane.os.solaris.blastwave.newpkgs,1,50,en,100.0,100.0,2007,2007,1
gmane.text.xml.sax.general,1,50,en,100.0,100.0,2003,2003,1
gmane.comp.audio.cd-paranoia.devel,1,50,en,100.0,100.0,2010,2010,1
gmane.comp.bug-tracking.subissue.devel,1,50,UNKNOWN,100.0,0.0,2010,2010,1
gmane.comp.cms.xaraya.patches,1,50,en,100.0,100.0,2004,2004,1
gmane.comp.editors.vim.eclim.devel,1,50,en,100.0,100.0,2016,2016,1
gmane.comp.emulators.wine.releases,1,50,en,100.0,100.0,2017,2017,1
gmane.comp.gis.openstreetmap.openrailwaymap,1,50,de,100.0,0.0,2015,2015,1
gmane.comp.gnu.gpaint.devel,1,50,en,100.0,100.0,2006,2006,1
gmane.comp.handhelds.meego.ivi,1,50,en,100.0,100.0,2011,2011,1
gmane.comp.handhelds.meego.security.general,1,50,en,100.0,100.0,2011,2011,1
gmane.comp.internationalization.fribidi,1,50,en,100.0,100.0,2013,2013,1
gmane.comp.lang.ruby.ruby-vpi.user,1,50,en,100.0,100.0,2007,2007,1
gmane.comp.multimedia.ogg.xiph-rtp,1,50,en,100.0,100.0,2004,2004,1
gmane.comp.openoffice.ooocon.general,1,50,en,100.0,100.0,2010,2010,1
gmane.comp.printing.jasmine.user,1,50,en,100.0,100.0,2006,2006,1
gmane.comp.security.firewalls.ipfilter.devel,1,50,en,100.0,100.0,2010,2010,1
gmane.comp.video.dvbcut.devel,1,50,en,100.0,100.0,2012,2012,1
gmane.comp.video.videolan.vlma.devel,1,50,en,100.0,100.0,2008,2008,1
gmane.comp.web.dojo.dojox,1,50,en,100.0,100.0,2009,2009,1
gmane.comp.web.interchange.internationalization,1,50,en,100.0,100.0,2004,2004,1
gmane.comp.web.kramdown.user,1,50,en,100.0,100.0,2012,2012,1
gmane.comp.web.zope.devel.tracker,1,50,en,100.0,100.0,2004,2004,1
gmane.education.region.ucb.rit.reading,1,50,en,100.0,100.0,2014,2014,1
gmane.games.speed-dreams.user,1,50,en,100.0,100.0,2012,2012,1
gmane.ietf.gsmp,1,50,en,100.0,100.0,2019,2019,1
gmane.ietf.rserpool,1,50,en,100.0,100.0,2004,2004,1
gmane.linux.debian.devel.exim4.devel,1,50,en,100.0,100.0,2007,2007,1
gmane.linux.hardware.gpib.general,1,50,en,100.0,100.0,2012,2012,1
gmane.linux.suse.zypp.devel,1,50,en,100.0,100.0,2013,2013,1
gmane.mail.brutus,1,50,en,100.0,100.0,2009,2009,1
gmane.mail.squirrelmail.gpg,1,50,en,100.0,100.0,2006,2006,1
gmane.network.dns.dnssec-trigger,1,50,en,100.0,100.0,2014,2014,1
gmane.network.jabber.social,1,50,en,100.0,100.0,2010,2010,1
gmane.network.research.irtf,1,50,en,100.0,100.0,2006,2006,1
gmane.org.aful.interlug,1,50,fr,100.0,0.0,2016,2016,1
gmane.org.operators.itnog,1,50,it,100.0,0.0,2016,2016,1
gmane.org.user-groups.aclug.webdev,1,50,en,100.0,100.0,2002,2002,1
gmane.org.user-groups.blug.slugbug,1,50,en,100.0,100.0,2004,2004,1
gmane.org.user-groups.linux.italian.lugsicilia,1,50,it,100.0,0.0,2009,2009,1
gmane.org.w3c.xsl-editors,1,50,en,100.0,100.0,2006,2006,1
gmane.org.wikimedia.south-africa,1,50,en,100.0,100.0,2011,2011,1
gmane.os.openbeos.mediakit,1,50,en,100.0,100.0,2005,2005,1
gmane.os.qnx.openqnx.devel,1,50,en,100.0,100.0,2004,2004,1
gmane.science.linguistics.wikimedia.germany.fundraising,1,50,de,100.0,0.0,2011,2011,1
gmane.science.robotics.pyro.user,1,50,en,100.0,100.0,2009,2009,1
gmane.comp.bug-tracking.ditrack.devel,1,50,en,100.0,100.0,2007,2007,1
gmane.comp.desktop.linux-foundation,1,50,en,100.0,100.0,2008,2008,1
gmane.comp.embedded.canopen.canfestival,1,50,af,100.0,0.0,2008,2008,1
gmane.comp.freedesktop.uim,1,50,en,100.0,100.0,2005,2005,1
gmane.comp.gnome.beast,1,50,en,100.0,100.0,2010,2010,1
gmane.comp.gnu.idutils.bugs,1,50,en,100.0,100.0,2010,2010,1
gmane.comp.gnu.radius.bugs,1,50,en,100.0,100.0,2003,2003,1
gmane.comp.graphics.sodipodi,1,50,en,100.0,100.0,2003,2003,1
gmane.comp.hardware.smartphones.kernel,1,50,en,100.0,100.0,2010,2010,1
gmane.comp.isp.consume.general,1,50,en,100.0,100.0,2008,2008,1
gmane.comp.java.anthill.announce,1,50,en,100.0,100.0,2006,2006,1
gmane.comp.java.audit.checkstyle.user,1,50,en,100.0,100.0,2005,2005,1
gmane.comp.java.audit.pmd.scm,1,50,en,100.0,100.0,2019,2019,1
gmane.comp.db.postgresql.debian,1,50,en,100.0,100.0,2015,2015,1
gmane.comp.finance.turquaz.monitor,1,50,tr,100.0,0.0,2004,2004,1
gmane.comp.games.volity.devel,1,50,en,100.0,100.0,2007,2007,1
gmane.comp.gis.openstreetmap.region.it.trentino,1,50,it,100.0,0.0,2014,2014,1
gmane.comp.gnome.gal.hackers,1,50,UNKNOWN,100.0,0.0,2004,2004,1
gmane.comp.gnome.javascript,1,50,en,100.0,100.0,2013,2013,1
gmane.comp.gnome.os.redhat,1,50,en,100.0,100.0,2003,2003,1
gmane.comp.java.advanced-servlets,1,50,en,100.0,100.0,2004,2004,1
gmane.comp.java.enhydra.zeus,1,50,en,100.0,100.0,2003,2003,1
gmane.comp.jbpm.devel,1,50,en,100.0,100.0,2014,2014,1
gmane.comp.kde.devel.java,1,50,en,100.0,100.0,2004,2004,1
gmane.comp.kde.mobile,1,50,en,100.0,100.0,2012,2012,1
gmane.comp.lang.ada.sockets,1,50,en,100.0,100.0,2004,2004,1
gmane.comp.lang.erlang.erlyweb.devel,1,50,en,100.0,100.0,2008,2008,1
gmane.comp.lang.julia.stats,1,50,en,100.0,100.0,2016,2016,1
gmane.comp.lang.perl.events,1,50,en,100.0,100.0,2010,2010,1
gmane.comp.lang.realbasic.pgsql4rb,1,50,en,100.0,100.0,2006,2006,1
gmane.comp.lang.ruby.ffi,1,50,en,100.0,100.0,2013,2013,1
gmane.comp.mozilla.devel.oji,1,50,en,100.0,100.0,2007,2007,1
gmane.comp.multimedia.breezebrowser,1,50,en,100.0,100.0,2011,2011,1
gmane.comp.peer-to-peer.kenosis.general,1,50,en,100.0,100.0,2010,2010,1
gmane.comp.php.phpmyadmin.announce,1,50,en,100.0,100.0,2011,2011,1
gmane.comp.python.cryptography.devel,1,50,en,100.0,100.0,2015,2015,1
gmane.comp.python.django.pinax.devel,1,50,en,100.0,100.0,2012,2012,1
gmane.comp.python.kid.general,1,50,en,100.0,100.0,2006,2006,1
gmane.comp.python.pycon.interest,1,50,en,100.0,100.0,2006,2006,1
gmane.comp.security.firewalls.sanewall.user,1,50,en,100.0,100.0,2014,2014,1
gmane.comp.security.rng,1,50,en,100.0,100.0,2016,2016,1
gmane.comp.security.vulnerabilities.watch.announce,1,50,en,100.0,100.0,2006,2006,1
gmane.comp.tex.protext,1,50,en,100.0,100.0,2011,2011,1
gmane.comp.tex.tug.summer-of-code,1,50,en,100.0,100.0,2009,2009,1
gmane.comp.video.exact-image,1,50,en,100.0,100.0,2015,2015,1
gmane.comp.video.lscube.devel,1,50,en,100.0,100.0,2009,2009,1
gmane.comp.web.zope.listen.devel,1,50,en,100.0,100.0,2007,2007,1
gmane.education.small-land,1,50,es,100.0,0.0,2006,2006,1
gmane.emacs.helm.user,1,50,en,100.0,100.0,2014,2014,1
gmane.games.board.chess.scid.devel,1,50,en,100.0,100.0,2005,2005,1
gmane.linux.audio.region.italy,1,50,it,100.0,0.0,2007,2007,1
gmane.linux.redhat.stateless,1,50,en,100.0,100.0,2008,2008,1
gmane.mail.exim.user.german,1,50,de,100.0,0.0,2008,2008,1
gmane.mail.ng,1,50,en,100.0,100.0,2004,2004,1
gmane.mail.spam.anti-spam.turkish,1,50,tr,100.0,0.0,2003,2003,1
gmane.network.obby.user,1,50,en,100.0,100.0,2005,2005,1
gmane.os.freebsd.devel.afs,1,50,en,100.0,100.0,2008,2008,1
gmane.science.medicine.imaging,1,50,en,100.0,100.0,2008,2008,1
gmane.text.xml.jfor.general,1,50,en,100.0,100.0,2002,2002,1
gmane.comp.archivers.info-zip,1,50,en,100.0,100.0,2004,2004,1
gmane.comp.cybernetics.webot.contest,1,50,UNKNOWN,100.0,0.0,2008,2008,1
gmane.comp.freedesktop.xorg.modular,1,50,en,100.0,100.0,2005,2005,1
gmane.comp.gis.openstreetmap.region.is,1,50,hu,100.0,0.0,2011,2011,1
gmane.comp.gnome.apps.gqview.devel,1,50,en,100.0,100.0,2008,2008,1
gmane.comp.gnome.mono.moonlight,1,50,en,100.0,100.0,2010,2010,1
gmane.comp.gnu.regexp,1,50,vi,100.0,0.0,2006,2006,1
gmane.comp.hardware.open-hardware.ethervideo,1,50,en,100.0,100.0,2007,2007,1
gmane.comp.ide.eclipse.platform.search.devel,1,50,en,100.0,100.0,2009,2009,1
gmane.comp.infodesign.facetedclassification,1,50,en,100.0,100.0,2003,2003,1
gmane.comp.java.jswat.user,1,50,en,100.0,100.0,2003,2003,1
gmane.comp.java.netbeans.modules.tasklist.devel,1,50,en,100.0,100.0,2003,2003,1
gmane.comp.krysalis.metamorphosis.cvs,1,50,en,100.0,100.0,2004,2004,1
gmane.comp.lang.haskell.template,1,50,en,100.0,100.0,2004,2004,1
gmane.comp.lang.perl.modules.formbuilder,1,50,en,100.0,100.0,2005,2005,1
gmane.comp.lang.smalltalk.croquet.user,1,50,en,100.0,100.0,2006,2006,1
gmane.comp.lib.iwhd.devel,1,50,en,100.0,100.0,2011,2011,1
gmane.comp.log.epylog,1,50,en,100.0,100.0,2006,2006,1
gmane.comp.mathematics.openmath.om3,1,50,en,100.0,100.0,2013,2013,1
gmane.comp.misc.agile.net,1,50,en,100.0,100.0,2008,2008,1
gmane.comp.multimedia.helix.debian,1,50,en,100.0,100.0,2012,2012,1
gmane.comp.multimedia.media-api,1,50,en,100.0,100.0,2004,2004,1
gmane.comp.programming.creduce.bugs,1,50,en,100.0,100.0,2015,2015,1
gmane.comp.tex.latex.tudesign.devel,1,50,UNKNOWN,100.0,0.0,2016,2016,1
gmane.comp.tex.pgfplots,1,50,en,100.0,100.0,2011,2011,1
gmane.comp.video.gimp.announce,1,50,en,100.0,100.0,2004,2004,1
gmane.comp.video.xine.user.german,1,50,en,100.0,100.0,2008,2008,1
gmane.comp.web.zope.xml,1,50,en,100.0,100.0,2004,2004,1
gmane.comp.windows.devel.netwindows,1,50,en,100.0,100.0,2003,2003,1
gmane.culture.history.telephony.singingwires,1,50,en,100.0,100.0,2013,2013,1
gmane.linux.terminal-server.x2go.tags,1,50,en,100.0,100.0,2014,2014,1
gmane.lisp.scheme.srfi.srfi-66,1,50,en,100.0,100.0,2017,2017,1
gmane.mail.nail.devel,1,50,en,100.0,100.0,2012,2012,1
gmane.org.conferences.lvee.talks,1,50,ru,100.0,0.0,2009,2009,1
gmane.org.netlabs.uniaud.devel,1,50,en,100.0,100.0,2007,2007,1
gmane.org.user-groups.linux.bcslug,1,50,en,100.0,100.0,2006,2006,1
gmane.os.solaris.opensolaris.pkg.sfe,1,50,en,100.0,100.0,2011,2011,1
gmane.science.linguistics.citizendium.general,1,50,en,100.0,100.0,2006,2006,1
gmane.science.linguistics.wikipedia.polski.wikirobota,1,50,pl,100.0,0.0,2010,2010,1
gmane.technology.sustainable.ecobalance,1,50,en,100.0,100.0,2005,2005,1
gmane.comp.games.gnocatan.devel,1,50,en,100.0,100.0,2008,2008,1
gmane.comp.gis.openstreetmap.region.de.goettingen,1,50,de,100.0,0.0,2010,2010,1
gmane.comp.gnu.indent.bugs,1,50,en,100.0,100.0,2010,2010,1
gmane.comp.gnu.m4.general,1,50,en,100.0,100.0,2008,2008,1
gmane.comp.horde.announce,1,50,en,100.0,100.0,2011,2011,1
gmane.comp.java.sisc.devel,1,50,en,100.0,100.0,2009,2009,1
gmane.comp.lang.groovy.brasil,1,50,en,100.0,100.0,2006,2006,1
gmane.comp.lang.haskell.infrastructure,1,50,en,100.0,100.0,2013,2013,1
gmane.comp.lang.ruby.posix-mq.general,1,50,en,100.0,100.0,2011,2011,1
gmane.comp.lib.qt.qt5-feedback,1,50,en,100.0,100.0,2011,2011,1
gmane.comp.mathematics.pyfr,1,50,en,100.0,100.0,2015,2015,1
gmane.comp.php.creole.cvs,1,50,en,100.0,100.0,2005,2005,1
gmane.comp.shells.scripting,1,50,en,100.0,100.0,2008,2008,1
gmane.comp.sysutils.lcd4linux.user,1,50,en,100.0,100.0,2008,2008,1
gmane.comp.video.gnome-subtitles,1,50,en,100.0,100.0,2019,2019,1
gmane.comp.web.dl-ticket-service.general,1,50,en,100.0,100.0,2011,2011,1
gmane.comp.web.openid.marketing,1,50,en,100.0,100.0,2008,2008,1
gmane.comp.web.paste.user,1,50,en,100.0,100.0,2011,2011,1
gmane.ietf.diffserv,1,50,en,100.0,100.0,2002,2002,1
gmane.linux.debian.devel.blends.scm,1,50,en,100.0,100.0,2009,2009,1
gmane.linux.diald,1,50,en,100.0,100.0,2006,2006,1
gmane.linux.distributions.blag.devel,1,50,en,100.0,100.0,2008,2008,1
gmane.linux.embedded.yocto.announce,1,50,en,100.0,100.0,2013,2013,1
gmane.linux.process-aggregates,1,50,en,100.0,100.0,2007,2007,1
gmane.linux.ubuntu.news,1,50,en,100.0,100.0,2017,2017,1
gmane.linux.ubuntu.user.turkish,1,50,tr,100.0,0.0,2009,2009,1
gmane.linux.yoper.announce,1,50,en,100.0,100.0,2006,2006,1
gmane.mail.popa3d.user,1,50,en,100.0,100.0,2003,2003,1
gmane.network.opennms.announce,1,50,en,100.0,100.0,2005,2005,1
gmane.network.samba.smb-clients,1,50,en,100.0,100.0,2007,2007,1
gmane.org.comp.autonomous.discuss,1,50,en,100.0,100.0,2009,2009,1
gmane.org.wikimedia.turkey,1,50,tr,100.0,0.0,2017,2017,1
gmane.science.linguistics.wikipedia.nederlands,1,50,nl,100.0,0.0,2007,2007,1
gmane.user-groups.foss.opensourcekochen,1,50,de,100.0,0.0,2012,2012,1
gmane.user-groups.linux.delhi.devel,1,50,en,100.0,100.0,2004,2004,1
gmane.user-groups.linux.linuxfestnorthwest,1,50,en,100.0,100.0,2017,2017,1
gmane.comp.apache.tiles.user,1,50,en,100.0,100.0,2010,2010,1
gmane.comp.cad.qcad.user,1,50,en,100.0,100.0,2005,2005,1
gmane.comp.cms.aegir.devel,1,50,en,100.0,100.0,2003,2003,1
gmane.comp.cms.sakai.framework,1,50,en,100.0,100.0,2006,2006,1
gmane.comp.file-systems.ecryptfs.devel,1,50,en,100.0,100.0,2007,2007,1
gmane.comp.gis.openstreetmap.photos,1,50,en,100.0,100.0,2009,2009,1
gmane.comp.gnu.xlogmaster.beta,1,50,en,100.0,100.0,2005,2005,1
gmane.comp.graphics.cuda.cudpp,1,50,en,100.0,100.0,2009,2009,1
gmane.comp.hardware.gps.opensource,1,50,en,100.0,100.0,2006,2006,1
gmane.comp.java.cashew-s.editor.patches,1,50,en,100.0,100.0,2005,2005,1
gmane.comp.lang.boo.user,1,50,en,100.0,100.0,2005,2005,1
gmane.comp.lang.eiffel.smalleiffel,1,50,en,100.0,100.0,2005,2005,1
gmane.comp.lang.ruby.french,1,50,fr,100.0,0.0,2006,2006,1
gmane.comp.mathematics.aldor-combinat.devel,1,50,en,100.0,100.0,2006,2006,1
gmane.comp.python.anygui.cvs,1,50,en,100.0,100.0,2002,2002,1
gmane.comp.python.django.django-cms.devel,1,50,cs,100.0,0.0,2017,2017,1
gmane.comp.sysutils.backup.sarab,1,50,en,100.0,100.0,2006,2006,1
gmane.comp.sysutils.cockpit.devel,1,50,en,100.0,100.0,2017,2017,1
gmane.comp.telephony.pbx.asterisknow,1,50,en,100.0,100.0,2008,2008,1
gmane.comp.video.mcf.devel,1,50,en,100.0,100.0,2002,2002,1
gmane.comp.video.vdubmod.devel,1,50,en,100.0,100.0,2009,2009,1
gmane.comp.web.nginx.announce,1,50,en,100.0,100.0,2018,2018,1
gmane.comp.web.yadis.general,1,50,en,100.0,100.0,2007,2007,1
gmane.culture.bbs.arizona,1,50,en,100.0,100.0,2010,2010,1
gmane.culture.literature.thomas-pynchon,1,50,en,100.0,100.0,2002,2002,1
gmane.culture.publications.edupage,1,50,en,100.0,100.0,2003,2003,1
gmane.culture.travel.openguides.bugs,1,50,en,100.0,100.0,2012,2012,1
gmane.games.crimsonfields.user,1,50,en,100.0,100.0,2009,2009,1
gmane.games.devel.design,1,50,en,100.0,100.0,2003,2003,1
gmane.linux.drivers.modem.hsf,1,50,en,100.0,100.0,2002,2002,1
gmane.linux.redhat.fedora.scitech,1,50,en,100.0,100.0,2018,2018,1
gmane.linux.scientific.errata,1,50,en,100.0,100.0,2019,2019,1
gmane.lisp.scheme.ssax-sxml,1,50,en,100.0,100.0,2003,2003,1
gmane.mail.ifile.general,1,50,en,100.0,100.0,2002,2002,1
gmane.mail.imap.feed2imap.devel,1,50,en,100.0,100.0,2009,2009,1
gmane.mail.re-alpine.devel,1,50,en,100.0,100.0,2010,2010,1
gmane.mail.the-bat.plugins,1,50,en,100.0,100.0,2004,2004,1
gmane.network.ibrdtn,1,50,en,100.0,100.0,2014,2014,1
gmane.network.netwiser.devel,1,50,en,100.0,100.0,2006,2006,1
gmane.org.wikimedia.ee,1,50,en,100.0,100.0,2015,2015,1
gmane.org.wikimedia.teampractices,1,50,en,100.0,100.0,2014,2014,1
gmane.os.dragonfly-bsd.bugs,1,50,en,100.0,100.0,2014,2014,1
gmane.os.freebsd.devel.cvs.projects,1,50,en,100.0,100.0,2003,2003,1
gmane.science.geophysics.seacoos.cc.remsense,1,50,en,100.0,100.0,2006,2006,1
gmane.comp.audio.audiofile,1,50,en,100.0,100.0,2003,2003,1
gmane.comp.boot-loaders.tboot.devel,1,50,en,100.0,100.0,2015,2015,1
gmane.comp.db.libdbi.user,1,50,en,100.0,100.0,2008,2008,1
gmane.comp.debugging.data-race-test,1,50,en,100.0,100.0,2012,2012,1
gmane.comp.documentfoundation.test,1,50,en,100.0,100.0,2011,2011,1
gmane.comp.file-systems.openafs.announce,1,50,en,100.0,100.0,2007,2007,1
gmane.comp.gis.openstreetmap.region.ko,1,50,en,100.0,100.0,2010,2010,1
gmane.comp.gnome.apps.pybliographer,1,50,en,100.0,100.0,2004,2004,1
gmane.comp.gnu.enterprise.general,1,50,en,100.0,100.0,2005,2005,1
gmane.comp.graphics.directfb.lite,1,50,en,100.0,100.0,2008,2008,1
gmane.comp.handhelds.openmoko.gta02-core,1,50,en,100.0,100.0,2009,2009,1
gmane.comp.java.surefire.scm,1,50,en,100.0,100.0,2008,2008,1
gmane.comp.java.xwt.widgets,1,50,en,100.0,100.0,2003,2003,1
gmane.comp.kde.devel.sdk,1,50,en,100.0,100.0,2014,2014,1
gmane.comp.lang.ruby.dotnet,1,50,en,100.0,100.0,2007,2007,1
gmane.comp.lang.swift.corelibs,1,50,en,100.0,100.0,2016,2016,1
gmane.comp.lib.stream-lib,1,50,en,100.0,100.0,2017,2017,1
gmane.comp.multimedia.libavg.user,1,50,en,100.0,100.0,2010,2010,1
gmane.comp.networking.opencontrail.user,1,50,en,100.0,100.0,2016,2016,1
gmane.comp.openoffice.announce.cws,1,50,en,100.0,100.0,2010,2010,1
gmane.comp.peer-to-peer.waste.discuss,1,50,en,100.0,100.0,2006,2006,1
gmane.comp.python.biology,1,50,UNKNOWN,100.0,0.0,2012,2012,1
gmane.comp.security.integrit,1,50,en,100.0,100.0,2008,2008,1
gmane.comp.security.news.general,1,50,en,100.0,100.0,2005,2005,1
gmane.comp.security.openca.devel,1,50,en,100.0,100.0,2014,2014,1
gmane.comp.security.plash,1,50,en,100.0,100.0,2007,2007,1
gmane.comp.version-control.subversion.book.brazilian,1,50,en,100.0,100.0,2008,2008,1
gmane.comp.web.hobix.general,1,50,en,100.0,100.0,2006,2006,1
gmane.comp.web.postnuke.security,1,50,en,100.0,100.0,2003,2003,1
gmane.comp.xfce.announce,1,50,en,100.0,100.0,2012,2012,1
gmane.emacs.gnus.semi,1,50,en,100.0,100.0,2005,2005,1
gmane.ietf.idn.policy,1,50,en,100.0,100.0,2003,2003,1
gmane.linux.debian.devel.netconf,1,50,UNKNOWN,100.0,0.0,2009,2009,1
gmane.linux.drivers.rt2x00.general,1,50,en,100.0,100.0,2008,2008,1
gmane.linux.file-systems.jffs,1,50,en,100.0,100.0,2005,2005,1
gmane.linux.gentoo.documentation.spanish,1,50,es,100.0,0.0,2005,2005,1
gmane.linux.gentoo.weekly-news,1,50,en,100.0,100.0,2005,2005,1
gmane.linux.kernel.arm,1,50,en,100.0,100.0,2009,2009,1
gmane.linux.redhat.rhl.docs,1,50,en,100.0,100.0,2003,2003,1
gmane.linux.swsusp.announce,1,50,en,100.0,100.0,2005,2005,1
gmane.mail.emacs.mime.japanese,1,50,en,100.0,100.0,2006,2006,1
gmane.mail.mailman.announce,1,50,en,100.0,100.0,2015,2015,1
gmane.mail.spam.spf.council,1,50,en,100.0,100.0,2006,2006,1
gmane.network.ninux.lombardia,1,50,it,100.0,0.0,2015,2015,1
gmane.org.wikimedia.glam,1,50,en,100.0,100.0,2018,2018,1
gmane.os.netbsd.devel.performance,1,50,en,100.0,100.0,2002,2002,1
gmane.text.xml.xerces-p.devel,1,50,en,100.0,100.0,2005,2005,1
gmane.user-groups.foss.gulch.help,1,50,en,100.0,100.0,2014,2014,1
gmane.comp.apache.mod-ruby,1,50,en,100.0,100.0,2005,2005,1
gmane.comp.bug-tracking.ditz.general,1,50,en,100.0,100.0,2008,2008,1
gmane.comp.cms.orchard.localization,1,50,en,100.0,100.0,2011,2011,1
gmane.comp.file-systems.ifolder.testing,1,50,en,100.0,100.0,2006,2006,1
gmane.comp.finance.simply-accounting.general,1,50,en,100.0,100.0,2005,2005,1
gmane.comp.gnome.apps.multi-gnome-terminal.devel,1,50,en,100.0,100.0,2007,2007,1
gmane.comp.graphics.chromium.devel,1,50,en,100.0,100.0,2006,2006,1
gmane.comp.graphics.qwt.python,1,50,en,100.0,100.0,2008,2008,1
gmane.comp.hardware.riscv.hardware.devel,1,50,en,100.0,100.0,2017,2017,1
gmane.comp.hardware.smartphones.standards,1,50,en,100.0,100.0,2009,2009,1
gmane.comp.ide.eclipse.eclipselink.devel,1,50,en,100.0,100.0,2014,2014,1
gmane.comp.java.jdbm.devel,1,50,en,100.0,100.0,2017,2017,1
gmane.comp.java.qdox.scm,1,50,UNKNOWN,100.0,0.0,2012,2012,1
gmane.comp.java.vm.sablevm.bugs,1,50,en,100.0,100.0,2004,2004,1
gmane.comp.lang.perl.cpan.general,1,50,en,100.0,100.0,2006,2006,1
gmane.comp.lang.red,1,50,en,100.0,100.0,2016,2016,1
gmane.comp.lang.ruby.region.brasil,1,50,pt,100.0,0.0,2006,2006,1
gmane.comp.mathematics.elemental.user,1,50,en,100.0,100.0,2015,2015,1
gmane.comp.package-management.openpkg.bugdb,1,50,en,100.0,100.0,2003,2003,1
gmane.comp.php.propel.cvs,1,50,en,100.0,100.0,2005,2005,1
gmane.comp.python.xy.devel,1,50,en,100.0,100.0,2009,2009,1
gmane.comp.scigraphica.gtkextra,1,50,en,100.0,100.0,2004,2004,1
gmane.comp.sysutils.backup.attic.general,1,50,en,100.0,100.0,2015,2015,1
gmane.comp.web.html.specification,1,50,en,100.0,100.0,2008,2008,1
gmane.comp.web.mnogosearch.russian,1,50,en,100.0,100.0,2010,2010,1
gmane.comp.web.turbogears.docs,1,50,en,100.0,100.0,2007,2007,1
gmane.comp.windows.dotnet.alchemi.devel,1,50,en,100.0,100.0,2007,2007,1
gmane.culture.internet.codingdavinci,1,50,de,100.0,0.0,2014,2014,1
gmane.emacs.jabber.scm,1,50,en,100.0,100.0,2008,2008,1
gmane.games.freeciv.java,1,50,en,100.0,100.0,1998,1998,1
gmane.ietf.ftpext,1,50,UNKNOWN,100.0,0.0,2002,2002,1
gmane.ietf.vmeet,1,50,en,100.0,100.0,2012,2012,1
gmane.linux.drivers.otus.devel,1,50,en,100.0,100.0,2009,2009,1
gmane.linux.redhat.fedora.latam.devel,1,50,es,100.0,0.0,2011,2011,1
gmane.lisp.cdr.general,1,50,en,100.0,100.0,2008,2008,1
gmane.lisp.common-lisp,1,50,en,100.0,100.0,2005,2005,1
gmane.lisp.open-source.franz,1,50,en,100.0,100.0,2003,2003,1
gmane.lisp.scheme.srfi.srfi-55,1,50,en,100.0,100.0,2004,2004,1
gmane.mail.iredmail.general,1,50,en,100.0,100.0,2009,2009,1
gmane.mail.qmail.dist,1,50,en,100.0,100.0,2003,2003,1
gmane.mail.qpopper,1,50,en,100.0,100.0,2003,2003,1
gmane.network.annodex.devel,1,50,en,100.0,100.0,2005,2005,1
gmane.network.cspace.user,1,50,en,100.0,100.0,2007,2007,1
gmane.network.freenet.web,1,50,UNKNOWN,100.0,0.0,2003,2003,1
gmane.network.wireless.bsd.airtools,1,50,en,100.0,100.0,2002,2002,1
gmane.org.aful.education,1,50,fr,100.0,0.0,2005,2005,1
gmane.org.user-groups.emacs.spanish,1,50,ca,100.0,0.0,2012,2012,1
gmane.org.user-groups.linux.morlug,1,50,en,100.0,100.0,2005,2005,1
gmane.os.minix.ack,1,50,en,100.0,100.0,2019,2019,1
gmane.politics.activism.ecotopia2003,1,50,en,100.0,100.0,2003,2003,1
gmane.science.linguistics.wikipedia.sakha,1,50,UNKNOWN,100.0,0.0,2011,2011,1
gmane.comp.audio.clam.user,1,50,en,100.0,100.0,2008,2008,1
gmane.comp.clustering.ucarp.general,1,50,en,100.0,100.0,2010,2010,1
gmane.comp.cms.sakai.req,1,50,en,100.0,100.0,2006,2006,1
gmane.comp.documentfoundation.libreoffice.conference,1,50,en,100.0,100.0,2012,2012,1
gmane.comp.documentfoundation.libreoffice.documentation.brazilian,1,50,pt,100.0,0.0,2017,2017,1
gmane.comp.emulators.hercules390.advocacy,1,50,en,100.0,100.0,2002,2002,1
gmane.comp.encryption.bouncy-castle.devel.csharp,1,50,en,100.0,100.0,2015,2015,1
gmane.comp.file-systems.lustre.announce,1,50,en,100.0,100.0,2018,2018,1
gmane.comp.finance.eekboek.devel,1,50,nl,100.0,0.0,2011,2011,1
gmane.comp.gis.mapcss,1,50,en,100.0,100.0,2010,2010,1
gmane.comp.gnome.helix.bugs.general,1,50,UNKNOWN,100.0,0.0,2002,2002,1
gmane.comp.graphics.libexif.devel,1,50,en,100.0,100.0,2016,2016,1
gmane.comp.graphics.radiance.devel,1,50,en,100.0,100.0,2012,2012,1
gmane.comp.isp.consume.bristol,1,50,en,100.0,100.0,2002,2002,1
gmane.comp.java.hibernate.announce,1,50,en,100.0,100.0,2015,2015,1
gmane.comp.java.jabsorb.devel,1,50,en,100.0,100.0,2008,2008,1
gmane.comp.java.jasig.ssp.user,1,50,en,100.0,100.0,2013,2013,1
gmane.comp.java.waffle.devel,1,50,no,100.0,0.0,2007,2007,1
gmane.comp.lang.perl.modules.sql-translator,1,50,en,100.0,100.0,2007,2007,1
gmane.comp.mathematics.sage.education.french,1,50,fr,100.0,0.0,2010,2010,1
gmane.comp.misc.opencpi.devel,1,50,en,100.0,100.0,2009,2009,1
gmane.comp.mozilla.librejs.general,1,50,en,100.0,100.0,2018,2018,1
gmane.comp.php.sabrosus.user,1,50,es,100.0,0.0,2006,2006,1
gmane.comp.printing.ghostscript.bugs,1,50,UNKNOWN,100.0,0.0,2002,2002,1
gmane.comp.security.honeypots,1,50,en,100.0,100.0,2010,2010,1
gmane.comp.sysutils.bsdbuild.scm,1,50,en,100.0,100.0,2019,2019,1
gmane.comp.tex.hyphenation,1,50,en,100.0,100.0,2012,2012,1
gmane.comp.video.opengl.virtualgl.devel,1,50,en,100.0,100.0,2016,2016,1
gmane.comp.web.proxomitron.russian,1,50,ru,100.0,0.0,2003,2003,1
gmane.comp.web.zope.plone.teamspace,1,50,en,100.0,100.0,2007,2007,1
gmane.comp.web.zope.z3c.pt,1,50,en,100.0,100.0,2008,2008,1
gmane.culture.region.germany.aachen-wiki,1,50,de,100.0,0.0,2007,2007,1
gmane.emacs.aquamacs.devel,1,50,en,100.0,100.0,2012,2012,1
gmane.emacs.jdee.devel,1,50,en,100.0,100.0,2010,2010,1
gmane.emacs.xemacs.windows,1,50,en,100.0,100.0,2003,2003,1
gmane.linux.cluster.kerrighed.user,1,50,en,100.0,100.0,2011,2011,1
gmane.linux.debian.alioth.debianbr.general,1,50,en,100.0,100.0,2013,2013,1
gmane.linux.drivers.ipw2200-ap.devel,1,50,en,100.0,100.0,2006,2006,1
gmane.linux.network.opnfv.user,1,50,en,100.0,100.0,2017,2017,1
gmane.linux.rpm.lsb,1,50,en,100.0,100.0,2008,2008,1
gmane.lisp.cookbook,1,50,en,100.0,100.0,2002,2002,1
gmane.lisp.eurolisp,1,50,en,100.0,100.0,2005,2005,1
gmane.network.rdesktop.cvs,1,50,en,100.0,100.0,2006,2006,1
gmane.network.retroshare.devel,1,50,en,100.0,100.0,2014,2014,1
gmane.network.tin.user,1,50,de,100.0,0.0,2010,2010,1
gmane.politics.german.ausgestrahltpresse,1,50,de,100.0,0.0,2011,2011,1
gmane.comp.cad.gerbv.devel,1,50,en,100.0,100.0,2011,2011,1
gmane.comp.distributed.boinc.applications,1,50,en,100.0,100.0,2009,2009,1
gmane.comp.handhelds.openmoko.gsmd,1,50,en,100.0,100.0,2008,2008,1
gmane.comp.java.enhydra.barracuda.cvs,1,50,tl,100.0,0.0,2003,2003,1
gmane.comp.java.openlaszlo.announce,1,50,en,100.0,100.0,2009,2009,1
gmane.comp.java.quokka.devel,1,50,en,100.0,100.0,2010,2010,1
gmane.comp.java.rife.devel,1,50,en,100.0,100.0,2013,2013,1
gmane.comp.lang.r.wiki,1,50,en,100.0,100.0,2006,2006,1
gmane.comp.lib.daixtrose.port,1,50,en,100.0,100.0,2005,2005,1
gmane.comp.lib.fltk.opengl,1,50,en,100.0,100.0,2007,2007,1
gmane.comp.lib.ivtools.devel,1,50,en,100.0,100.0,2002,2002,1
gmane.comp.mathematics.sage.nt,1,50,en,100.0,100.0,2017,2017,1
gmane.comp.mozilla.builds,1,50,en,100.0,100.0,2003,2003,1
gmane.comp.mozilla.leech,1,50,en,100.0,100.0,2003,2003,1
gmane.comp.openoffice.devel.ui,1,50,en,100.0,100.0,2007,2007,1
gmane.comp.python.ctypes.devel,1,50,ja,100.0,0.0,2007,2007,1
gmane.comp.python.visionegg.general,1,50,en,100.0,100.0,2007,2007,1
gmane.comp.tex.bibtex.jurabib.user,1,50,en,100.0,100.0,2006,2006,1
gmane.comp.tv.rivatv.devel,1,50,en,100.0,100.0,2007,2007,1
gmane.comp.version-control.camp,1,50,en,100.0,100.0,2014,2014,1
gmane.comp.version-control.mercurial.mercurialeclipse,1,50,en,100.0,100.0,2008,2008,1
gmane.comp.version-control.subversion.trac.hacks.user,1,50,en,100.0,100.0,2011,2011,1
gmane.comp.voip.mobicents.sip-servlets.devel,1,50,en,100.0,100.0,2008,2008,1
gmane.comp.voip.security.voptalk,1,50,en,100.0,100.0,2006,2006,1
gmane.comp.web.flash.quvi,1,50,en,100.0,100.0,2014,2014,1
gmane.culture.religion.christian.catholic.engadine-antioch,1,50,en,100.0,100.0,2004,2004,1
gmane.emacs.el-get.devel,1,50,UNKNOWN,100.0,0.0,2012,2012,1
gmane.games.diplomacy.worldmasters.chat.wm2004,1,50,en,100.0,100.0,2005,2005,1
gmane.ietf.nfvrg,1,50,en,100.0,100.0,2017,2017,1
gmane.linux.ankur.india.project.ideas,1,50,en,100.0,100.0,2013,2013,1
gmane.linux.distributions.exherbo.devel,1,50,en,100.0,100.0,2014,2014,1
gmane.linux.gentoo.documentation.dutch,1,50,af,100.0,0.0,2004,2004,1
gmane.linux.gentoo.summer-of-code,1,50,en,100.0,100.0,2011,2011,1
gmane.linux.network.netsniff-ng,1,50,en,100.0,100.0,2010,2010,1
gmane.lisp.org.slug,1,50,en,100.0,100.0,2002,2002,1
gmane.mail.deepofix.user,1,50,en,100.0,100.0,2010,2010,1
gmane.network.lftp.devel,1,50,en,100.0,100.0,2007,2007,1
gmane.org.user-groups.linux.calgary.http,1,50,en,100.0,100.0,2003,2003,1
gmane.org.user-groups.luni.general,1,50,en,100.0,100.0,2002,2002,1
gmane.text.xml.xpath.general,1,50,en,100.0,100.0,2005,2005,1
gmane.comp.audio.oss.devel,1,50,en,100.0,100.0,2008,2008,1
gmane.comp.db.liquibase.devel,1,50,en,100.0,100.0,2009,2009,1
gmane.comp.db.postgresql.pgcluster,1,50,en,100.0,100.0,2007,2007,1
gmane.comp.distributed.slurm.announce,1,50,en,100.0,100.0,2015,2015,1
gmane.comp.emulators.virtio.user,1,50,en,100.0,100.0,2014,2014,1
gmane.comp.gis.gvsig.announce.english,1,50,en,100.0,100.0,2015,2015,1
gmane.comp.gis.loadstone,1,50,en,100.0,100.0,2015,2015,1
gmane.comp.gis.openstreetmap.region.tw,1,50,ko,100.0,0.0,2016,2016,1
gmane.comp.java.jsf.devel,1,50,en,100.0,100.0,2009,2009,1
gmane.comp.java.netbeans.modules.java.devel,1,50,UNKNOWN,100.0,0.0,2010,2010,1
gmane.comp.lang.ruby.rubinius.devel,1,50,en,100.0,100.0,2009,2009,1
gmane.comp.macosx.macam.devel,1,50,en,100.0,100.0,2006,2006,1
gmane.comp.misc.collaboration.ocr,1,50,en,100.0,100.0,2006,2006,1
gmane.comp.nlp.apertium.catalan,1,50,ca,100.0,0.0,2018,2018,1
gmane.comp.php.eaccelerator.devel,1,50,en,100.0,100.0,2009,2009,1
gmane.comp.printing.ghostscript.text-api,1,50,tl,100.0,0.0,2004,2004,1
gmane.comp.programming.pragmatic,1,50,en,100.0,100.0,2003,2003,1
gmane.comp.python.ftputil,1,50,en,100.0,100.0,2015,2015,1
gmane.comp.security.oath-toolkit.general,1,50,en,100.0,100.0,2012,2012,1
gmane.comp.video.libav.tools,1,50,en,100.0,100.0,2014,2014,1
gmane.comp.video.tovid.user,1,50,en,100.0,100.0,2013,2013,1
gmane.comp.web.wiki.pmwiki.user.fr,1,50,fr,100.0,0.0,2007,2007,1
gmane.comp.windows.gnu.announce,1,50,en,100.0,100.0,2005,2005,1
gmane.comp.xfree86.internationalization,1,50,en,100.0,100.0,2002,2002,1
gmane.culture.chgk.moscow.general,1,50,ru,100.0,0.0,2005,2005,1
gmane.editors.lyx.japanese,1,50,en,100.0,100.0,2011,2011,1
gmane.emacs.muse.scm,1,50,en,100.0,100.0,2008,2008,1
gmane.linux.altlinux.freeschool,1,50,en,100.0,100.0,2008,2008,1
gmane.linux.altlinux.junior,1,50,ru,100.0,0.0,2008,2008,1
gmane.linux.embedded.diet-pc,1,50,en,100.0,100.0,2008,2008,1
gmane.linux.ports.geode,1,50,en,100.0,100.0,2015,2015,1
gmane.lisp.scheme.srfi.srfi-69,1,50,en,100.0,100.0,2009,2009,1
gmane.mail.imap.cyrus.announce,1,50,en,100.0,100.0,2007,2007,1
gmane.mail.mutt.mutt-ng.user,1,50,en,100.0,100.0,2006,2006,1
gmane.mail.qmail.vpopmail.devel,1,50,en,100.0,100.0,2007,2007,1
gmane.music.dionysos,1,50,fr,100.0,0.0,2013,2013,1
gmane.network.openfabrics.ofi,1,50,en,100.0,100.0,2017,2017,1
gmane.network.ripe.enog.discuss,1,50,ru,100.0,0.0,2015,2015,1
gmane.network.spiped.general,1,50,en,100.0,100.0,2017,2017,1
gmane.network.syndication.rss.sync,1,50,en,100.0,100.0,2013,2013,1
gmane.network.wireshark.announce,1,50,en,100.0,100.0,2017,2017,1
gmane.org.netlabs.swt.devel,1,50,en,100.0,100.0,2006,2006,1
gmane.org.user-groups.linux.alslug.announce,1,50,da,100.0,0.0,2008,2008,1
gmane.org.user-groups.linux.turkey.mobil,1,50,tr,100.0,0.0,2010,2010,1
gmane.org.w3c.internationalization.comments,1,50,en,100.0,100.0,2006,2006,1
gmane.org.wikimedia.slovakia,1,50,sk,100.0,0.0,2015,2015,1
gmane.os.pcbsd.support,1,50,en,100.0,100.0,2010,2010,1
gmane.science.linguistics.celtic.nlp,1,50,en,100.0,100.0,2011,2011,1
gmane.science.linguistics.wikipedia.albanian,1,50,sq,100.0,0.0,2017,2017,1
gmane.science.linguistics.wikipedia.tamil,1,50,en,100.0,100.0,2013,2013,1
gmane.user-groups.foss.aegean,1,50,el,100.0,0.0,2011,2011,1
gmane.comp.apache.mod-backhand.general,1,50,en,100.0,100.0,2005,2005,1
gmane.comp.db.couchdb.couchdbkit.general,1,50,en,100.0,100.0,2011,2011,1
gmane.comp.handhelds.meego.sdk,1,50,en,100.0,100.0,2011,2011,1
gmane.comp.horde.sam,1,50,en,100.0,100.0,2003,2003,1
gmane.comp.java.nanocontainer.cvs,1,50,UNKNOWN,100.0,0.0,2003,2003,1
gmane.comp.java.xooctory.devel,1,50,en,100.0,100.0,2009,2009,1
gmane.comp.lang.perl.distribution,1,50,en,100.0,100.0,2009,2009,1
gmane.comp.lang.perl.modules.www-mechanize.cvs,1,50,en,100.0,100.0,2004,2004,1
gmane.comp.lang.ruby.parslet,1,50,en,100.0,100.0,2013,2013,1
gmane.comp.lib.wpd.devel,1,50,en,100.0,100.0,2007,2007,1
gmane.comp.monitoring.assimilation,1,50,en,100.0,100.0,2013,2013,1
gmane.comp.mozilla.patches,1,50,en,100.0,100.0,2004,2004,1
gmane.comp.multimedia.matroska.general,1,50,en,100.0,100.0,2004,2004,1
gmane.comp.version-control.git.git-buildpackage,1,50,en,100.0,100.0,2017,2017,1
gmane.comp.version-control.superversion.general,1,50,en,100.0,100.0,2005,2005,1
gmane.comp.voip.yxa.devel,1,50,en,100.0,100.0,2013,2013,1
gmane.comp.web.sfutils,1,50,en,100.0,100.0,2008,2008,1
gmane.education.israel.democraticschools,1,50,en,100.0,100.0,2009,2009,1
gmane.games.flightgear.flightmodel,1,50,en,100.0,100.0,2002,2002,1
gmane.games.roguelike.nethack.slashem.devel,1,50,en,100.0,100.0,2005,2005,1
gmane.ietf.charsets,1,50,en,100.0,100.0,2010,2010,1
gmane.linux.arch.security,1,50,en,100.0,100.0,2017,2017,1
gmane.linux.debian.user.news.french,1,50,fr,100.0,0.0,2017,2017,1
gmane.linux.laptop.amd64,1,50,en,100.0,100.0,2006,2006,1
gmane.linux.msdos.devel,1,50,en,100.0,100.0,2005,2005,1
gmane.linux.suse.packet-writing,1,50,en,100.0,100.0,2003,2003,1
gmane.lisp.iterate.devel,1,50,en,100.0,100.0,2008,2008,1
gmane.mail.ilohamail.devel,1,50,en,100.0,100.0,2006,2006,1
gmane.network.dns.posadis.devel,1,50,en,100.0,100.0,2009,2009,1
gmane.org.region.usa.cdp.puna.wg-evaluation,1,50,en,100.0,100.0,2007,2007,1
gmane.org.w3c.public-semweb-ui,1,50,en,100.0,100.0,2015,2015,1
gmane.os.freebsd.security.announce,1,50,en,100.0,100.0,2012,2012,1
gmane.os.netbsd.devel.embedded,1,50,en,100.0,100.0,2008,2008,1
gmane.science.linguistics.wikipedia.wikimania.gdansk,1,50,pl,100.0,0.0,2009,2009,1
gmane.user-groups.foss.librefunding,1,50,en,100.0,100.0,2014,2014,1
gmane.user-groups.foss.portugal,1,50,pt,100.0,0.0,2009,2009,1
gmane.comp.db.couchdb.couchapp.general,1,50,en,100.0,100.0,2011,2011,1
gmane.comp.java.carbonado.general,1,50,en,100.0,100.0,2007,2007,1
gmane.comp.java.keel.user,1,50,en,100.0,100.0,2004,2004,1
gmane.comp.java.metaclass.devel,1,50,en,100.0,100.0,2004,2004,1
gmane.comp.java.wadi.general,1,50,en,100.0,100.0,2008,2008,1
gmane.comp.lang.epigram,1,50,en,100.0,100.0,2006,2006,1
gmane.comp.lang.ispc.user,1,50,en,100.0,100.0,2016,2016,1
gmane.comp.lang.ruby.resque,1,50,en,100.0,100.0,2014,2014,1
gmane.comp.ldap.jxplorer.general,1,50,en,100.0,100.0,2012,2012,1
gmane.comp.lib.libg++.bugs,1,50,UNKNOWN,100.0,0.0,2002,2002,1
gmane.comp.multimedia.grip.user,1,50,en,100.0,100.0,2004,2004,1
gmane.comp.programming.tools.uwin.devel,1,50,en,100.0,100.0,2013,2013,1
gmane.comp.security.news.microsoft,1,50,en,100.0,100.0,2008,2008,1
gmane.comp.security.openxpki.user,1,50,en,100.0,100.0,2007,2007,1
gmane.comp.security.rfid.llrp.toolkit.devel,1,50,en,100.0,100.0,2009,2009,1
gmane.comp.storage.quadstor.virt,1,50,en,100.0,100.0,2014,2014,1
gmane.comp.video.uci.devel,1,50,en,100.0,100.0,2003,2003,1
gmane.comp.web.semantic.dbpedia-spotlight,1,50,en,100.0,100.0,2014,2014,1
gmane.comp.web.zope.cmf-syllabus.user,1,50,en,100.0,100.0,2009,2009,1
gmane.culture.libraries.soaf,1,50,en,100.0,100.0,2009,2009,1
gmane.editors.mlview.bugs,1,50,en,100.0,100.0,2008,2008,1
gmane.linux.lsb.implementation,1,50,en,100.0,100.0,2004,2004,1
gmane.linux.mandrake.cooker.mandrake-move,1,50,en,100.0,100.0,2004,2004,1
gmane.linux.power-management.powersave.user,1,50,en,100.0,100.0,2007,2007,1
gmane.lisp.scheme.jazz,1,50,en,100.0,100.0,2011,2011,1
gmane.lisp.scheme.srfi.srfi-51,1,50,en,100.0,100.0,2004,2004,1
gmane.mail.mahogany.bugs,1,50,en,100.0,100.0,2004,2004,1
gmane.mail.msmtp.user,1,50,en,100.0,100.0,2009,2009,1
gmane.network.monitoring.naemon.devel,1,50,en,100.0,100.0,2015,2015,1
gmane.org.netlabs.warpin.devel,1,50,en,100.0,100.0,2006,2006,1
gmane.org.w3c.whatwg.help,1,50,en,100.0,100.0,2007,2007,1
gmane.text.xml.xmlroff.general,1,50,en,100.0,100.0,2006,2006,1
gmane.user-groups.foss.sfd.planning.ru,1,50,ru,100.0,0.0,2012,2012,1
gmane.comp.ai.prolog.ciao.general,1,50,en,100.0,100.0,2012,2012,1
gmane.comp.apache.webservices.wsif.devel,1,50,en,100.0,100.0,2006,2006,1
gmane.comp.clustering.clusterlabs.devel,1,50,en,100.0,100.0,2018,2018,1
gmane.comp.emulators.xen.announce,1,50,en,100.0,100.0,2015,2015,1
gmane.comp.finance.nmof.announce,1,50,en,100.0,100.0,2018,2018,1
gmane.comp.gnome.apps.gnucash.brasil,1,50,pt,100.0,0.0,2011,2011,1
gmane.comp.java.linux.general,1,50,en,100.0,100.0,2002,2002,1
gmane.comp.java.netbeans.announce,1,50,UNKNOWN,100.0,0.0,2013,2013,1
gmane.comp.java.openjdk.jtreg.user,1,50,en,100.0,100.0,2018,2018,1
gmane.comp.lang.hets.devel,1,50,en,100.0,100.0,2008,2008,1
gmane.comp.lib.agar.general,1,50,en,100.0,100.0,2011,2011,1
gmane.comp.lib.judy.devel,1,50,en,100.0,100.0,2014,2014,1
gmane.comp.lib.malloc.hoard.user,1,50,en,100.0,100.0,2013,2013,1
gmane.comp.macosx.ucontrol.user,1,50,en,100.0,100.0,2005,2005,1
gmane.comp.mozilla.devel.xpinstall,1,50,en,100.0,100.0,2004,2004,1
gmane.comp.openoffice.devel.marketing.german,1,50,de,100.0,0.0,2009,2009,1
gmane.comp.python.imdbpy,1,50,en,100.0,100.0,2008,2008,1
gmane.comp.security.firewalls.m0n0wall.devel,1,50,en,100.0,100.0,2007,2007,1
gmane.comp.security.fuzzing.trinity,1,50,en,100.0,100.0,2015,2015,1
gmane.comp.security.w3af.user,1,50,en,100.0,100.0,2009,2009,1
gmane.comp.web.syncato.general,1,50,en,100.0,100.0,2004,2004,1
gmane.comp.web.vtigercrm.uienhancers,1,50,en,100.0,100.0,2015,2015,1
gmane.comp.web.wiki.moin.devel,1,50,en,100.0,100.0,2004,2004,1
gmane.comp.web.wiki.wikispot.general,1,50,en,100.0,100.0,2009,2009,1
gmane.comp.web.zope.plone.com,1,50,en,100.0,100.0,2012,2012,1
gmane.culture.people.kragen.forwarded,1,50,en,100.0,100.0,2006,2006,1
gmane.games.pelilista,1,50,fi,100.0,0.0,2004,2004,1
gmane.games.teeworlds,1,50,en,100.0,100.0,2009,2009,1
gmane.ietf.iesg-agendas,1,50,UNKNOWN,100.0,0.0,2007,2007,1
gmane.linux.audio.mediaapi,1,50,en,100.0,100.0,2009,2009,1
gmane.linux.centos.region.german,1,50,de,100.0,0.0,2011,2011,1
gmane.linux.debian.user.indonesian,1,50,id,100.0,0.0,2011,2011,1
gmane.linux.drivers.orinoco.devel,1,50,en,100.0,100.0,2005,2005,1
gmane.linux.redhat.axp.kernel,1,50,en,100.0,100.0,2003,2003,1
gmane.linux.redhat.release.tikanga.beta,1,50,en,100.0,100.0,2006,2006,1
gmane.linux.ubuntu.power-users,1,50,en,100.0,100.0,2011,2011,1
gmane.lisp.scheme.srfi.srfi-40,1,50,en,100.0,100.0,2006,2006,1
gmane.org.hackerspaces.57north.announce,1,50,en,100.0,100.0,2015,2015,1
gmane.org.netlabs.fm2.user,1,50,en,100.0,100.0,2011,2011,1
gmane.org.wikimedia.usa.connecticut,1,50,en,100.0,100.0,2013,2013,1
gmane.os.freebsd.eclipse,1,50,UNKNOWN,100.0,0.0,2007,2007,1
gmane.os.openbsd.bsdanywhere.general,1,50,en,100.0,100.0,2008,2008,1
gmane.os.riot.user,1,50,en,100.0,100.0,2019,2019,1
gmane.os.solaris.gnusolaris.beginners,1,50,en,100.0,100.0,2006,2006,1
gmane.comp.apache.mod-gnutls.devel,1,50,en,100.0,100.0,2014,2014,1
gmane.comp.audio.hydrogen.user,1,50,en,100.0,100.0,2011,2011,1
gmane.comp.bios.libreboot,1,50,en,100.0,100.0,2015,2015,1
gmane.comp.compilers.polyglot.user,1,50,en,100.0,100.0,2015,2015,1
gmane.comp.editors.vim.pyclewn,1,50,en,100.0,100.0,2013,2013,1
gmane.comp.emulators.arcem.cvs,1,50,en,100.0,100.0,2012,2012,1
gmane.comp.handhelds.android.beem.devel,1,50,en,100.0,100.0,2012,2012,1
gmane.comp.ide.gps.user,1,50,en,100.0,100.0,2005,2005,1
gmane.comp.java.enhydra.shark,1,50,en,100.0,100.0,2005,2005,1
gmane.comp.java.jdom.announce,1,50,en,100.0,100.0,2012,2012,1
gmane.comp.java.ulc.announce,1,50,en,100.0,100.0,2007,2007,1
gmane.comp.kde.internationalization.german.nds,1,50,nl,100.0,0.0,2007,2007,1
gmane.comp.lang.nice.general,1,50,en,100.0,100.0,2003,2003,1
gmane.comp.lang.r.packages,1,50,en,100.0,100.0,2007,2007,1
gmane.comp.lib.openblas.general,1,50,en,100.0,100.0,2011,2011,1
gmane.comp.lib.qt.opengov,1,50,en,100.0,100.0,2010,2010,1
gmane.comp.licenses.spdx.legal,1,50,en,100.0,100.0,2018,2018,1
gmane.comp.openoffice.devel.pt-br,1,50,pt,100.0,0.0,2009,2009,1
gmane.comp.package-management.rpm.repoforge.tools,1,50,en,100.0,100.0,2015,2015,1
gmane.comp.security.langsec,1,50,en,100.0,100.0,2014,2014,1
gmane.comp.tex.tetex.beta,1,50,en,100.0,100.0,2004,2004,1
gmane.comp.video.videolan.vlcs.devel,1,50,en,100.0,100.0,2002,2002,1
gmane.comp.web.blohg.general,1,50,en,100.0,100.0,2013,2013,1
gmane.comp.web.tufao.devel,1,50,en,100.0,100.0,2012,2012,1
gmane.culture.libraries.aki,1,50,de,100.0,0.0,2007,2007,1
gmane.culture.region.india.punjab.abohar,1,50,en,100.0,100.0,2009,2009,1
gmane.culture.tv.south-park,1,50,en,100.0,100.0,2004,2004,1
gmane.games.devel.pipmak.user,1,50,id,100.0,0.0,2009,2009,1
gmane.ietf.abfab,1,50,en,100.0,100.0,2012,2012,1
gmane.linux.debian.conference.debconf8,1,50,es,100.0,0.0,2008,2008,1
gmane.linux.debian.devel.initscripts-ng,1,50,en,100.0,100.0,2005,2005,1
gmane.linux.debian.devel.john,1,50,en,100.0,100.0,2009,2009,1
gmane.linux.redhat.atomic.devel,1,50,en,100.0,100.0,2016,2016,1
gmane.lisp.cl-l10n.cvs,1,50,en,100.0,100.0,2009,2009,1
gmane.network.dns.powerdns.dnsdist,1,50,en,100.0,100.0,2019,2019,1
gmane.org.region.austria.funkfeuer.discuss,1,50,de,100.0,0.0,2016,2016,1
gmane.os.freevms.devel,1,50,en,100.0,100.0,2013,2013,1
gmane.recreation.radio.hardware.yaesu.vr120,1,50,en,100.0,100.0,2003,2003,1
gmane.science.biology.ensembl.announce,1,50,en,100.0,100.0,2013,2013,1
gmane.text.xml.expat.cvs,1,50,en,100.0,100.0,2005,2005,1
gmane.user-groups.linux.lugmen.devel,1,50,es,100.0,0.0,2011,2011,1
gmane.user-groups.linux.ottawa.linux-novice,1,50,en,100.0,100.0,2006,2006,1
gmane.comp.freedesktop.authentication,1,50,en,100.0,100.0,2010,2010,1
gmane.comp.games.cafu.devel,1,50,en,100.0,100.0,2012,2012,1
gmane.comp.games.go.qml,1,50,en,100.0,100.0,2014,2014,1
gmane.comp.gis.openstreetmap.region.de.luebeck,1,50,de,100.0,0.0,2012,2012,1
gmane.comp.gnome.gcm.devel,1,50,UNKNOWN,100.0,0.0,2012,2012,1
gmane.comp.gnome.utils,1,50,en,100.0,100.0,2017,2017,1
gmane.comp.graphics.libjpeg-turbo.user,1,50,en,100.0,100.0,2013,2013,1
gmane.comp.ide.eclipse.platform.update.devel,1,50,en,100.0,100.0,2006,2006,1
gmane.comp.java.fiji.user,1,50,en,100.0,100.0,2012,2012,1
gmane.comp.java.junit.devel,1,50,en,100.0,100.0,2008,2008,1
gmane.comp.java.openjdk.audio-engine.devel,1,50,en,100.0,100.0,2008,2008,1
gmane.comp.java.vexi.core,1,50,en,100.0,100.0,2007,2007,1
gmane.comp.lang.c--,1,50,UNKNOWN,100.0,0.0,2005,2005,1
gmane.comp.lang.c2.devel,1,50,en,100.0,100.0,2004,2004,1
gmane.comp.lang.dart.angular,1,50,en,100.0,100.0,2014,2014,1
gmane.comp.lang.haskell.hugs.user,1,50,en,100.0,100.0,2002,2002,1
gmane.comp.lang.r.linguistics,1,50,en,100.0,100.0,2015,2015,1
gmane.comp.macosx.skim.devel,1,50,en,100.0,100.0,2007,2007,1
gmane.comp.networking.gt.user,1,50,en,100.0,100.0,2009,2009,1
gmane.comp.python.gc3pie,1,50,en,100.0,100.0,2015,2015,1
gmane.comp.video.blender.python,1,50,en,100.0,100.0,2016,2016,1
gmane.comp.video.mpeg4.announce,1,50,en,100.0,100.0,2010,2010,1
gmane.comp.web.adhocracy.devel,1,50,en,100.0,100.0,2011,2011,1
gmane.comp.web.daisychain.general,1,50,en,100.0,100.0,2016,2016,1
gmane.comp.web.jwebunit.user,1,50,en,100.0,100.0,2006,2006,1
gmane.comp.web.semantic.spanish,1,50,en,100.0,100.0,2008,2008,1
gmane.comp.web.twill,1,50,en,100.0,100.0,2010,2010,1
gmane.editors.xngr.general,1,50,en,100.0,100.0,2010,2010,1
gmane.editors.yzis.user,1,50,en,100.0,100.0,2005,2005,1
gmane.emacs.mmm-mode,1,50,en,100.0,100.0,2015,2015,1
gmane.games.diplomacy.cat23.gm,1,50,en,100.0,100.0,2007,2007,1
gmane.linux.debian.devel.gambas,1,50,en,100.0,100.0,2018,2018,1
gmane.linux.debian.devel.python.py3porters,1,50,en,100.0,100.0,2015,2015,1
gmane.linux.drivers.modem.hcf,1,50,UNKNOWN,100.0,0.0,2009,2009,1
gmane.linux.ubuntu.loco.us.oregon,1,50,en,100.0,100.0,2017,2017,1
gmane.network.instant-messaging.sim.russian,1,50,ru,100.0,0.0,2009,2009,1
gmane.network.ipv6.kame.racoon,1,50,en,100.0,100.0,2004,2004,1
gmane.network.syndication.discuss,1,50,en,100.0,100.0,2003,2003,1
gmane.org.user-groups.linux.phoenix.applications,1,50,en,100.0,100.0,2010,2010,1
gmane.org.wikimedia.comproj,1,50,en,100.0,100.0,2007,2007,1
gmane.org.wikimedia.wikinews.hotline,1,50,UNKNOWN,100.0,0.0,2007,2007,1
gmane.os.netbsd.ports.next68k,1,50,en,100.0,100.0,2002,2002,1
gmane.politics.activism.badvista.advocate,1,50,en,100.0,100.0,2007,2007,1
gmane.text.xml.xsl.general,1,50,en,100.0,100.0,2002,2002,1
gmane.comp.db.adodb.general,1,50,en,100.0,100.0,2011,2011,1
gmane.comp.documentfoundation.libreoffice.devel.brazilian,1,50,UNKNOWN,100.0,0.0,2012,2012,1
gmane.comp.file-systems.fuse.sshfs,1,50,en,100.0,100.0,2006,2006,1
gmane.comp.games.vgaplanets,1,50,en,100.0,100.0,2011,2011,1
gmane.comp.gnu.3dkit.devel,1,50,en,100.0,100.0,2002,2002,1
gmane.comp.gnu.libtasn1.general,1,50,en,100.0,100.0,2010,2010,1
gmane.comp.gnu.source-highlight.general,1,50,en,100.0,100.0,2008,2008,1
gmane.comp.java.netbeans.weekly,1,50,UNKNOWN,100.0,0.0,2010,2010,1
gmane.comp.java.struts-menu.user,1,50,en,100.0,100.0,2007,2007,1
gmane.comp.kde.announce.apps,1,50,en,100.0,100.0,2015,2015,1
gmane.comp.krysalis.sandbox,1,50,en,100.0,100.0,2003,2003,1
gmane.comp.lang.c++.isocpp.features,1,50,en,100.0,100.0,2014,2014,1
gmane.comp.lang.r.teaching,1,50,en,100.0,100.0,2017,2017,1
gmane.comp.lang.uml.argouml.user,1,50,en,100.0,100.0,2005,2005,1
gmane.comp.lib.boost.threads.devel,1,50,en,100.0,100.0,2008,2008,1
gmane.comp.lib.libftdi.scm,1,50,en,100.0,100.0,2012,2012,1
gmane.comp.mathematics.sage.announce,1,50,en,100.0,100.0,2016,2016,1
gmane.comp.mozilla.devel.gtk,1,50,en,100.0,100.0,2004,2004,1
gmane.comp.mozilla.devel.prefs,1,50,en,100.0,100.0,2003,2003,1
gmane.comp.multimedia.perplex.devel,1,50,en,100.0,100.0,2005,2005,1
gmane.comp.nlp.corpora.hunglish,1,50,hu,100.0,0.0,2005,2005,1
gmane.comp.python.modeling,1,50,en,100.0,100.0,2004,2004,1
gmane.comp.security.bastille.general,1,50,en,100.0,100.0,2004,2004,1
gmane.comp.tex.fonts.math,1,50,en,100.0,100.0,2010,2010,1
gmane.comp.video.libdvdnav.devel,1,50,en,100.0,100.0,2006,2006,1
gmane.comp.video.videolan.libaacs.devel,1,50,en,100.0,100.0,2012,2012,1
gmane.comp.web.agavi.user,1,50,en,100.0,100.0,2012,2012,1
gmane.comp.web.cosign.general,1,50,en,100.0,100.0,2009,2009,1
gmane.comp.web.flash.swfdec,1,50,en,100.0,100.0,2009,2009,1
gmane.comp.web.wiki.wackowiki.cvs,1,50,en,100.0,100.0,2005,2005,1
gmane.games.board.chess.scidvspc.user,1,50,en,100.0,100.0,2014,2014,1
gmane.ietf.ipr.announce,1,50,en,100.0,100.0,2010,2010,1
gmane.linux.debian.pgi.devel,1,50,en,100.0,100.0,2006,2006,1
gmane.linux.gentoo.macosx,1,50,en,100.0,100.0,2006,2006,1
gmane.linux.laptop.olpc.security,1,50,en,100.0,100.0,2008,2008,1
gmane.linux.redhat.fedora.join,1,50,en,100.0,100.0,2014,2014,1
gmane.lisp.region.turkey,1,50,tr,100.0,0.0,2006,2006,1
gmane.network.dhcp.isc.kea.devel,1,50,en,100.0,100.0,2017,2017,1
gmane.network.rdesktop.xrdp.devel,1,50,en,100.0,100.0,2009,2009,1
gmane.org.ballistichelmet.devel,1,50,en,100.0,100.0,2004,2004,1
gmane.org.fsf.holland,1,50,en,100.0,100.0,2005,2005,1
gmane.org.user-groups.linux.glisc,1,50,es,100.0,0.0,2005,2005,1
gmane.org.user-groups.thug,1,50,hr,100.0,0.0,2002,2002,1
gmane.org.w3c.accessibility.general,1,50,en,100.0,100.0,2016,2016,1
gmane.org.wikimedia.glamtools,1,50,en,100.0,100.0,2014,2014,1
gmane.org.wikimedia.wikilovesearth,1,50,en,100.0,100.0,2014,2014,1
gmane.os.solaris.gnusolaris.general,1,50,en,100.0,100.0,2010,2010,1
gmane.science.physics.yade.devel,1,50,en,100.0,100.0,2008,2008,1
gmane.text.documancer.user,1,50,en,100.0,100.0,2005,2005,1
gmane.text.xml.xframe.xsddoc.devel,1,50,en,100.0,100.0,2004,2004,1
gmane.comp.ai.machine-learning,1,50,en,100.0,100.0,2013,2013,1
gmane.comp.audio.muse.devel,1,50,en,100.0,100.0,2015,2015,1
gmane.comp.audio.nova.devel,1,50,en,100.0,100.0,2010,2010,1
gmane.comp.clustering.csync2.general,1,50,en,100.0,100.0,2012,2012,1
gmane.comp.db.mysql.devel,1,50,en,100.0,100.0,2002,2002,1
gmane.comp.encryption.gpg.gpa.cvs,1,50,en,100.0,100.0,2002,2002,1
gmane.comp.freedesktop.waffle,1,50,en,100.0,100.0,2014,2014,1
gmane.comp.games.ultimaonline.sunuo,1,50,en,100.0,100.0,2006,2006,1
gmane.comp.gnu.vcdimager.bugs,1,50,en,100.0,100.0,2002,2002,1
gmane.comp.graphics.inkscape.docs,1,50,en,100.0,100.0,2015,2015,1
gmane.comp.horde.jonah,1,50,en,100.0,100.0,2004,2004,1
gmane.comp.ide.goo.devel,1,50,en,100.0,100.0,2006,2006,1
gmane.comp.java.emf.persistency,1,50,en,100.0,100.0,2006,2006,1
gmane.comp.java.helma.antville.user,1,50,en,100.0,100.0,2005,2005,1
gmane.comp.lang.haskell.art,1,50,en,100.0,100.0,2018,2018,1
gmane.comp.lang.haskell.commercial,1,50,en,100.0,100.0,2015,2015,1
gmane.comp.lang.r.user.french,1,50,fr,100.0,0.0,2018,2018,1
gmane.comp.lang.smalltalk.french,1,50,fr,100.0,0.0,2010,2010,1
gmane.comp.mathematics.sage.marketing,1,50,en,100.0,100.0,2013,2013,1
gmane.comp.mobile.sms.websms,1,50,en,100.0,100.0,2007,2007,1
gmane.comp.security.invisiblenet.iip.devel,1,50,en,100.0,100.0,2003,2003,1
gmane.comp.tex.latex.powerdot,1,50,en,100.0,100.0,2008,2008,1
gmane.comp.version-control.monotone.debian,1,50,en,100.0,100.0,2011,2011,1
gmane.comp.video.h264.devel,1,50,en,100.0,100.0,2003,2003,1
gmane.comp.video.info-performer.cvs,1,50,en,100.0,100.0,2007,2007,1
gmane.comp.video.vigra,1,50,en,100.0,100.0,2016,2016,1
gmane.comp.web.graphics.filters,1,50,en,100.0,100.0,2015,2015,1
gmane.comp.web.webmin.announce,1,50,en,100.0,100.0,2013,2013,1
gmane.games.crossfire.maps,1,50,en,100.0,100.0,2005,2005,1
gmane.games.diplomacy.cat23.results.thousand,1,50,en,100.0,100.0,2005,2005,1
gmane.ietf.medfree,1,50,en,100.0,100.0,1998,1998,1
gmane.ietf.multimobsec.api,1,50,en,100.0,100.0,2006,2006,1
gmane.linux.gentoo.powerpc,1,50,en,100.0,100.0,2015,2015,1
gmane.linux.linaro.announce.boot,1,50,en,100.0,100.0,2018,2018,1
gmane.linux.redhat.release.guinness,1,50,en,100.0,100.0,2002,2002,1
gmane.mail.bluemail,1,50,en,100.0,100.0,2003,2003,1
gmane.org.region.boston.apt,1,50,en,100.0,100.0,2014,2014,1
gmane.org.wikimedia.boston,1,50,en,100.0,100.0,2014,2014,1
gmane.os.minix.general,1,50,en,100.0,100.0,2016,2016,1
gmane.os.netbsd.devel.general,1,50,en,100.0,100.0,2003,2003,1
gmane.comp.apache.apr.serf.devel,1,50,en,100.0,100.0,2004,2004,1
gmane.comp.apache.maven.sonatype.nexus.devel,1,50,en,100.0,100.0,2010,2010,1
gmane.comp.cad.herb.devel,1,50,en,100.0,100.0,2009,2009,1
gmane.comp.db.opendbx.devel,1,50,en,100.0,100.0,2012,2012,1
gmane.comp.documentfoundation.libreoffice.discuss.brazilian,1,50,pt,100.0,0.0,2012,2012,1
gmane.comp.hardware.keyboards.atreus,1,50,en,100.0,100.0,2015,2015,1
gmane.comp.ide.eclipse.saros.devel,1,50,en,100.0,100.0,2013,2013,1
gmane.comp.internationalization.czech,1,50,cs,100.0,0.0,2016,2016,1
gmane.comp.java.glazedlists.user,1,50,en,100.0,100.0,2005,2005,1
gmane.comp.java.lingo.user,1,50,en,100.0,100.0,2006,2006,1
gmane.comp.java.sun.rmi,1,50,en,100.0,100.0,2005,2005,1
gmane.comp.kde.announce,1,50,en,100.0,100.0,2009,2009,1
gmane.comp.kde.distributions,1,50,en,100.0,100.0,2018,2018,1
gmane.comp.lang.perl.golf,1,50,en,100.0,100.0,2002,2002,1
gmane.comp.lib.state-threads.user,1,50,en,100.0,100.0,2005,2005,1
gmane.comp.linux.drbd.mc,1,50,en,100.0,100.0,2010,2010,1
gmane.comp.macosx.libdispatch.devel,1,50,en,100.0,100.0,2011,2011,1
gmane.comp.misc.ontology.general,1,50,en,100.0,100.0,2004,2004,1
gmane.comp.mobile.synthesis,1,50,en,100.0,100.0,2011,2011,1
gmane.comp.porting.unix-to-os2,1,50,en,100.0,100.0,2002,2002,1
gmane.comp.printing.hplip.devel,1,50,en,100.0,100.0,2007,2007,1
gmane.comp.python.jobs,1,50,en,100.0,100.0,2009,2009,1
gmane.comp.python.simpy.user,1,50,en,100.0,100.0,2014,2014,1
gmane.comp.python.twisted.jabber,1,50,en,100.0,100.0,2009,2009,1
gmane.comp.statistics.madlib.user,1,50,en,100.0,100.0,2011,2011,1
gmane.comp.video.gatos.devel,1,50,en,100.0,100.0,2005,2005,1
gmane.comp.web.mailmanager.devel,1,50,en,100.0,100.0,2009,2009,1
gmane.comp.web.wiki.wikidot,1,50,en,100.0,100.0,2008,2008,1
gmane.comp.window-managers.windowmaker.user,1,50,en,100.0,100.0,2014,2014,1
gmane.education.weblabs.webreports.devel,1,50,en,100.0,100.0,2003,2003,1
gmane.ietf.cose,1,50,en,100.0,100.0,2019,2019,1
gmane.ietf.mip4,1,50,en,100.0,100.0,2012,2012,1
gmane.linux.documentation.tldp.feedback,1,50,en,100.0,100.0,2006,2006,1
gmane.linux.utilities.smartmontools.announce,1,50,en,100.0,100.0,2013,2013,1
gmane.lisp.scheme.larceny.user,1,50,en,100.0,100.0,2007,2007,1
gmane.mail.vuser.devel,1,50,en,100.0,100.0,2005,2005,1
gmane.network.beep.beepcore.c.cvs,1,50,en,100.0,100.0,2002,2002,1
gmane.network.cricket.user,1,50,it,100.0,0.0,2004,2004,1
gmane.network.syndication.rss.support,1,50,en,100.0,100.0,2004,2004,1
gmane.org.opennet.general,1,50,en,100.0,100.0,2006,2006,1
gmane.org.wikimedia.wikinews.german,1,50,de,100.0,0.0,2006,2006,1
gmane.os.freebsd.devel.internationalization,1,50,en,100.0,100.0,2002,2002,1
gmane.science.linguistics.wikipedia.icelandic,1,50,no,100.0,0.0,2004,2004,1
gmane.text.xml.xmlpull.devel,1,50,en,100.0,100.0,2003,2003,1
